STATION,DATE,REPORT_TYPE,SOURCE,HourlyDryBulbTemperature,HourlyRelativeHumidity,HourlyWindDirection,HourlyWindSpeed
USW00014763,2024;04;01;00,SOD,,,,,
USW00014763,2024;04;01;00,FM-15,343,33,75,260,6
USW00014763,2024;04;01;01,FM-15,343,33,75,0,0
USW00014763,2024;04;01;02,FM-15,343,30,82,0,0
USW00014763,2024;04;01;03,FM-15,343,32,75,0,0
USW00014763,2024;04;01;04,FM-15,343,32,82,0,0
USW00014763,2024;04;01;05,FM-15,343,32,82,0,0
USW00014763,2024;04;01;06,FM-15,343,34,79,0,0
USW00014763,2024;04;01;07,FM-15,343,36,73,0,0
USW00014763,2024;04;01;08,FM-15,343,38,68,0,0
USW00014763,2024;04;01;09,FM-15,343,41,62,0,0
USW00014763,2024;04;01;10,FM-15,343,44,55,0,0
USW00014763,2024;04;01;11,FM-15,343,46,51,0,0
USW00014763,2024;04;01;12,FM-15,343,51,43,VRB,6
USW00014763,2024;04;01;13,FM-15,343,52,43,0,0
USW00014763,2024;04;01;14,FM-15,343,53,43,320,5
USW00014763,2024;04;01;15,FM-15,343,54,45,270,7
USW00014763,2024;04;01;16,FM-15,343,54,45,330,5
USW00014763,2024;04;01;17,FM-15,343,51,50,280,5
USW00014763,2024;04;01;18,FM-15,343,46,61,0,0
USW00014763,2024;04;01;19,FM-15,343,41,70,250,3
USW00014763,2024;04;01;20,FM-15,343,39,73,0,0
USW00014763,2024;04;01;21,FM-15,343,37,79,0,0
USW00014763,2024;04;01;22,FM-15,343,36,82,210,3
USW00014763,2024;04;01;23,FM-15,343,32,88,80,3
USW00014763,2024;04;02;00,SOD,,,,,
USW00014763,2024;04;02;00,FM-15,343,33,89,0,0
USW00014763,2024;04;02;01,FM-15,343,33,89,0,0
USW00014763,2024;04;02;02,FM-15,343,35,85,0,0
USW00014763,2024;04;02;03,FM-15,343,38,73,0,0
USW00014763,2024;04;02;04,FM-15,343,38,70,0,0
USW00014763,2024;04;02;05,FM-15,343,38,70,0,0
USW00014763,2024;04;02;06,FM-15,343,40,63,110,3
USW00014763,2024;04;02;07,FM-15,343,42,58,VRB,6
USW00014763,2024;04;02;08,FM-15,343,43,58,VRB,8
USW00014763,2024;04;02;09,FM-15,343,44,55,80,10
USW00014763,2024;04;02;10,FM-15,343,47,52,70,9
USW00014763,2024;04;02;11,FM-15,343,47,52,70,9
USW00014763,2024;04;02;12,FM-15,343,46,58,VRB,7
USW00014763,2024;04;02;13,FM-15,343,45,61,80,8
USW00014763,2024;04;02;14,FM-16,343,42,76,100,8
USW00014763,2024;04;02;14,FM-15,343,42,76,110,6
USW00014763,2024;04;02;15,FM-16,343,41,86,VRB,6
USW00014763,2024;04;02;15,FM-15,343,42,82,60,9
USW00014763,2024;04;02;16,FM-16,343,42,82,VRB,6
USW00014763,2024;04;02;16,FM-15,343,41,82,VRB,8
USW00014763,2024;04;02;17,FM-15,343,40,86,100,8
USW00014763,2024;04;02;18,FM-15,343,40,86,,
USW00014763,2024;04;02;19,FM-16,343,39,89,80,9
USW00014763,2024;04;02;19,FM-15,343,39,89,VRB,7
USW00014763,2024;04;02;20,FM-16,343,38,89,70,7
USW00014763,2024;04;02;20,FM-16,343,38,89,VRB,7
USW00014763,2024;04;02;20,FM-16,343,38,89,80,7
USW00014763,2024;04;02;20,FM-15,343,38,89,90,8
USW00014763,2024;04;02;21,FM-15,343,37,89,60,6
USW00014763,2024;04;02;22,FM-16,343,37,89,70,6
USW00014763,2024;04;02;22,FM-15,343,37,93,60,7
USW00014763,2024;04;02;23,FM-16,343,37,93,70,7
USW00014763,2024;04;02;23,FM-15,343,38,89,70,7
USW00014763,2024;04;03;00,SOD,,,,,
USW00014763,2024;04;03;00,FM-16,343,38,89,70,7
USW00014763,2024;04;03;00,FM-15,343,38,89,80,8
USW00014763,2024;04;03;01,FM-15,343,38,89,80,8
USW00014763,2024;04;03;02,FM-15,343,38,89,100,9
USW00014763,2024;04;03;03,FM-15,343,38,89,100,13
USW00014763,2024;04;03;04,FM-16,343,38,79,VRB,10
USW00014763,2024;04;03;04,FM-16,343,37,75,100,9
USW00014763,2024;04;03;04,FM-15,343,38,73,VRB,10
USW00014763,2024;04;03;05,FM-16,343,38,73,90,7
USW00014763,2024;04;03;05,FM-15,343,36,79,80,7
USW00014763,2024;04;03;06,FM-15,343,35,78,VRB,11
USW00014763,2024;04;03;07,FM-15,343,35,78,VRB,9
USW00014763,2024;04;03;08,FM-15,343,35,78,110,14
USW00014763,2024;04;03;09,FM-15,343,35,82,VRB,10
USW00014763,2024;04;03;10,FM-16,343,35,78,VRB,13
USW00014763,2024;04;03;10,FM-16,343,35,78,100,11
USW00014763,2024;04;03;10,FM-15,343,35,82,100,14
USW00014763,2024;04;03;11,FM-16,343,36,79,90,10
USW00014763,2024;04;03;11,FM-16,343,36,81,90,13
USW00014763,2024;04;03;11,FM-15,343,36,79,VRB,15
USW00014763,2024;04;03;12,FM-16,343,36,81,VRB,13
USW00014763,2024;04;03;12,FM-15,343,36,82,VRB,15
USW00014763,2024;04;03;13,FM-15,343,37,79,VRB,15
USW00014763,2024;04;03;14,FM-15,343,36,79,VRB,16
USW00014763,2024;04;03;15,FM-15,343,35,82,80,22
USW00014763,2024;04;03;16,FM-16,343,35,82,90,14
USW00014763,2024;04;03;16,FM-16,343,34,85,VRB,17
USW00014763,2024;04;03;16,FM-16,343,36,81,90,15
USW00014763,2024;04;03;16,FM-15,343,34,89,80,15
USW00014763,2024;04;03;17,FM-16,343,35,82,100,20
USW00014763,2024;04;03;17,FM-16,343,35,82,80,11
USW00014763,2024;04;03;17,FM-16,343,34,85,80,15
USW00014763,2024;04;03;17,FM-15,343,34,85,80,18
USW00014763,2024;04;03;17,FM-16,343,34,85,80,20
USW00014763,2024;04;03;18,FM-16,343,34,87,80,17
USW00014763,2024;04;03;18,FM-15,343,34,85,VRB,9
USW00014763,2024;04;03;19,FM-16,343,34,85,80,11
USW00014763,2024;04;03;19,FM-16,343,34,85,60,15
USW00014763,2024;04;03;19,FM-16,343,34,85,80,10
USW00014763,2024;04;03;19,FM-15,343,34,85,70,13
USW00014763,2024;04;03;20,FM-16,343,34,85,70,11
USW00014763,2024;04;03;20,FM-15,343,34,85,70,11
USW00014763,2024;04;03;21,FM-15,343,34,85,70,17
USW00014763,2024;04;03;22,FM-15,343,34,82,60,20
USW00014763,2024;04;03;23,FM-16,343,34,85,VRB,17
USW00014763,2024;04;03;23,FM-16,343,34,87,60,17
USW00014763,2024;04;03;23,FM-15,343,33,89,60,20
USW00014763,2024;04;04;00,SOD,,,,,
USW00014763,2024;04;04;00,FM-16,343,33,89,50,17
USW00014763,2024;04;04;00,FM-16,343,33,89,60,18
USW00014763,2024;04;04;00,FM-16,343,33,85,60,23
USW00014763,2024;04;04;00,FM-15,343,33,85,60,18
USW00014763,2024;04;04;01,FM-16,343,33,85,50,20
USW00014763,2024;04;04;01,FM-16,343,33,85,60,14
USW00014763,2024;04;04;01,FM-16,343,32,88,60,18
USW00014763,2024;04;04;01,FM-16,343,32,87,60,23
USW00014763,2024;04;04;01,FM-15,343,32,88,50,20
USW00014763,2024;04;04;02,FM-16,343,32,88,50,22
USW00014763,2024;04;04;02,FM-16,343,32,88,50,17
USW00014763,2024;04;04;02,FM-16,343,32,87,60,15
USW00014763,2024;04;04;02,FM-15,343,32,88,40,20
USW00014763,2024;04;04;03,FM-16,343,32,88,60,18
USW00014763,2024;04;04;03,FM-16,343,32,88,60,18
USW00014763,2024;04;04;03,FM-15,343,32,85,60,18
USW00014763,2024;04;04;04,FM-16,343,32,85,60,21
USW00014763,2024;04;04;04,FM-16,343,32,85,60,18
USW00014763,2024;04;04;04,FM-16,343,32,85,60,20
USW00014763,2024;04;04;04,FM-16,343,32,87,50,22
USW00014763,2024;04;04;04,FM-15,343,32,85,70,20
USW00014763,2024;04;04;05,FM-16,343,32,85,VRB,13
USW00014763,2024;04;04;05,FM-15,343,32,85,40,14
USW00014763,2024;04;04;06,FM-16,343,32,85,40,6
USW00014763,2024;04;04;06,FM-16,343,32,85,30,7
USW00014763,2024;04;04;06,FM-16,343,31,89,50,7
USW00014763,2024;04;04;06,FM-16,343,31,92,30,9
USW00014763,2024;04;04;06,FM-15,343,31,92,10,7
USW00014763,2024;04;04;07,FM-15,343,31,92,350,3
USW00014763,2024;04;04;08,FM-15,343,32,88,20,7
USW00014763,2024;04;04;09,FM-16,343,32,92,20,6
USW00014763,2024;04;04;09,FM-16,343,32,87,20,7
USW00014763,2024;04;04;09,FM-15,343,32,88,20,6
USW00014763,2024;04;04;10,FM-16,343,33,85,20,8
USW00014763,2024;04;04;10,FM-16,343,34,85,20,8
USW00014763,2024;04;04;10,FM-16,343,34,82,10,9
USW00014763,2024;04;04;10,FM-16,343,34,82,20,6
USW00014763,2024;04;04;10,FM-15,343,34,82,20,10
USW00014763,2024;04;04;11,FM-16,343,36,70,30,9
USW00014763,2024;04;04;11,FM-15,343,35,72,20,8
USW00014763,2024;04;04;12,FM-15,343,36,70,40,9
USW00014763,2024;04;04;13,FM-16,343,36,64,20,10
USW00014763,2024;04;04;13,FM-16,343,36,67,10,8
USW00014763,2024;04;04;13,FM-16,343,36,67,20,9
USW00014763,2024;04;04;13,FM-16,343,36,65,10,9
USW00014763,2024;04;04;13,FM-15,343,36,67,10,7
USW00014763,2024;04;04;14,FM-15,343,36,70,20,7
USW00014763,2024;04;04;15,FM-15,343,36,67,VRB,6
USW00014763,2024;04;04;16,FM-16,343,35,67,350,9
USW00014763,2024;04;04;16,FM-16,343,36,70,320,6
USW00014763,2024;04;04;16,FM-15,343,35,72,310,7
USW00014763,2024;04;04;17,FM-15,343,34,76,330,6
USW00014763,2024;04;04;18,FM-16,343,33,82,330,5
USW00014763,2024;04;04;18,FM-15,343,33,82,320,6
USW00014763,2024;04;04;19,FM-15,343,32,82,330,8
USW00014763,2024;04;04;20,FM-15,343,31,85,300,3
USW00014763,2024;04;04;21,FM-16,343,31,85,290,5
USW00014763,2024;04;04;21,FM-16,343,30,86,280,3
USW00014763,2024;04;04;21,FM-15,343,31,85,300,3
USW00014763,2024;04;04;22,FM-15,343,31,82,300,9
USW00014763,2024;04;04;23,FM-16,343,31,82,310,10
USW00014763,2024;04;04;23,FM-16,343,30,86,290,7
USW00014763,2024;04;04;23,FM-15,343,31,85,280,6
USW00014763,2024;04;05;00,SOD,,,,,
USW00014763,2024;04;05;00,FM-16,343,31,85,270,6
USW00014763,2024;04;05;00,FM-15,343,31,85,270,7
USW00014763,2024;04;05;01,FM-16,343,31,85,270,7
USW00014763,2024;04;05;01,FM-15,343,31,85,240,6
USW00014763,2024;04;05;02,FM-16,343,31,85,230,7
USW00014763,2024;04;05;02,FM-16,343,31,85,270,7
USW00014763,2024;04;05;02,FM-15,343,31,85,250,6
USW00014763,2024;04;05;03,FM-15,343,31,89,280,7
USW00014763,2024;04;05;04,FM-16,343,31,89,270,11
USW00014763,2024;04;05;04,FM-16,343,31,85,280,10
USW00014763,2024;04;05;04,FM-15,343,31,85,270,11
USW00014763,2024;04;05;05,FM-15,343,31,82,280,17
USW00014763,2024;04;05;06,FM-16,343,31,85,280,11
USW00014763,2024;04;05;06,FM-15,343,31,85,270,16
USW00014763,2024;04;05;07,FM-16,343,31,85,290,15
USW00014763,2024;04;05;07,FM-15,343,32,79,280,9
USW00014763,2024;04;05;08,FM-15,343,32,79,280,8
USW00014763,2024;04;05;09,FM-16,343,33,75,290,8
USW00014763,2024;04;05;09,FM-15,343,34,76,300,9
USW00014763,2024;04;05;10,FM-15,343,34,76,320,11
USW00014763,2024;04;05;11,FM-15,343,35,72,290,10
USW00014763,2024;04;05;12,FM-15,343,35,78,290,11
USW00014763,2024;04;05;13,FM-15,343,36,73,280,7
USW00014763,2024;04;05;14,FM-16,343,37,70,300,15
USW00014763,2024;04;05;14,FM-16,343,37,70,280,9
USW00014763,2024;04;05;14,FM-15,343,37,70,290,11
USW00014763,2024;04;05;15,FM-16,343,37,75,280,9
USW00014763,2024;04;05;15,FM-15,343,37,76,290,13
USW00014763,2024;04;05;16,FM-16,343,37,76,280,11
USW00014763,2024;04;05;16,FM-16,343,37,73,300,13
USW00014763,2024;04;05;16,FM-16,343,37,76,280,17
USW00014763,2024;04;05;16,FM-16,343,37,76,300,10
USW00014763,2024;04;05;16,FM-16,343,37,76,300,15
USW00014763,2024;04;05;16,FM-15,343,37,76,290,10
USW00014763,2024;04;05;17,FM-16,343,37,76,290,16
USW00014763,2024;04;05;17,FM-15,343,36,82,300,9
USW00014763,2024;04;05;18,FM-16,343,35,85,290,7
USW00014763,2024;04;05;18,FM-16,343,36,81,280,17
USW00014763,2024;04;05;18,FM-15,343,35,85,290,14
USW00014763,2024;04;05;19,FM-16,343,35,85,290,11
USW00014763,2024;04;05;19,FM-15,343,35,89,290,11
USW00014763,2024;04;05;20,FM-16,343,36,87,290,14
USW00014763,2024;04;05;20,FM-15,343,35,89,290,14
USW00014763,2024;04;05;21,FM-15,343,35,85,290,14
USW00014763,2024;04;05;22,FM-16,343,34,89,300,10
USW00014763,2024;04;05;22,FM-16,343,35,85,300,11
USW00014763,2024;04;05;22,FM-16,343,34,87,310,5
USW00014763,2024;04;05;22,FM-15,343,34,89,310,7
USW00014763,2024;04;05;22,FM-16,343,34,89,310,7
USW00014763,2024;04;05;23,FM-16,343,34,89,310,7
USW00014763,2024;04;05;23,FM-16,343,33,92,330,7
USW00014763,2024;04;05;23,FM-16,343,33,96,10,3
USW00014763,2024;04;05;23,FM-16,343,33,92,VRB,3
USW00014763,2024;04;05;23,FM-16,343,34,87,350,3
USW00014763,2024;04;05;23,FM-15,343,33,92,330,5
USW00014763,2024;04;06;00,SOD,,,,,
USW00014763,2024;04;06;00,FM-16,343,33,92,300,6
USW00014763,2024;04;06;00,FM-16,343,33,92,300,7
USW00014763,2024;04;06;00,FM-16,343,33,92,300,6
USW00014763,2024;04;06;00,FM-15,343,33,85,VRB,8
USW00014763,2024;04;06;01,FM-15,343,34,76,,
USW00014763,2024;04;06;02,FM-16,343,34,75,330,6
USW00014763,2024;04;06;02,FM-15,343,33,78,VRB,6
USW00014763,2024;04;06;03,FM-16,343,33,78,330,7
USW00014763,2024;04;06;03,FM-15,343,33,82,,
USW00014763,2024;04;06;04,FM-16,343,33,78,330,8
USW00014763,2024;04;06;04,FM-15,343,33,78,340,6
USW00014763,2024;04;06;05,FM-15,343,33,75,VRB,10
USW00014763,2024;04;06;06,FM-16,343,33,75,VRB,10
USW00014763,2024;04;06;06,FM-15,343,34,73,350,15
USW00014763,2024;04;06;07,FM-15,343,34,73,340,14
USW00014763,2024;04;06;08,FM-15,343,35,72,VRB,7
USW00014763,2024;04;06;09,FM-15,343,35,72,360,8
USW00014763,2024;04;06;10,FM-15,343,37,67,330,7
USW00014763,2024;04;06;11,FM-15,343,38,65,VRB,9
USW00014763,2024;04;06;12,FM-15,343,40,63,330,15
USW00014763,2024;04;06;13,FM-16,343,41,60,VRB,11
USW00014763,2024;04;06;13,FM-15,343,40,60,330,9
USW00014763,2024;04;06;14,FM-15,343,41,57,10,9
USW00014763,2024;04;06;15,FM-15,343,40,60,VRB,15
USW00014763,2024;04;06;16,FM-15,343,40,60,VRB,15
USW00014763,2024;04;06;17,FM-15,343,39,60,340,15
USW00014763,2024;04;06;18,FM-15,343,37,65,330,9
USW00014763,2024;04;06;19,FM-15,343,37,67,330,10
USW00014763,2024;04;06;20,FM-16,343,37,67,330,10
USW00014763,2024;04;06;20,FM-16,343,37,67,340,11
USW00014763,2024;04;06;20,FM-15,343,37,67,VRB,6
USW00014763,2024;04;06;21,FM-16,343,37,67,350,5
USW00014763,2024;04;06;21,FM-16,343,36,70,300,8
USW00014763,2024;04;06;21,FM-15,343,36,70,310,8
USW00014763,2024;04;06;22,FM-15,343,36,73,320,8
USW00014763,2024;04;06;23,FM-15,343,37,70,340,5
USW00014763,2024;04;07;00,SOD,,,,,
USW00014763,2024;04;07;00,FM-15,343,36,76,310,6
USW00014763,2024;04;07;01,FM-15,343,35,78,330,8
USW00014763,2024;04;07;02,FM-16,343,35,78,320,7
USW00014763,2024;04;07;02,FM-16,343,34,81,330,6
USW00014763,2024;04;07;02,FM-15,343,34,79,320,6
USW00014763,2024;04;07;03,FM-15,343,34,79,350,5
USW00014763,2024;04;07;04,FM-16,343,33,78,350,3
USW00014763,2024;04;07;04,FM-16,343,33,78,0,0
USW00014763,2024;04;07;04,FM-15,343,33,78,VRB,5
USW00014763,2024;04;07;05,FM-16,343,33,78,360,7
USW00014763,2024;04;07;05,FM-16,343,33,78,10,3
USW00014763,2024;04;07;05,FM-15,343,32,79,10,6
USW00014763,2024;04;07;06,FM-16,343,34,73,VRB,5
USW00014763,2024;04;07;06,FM-16,343,34,76,340,3
USW00014763,2024;04;07;06,FM-15,343,34,76,320,3
USW00014763,2024;04;07;07,FM-16,343,36,70,300,6
USW00014763,2024;04;07;07,FM-15,343,36,67,VRB,5
USW00014763,2024;04;07;08,FM-16,343,37,65,10,9
USW00014763,2024;04;07;08,FM-15,343,38,62,10,9
USW00014763,2024;04;07;09,FM-15,343,40,58,VRB,6
USW00014763,2024;04;07;10,FM-15,343,43,56,350,11
USW00014763,2024;04;07;11,FM-15,343,43,58,340,11
USW00014763,2024;04;07;12,FM-15,343,43,53,10,8
USW00014763,2024;04;07;13,FM-15,343,47,50,300,10
USW00014763,2024;04;07;14,FM-15,343,50,44,360,8
USW00014763,2024;04;07;15,FM-15,343,50,39,20,8
USW00014763,2024;04;07;16,FM-15,343,50,38,360,9
USW00014763,2024;04;07;17,FM-15,343,47,34,350,9
USW00014763,2024;04;07;18,FM-15,343,43,42,360,6
USW00014763,2024;04;07;19,FM-15,343,40,51,0,0
USW00014763,2024;04;07;20,FM-15,343,39,53,0,0
USW00014763,2024;04;07;21,FM-15,343,34,73,0,0
USW00014763,2024;04;07;22,FM-15,343,32,73,0,0
USW00014763,2024;04;07;23,FM-15,343,31,79,0,0
USW00014763,2024;04;08;00,SOD,,,,,
USW00014763,2024;04;08;00,FM-15,343,28,81,280,5
USW00014763,2024;04;08;01,FM-15,343,27,89,100,3
USW00014763,2024;04;08;02,FM-15,343,28,85,0,0
USW00014763,2024;04;08;03,FM-15,343,26,88,130,3
USW00014763,2024;04;08;04,FM-15,343,26,88,0,0
USW00014763,2024;04;08;05,FM-15,343,27,89,0,0
USW00014763,2024;04;08;06,FM-15,343,32,85,20,3
USW00014763,2024;04;08;07,FM-15,343,38,73,0,0
USW00014763,2024;04;08;08,FM-15,343,49,41,250,6
USW00014763,2024;04;08;09,FM-15,343,53,34,320,7
USW00014763,2024;04;08;10,FM-15,343,57,30,260,8
USW00014763,2024;04;08;11,FM-15,343,60,28,,
USW00014763,2024;04;08;12,FM-15,343,60,27,260,13
USW00014763,2024;04;08;13,FM-15,343,60,24,250,11
USW00014763,2024;04;08;14,FM-15,343,56,30,280,6
USW00014763,2024;04;08;15,FM-15,343,60,23,260,6
USW00014763,2024;04;08;16,FM-15,343,59,27,290,8
USW00014763,2024;04;08;17,FM-15,343,56,34,260,5
USW00014763,2024;04;08;18,FM-15,343,49,50,0,0
USW00014763,2024;04;08;19,FM-15,343,46,54,250,5
USW00014763,2024;04;08;20,FM-15,343,44,60,230,5
USW00014763,2024;04;08;21,FM-15,343,41,62,260,3
USW00014763,2024;04;08;22,FM-15,343,41,62,0,0
USW00014763,2024;04;08;23,FM-15,343,39,70,0,0
USW00014763,2024;04;09;00,SOD,,,,,
USW00014763,2024;04;09;00,FM-15,343,38,70,0,0
USW00014763,2024;04;09;01,FM-15,343,37,79,0,0
USW00014763,2024;04;09;02,FM-15,343,38,73,0,0
USW00014763,2024;04;09;03,FM-15,343,36,79,0,0
USW00014763,2024;04;09;04,FM-15,343,34,82,0,0
USW00014763,2024;04;09;05,FM-15,343,34,85,0,0
USW00014763,2024;04;09;06,FM-15,343,42,76,0,0
USW00014763,2024;04;09;07,FM-15,343,51,56,0,0
USW00014763,2024;04;09;08,FM-15,343,58,38,0,0
USW00014763,2024;04;09;09,FM-15,343,61,31,VRB,3
USW00014763,2024;04;09;10,FM-15,343,64,29,VRB,3
USW00014763,2024;04;09;11,FM-15,343,66,26,240,6
USW00014763,2024;04;09;12,FM-15,343,69,24,300,8
USW00014763,2024;04;09;13,FM-15,343,70,23,260,9
USW00014763,2024;04;09;14,FM-15,343,71,23,290,9
USW00014763,2024;04;09;15,FM-15,343,70,23,320,9
USW00014763,2024;04;09;16,FM-15,343,69,22,250,3
USW00014763,2024;04;09;17,FM-15,343,63,37,0,0
USW00014763,2024;04;09;18,FM-15,343,55,55,130,5
USW00014763,2024;04;09;19,FM-15,343,53,51,0,0
USW00014763,2024;04;09;20,FM-15,343,50,54,0,0
USW00014763,2024;04;09;21,FM-15,343,49,59,350,3
USW00014763,2024;04;09;22,FM-15,343,47,63,40,3
USW00014763,2024;04;09;23,FM-15,343,44,71,0,0
USW00014763,2024;04;10;00,SOD,,,,,
USW00014763,2024;04;10;00,FM-15,343,46,66,0,0
USW00014763,2024;04;10;01,FM-15,343,45,71,0,0
USW00014763,2024;04;10;02,FM-15,343,46,68,0,0
USW00014763,2024;04;10;03,FM-15,343,45,66,30,6
USW00014763,2024;04;10;04,FM-15,343,47,63,VRB,8
USW00014763,2024;04;10;05,FM-15,343,48,61,110,6
USW00014763,2024;04;10;06,FM-15,343,47,61,60,6
USW00014763,2024;04;10;07,FM-15,343,51,54,150,10
USW00014763,2024;04;10;08,FM-15,343,53,51,120,9
USW00014763,2024;04;10;09,FM-16,343,55,47,170,3
USW00014763,2024;04;10;09,FM-15,343,56,47,VRB,3
USW00014763,2024;04;10;10,FM-16,343,58,48,110,8
USW00014763,2024;04;10;10,FM-15,343,57,47,0,0
USW00014763,2024;04;10;11,FM-15,343,56,55,180,7
USW00014763,2024;04;10;12,FM-15,343,52,80,140,7
USW00014763,2024;04;10;13,FM-15,343,53,80,270,3
USW00014763,2024;04;10;14,FM-15,343,52,89,60,5
USW00014763,2024;04;10;15,FM-15,343,52,89,0,0
USW00014763,2024;04;10;16,FM-15,343,52,86,40,3
USW00014763,2024;04;10;17,FM-15,343,51,89,0,0
USW00014763,2024;04;10;18,FM-15,343,50,93,20,5
USW00014763,2024;04;10;19,FM-15,343,50,93,20,5
USW00014763,2024;04;10;20,FM-15,343,50,93,0,0
USW00014763,2024;04;10;21,FM-15,343,49,93,20,3
USW00014763,2024;04;10;22,FM-16,343,48,93,0,0
USW00014763,2024;04;10;22,FM-15,343,48,93,60,5
USW00014763,2024;04;10;23,FM-15,343,48,93,60,3
USW00014763,2024;04;11;00,SOD,,,,,
USW00014763,2024;04;11;00,FM-16,343,48,93,50,5
USW00014763,2024;04;11;00,FM-15,343,49,90,50,3
USW00014763,2024;04;11;01,FM-15,343,48,93,40,3
USW00014763,2024;04;11;02,FM-16,343,48,94,70,5
USW00014763,2024;04;11;02,FM-15,343,48,93,70,3
USW00014763,2024;04;11;03,FM-15,343,48,89,60,7
USW00014763,2024;04;11;04,FM-16,343,47,93,50,5
USW00014763,2024;04;11;04,FM-16,343,46,100,40,5
USW00014763,2024;04;11;04,FM-15,343,47,93,50,5
USW00014763,2024;04;11;05,FM-15,343,47,93,50,6
USW00014763,2024;04;11;06,FM-15,343,47,93,60,7
USW00014763,2024;04;11;07,FM-15,343,47,93,40,7
USW00014763,2024;04;11;08,FM-16,343,48,93,60,7
USW00014763,2024;04;11;08,FM-15,343,48,93,60,8
USW00014763,2024;04;11;09,FM-15,343,48,93,70,7
USW00014763,2024;04;11;10,FM-15,343,49,90,70,8
USW00014763,2024;04;11;11,FM-16,343,49,93,70,3
USW00014763,2024;04;11;11,FM-16,343,48,94,80,3
USW00014763,2024;04;11;11,FM-15,343,49,93,80,3
USW00014763,2024;04;11;12,FM-16,343,49,93,100,5
USW00014763,2024;04;11;12,FM-16,343,49,93,90,3
USW00014763,2024;04;11;12,FM-16,343,50,89,VRB,3
USW00014763,2024;04;11;12,FM-15,343,50,93,110,7
USW00014763,2024;04;11;13,FM-16,343,51,92,110,6
USW00014763,2024;04;11;13,FM-15,343,53,89,130,13
USW00014763,2024;04;11;14,FM-16,343,53,86,140,11
USW00014763,2024;04;11;14,FM-15,343,53,89,130,8
USW00014763,2024;04;11;15,FM-16,343,54,87,140,11
USW00014763,2024;04;11;15,FM-15,343,54,87,120,9
USW00014763,2024;04;11;16,FM-16,343,53,89,90,8
USW00014763,2024;04;11;16,FM-15,343,53,89,100,10
USW00014763,2024;04;11;17,FM-15,343,52,89,VRB,7
USW00014763,2024;04;11;18,FM-15,343,53,89,110,10
USW00014763,2024;04;11;19,FM-15,343,53,93,100,8
USW00014763,2024;04;11;20,FM-16,343,54,93,80,6
USW00014763,2024;04;11;20,FM-15,343,54,90,VRB,8
USW00014763,2024;04;11;21,FM-15,343,57,90,130,15
USW00014763,2024;04;11;22,FM-16,343,57,90,120,8
USW00014763,2024;04;11;22,FM-16,343,57,90,130,14
USW00014763,2024;04;11;22,FM-16,343,58,87,150,15
USW00014763,2024;04;11;22,FM-15,343,59,83,140,16
USW00014763,2024;04;11;23,FM-16,343,58,90,140,17
USW00014763,2024;04;11;23,FM-15,343,59,90,VRB,10
USW00014763,2024;04;12;00,SOD,,,,,
USW00014763,2024;04;12;00,FM-16,343,59,90,130,13
USW00014763,2024;04;12;00,FM-15,343,60,86,130,15
USW00014763,2024;04;12;01,FM-15,343,60,86,VRB,5
USW00014763,2024;04;12;02,FM-16,343,59,90,150,14
USW00014763,2024;04;12;02,FM-16,343,59,90,VRB,5
USW00014763,2024;04;12;02,FM-15,343,59,90,130,11
USW00014763,2024;04;12;03,FM-16,343,59,90,140,11
USW00014763,2024;04;12;03,FM-16,343,59,90,VRB,7
USW00014763,2024;04;12;03,FM-15,343,60,86,120,9
USW00014763,2024;04;12;04,FM-16,343,60,90,140,16
USW00014763,2024;04;12;04,FM-15,343,61,87,140,15
USW00014763,2024;04;12;05,FM-15,343,61,90,VRB,13
USW00014763,2024;04;12;06,FM-16,343,62,86,130,8
USW00014763,2024;04;12;06,FM-15,343,62,86,VRB,10
USW00014763,2024;04;12;08,FM-16,343,60,90,130,14
USW00014763,2024;04;12;08,FM-15,343,61,87,,
USW00014763,2024;04;12;09,FM-15,343,61,87,VRB,13
USW00014763,2024;04;12;10,FM-15,343,61,84,VRB,10
USW00014763,2024;04;12;11,FM-16,343,63,77,VRB,6
USW00014763,2024;04;12;11,FM-15,343,62,80,VRB,5
USW00014763,2024;04;12;12,FM-16,343,61,87,VRB,3
USW00014763,2024;04;12;12,FM-15,343,62,78,130,17
USW00014763,2024;04;12;13,FM-16,343,59,88,,
USW00014763,2024;04;12;13,FM-15,343,59,87,,
USW00014763,2024;04;12;14,FM-16,343,58,90,220,13
USW00014763,2024;04;12;14,FM-16,343,57,90,200,22
USW00014763,2024;04;12;14,FM-16,343,55,88,210,17
USW00014763,2024;04;12;14,FM-15,343,55,87,210,16
USW00014763,2024;04;12;15,FM-16,343,55,87,200,9
USW00014763,2024;04;12;15,FM-16,343,54,87,190,16
USW00014763,2024;04;12;15,FM-16,343,54,83,190,16
USW00014763,2024;04;12;15,FM-15,343,54,80,200,18
USW00014763,2024;04;12;16,FM-16,343,55,74,200,15
USW00014763,2024;04;12;16,FM-15,343,55,69,210,11
USW00014763,2024;04;12;17,FM-15,343,53,72,200,11
USW00014763,2024;04;12;18,FM-15,343,53,69,200,17
USW00014763,2024;04;12;19,FM-15,343,51,71,200,15
USW00014763,2024;04;12;20,FM-15,343,51,69,190,13
USW00014763,2024;04;12;21,FM-15,343,51,66,190,14
USW00014763,2024;04;12;22,FM-15,343,50,68,190,15
USW00014763,2024;04;12;23,FM-16,343,50,71,200,11
USW00014763,2024;04;12;23,FM-16,343,50,71,190,13
USW00014763,2024;04;12;23,FM-15,343,50,71,190,13
USW00014763,2024;04;13;00,SOD,,,,,
USW00014763,2024;04;13;00,FM-15,343,49,71,190,14
USW00014763,2024;04;13;01,FM-15,343,49,71,200,13
USW00014763,2024;04;13;02,FM-15,343,48,74,200,15
USW00014763,2024;04;13;03,FM-15,343,45,77,210,9
USW00014763,2024;04;13;04,FM-16,343,45,77,240,8
USW00014763,2024;04;13;04,FM-16,343,45,71,270,11
USW00014763,2024;04;13;04,FM-15,343,44,71,270,11
USW00014763,2024;04;13;05,FM-15,343,43,71,260,10
USW00014763,2024;04;13;06,FM-15,343,43,68,260,17
USW00014763,2024;04;13;07,FM-15,343,43,65,280,18
USW00014763,2024;04;13;08,FM-15,343,44,63,260,20
USW00014763,2024;04;13;09,FM-15,343,44,73,270,11
USW00014763,2024;04;13;10,FM-15,343,42,76,270,22
USW00014763,2024;04;13;11,FM-16,343,42,76,270,14
USW00014763,2024;04;13;11,FM-15,343,45,71,250,13
USW00014763,2024;04;13;12,FM-15,343,46,58,280,21
USW00014763,2024;04;13;13,FM-15,343,42,76,290,17
USW00014763,2024;04;13;14,FM-16,343,42,76,270,20
USW00014763,2024;04;13;14,FM-16,343,41,79,280,20
USW00014763,2024;04;13;14,FM-15,343,41,82,270,18
USW00014763,2024;04;13;15,FM-16,343,41,79,270,25
USW00014763,2024;04;13;15,FM-15,343,41,79,290,14
USW00014763,2024;04;13;16,FM-16,343,39,87,280,14
USW00014763,2024;04;13;16,FM-15,343,40,86,280,13
USW00014763,2024;04;13;17,FM-16,343,40,83,270,17
USW00014763,2024;04;13;17,FM-15,343,41,79,280,20
USW00014763,2024;04;13;18,FM-15,343,41,73,290,18
USW00014763,2024;04;13;19,FM-15,343,42,71,290,20
USW00014763,2024;04;13;20,FM-15,343,42,71,290,17
USW00014763,2024;04;13;21,FM-16,343,43,65,290,20
USW00014763,2024;04;13;21,FM-15,343,43,65,290,16
USW00014763,2024;04;13;22,FM-15,343,44,63,290,22
USW00014763,2024;04;13;23,FM-15,343,43,63,290,18
USW00014763,2024;04;14;00,SOD,,,,,
USW00014763,2024;04;14;00,FM-15,343,42,65,290,18
USW00014763,2024;04;14;01,FM-15,343,41,67,290,21
USW00014763,2024;04;14;02,FM-15,343,39,73,280,18
USW00014763,2024;04;14;03,FM-15,343,39,73,290,13
USW00014763,2024;04;14;04,FM-15,343,39,70,VRB,5
USW00014763,2024;04;14;05,FM-15,343,39,73,VRB,6
USW00014763,2024;04;14;06,FM-15,343,42,65,260,8
USW00014763,2024;04;14;07,FM-15,343,46,56,280,10
USW00014763,2024;04;14;08,FM-15,343,48,50,270,10
USW00014763,2024;04;14;09,FM-15,343,50,48,250,11
USW00014763,2024;04;14;10,FM-15,343,48,61,230,6
USW00014763,2024;04;14;11,FM-15,343,46,77,140,5
USW00014763,2024;04;14;12,FM-15,343,48,71,130,3
USW00014763,2024;04;14;13,FM-15,343,51,64,180,7
USW00014763,2024;04;14;14,FM-15,343,53,57,VRB,3
USW00014763,2024;04;14;15,FM-15,343,48,83,190,6
USW00014763,2024;04;14;16,FM-15,343,48,86,0,0
USW00014763,2024;04;14;17,FM-15,343,47,93,20,6
USW00014763,2024;04;14;18,FM-15,343,46,93,0,0
USW00014763,2024;04;14;19,FM-15,343,46,93,0,0
USW00014763,2024;04;14;20,FM-15,343,46,96,0,0
USW00014763,2024;04;14;21,FM-15,343,45,97,0,0
USW00014763,2024;04;14;22,FM-16,343,44,96,0,0
USW00014763,2024;04;14;22,FM-16,343,43,97,0,0
USW00014763,2024;04;14;22,FM-16,343,42,96,0,0
USW00014763,2024;04;14;22,FM-16,343,43,93,140,3
USW00014763,2024;04;14;22,FM-15,343,42,96,160,3
USW00014763,2024;04;14;23,FM-16,343,41,96,0,0
USW00014763,2024;04;14;23,FM-16,343,42,92,0,0
USW00014763,2024;04;14;23,FM-15,343,40,97,0,0
USW00014763,2024;04;15;00,SOD,,,,,
USW00014763,2024;04;15;00,FM-16,343,41,93,250,3
USW00014763,2024;04;15;00,FM-16,343,40,97,250,3
USW00014763,2024;04;15;00,FM-16,343,40,97,240,5
USW00014763,2024;04;15;00,FM-15,343,40,97,0,0
USW00014763,2024;04;15;00,FM-16,343,40,93,0,0
USW00014763,2024;04;15;01,FM-16,343,40,93,0,0
USW00014763,2024;04;15;01,FM-16,343,40,97,0,0
USW00014763,2024;04;15;01,FM-16,343,39,96,0,0
USW00014763,2024;04;15;01,FM-16,343,39,93,0,0
USW00014763,2024;04;15;01,FM-15,343,40,93,0,0
USW00014763,2024;04;15;02,FM-16,343,39,96,0,0
USW00014763,2024;04;15;02,FM-16,343,39,96,0,0
USW00014763,2024;04;15;02,FM-16,343,40,97,0,0
USW00014763,2024;04;15;02,FM-16,343,39,96,0,0
USW00014763,2024;04;15;02,FM-16,343,39,93,120,3
USW00014763,2024;04;15;02,FM-15,343,40,93,0,0
USW00014763,2024;04;15;03,FM-16,343,38,97,0,0
USW00014763,2024;04;15;03,FM-16,343,37,96,0,0
USW00014763,2024;04;15;03,FM-16,343,38,93,0,0
USW00014763,2024;04;15;03,FM-16,343,36,100,0,0
USW00014763,2024;04;15;03,FM-15,343,36,97,0,0
USW00014763,2024;04;15;04,FM-16,343,37,96,0,0
USW00014763,2024;04;15;04,FM-16,343,37,93,0,0
USW00014763,2024;04;15;04,FM-15,343,37,96,0,0
USW00014763,2024;04;15;05,FM-16,343,38,93,0,0
USW00014763,2024;04;15;05,FM-16,343,37,96,290,3
USW00014763,2024;04;15;05,FM-15,343,38,97,0,0
USW00014763,2024;04;15;06,FM-15,343,43,97,150,3
USW00014763,2024;04;15;07,FM-15,343,50,93,0,0
USW00014763,2024;04;15;08,FM-15,343,57,67,VRB,6
USW00014763,2024;04;15;09,FM-16,343,58,65,VRB,8
USW00014763,2024;04;15;09,FM-16,343,57,67,270,7
USW00014763,2024;04;15;09,FM-15,343,58,67,260,7
USW00014763,2024;04;15;10,FM-15,343,60,52,270,14
USW00014763,2024;04;15;11,FM-15,343,59,62,290,16
USW00014763,2024;04;15;12,FM-15,343,57,55,290,11
USW00014763,2024;04;15;13,FM-15,343,59,48,290,15
USW00014763,2024;04;15;14,FM-15,343,60,42,290,14
USW00014763,2024;04;15;15,FM-15,343,58,44,310,16
USW00014763,2024;04;15;16,FM-15,343,57,45,330,14
USW00014763,2024;04;15;17,FM-15,343,54,47,310,15
USW00014763,2024;04;15;18,FM-15,343,52,43,310,11
USW00014763,2024;04;15;19,FM-15,343,51,41,310,11
USW00014763,2024;04;15;20,FM-15,343,48,48,300,7
USW00014763,2024;04;15;21,FM-15,343,43,63,VRB,3
USW00014763,2024;04;15;22,FM-15,343,46,51,VRB,5
USW00014763,2024;04;15;23,FM-15,343,42,60,210,3
USW00014763,2024;04;16;00,SOD,,,,,
USW00014763,2024;04;16;00,FM-15,343,39,70,0,0
USW00014763,2024;04;16;01,FM-15,343,43,51,230,3
USW00014763,2024;04;16;02,FM-15,343,43,53,270,3
USW00014763,2024;04;16;03,FM-15,343,41,62,VRB,5
USW00014763,2024;04;16;04,FM-15,343,40,65,260,6
USW00014763,2024;04;16;05,FM-15,343,40,70,260,7
USW00014763,2024;04;16;06,FM-15,343,46,58,240,5
USW00014763,2024;04;16;07,FM-15,343,49,55,,
USW00014763,2024;04;16;08,FM-15,343,52,50,VRB,8
USW00014763,2024;04;16;09,FM-15,343,56,42,280,13
USW00014763,2024;04;16;10,FM-15,343,57,37,290,13
USW00014763,2024;04;16;11,FM-15,343,61,32,VRB,13
USW00014763,2024;04;16;12,FM-15,343,61,31,320,17
USW00014763,2024;04;16;13,FM-15,343,61,29,310,17
USW00014763,2024;04;16;14,FM-15,343,62,29,290,15
USW00014763,2024;04;16;15,FM-15,343,62,30,300,11
USW00014763,2024;04;16;16,FM-15,343,60,32,290,16
USW00014763,2024;04;16;17,FM-15,343,58,33,310,14
USW00014763,2024;04;16;18,FM-15,343,55,35,290,9
USW00014763,2024;04;16;19,FM-15,343,51,39,270,9
USW00014763,2024;04;16;20,FM-15,343,49,44,220,3
USW00014763,2024;04;16;21,FM-15,343,49,41,240,6
USW00014763,2024;04;16;22,FM-15,343,47,44,0,0
USW00014763,2024;04;16;23,FM-15,343,41,62,250,6
USW00014763,2024;04;17;00,SOD,,,,,
USW00014763,2024;04;17;00,FM-15,343,39,67,60,3
USW00014763,2024;04;17;01,FM-15,343,37,70,0,0
USW00014763,2024;04;17;02,FM-15,343,36,79,0,0
USW00014763,2024;04;17;03,FM-15,343,35,78,0,0
USW00014763,2024;04;17;04,FM-15,343,33,85,0,0
USW00014763,2024;04;17;05,FM-15,343,34,89,0,0
USW00014763,2024;04;17;06,FM-15,343,41,73,0,0
USW00014763,2024;04;17;07,FM-15,343,48,56,30,3
USW00014763,2024;04;17;08,FM-15,343,53,47,160,7
USW00014763,2024;04;17;09,FM-15,343,55,44,0,0
USW00014763,2024;04;17;10,FM-15,343,59,38,VRB,6
USW00014763,2024;04;17;11,FM-15,343,59,36,210,5
USW00014763,2024;04;17;12,FM-15,343,60,36,220,8
USW00014763,2024;04;17;13,FM-15,343,60,38,220,5
USW00014763,2024;04;17;14,FM-15,343,60,38,200,7
USW00014763,2024;04;17;15,FM-15,343,60,39,240,8
USW00014763,2024;04;17;16,FM-15,343,58,42,180,6
USW00014763,2024;04;17;17,FM-15,343,54,57,200,8
USW00014763,2024;04;17;18,FM-15,343,49,71,170,10
USW00014763,2024;04;17;19,FM-15,343,47,77,VRB,3
USW00014763,2024;04;17;20,FM-15,343,46,79,90,5
USW00014763,2024;04;17;21,FM-15,343,45,83,70,3
USW00014763,2024;04;17;22,FM-15,343,44,89,70,5
USW00014763,2024;04;17;23,FM-16,343,44,93,60,6
USW00014763,2024;04;17;23,FM-16,343,44,89,VRB,6
USW00014763,2024;04;17;23,FM-16,343,43,93,60,7
USW00014763,2024;04;17;23,FM-15,343,43,89,60,6
USW00014763,2024;04;18;00,SOD,,,,,
USW00014763,2024;04;18;00,FM-16,343,43,89,80,7
USW00014763,2024;04;18;00,FM-15,343,43,89,80,5
USW00014763,2024;04;18;01,FM-16,343,42,89,60,10
USW00014763,2024;04;18;01,FM-16,343,43,87,80,7
USW00014763,2024;04;18;01,FM-15,343,42,89,VRB,7
USW00014763,2024;04;18;02,FM-16,343,42,89,VRB,9
USW00014763,2024;04;18;02,FM-15,343,42,89,70,10
USW00014763,2024;04;18;03,FM-16,343,42,85,80,10
USW00014763,2024;04;18;03,FM-16,343,42,85,70,13
USW00014763,2024;04;18;03,FM-15,343,41,89,90,9
USW00014763,2024;04;18;04,FM-16,343,41,82,VRB,7
USW00014763,2024;04;18;04,FM-15,343,41,86,VRB,7
USW00014763,2024;04;18;05,FM-15,343,41,82,VRB,7
USW00014763,2024;04;18;06,FM-16,343,40,86,60,8
USW00014763,2024;04;18;06,FM-15,343,41,79,VRB,8
USW00014763,2024;04;18;07,FM-15,343,42,76,VRB,7
USW00014763,2024;04;18;08,FM-15,343,42,73,80,8
USW00014763,2024;04;18;09,FM-15,343,43,71,VRB,9
USW00014763,2024;04;18;10,FM-15,343,42,71,VRB,6
USW00014763,2024;04;18;11,FM-15,343,41,79,70,7
USW00014763,2024;04;18;12,FM-16,343,41,82,70,7
USW00014763,2024;04;18;12,FM-15,343,42,79,90,6
USW00014763,2024;04;18;13,FM-15,343,42,79,VRB,5
USW00014763,2024;04;18;14,FM-15,343,41,76,110,9
USW00014763,2024;04;18;15,FM-16,343,43,71,100,6
USW00014763,2024;04;18;15,FM-15,343,43,71,VRB,3
USW00014763,2024;04;18;16,FM-16,343,43,71,100,7
USW00014763,2024;04;18;16,FM-16,343,43,71,110,8
USW00014763,2024;04;18;16,FM-15,343,43,71,VRB,7
USW00014763,2024;04;18;17,FM-16,343,43,71,100,7
USW00014763,2024;04;18;17,FM-15,343,43,68,VRB,7
USW00014763,2024;04;18;18,FM-16,343,43,71,110,6
USW00014763,2024;04;18;18,FM-15,343,42,71,100,3
USW00014763,2024;04;18;19,FM-15,343,42,71,VRB,3
USW00014763,2024;04;18;20,FM-15,343,42,71,110,5
USW00014763,2024;04;18;21,FM-15,343,42,71,110,3
USW00014763,2024;04;18;22,FM-15,343,41,73,110,3
USW00014763,2024;04;18;23,FM-15,343,41,73,80,3
USW00014763,2024;04;19;00,SOD,,,,,
USW00014763,2024;04;19;00,FM-15,343,41,76,0,0
USW00014763,2024;04;19;01,FM-15,343,41,73,90,3
USW00014763,2024;04;19;02,FM-15,343,41,73,0,0
USW00014763,2024;04;19;03,FM-16,343,41,73,80,3
USW00014763,2024;04;19;03,FM-16,343,41,73,VRB,3
USW00014763,2024;04;19;03,FM-15,343,41,73,0,0
USW00014763,2024;04;19;04,FM-15,343,41,73,0,0
USW00014763,2024;04;19;05,FM-16,343,41,76,0,0
USW00014763,2024;04;19;05,FM-16,343,41,73,0,0
USW00014763,2024;04;19;05,FM-15,343,41,76,100,3
USW00014763,2024;04;19;06,FM-16,343,41,76,VRB,3
USW00014763,2024;04;19;06,FM-16,343,41,73,80,5
USW00014763,2024;04;19;06,FM-15,343,42,73,50,3
USW00014763,2024;04;19;07,FM-16,343,45,61,VRB,3
USW00014763,2024;04;19;07,FM-15,343,44,63,80,3
USW00014763,2024;04;19;08,FM-15,343,47,54,150,7
USW00014763,2024;04;19;09,FM-15,343,48,52,140,15
USW00014763,2024;04;19;10,FM-15,343,51,48,130,11
USW00014763,2024;04;19;11,FM-15,343,53,48,VRB,6
USW00014763,2024;04;19;12,FM-15,343,55,49,170,9
USW00014763,2024;04;19;13,FM-15,343,58,42,140,15
USW00014763,2024;04;19;14,FM-15,343,58,38,VRB,11
USW00014763,2024;04;19;15,FM-15,343,55,45,170,7
USW00014763,2024;04;19;16,FM-15,343,53,51,VRB,6
USW00014763,2024;04;19;17,FM-15,343,51,54,VRB,7
USW00014763,2024;04;19;18,FM-15,343,50,59,VRB,3
USW00014763,2024;04;19;19,FM-16,343,50,61,0,0
USW00014763,2024;04;19;19,FM-15,343,49,64,0,0
USW00014763,2024;04;19;20,FM-16,343,48,71,VRB,8
USW00014763,2024;04;19;20,FM-15,343,48,71,,
USW00014763,2024;04;19;21,FM-16,343,46,76,180,5
USW00014763,2024;04;19;21,FM-15,343,47,74,200,8
USW00014763,2024;04;19;22,FM-16,343,47,74,170,8
USW00014763,2024;04;19;22,FM-16,343,47,77,160,7
USW00014763,2024;04;19;22,FM-15,343,47,77,0,0
USW00014763,2024;04;19;23,FM-16,343,47,80,180,8
USW00014763,2024;04;19;23,FM-15,343,47,80,180,7
USW00014763,2024;04;20;00,SOD,,,,,
USW00014763,2024;04;20;00,FM-15,343,47,83,230,7
USW00014763,2024;04;20;01,FM-16,343,47,86,230,8
USW00014763,2024;04;20;01,FM-15,343,46,89,230,8
USW00014763,2024;04;20;02,FM-15,343,47,90,230,7
USW00014763,2024;04;20;03,FM-15,343,46,96,0,0
USW00014763,2024;04;20;04,FM-16,343,47,90,0,0
USW00014763,2024;04;20;04,FM-15,343,46,93,230,7
USW00014763,2024;04;20;05,FM-16,343,47,90,240,7
USW00014763,2024;04;20;05,FM-16,343,46,93,240,6
USW00014763,2024;04;20;05,FM-16,343,46,96,240,5
USW00014763,2024;04;20;05,FM-15,343,47,93,220,6
USW00014763,2024;04;20;06,FM-16,343,47,93,220,6
USW00014763,2024;04;20;06,FM-15,343,47,93,220,7
USW00014763,2024;04;20;07,FM-16,343,48,94,200,5
USW00014763,2024;04;20;07,FM-15,343,49,90,210,6
USW00014763,2024;04;20;08,FM-16,343,50,86,240,6
USW00014763,2024;04;20;08,FM-16,343,51,80,310,6
USW00014763,2024;04;20;08,FM-16,343,51,77,300,7
USW00014763,2024;04;20;08,FM-15,343,51,77,300,8
USW00014763,2024;04;20;09,FM-16,343,52,75,320,10
USW00014763,2024;04;20;09,FM-16,343,50,71,310,11
USW00014763,2024;04;20;09,FM-16,343,50,67,310,14
USW00014763,2024;04;20;09,FM-15,343,50,66,300,14
USW00014763,2024;04;20;10,FM-15,343,51,61,330,9
USW00014763,2024;04;20;11,FM-15,343,53,47,300,9
USW00014763,2024;04;20;12,FM-15,343,55,44,270,14
USW00014763,2024;04;20;13,FM-15,343,56,40,310,9
USW00014763,2024;04;20;14,FM-15,343,54,38,280,7
USW00014763,2024;04;20;15,FM-15,343,54,37,VRB,8
USW00014763,2024;04;20;16,FM-15,343,45,71,300,14
USW00014763,2024;04;20;17,FM-15,343,43,68,310,15
USW00014763,2024;04;20;18,FM-15,343,42,55,300,13
USW00014763,2024;04;20;19,FM-15,343,41,53,300,15
USW00014763,2024;04;20;20,FM-15,343,39,57,290,18
USW00014763,2024;04;20;21,FM-15,343,38,57,290,11
USW00014763,2024;04;20;22,FM-15,343,37,59,300,16
USW00014763,2024;04;20;23,FM-15,343,36,62,290,5
USW00014763,2024;04;21;00,SOD,,,,,
USW00014763,2024;04;21;00,FM-15,343,34,67,270,7
USW00014763,2024;04;21;01,FM-15,343,33,72,280,7
USW00014763,2024;04;21;02,FM-15,343,34,70,300,9
USW00014763,2024;04;21;03,FM-15,343,32,73,270,5
USW00014763,2024;04;21;04,FM-15,343,32,73,310,6
USW00014763,2024;04;21;05,FM-15,343,34,73,320,5
USW00014763,2024;04;21;06,FM-15,343,38,65,230,5
USW00014763,2024;04;21;07,FM-15,343,40,60,300,10
USW00014763,2024;04;21;08,FM-15,343,41,57,290,11
USW00014763,2024;04;21;09,FM-15,343,41,49,270,11
USW00014763,2024;04;21;10,FM-15,343,43,45,290,11
USW00014763,2024;04;21;11,FM-15,343,43,43,270,10
USW00014763,2024;04;21;12,FM-15,343,43,42,280,13
USW00014763,2024;04;21;13,FM-15,343,43,42,280,11
USW00014763,2024;04;21;14,FM-15,343,44,41,280,15
USW00014763,2024;04;21;15,FM-15,343,44,41,300,9
USW00014763,2024;04;21;16,FM-15,343,43,43,300,11
USW00014763,2024;04;21;17,FM-15,343,42,47,300,9
USW00014763,2024;04;21;18,FM-15,343,40,53,280,7
USW00014763,2024;04;21;19,FM-15,343,40,55,290,7
USW00014763,2024;04;21;20,FM-15,343,39,57,270,8
USW00014763,2024;04;21;21,FM-15,343,38,62,270,10
USW00014763,2024;04;21;22,FM-15,343,37,65,270,9
USW00014763,2024;04;21;23,FM-15,343,36,64,270,8
USW00014763,2024;04;22;00,SOD,,,,,
USW00014763,2024;04;22;00,FM-15,343,37,62,280,10
USW00014763,2024;04;22;01,FM-15,343,36,64,280,8
USW00014763,2024;04;22;02,FM-15,343,35,64,320,6
USW00014763,2024;04;22;03,FM-15,343,36,64,320,8
USW00014763,2024;04;22;04,FM-15,343,35,67,320,6
USW00014763,2024;04;22;05,FM-15,343,36,64,300,8
USW00014763,2024;04;22;06,FM-15,343,39,46,350,8
USW00014763,2024;04;22;07,FM-15,343,40,32,360,11
USW00014763,2024;04;22;08,FM-15,343,42,25,350,13
USW00014763,2024;04;22;09,FM-15,343,45,25,VRB,10
USW00014763,2024;04;22;10,FM-15,343,47,25,330,14
USW00014763,2024;04;22;11,FM-15,343,48,24,320,13
USW00014763,2024;04;22;12,FM-15,343,50,24,VRB,11
USW00014763,2024;04;22;13,FM-15,343,51,22,290,16
USW00014763,2024;04;22;14,FM-15,343,52,23,260,16
USW00014763,2024;04;22;15,FM-15,343,52,23,270,16
USW00014763,2024;04;22;16,FM-15,343,51,24,330,7
USW00014763,2024;04;22;17,FM-15,343,50,24,330,8
USW00014763,2024;04;22;18,FM-15,343,47,26,330,5
USW00014763,2024;04;22;19,FM-15,343,44,34,260,5
USW00014763,2024;04;22;20,FM-15,343,38,55,250,8
USW00014763,2024;04;22;21,FM-15,343,37,52,0,0
USW00014763,2024;04;22;22,FM-15,343,32,69,310,3
USW00014763,2024;04;22;23,FM-15,343,32,73,0,0
USW00014763,2024;04;23;00,SOD,,,,,
USW00014763,2024;04;23;00,FM-15,343,31,76,0,0
USW00014763,2024;04;23;01,FM-15,343,28,81,340,3
USW00014763,2024;04;23;02,FM-15,343,30,79,0,0
USW00014763,2024;04;23;03,FM-15,343,28,81,0,0
USW00014763,2024;04;23;04,FM-15,343,28,81,0,0
USW00014763,2024;04;23;05,FM-15,343,30,82,350,3
USW00014763,2024;04;23;06,FM-15,343,37,62,0,0
USW00014763,2024;04;23;07,FM-15,343,44,51,30,3
USW00014763,2024;04;23;08,FM-15,343,53,37,220,3
USW00014763,2024;04;23;09,FM-15,343,58,26,190,10
USW00014763,2024;04;23;10,FM-15,343,60,26,160,9
USW00014763,2024;04;23;11,FM-15,343,62,23,,
USW00014763,2024;04;23;12,FM-15,343,62,23,VRB,13
USW00014763,2024;04;23;13,FM-15,343,63,25,VRB,14
USW00014763,2024;04;23;14,FM-15,343,64,23,VRB,8
USW00014763,2024;04;23;15,FM-15,343,61,26,170,15
USW00014763,2024;04;23;16,FM-15,343,60,27,180,13
USW00014763,2024;04;23;17,FM-15,343,57,30,200,11
USW00014763,2024;04;23;18,FM-15,343,55,34,180,10
USW00014763,2024;04;23;19,FM-15,343,51,38,160,13
USW00014763,2024;04;23;20,FM-15,343,49,39,190,10
USW00014763,2024;04;23;21,FM-15,343,48,39,0,0
USW00014763,2024;04;23;22,FM-15,343,47,42,VRB,6
USW00014763,2024;04;23;23,FM-15,343,45,58,220,3
USW00014763,2024;04;24;00,SOD,,,,,
USW00014763,2024;04;24;00,FM-15,343,42,79,0,0
USW00014763,2024;04;24;01,FM-15,343,42,82,0,0
USW00014763,2024;04;24;02,FM-15,343,43,74,0,0
USW00014763,2024;04;24;03,FM-15,343,44,68,VRB,5
USW00014763,2024;04;24;04,FM-15,343,44,63,180,7
USW00014763,2024;04;24;05,FM-15,343,44,63,190,3
USW00014763,2024;04;24;06,FM-15,343,45,66,0,0
USW00014763,2024;04;24;07,FM-15,343,46,63,230,3
USW00014763,2024;04;24;08,FM-15,343,48,61,210,7
USW00014763,2024;04;24;09,FM-15,343,53,57,260,9
USW00014763,2024;04;24;10,FM-15,343,56,51,300,11
USW00014763,2024;04;24;11,FM-15,343,56,53,260,10
USW00014763,2024;04;24;12,FM-15,343,55,67,310,16
USW00014763,2024;04;24;13,FM-15,343,54,64,280,23
USW00014763,2024;04;24;14,FM-15,343,57,51,280,26
USW00014763,2024;04;24;15,FM-15,343,55,51,320,22
USW00014763,2024;04;24;16,FM-15,343,53,57,280,15
USW00014763,2024;04;24;17,FM-15,343,49,61,330,8
USW00014763,2024;04;24;18,FM-15,343,44,63,340,9
USW00014763,2024;04;24;19,FM-15,343,41,62,VRB,8
USW00014763,2024;04;24;20,FM-15,343,38,62,330,10
USW00014763,2024;04;24;21,FM-15,343,36,62,0,0
USW00014763,2024;04;24;22,FM-15,343,35,59,0,0
USW00014763,2024;04;24;23,FM-15,343,34,54,0,0
USW00014763,2024;04;25;00,SOD,,,,,
USW00014763,2024;04;25;00,FM-15,343,31,64,320,6
USW00014763,2024;04;25;01,FM-15,343,29,63,310,3
USW00014763,2024;04;25;02,FM-15,343,30,56,340,3
USW00014763,2024;04;25;03,FM-15,343,30,54,0,0
USW00014763,2024;04;25;04,FM-15,343,27,58,0,0
USW00014763,2024;04;25;05,FM-15,343,31,52,0,0
USW00014763,2024;04;25;06,FM-15,343,34,44,60,5
USW00014763,2024;04;25;07,FM-15,343,36,39,290,6
USW00014763,2024;04;25;08,FM-15,343,39,34,220,3
USW00014763,2024;04;25;09,FM-15,343,42,29,VRB,5
USW00014763,2024;04;25;10,FM-15,343,47,25,VRB,8
USW00014763,2024;04;25;11,FM-15,343,50,20,300,9
USW00014763,2024;04;25;12,FM-15,343,51,20,0,0
USW00014763,2024;04;25;13,FM-15,343,52,19,VRB,5
USW00014763,2024;04;25;14,FM-15,343,52,19,320,8
USW00014763,2024;04;25;15,FM-15,343,52,17,350,8
USW00014763,2024;04;25;16,FM-15,343,51,17,280,6
USW00014763,2024;04;25;17,FM-15,343,50,22,290,5
USW00014763,2024;04;25;18,FM-15,343,47,24,0,0
USW00014763,2024;04;25;19,FM-15,343,42,38,0,0
USW00014763,2024;04;25;20,FM-15,343,37,50,290,3
USW00014763,2024;04;25;21,FM-15,343,34,61,0,0
USW00014763,2024;04;25;22,FM-15,343,35,54,0,0
USW00014763,2024;04;25;23,FM-15,343,32,66,0,0
USW00014763,2024;04;26;00,SOD,,,,,
USW00014763,2024;04;26;00,FM-15,343,30,75,0,0
USW00014763,2024;04;26;01,FM-15,343,30,69,0,0
USW00014763,2024;04;26;02,FM-15,343,32,59,0,0
USW00014763,2024;04;26;03,FM-15,343,31,59,0,0
USW00014763,2024;04;26;04,FM-15,343,32,54,0,0
USW00014763,2024;04;26;05,FM-15,343,34,59,0,0
USW00014763,2024;04;26;06,FM-15,343,40,43,50,3
USW00014763,2024;04;26;07,FM-15,343,45,31,30,8
USW00014763,2024;04;26;08,FM-15,343,48,28,40,7
USW00014763,2024;04;26;09,FM-15,343,50,25,320,5
USW00014763,2024;04;26;10,FM-15,343,52,22,290,8
USW00014763,2024;04;26;11,FM-15,343,55,20,,
USW00014763,2024;04;26;12,FM-15,343,57,17,VRB,3
USW00014763,2024;04;26;13,FM-15,343,57,17,,
USW00014763,2024;04;26;14,FM-15,343,59,20,270,11
USW00014763,2024;04;26;15,FM-15,343,58,20,VRB,3
USW00014763,2024;04;26;16,FM-15,343,57,19,260,5
USW00014763,2024;04;26;17,FM-15,343,56,19,290,5
USW00014763,2024;04;26;18,FM-15,343,50,32,0,0
USW00014763,2024;04;26;19,FM-15,343,46,37,0,0
USW00014763,2024;04;26;20,FM-15,343,43,47,0,0
USW00014763,2024;04;26;21,FM-15,343,40,58,0,0
USW00014763,2024;04;26;22,FM-15,343,38,62,0,0
USW00014763,2024;04;26;23,FM-15,343,35,70,0,0
USW00014763,2024;04;27;00,SOD,,,,,
USW00014763,2024;04;27;00,FM-15,343,35,70,0,0
USW00014763,2024;04;27;01,FM-15,343,32,75,0,0
USW00014763,2024;04;27;02,FM-15,343,32,82,0,0
USW00014763,2024;04;27;03,FM-15,343,31,82,0,0
USW00014763,2024;04;27;04,FM-15,343,30,85,0,0
USW00014763,2024;04;27;05,FM-15,343,33,82,0,0
USW00014763,2024;04;27;06,FM-15,343,39,70,40,3
USW00014763,2024;04;27;07,FM-15,343,47,52,0,0
USW00014763,2024;04;27;08,FM-15,343,53,32,230,11
USW00014763,2024;04;27;09,FM-15,343,57,28,VRB,8
USW00014763,2024;04;27;10,FM-15,343,58,27,190,13
USW00014763,2024;04;27;11,FM-15,343,59,27,190,10
USW00014763,2024;04;27;12,FM-15,343,61,27,190,16
USW00014763,2024;04;27;13,FM-15,343,62,29,VRB,8
USW00014763,2024;04;27;14,FM-15,343,61,31,230,14
USW00014763,2024;04;27;15,FM-15,343,60,30,220,11
USW00014763,2024;04;27;16,FM-15,343,59,32,220,8
USW00014763,2024;04;27;17,FM-15,343,57,33,190,13
USW00014763,2024;04;27;18,FM-15,343,55,35,190,10
USW00014763,2024;04;27;19,FM-15,343,53,37,200,11
USW00014763,2024;04;27;20,FM-15,343,49,52,200,7
USW00014763,2024;04;27;21,FM-15,343,44,73,170,6
USW00014763,2024;04;27;22,FM-15,343,44,73,VRB,3
USW00014763,2024;04;27;23,FM-15,343,44,71,,
USW00014763,2024;04;28;00,SOD,,,,,
USW00014763,2024;04;28;00,FM-15,343,44,71,0,0
USW00014763,2024;04;28;01,FM-15,343,44,71,160,3
USW00014763,2024;04;28;02,FM-15,343,44,71,190,3
USW00014763,2024;04;28;03,FM-15,343,42,76,0,0
USW00014763,2024;04;28;04,FM-15,343,41,82,0,0
USW00014763,2024;04;28;05,FM-15,343,44,79,0,0
USW00014763,2024;04;28;06,FM-15,343,48,71,0,0
USW00014763,2024;04;28;07,FM-15,343,49,74,0,0
USW00014763,2024;04;28;08,FM-15,343,52,72,280,6
USW00014763,2024;04;28;09,FM-15,343,57,64,0,0
USW00014763,2024;04;28;10,FM-15,343,63,58,250,7
USW00014763,2024;04;28;11,FM-15,343,67,53,0,0
USW00014763,2024;04;28;12,FM-15,343,72,50,220,5
USW00014763,2024;04;28;13,FM-15,343,74,52,290,9
USW00014763,2024;04;28;14,FM-15,343,72,53,240,9
USW00014763,2024;04;28;15,FM-15,343,66,70,240,7
USW00014763,2024;04;28;16,FM-15,343,62,90,220,6
USW00014763,2024;04;28;17,FM-15,343,61,93,230,5
USW00014763,2024;04;28;18,FM-16,343,61,94,230,6
USW00014763,2024;04;28;18,FM-15,343,61,93,240,5
USW00014763,2024;04;28;19,FM-15,343,60,96,270,5
USW00014763,2024;04;28;20,FM-16,343,61,93,230,6
USW00014763,2024;04;28;20,FM-16,343,61,93,230,7
USW00014763,2024;04;28;20,FM-15,343,62,90,230,7
USW00014763,2024;04;28;21,FM-15,343,62,90,250,8
USW00014763,2024;04;28;22,FM-16,343,62,90,260,16
USW00014763,2024;04;28;22,FM-16,343,62,90,260,13
USW00014763,2024;04;28;22,FM-15,343,63,87,260,11
USW00014763,2024;04;28;23,FM-16,343,62,90,260,11
USW00014763,2024;04;28;23,FM-15,343,62,90,270,13
USW00014763,2024;04;29;00,SOD,,,,,
USW00014763,2024;04;29;00,FM-16,343,62,90,260,13
USW00014763,2024;04;29;00,FM-16,343,63,88,270,8
USW00014763,2024;04;29;00,FM-15,343,62,90,270,9
USW00014763,2024;04;29;01,FM-16,343,63,88,280,7
USW00014763,2024;04;29;01,FM-15,343,61,93,290,7
USW00014763,2024;04;29;02,FM-15,343,61,93,VRB,9
USW00014763,2024;04;29;03,FM-15,343,61,93,310,9
USW00014763,2024;04;29;04,FM-15,343,61,90,300,8
USW00014763,2024;04;29;05,FM-15,343,61,90,300,6
USW00014763,2024;04;29;06,FM-15,343,61,90,310,8
USW00014763,2024;04;29;07,FM-15,343,60,90,290,7
USW00014763,2024;04;29;08,FM-15,343,60,86,270,5
USW00014763,2024;04;29;09,FM-16,343,60,84,290,6
USW00014763,2024;04;29;09,FM-15,343,61,81,310,7
USW00014763,2024;04;29;10,FM-15,343,60,80,60,8
USW00014763,2024;04;29;11,FM-16,343,64,73,40,3
USW00014763,2024;04;29;11,FM-15,343,65,70,330,7
USW00014763,2024;04;29;12,FM-15,343,64,73,VRB,3
USW00014763,2024;04;29;13,FM-16,343,67,68,VRB,5
USW00014763,2024;04;29;13,FM-15,343,69,61,320,7
USW00014763,2024;04;29;14,FM-15,343,70,57,10,6
USW00014763,2024;04;29;15,FM-15,343,71,57,VRB,3
USW00014763,2024;04;29;16,FM-15,343,71,55,320,7
USW00014763,2024;04;29;17,FM-15,343,67,57,300,6
USW00014763,2024;04;29;18,FM-15,343,63,63,270,3
USW00014763,2024;04;29;19,FM-15,343,59,75,0,0
USW00014763,2024;04;29;20,FM-15,343,58,78,0,0
USW00014763,2024;04;29;21,FM-15,343,56,84,0,0
USW00014763,2024;04;29;22,FM-16,343,56,81,0,0
USW00014763,2024;04;29;22,FM-15,343,57,74,20,3
USW00014763,2024;04;29;23,FM-16,343,58,67,50,6
USW00014763,2024;04;29;23,FM-15,343,58,60,50,5
USW00014763,2024;04;30;00,SOD,,,,,
USW00014763,2024;04;30;00,FM-16,343,59,56,50,5
USW00014763,2024;04;30;00,FM-16,343,59,56,50,5
USW00014763,2024;04;30;00,FM-15,343,59,54,50,3
USW00014763,2024;04;30;01,FM-16,343,59,51,80,6
USW00014763,2024;04;30;01,FM-15,343,59,46,100,3
USW00014763,2024;04;30;02,FM-15,343,58,48,70,6
USW00014763,2024;04;30;03,FM-15,343,57,55,80,5
USW00014763,2024;04;30;04,FM-16,343,56,77,VRB,5
USW00014763,2024;04;30;04,FM-16,343,55,82,100,8
USW00014763,2024;04;30;04,FM-15,343,55,83,100,7
USW00014763,2024;04;30;05,FM-15,343,53,86,100,7
USW00014763,2024;04;30;06,FM-15,343,52,86,80,8
USW00014763,2024;04;30;07,FM-16,343,53,80,70,6
USW00014763,2024;04;30;07,FM-16,343,54,75,VRB,5
USW00014763,2024;04;30;07,FM-15,343,54,75,90,7
USW00014763,2024;04;30;08,FM-15,343,57,62,90,8
USW00014763,2024;04;30;09,FM-15,343,59,60,110,13
USW00014763,2024;04;30;10,FM-15,343,61,58,130,11
USW00014763,2024;04;30;11,FM-15,343,62,56,140,10
USW00014763,2024;04;30;12,FM-16,343,64,52,140,9
USW00014763,2024;04;30;12,FM-15,343,65,51,140,10
USW00014763,2024;04;30;13,FM-15,343,68,51,130,9
USW00014763,2024;04;30;14,FM-15,343,69,53,130,13
USW00014763,2024;04;30;15,FM-15,343,68,55,VRB,7
USW00014763,2024;04;30;16,FM-15,343,67,55,170,7
USW00014763,2024;04;30;17,FM-15,343,64,56,120,10
USW00014763,2024;04;30;18,FM-15,343,58,84,140,8
USW00014763,2024;04;30;19,FM-15,343,57,87,0,0
USW00014763,2024;04;30;20,FM-15,343,55,93,0,0
USW00014763,2024;04;30;21,FM-16,343,55,96,180,3
USW00014763,2024;04;30;21,FM-16,343,55,94,130,5
USW00014763,2024;04;30;21,FM-15,343,55,90,130,3
USW00014763,2024;04;30;22,FM-16,343,54,93,0,0
USW00014763,2024;04;30;22,FM-15,343,54,93,0,0
USW00014763,2024;04;30;23,FM-16,343,54,93,0,0
USW00014763,2024;04;30;23,FM-15,343,54,93,0,0
USW00014763,2024;04;30;23,SOM,,,,,
USW00014763,2024;05;01;00,SOD,,,,,
USW00014763,2024;05;01;00,FM-16,343,54,93,0,0
USW00014763,2024;05;01;00,FM-15,343,54,93,0,0
USW00014763,2024;05;01;01,FM-15,343,54,93,230,3
USW00014763,2024;05;01;02,FM-15,343,54,97,0,0
USW00014763,2024;05;01;03,FM-16,343,55,96,280,3
USW00014763,2024;05;01;03,FM-15,343,55,96,250,6
USW00014763,2024;05;01;04,FM-16,343,56,90,300,5
USW00014763,2024;05;01;04,FM-15,343,56,90,290,8
USW00014763,2024;05;01;05,FM-15,343,56,93,300,8
USW00014763,2024;05;01;06,FM-16,343,56,93,300,7
USW00014763,2024;05;01;06,FM-15,343,56,93,320,8
USW00014763,2024;05;01;07,FM-16,343,56,93,290,8
USW00014763,2024;05;01;07,FM-15,343,56,90,310,8
USW00014763,2024;05;01;08,FM-16,343,56,90,300,6
USW00014763,2024;05;01;08,FM-15,343,57,87,330,6
USW00014763,2024;05;01;09,FM-16,343,57,88,VRB,5
USW00014763,2024;05;01;09,FM-15,343,58,84,280,6
USW00014763,2024;05;01;10,FM-15,343,58,84,290,9
USW00014763,2024;05;01;11,FM-16,343,59,81,0,0
USW00014763,2024;05;01;11,FM-15,343,62,73,320,7
USW00014763,2024;05;01;12,FM-16,343,64,68,,
USW00014763,2024;05;01;12,FM-15,343,66,61,290,6
USW00014763,2024;05;01;13,FM-15,343,68,53,300,9
USW00014763,2024;05;01;14,FM-15,343,70,47,VRB,3
USW00014763,2024;05;01;15,FM-15,343,70,46,310,10
USW00014763,2024;05;01;16,FM-15,343,69,47,300,8
USW00014763,2024;05;01;17,FM-15,343,68,47,260,5
USW00014763,2024;05;01;18,FM-15,343,61,67,0,0
USW00014763,2024;05;01;19,FM-15,343,61,70,0,0
USW00014763,2024;05;01;20,FM-15,343,59,75,60,3
USW00014763,2024;05;01;21,FM-15,343,58,78,0,0
USW00014763,2024;05;01;22,FM-15,343,55,87,100,6
USW00014763,2024;05;01;23,FM-15,343,55,87,VRB,8
USW00014763,2024;05;02;00,SOD,,,,,
USW00014763,2024;05;02;00,FM-15,343,53,86,VRB,5
USW00014763,2024;05;02;01,FM-15,343,53,86,0,0
USW00014763,2024;05;02;02,FM-16,343,52,86,0,0
USW00014763,2024;05;02;02,FM-15,343,52,86,200,7
USW00014763,2024;05;02;03,FM-16,343,52,86,200,7
USW00014763,2024;05;02;03,FM-16,343,52,86,210,9
USW00014763,2024;05;02;03,FM-15,343,51,89,170,5
USW00014763,2024;05;02;04,FM-15,343,51,89,190,7
USW00014763,2024;05;02;05,FM-15,343,53,86,VRB,3
USW00014763,2024;05;02;06,FM-16,343,53,86,260,6
USW00014763,2024;05;02;06,FM-16,343,54,88,0,0
USW00014763,2024;05;02;06,FM-15,343,54,87,,
USW00014763,2024;05;02;07,FM-16,343,55,83,250,10
USW00014763,2024;05;02;07,FM-15,343,57,81,230,6
USW00014763,2024;05;02;08,FM-15,343,65,63,290,11
USW00014763,2024;05;02;09,FM-15,343,68,49,290,15
USW00014763,2024;05;02;10,FM-15,343,70,44,300,13
USW00014763,2024;05;02;11,FM-15,343,71,38,280,18
USW00014763,2024;05;02;12,FM-15,343,72,35,VRB,15
USW00014763,2024;05;02;13,FM-15,343,72,35,330,14
USW00014763,2024;05;02;14,FM-15,343,71,35,280,23
USW00014763,2024;05;02;15,FM-15,343,71,34,280,20
USW00014763,2024;05;02;16,FM-15,343,69,36,280,21
USW00014763,2024;05;02;17,FM-15,343,67,42,330,10
USW00014763,2024;05;02;18,FM-15,343,63,45,340,9
USW00014763,2024;05;02;19,FM-15,343,60,53,10,8
USW00014763,2024;05;02;20,FM-15,343,58,58,330,7
USW00014763,2024;05;02;21,FM-15,343,55,64,290,3
USW00014763,2024;05;02;22,FM-15,343,49,83,140,3
USW00014763,2024;05;02;23,FM-15,343,51,74,30,6
USW00014763,2024;05;03;00,SOD,,,,,
USW00014763,2024;05;03;00,FM-15,343,49,80,0,0
USW00014763,2024;05;03;01,FM-15,343,50,77,0,0
USW00014763,2024;05;03;02,FM-16,343,49,80,0,0
USW00014763,2024;05;03;02,FM-15,343,49,83,340,3
USW00014763,2024;05;03;03,FM-15,343,49,83,0,0
USW00014763,2024;05;03;04,FM-15,343,49,83,40,7
USW00014763,2024;05;03;05,FM-15,343,50,80,50,8
USW00014763,2024;05;03;06,FM-15,343,51,74,90,6
USW00014763,2024;05;03;07,FM-16,343,54,69,40,9
USW00014763,2024;05;03;07,FM-15,343,54,67,VRB,6
USW00014763,2024;05;03;08,FM-15,343,56,62,70,8
USW00014763,2024;05;03;09,FM-15,343,57,60,VRB,8
USW00014763,2024;05;03;10,FM-15,343,57,60,80,8
USW00014763,2024;05;03;11,FM-15,343,61,54,,
USW00014763,2024;05;03;12,FM-15,343,61,52,VRB,3
USW00014763,2024;05;03;13,FM-15,343,61,52,,
USW00014763,2024;05;03;14,FM-15,343,63,48,210,5
USW00014763,2024;05;03;15,FM-15,343,64,45,220,7
USW00014763,2024;05;03;16,FM-15,343,64,45,VRB,5
USW00014763,2024;05;03;17,FM-15,343,62,50,110,7
USW00014763,2024;05;03;18,FM-15,343,59,56,150,6
USW00014763,2024;05;03;19,FM-15,343,56,62,130,6
USW00014763,2024;05;03;20,FM-15,343,55,64,0,0
USW00014763,2024;05;03;21,FM-15,343,52,72,120,3
USW00014763,2024;05;03;22,FM-15,343,51,74,140,5
USW00014763,2024;05;03;23,FM-15,343,50,77,0,0
USW00014763,2024;05;04;00,SOD,,,,,
USW00014763,2024;05;04;00,FM-15,343,48,83,0,0
USW00014763,2024;05;04;01,FM-15,343,48,83,0,0
USW00014763,2024;05;04;02,FM-15,343,46,86,0,0
USW00014763,2024;05;04;03,FM-15,343,45,90,0,0
USW00014763,2024;05;04;04,FM-16,343,45,90,0,0
USW00014763,2024;05;04;04,FM-16,343,43,93,0,0
USW00014763,2024;05;04;04,FM-16,343,43,93,0,0
USW00014763,2024;05;04;04,FM-15,343,43,93,0,0
USW00014763,2024;05;04;05,FM-16,343,45,93,0,0
USW00014763,2024;05;04;05,FM-15,343,47,90,50,5
USW00014763,2024;05;04;06,FM-16,343,48,86,40,5
USW00014763,2024;05;04;06,FM-15,343,50,83,0,0
USW00014763,2024;05;04;07,FM-15,343,54,69,0,0
USW00014763,2024;05;04;08,FM-15,343,60,58,0,0
USW00014763,2024;05;04;09,FM-15,343,62,54,VRB,5
USW00014763,2024;05;04;10,FM-15,343,63,48,VRB,9
USW00014763,2024;05;04;11,FM-15,343,65,45,230,9
USW00014763,2024;05;04;12,FM-15,343,66,43,VRB,10
USW00014763,2024;05;04;13,FM-15,343,68,40,,
USW00014763,2024;05;04;14,FM-15,343,67,42,100,6
USW00014763,2024;05;04;15,FM-15,343,67,44,130,6
USW00014763,2024;05;04;16,FM-15,343,65,45,110,9
USW00014763,2024;05;04;17,FM-15,343,62,52,110,10
USW00014763,2024;05;04;18,FM-15,343,59,58,140,9
USW00014763,2024;05;04;19,FM-15,343,56,62,130,3
USW00014763,2024;05;04;20,FM-15,343,54,67,VRB,6
USW00014763,2024;05;04;21,FM-15,343,54,67,140,13
USW00014763,2024;05;04;22,FM-16,343,54,67,150,13
USW00014763,2024;05;04;22,FM-15,343,52,72,150,10
USW00014763,2024;05;04;23,FM-15,343,51,71,140,10
USW00014763,2024;05;05;00,SOD,,,,,
USW00014763,2024;05;05;00,FM-16,343,50,71,130,9
USW00014763,2024;05;05;00,FM-15,343,49,74,130,9
USW00014763,2024;05;05;01,FM-16,343,49,74,150,15
USW00014763,2024;05;05;01,FM-15,343,49,74,130,9
USW00014763,2024;05;05;02,FM-15,343,47,83,130,9
USW00014763,2024;05;05;03,FM-16,343,46,89,VRB,3
USW00014763,2024;05;05;03,FM-15,343,46,89,VRB,8
USW00014763,2024;05;05;04,FM-15,343,46,89,100,5
USW00014763,2024;05;05;05,FM-15,343,46,89,VRB,7
USW00014763,2024;05;05;06,FM-15,343,46,89,130,10
USW00014763,2024;05;05;07,FM-16,343,46,93,130,6
USW00014763,2024;05;05;07,FM-16,343,46,87,130,8
USW00014763,2024;05;05;07,FM-15,343,46,89,120,7
USW00014763,2024;05;05;08,FM-15,343,47,86,140,13
USW00014763,2024;05;05;09,FM-15,343,47,90,120,9
USW00014763,2024;05;05;10,FM-15,343,48,89,140,14
USW00014763,2024;05;05;11,FM-16,343,48,86,150,10
USW00014763,2024;05;05;11,FM-15,343,48,89,140,11
USW00014763,2024;05;05;12,FM-16,343,48,89,130,8
USW00014763,2024;05;05;12,FM-16,343,48,89,130,10
USW00014763,2024;05;05;12,FM-16,343,48,87,140,8
USW00014763,2024;05;05;12,FM-15,343,48,89,140,10
USW00014763,2024;05;05;13,FM-16,343,48,89,130,9
USW00014763,2024;05;05;13,FM-16,343,48,89,140,9
USW00014763,2024;05;05;13,FM-15,343,48,89,140,9
USW00014763,2024;05;05;14,FM-16,343,48,89,VRB,8
USW00014763,2024;05;05;14,FM-15,343,48,89,130,11
USW00014763,2024;05;05;15,FM-16,343,48,89,VRB,6
USW00014763,2024;05;05;15,FM-16,343,48,87,VRB,5
USW00014763,2024;05;05;15,FM-15,343,48,89,130,6
USW00014763,2024;05;05;16,FM-15,343,48,93,VRB,3
USW00014763,2024;05;05;17,FM-15,343,48,89,0,0
USW00014763,2024;05;05;18,FM-15,343,48,89,0,0
USW00014763,2024;05;05;19,FM-15,343,48,89,VRB,5
USW00014763,2024;05;05;20,FM-16,343,48,86,200,8
USW00014763,2024;05;05;20,FM-16,343,46,93,180,6
USW00014763,2024;05;05;20,FM-15,343,47,90,190,6
USW00014763,2024;05;05;21,FM-16,343,47,93,140,5
USW00014763,2024;05;05;21,FM-15,343,47,93,190,9
USW00014763,2024;05;05;22,FM-15,343,48,89,210,6
USW00014763,2024;05;05;23,FM-15,343,47,97,0,0
USW00014763,2024;05;06;00,SOD,,,,,
USW00014763,2024;05;06;00,FM-15,343,48,93,0,0
USW00014763,2024;05;06;01,FM-16,343,48,93,0,0
USW00014763,2024;05;06;01,FM-15,343,48,93,0,0
USW00014763,2024;05;06;02,FM-15,343,48,93,0,0
USW00014763,2024;05;06;03,FM-15,343,48,93,0,0
USW00014763,2024;05;06;04,FM-16,343,48,93,0,0
USW00014763,2024;05;06;04,FM-16,343,48,96,0,0
USW00014763,2024;05;06;04,FM-15,343,48,96,0,0
USW00014763,2024;05;06;05,FM-16,343,49,93,0,0
USW00014763,2024;05;06;05,FM-15,343,49,93,0,0
USW00014763,2024;05;06;06,FM-16,343,50,93,0,0
USW00014763,2024;05;06;06,FM-15,343,50,93,0,0
USW00014763,2024;05;06;07,FM-15,343,53,89,0,0
USW00014763,2024;05;06;07,FM-16,343,53,89,130,3
USW00014763,2024;05;06;08,FM-16,343,58,84,0,0
USW00014763,2024;05;06;08,FM-16,343,59,81,0,0
USW00014763,2024;05;06;08,FM-15,343,59,81,0,0
USW00014763,2024;05;06;09,FM-15,343,60,80,270,6
USW00014763,2024;05;06;10,FM-15,343,61,81,260,5
USW00014763,2024;05;06;11,FM-15,343,61,81,270,9
USW00014763,2024;05;06;12,FM-16,343,64,75,VRB,5
USW00014763,2024;05;06;12,FM-15,343,65,73,270,5
USW00014763,2024;05;06;13,FM-16,343,65,73,,
USW00014763,2024;05;06;13,FM-15,343,67,68,260,8
USW00014763,2024;05;06;14,FM-15,343,70,53,300,9
USW00014763,2024;05;06;15,FM-15,343,69,53,VRB,6
USW00014763,2024;05;06;16,FM-15,343,67,59,270,8
USW00014763,2024;05;06;17,FM-15,343,66,63,270,6
USW00014763,2024;05;06;18,FM-15,343,62,75,260,5
USW00014763,2024;05;06;19,FM-15,343,58,90,230,5
USW00014763,2024;05;06;20,FM-15,343,60,75,230,7
USW00014763,2024;05;06;21,FM-15,343,58,70,230,6
USW00014763,2024;05;06;22,FM-15,343,59,48,290,7
USW00014763,2024;05;06;23,FM-15,343,54,64,0,0
USW00014763,2024;05;07;00,SOD,,,,,
USW00014763,2024;05;07;00,FM-15,343,55,53,VRB,3
USW00014763,2024;05;07;01,FM-15,343,51,69,0,0
USW00014763,2024;05;07;02,FM-15,343,50,63,270,6
USW00014763,2024;05;07;03,FM-15,343,46,79,0,0
USW00014763,2024;05;07;04,FM-15,343,44,85,0,0
USW00014763,2024;05;07;05,FM-15,343,48,80,260,3
USW00014763,2024;05;07;06,FM-15,343,54,72,0,0
USW00014763,2024;05;07;07,FM-15,343,60,56,0,0
USW00014763,2024;05;07;08,FM-15,343,64,50,0,0
USW00014763,2024;05;07;09,FM-15,343,68,35,,
USW00014763,2024;05;07;10,FM-15,343,69,41,VRB,5
USW00014763,2024;05;07;11,FM-15,343,70,35,,
USW00014763,2024;05;07;12,FM-15,343,71,31,290,11
USW00014763,2024;05;07;13,FM-15,343,72,30,310,11
USW00014763,2024;05;07;14,FM-15,343,72,29,290,8
USW00014763,2024;05;07;15,FM-15,343,73,29,340,8
USW00014763,2024;05;07;16,FM-15,343,72,29,300,7
USW00014763,2024;05;07;17,FM-15,343,70,30,300,6
USW00014763,2024;05;07;18,FM-15,343,64,35,230,3
USW00014763,2024;05;07;19,FM-15,343,59,48,240,5
USW00014763,2024;05;07;20,FM-15,343,56,55,0,0
USW00014763,2024;05;07;21,FM-15,343,55,59,0,0
USW00014763,2024;05;07;22,FM-15,343,52,66,0,0
USW00014763,2024;05;07;23,FM-15,343,49,77,0,0
USW00014763,2024;05;08;00,SOD,,,,,
USW00014763,2024;05;08;00,FM-15,343,48,83,0,0
USW00014763,2024;05;08;01,FM-15,343,48,83,0,0
USW00014763,2024;05;08;02,FM-15,343,48,83,0,0
USW00014763,2024;05;08;03,FM-15,343,47,86,0,0
USW00014763,2024;05;08;04,FM-15,343,49,83,0,0
USW00014763,2024;05;08;05,FM-15,343,50,89,0,0
USW00014763,2024;05;08;06,FM-16,343,49,93,0,0
USW00014763,2024;05;08;06,FM-16,343,50,88,220,3
USW00014763,2024;05;08;06,FM-15,343,50,93,VRB,3
USW00014763,2024;05;08;07,FM-16,343,50,93,0,0
USW00014763,2024;05;08;07,FM-16,343,51,89,60,5
USW00014763,2024;05;08;07,FM-16,343,51,96,0,0
USW00014763,2024;05;08;07,FM-15,343,52,89,360,3
USW00014763,2024;05;08;08,FM-16,343,52,89,360,3
USW00014763,2024;05;08;08,FM-15,343,53,89,0,0
USW00014763,2024;05;08;09,FM-15,343,54,93,0,0
USW00014763,2024;05;08;10,FM-15,343,57,87,0,0
USW00014763,2024;05;08;11,FM-15,343,61,84,50,5
USW00014763,2024;05;08;12,FM-16,343,62,84,VRB,3
USW00014763,2024;05;08;12,FM-16,343,64,81,VRB,5
USW00014763,2024;05;08;12,FM-15,343,68,76,360,3
USW00014763,2024;05;08;13,FM-15,343,72,71,VRB,5
USW00014763,2024;05;08;14,FM-15,343,77,52,300,10
USW00014763,2024;05;08;15,FM-15,343,76,42,320,13
USW00014763,2024;05;08;16,FM-15,343,76,36,320,8
USW00014763,2024;05;08;17,FM-15,343,73,34,VRB,8
USW00014763,2024;05;08;18,FM-15,343,68,45,300,20
USW00014763,2024;05;08;19,FM-15,343,62,58,310,13
USW00014763,2024;05;08;20,FM-15,343,60,62,300,15
USW00014763,2024;05;08;21,FM-15,343,58,67,300,14
USW00014763,2024;05;08;22,FM-15,343,57,69,290,17
USW00014763,2024;05;08;23,FM-15,343,55,74,280,9
USW00014763,2024;05;09;00,SOD,,,,,
USW00014763,2024;05;09;00,FM-15,343,55,74,280,13
USW00014763,2024;05;09;01,FM-15,343,54,77,280,14
USW00014763,2024;05;09;02,FM-16,343,54,80,280,14
USW00014763,2024;05;09;02,FM-16,343,54,80,300,14
USW00014763,2024;05;09;02,FM-15,343,53,83,290,16
USW00014763,2024;05;09;03,FM-16,343,52,80,320,10
USW00014763,2024;05;09;03,FM-16,343,51,77,320,9
USW00014763,2024;05;09;03,FM-15,343,51,77,330,9
USW00014763,2024;05;09;04,FM-15,343,50,80,340,5
USW00014763,2024;05;09;05,FM-15,343,50,77,310,6
USW00014763,2024;05;09;06,FM-15,343,51,69,330,10
USW00014763,2024;05;09;07,FM-15,343,51,69,320,11
USW00014763,2024;05;09;08,FM-15,343,52,64,320,10
USW00014763,2024;05;09;09,FM-16,343,54,63,310,9
USW00014763,2024;05;09;09,FM-15,343,54,62,VRB,9
USW00014763,2024;05;09;10,FM-15,343,58,56,330,15
USW00014763,2024;05;09;11,FM-15,343,57,53,330,9
USW00014763,2024;05;09;12,FM-15,343,56,57,290,13
USW00014763,2024;05;09;13,FM-15,343,61,50,320,10
USW00014763,2024;05;09;14,FM-15,343,61,48,50,6
USW00014763,2024;05;09;15,FM-15,343,63,43,VRB,11
USW00014763,2024;05;09;16,FM-15,343,61,43,30,5
USW00014763,2024;05;09;17,FM-15,343,59,46,20,5
USW00014763,2024;05;09;18,FM-15,343,57,47,20,3
USW00014763,2024;05;09;19,FM-15,343,55,55,100,3
USW00014763,2024;05;09;20,FM-15,343,55,57,60,8
USW00014763,2024;05;09;21,FM-15,343,54,55,70,7
USW00014763,2024;05;09;22,FM-15,343,53,55,50,9
USW00014763,2024;05;09;23,FM-15,343,52,59,60,6
USW00014763,2024;05;10;00,SOD,,,,,
USW00014763,2024;05;10;00,FM-16,343,52,61,50,9
USW00014763,2024;05;10;00,FM-15,343,51,66,60,6
USW00014763,2024;05;10;01,FM-15,343,50,77,VRB,5
USW00014763,2024;05;10;02,FM-15,343,48,86,110,8
USW00014763,2024;05;10;03,FM-15,343,47,86,100,6
USW00014763,2024;05;10;04,FM-16,343,47,86,100,7
USW00014763,2024;05;10;04,FM-15,343,46,89,100,6
USW00014763,2024;05;10;05,FM-16,343,46,86,VRB,6
USW00014763,2024;05;10;05,FM-15,343,46,86,80,3
USW00014763,2024;05;10;06,FM-15,343,47,77,70,9
USW00014763,2024;05;10;07,FM-15,343,48,77,130,8
USW00014763,2024;05;10;08,FM-16,343,50,67,VRB,8
USW00014763,2024;05;10;08,FM-15,343,51,64,70,5
USW00014763,2024;05;10;09,FM-15,343,53,57,VRB,9
USW00014763,2024;05;10;10,FM-15,343,55,55,110,9
USW00014763,2024;05;10;11,FM-15,343,54,53,110,8
USW00014763,2024;05;10;12,FM-15,343,55,51,110,5
USW00014763,2024;05;10;13,FM-15,343,55,49,70,6
USW00014763,2024;05;10;14,FM-15,343,55,53,230,7
USW00014763,2024;05;10;15,FM-15,343,54,55,250,8
USW00014763,2024;05;10;16,FM-15,343,54,55,210,5
USW00014763,2024;05;10;17,FM-15,343,54,57,240,3
USW00014763,2024;05;10;18,FM-15,343,53,61,0,0
USW00014763,2024;05;10;19,FM-15,343,51,71,240,3
USW00014763,2024;05;10;20,FM-16,343,50,76,0,0
USW00014763,2024;05;10;20,FM-15,343,50,77,0,0
USW00014763,2024;05;10;21,FM-16,343,50,77,240,3
USW00014763,2024;05;10;21,FM-15,343,48,83,0,0
USW00014763,2024;05;10;22,FM-15,343,45,86,0,0
USW00014763,2024;05;10;23,FM-15,343,43,89,0,0
USW00014763,2024;05;11;00,SOD,,,,,
USW00014763,2024;05;11;00,FM-15,343,42,92,0,0
USW00014763,2024;05;11;01,FM-15,343,42,92,0,0
USW00014763,2024;05;11;02,FM-15,343,41,93,0,0
USW00014763,2024;05;11;03,FM-15,343,42,89,0,0
USW00014763,2024;05;11;04,FM-15,343,41,89,0,0
USW00014763,2024;05;11;05,FM-15,343,43,86,0,0
USW00014763,2024;05;11;06,FM-15,343,45,77,0,0
USW00014763,2024;05;11;07,FM-15,343,48,68,0,0
USW00014763,2024;05;11;08,FM-15,343,53,55,0,0
USW00014763,2024;05;11;09,FM-15,343,54,51,VRB,5
USW00014763,2024;05;11;10,FM-15,343,56,51,260,6
USW00014763,2024;05;11;11,FM-15,343,58,46,VRB,7
USW00014763,2024;05;11;12,FM-15,343,59,41,VRB,3
USW00014763,2024;05;11;13,FM-15,343,58,42,210,5
USW00014763,2024;05;11;14,FM-15,343,57,44,200,7
USW00014763,2024;05;11;15,FM-15,343,56,47,110,3
USW00014763,2024;05;11;16,FM-15,343,55,49,VRB,6
USW00014763,2024;05;11;17,FM-15,343,54,53,120,6
USW00014763,2024;05;11;18,FM-15,343,53,57,140,7
USW00014763,2024;05;11;19,FM-15,343,53,59,140,7
USW00014763,2024;05;11;20,FM-15,343,52,61,140,7
USW00014763,2024;05;11;21,FM-15,343,51,66,150,11
USW00014763,2024;05;11;22,FM-15,343,49,71,150,10
USW00014763,2024;05;11;23,FM-15,343,48,77,160,7
USW00014763,2024;05;12;00,SOD,,,,,
USW00014763,2024;05;12;00,FM-16,343,47,86,160,5
USW00014763,2024;05;12;00,FM-15,343,47,86,VRB,3
USW00014763,2024;05;12;01,FM-16,343,47,86,200,7
USW00014763,2024;05;12;01,FM-15,343,46,89,200,8
USW00014763,2024;05;12;02,FM-15,343,46,83,220,7
USW00014763,2024;05;12;03,FM-15,343,45,90,190,3
USW00014763,2024;05;12;04,FM-16,343,45,86,240,3
USW00014763,2024;05;12;04,FM-15,343,45,90,210,3
USW00014763,2024;05;12;05,FM-15,343,45,90,0,0
USW00014763,2024;05;12;06,FM-16,343,45,90,0,0
USW00014763,2024;05;12;06,FM-16,343,45,93,0,0
USW00014763,2024;05;12;06,FM-16,343,45,90,0,0
USW00014763,2024;05;12;06,FM-16,343,46,87,0,0
USW00014763,2024;05;12;06,FM-15,343,46,86,0,0
USW00014763,2024;05;12;07,FM-16,343,46,86,0,0
USW00014763,2024;05;12;07,FM-15,343,46,86,0,0
USW00014763,2024;05;12;08,FM-16,343,46,86,0,0
USW00014763,2024;05;12;08,FM-16,343,47,86,120,3
USW00014763,2024;05;12;08,FM-16,343,46,89,130,5
USW00014763,2024;05;12;08,FM-16,343,48,86,220,3
USW00014763,2024;05;12;08,FM-16,343,48,83,230,6
USW00014763,2024;05;12;08,FM-16,343,46,87,230,5
USW00014763,2024;05;12;08,FM-15,343,48,80,240,3
USW00014763,2024;05;12;09,FM-16,343,48,80,0,0
USW00014763,2024;05;12;09,FM-15,343,48,80,0,0
USW00014763,2024;05;12;10,FM-15,343,49,80,240,8
USW00014763,2024;05;12;11,FM-15,343,49,80,270,6
USW00014763,2024;05;12;12,FM-16,343,48,80,250,9
USW00014763,2024;05;12;12,FM-16,343,49,80,260,9
USW00014763,2024;05;12;12,FM-16,343,50,77,230,8
USW00014763,2024;05;12;12,FM-15,343,50,80,220,7
USW00014763,2024;05;12;13,FM-15,343,53,69,VRB,6
USW00014763,2024;05;12;14,FM-15,343,55,62,250,8
USW00014763,2024;05;12;15,FM-15,343,53,64,VRB,6
USW00014763,2024;05;12;16,FM-15,343,53,66,160,3
USW00014763,2024;05;12;17,FM-15,343,53,64,240,8
USW00014763,2024;05;12;18,FM-15,343,51,69,260,7
USW00014763,2024;05;12;19,FM-15,343,49,74,230,3
USW00014763,2024;05;12;20,FM-15,343,47,74,230,5
USW00014763,2024;05;12;21,FM-15,343,42,89,0,0
USW00014763,2024;05;12;22,FM-15,343,41,89,0,0
USW00014763,2024;05;12;23,FM-15,343,40,93,0,0
USW00014763,2024;05;13;00,SOD,,,,,
USW00014763,2024;05;13;00,FM-15,343,39,93,0,0
USW00014763,2024;05;13;01,FM-16,343,38,93,0,0
USW00014763,2024;05;13;01,FM-16,343,36,100,270,3
USW00014763,2024;05;13;01,FM-15,343,36,97,0,0
USW00014763,2024;05;13;02,FM-16,343,37,96,0,0
USW00014763,2024;05;13;02,FM-16,343,37,93,0,0
USW00014763,2024;05;13;02,FM-16,343,37,96,0,0
USW00014763,2024;05;13;02,FM-16,343,37,93,0,0
USW00014763,2024;05;13;02,FM-15,343,37,93,0,0
USW00014763,2024;05;13;03,FM-16,343,37,96,0,0
USW00014763,2024;05;13;03,FM-16,343,37,96,0,0
USW00014763,2024;05;13;03,FM-16,343,38,97,0,0
USW00014763,2024;05;13;03,FM-15,343,38,97,0,0
USW00014763,2024;05;13;04,FM-16,343,37,96,0,0
USW00014763,2024;05;13;04,FM-16,343,37,96,0,0
USW00014763,2024;05;13;04,FM-15,343,37,93,0,0
USW00014763,2024;05;13;05,FM-16,343,37,96,0,0
USW00014763,2024;05;13;05,FM-16,343,37,100,0,0
USW00014763,2024;05;13;05,FM-15,343,38,100,0,0
USW00014763,2024;05;13;06,FM-16,343,39,96,0,0
USW00014763,2024;05;13;06,FM-16,343,40,97,0,0
USW00014763,2024;05;13;06,FM-16,343,41,96,0,0
USW00014763,2024;05;13;06,FM-15,343,43,97,0,0
USW00014763,2024;05;13;07,FM-16,343,43,97,0,0
USW00014763,2024;05;13;07,FM-16,343,45,93,360,3
USW00014763,2024;05;13;07,FM-16,343,46,89,0,0
USW00014763,2024;05;13;07,FM-16,343,46,89,0,0
USW00014763,2024;05;13;07,FM-15,343,50,80,0,0
USW00014763,2024;05;13;08,FM-15,343,57,55,0,0
USW00014763,2024;05;13;09,FM-15,343,60,44,0,0
USW00014763,2024;05;13;10,FM-15,343,62,44,250,9
USW00014763,2024;05;13;11,FM-15,343,65,45,260,6
USW00014763,2024;05;13;12,FM-15,343,66,43,VRB,6
USW00014763,2024;05;13;13,FM-15,343,67,41,250,11
USW00014763,2024;05;13;14,FM-15,343,67,39,230,7
USW00014763,2024;05;13;15,FM-15,343,66,42,200,5
USW00014763,2024;05;13;16,FM-15,343,63,50,220,10
USW00014763,2024;05;13;17,FM-15,343,61,54,VRB,5
USW00014763,2024;05;13;18,FM-15,343,61,56,210,6
USW00014763,2024;05;13;19,FM-15,343,58,65,190,5
USW00014763,2024;05;13;20,FM-15,343,56,72,210,5
USW00014763,2024;05;13;21,FM-15,343,54,77,300,3
USW00014763,2024;05;13;22,FM-15,343,53,80,0,0
USW00014763,2024;05;13;23,FM-15,343,52,86,0,0
USW00014763,2024;05;14;00,SOD,,,,,
USW00014763,2024;05;14;00,FM-15,343,51,86,0,0
USW00014763,2024;05;14;01,FM-15,343,49,93,0,0
USW00014763,2024;05;14;02,FM-15,343,48,93,0,0
USW00014763,2024;05;14;03,FM-15,343,47,97,0,0
USW00014763,2024;05;14;04,FM-16,343,47,93,0,0
USW00014763,2024;05;14;04,FM-16,343,46,93,0,0
USW00014763,2024;05;14;04,FM-15,343,46,96,0,0
USW00014763,2024;05;14;05,FM-16,343,47,97,0,0
USW00014763,2024;05;14;05,FM-16,343,47,97,0,0
USW00014763,2024;05;14;05,FM-16,343,47,97,0,0
USW00014763,2024;05;14;05,FM-15,343,49,93,0,0
USW00014763,2024;05;14;06,FM-15,343,54,87,0,0
USW00014763,2024;05;14;07,FM-15,343,60,72,0,0
USW00014763,2024;05;14;08,FM-15,343,64,65,180,14
USW00014763,2024;05;14;09,FM-15,343,69,57,160,9
USW00014763,2024;05;14;10,FM-15,343,72,50,240,11
USW00014763,2024;05;14;11,FM-15,343,75,39,230,17
USW00014763,2024;05;14;12,FM-15,343,77,37,230,11
USW00014763,2024;05;14;13,FM-15,343,76,39,240,18
USW00014763,2024;05;14;14,FM-15,343,77,40,230,16
USW00014763,2024;05;14;15,FM-15,343,75,45,240,15
USW00014763,2024;05;14;16,FM-15,343,73,46,230,18
USW00014763,2024;05;14;17,FM-15,343,71,47,210,14
USW00014763,2024;05;14;18,FM-15,343,68,55,200,14
USW00014763,2024;05;14;19,FM-15,343,67,57,190,13
USW00014763,2024;05;14;20,FM-15,343,65,63,220,7
USW00014763,2024;05;14;21,FM-15,343,64,68,230,5
USW00014763,2024;05;14;22,FM-15,343,63,68,220,6
USW00014763,2024;05;14;23,FM-15,343,61,70,VRB,7
USW00014763,2024;05;15;00,SOD,,,,,
USW00014763,2024;05;15;00,FM-15,343,60,75,200,8
USW00014763,2024;05;15;01,FM-16,343,59,78,230,7
USW00014763,2024;05;15;01,FM-16,343,58,87,210,5
USW00014763,2024;05;15;01,FM-15,343,58,90,180,5
USW00014763,2024;05;15;02,FM-16,343,57,93,0,0
USW00014763,2024;05;15;02,FM-16,343,57,94,0,0
USW00014763,2024;05;15;02,FM-15,343,57,93,0,0
USW00014763,2024;05;15;03,FM-16,343,58,90,0,0
USW00014763,2024;05;15;03,FM-15,343,57,93,0,0
USW00014763,2024;05;15;04,FM-16,343,57,93,0,0
USW00014763,2024;05;15;04,FM-16,343,57,93,0,0
USW00014763,2024;05;15;04,FM-16,343,57,94,0,0
USW00014763,2024;05;15;04,FM-15,343,57,93,0,0
USW00014763,2024;05;15;05,FM-16,343,57,93,100,3
USW00014763,2024;05;15;05,FM-16,343,57,94,0,0
USW00014763,2024;05;15;05,FM-15,343,57,93,0,0
USW00014763,2024;05;15;06,FM-16,343,58,93,0,0
USW00014763,2024;05;15;06,FM-15,343,58,93,130,5
USW00014763,2024;05;15;07,FM-16,343,58,93,120,5
USW00014763,2024;05;15;07,FM-16,343,58,93,120,3
USW00014763,2024;05;15;07,FM-16,343,59,90,110,6
USW00014763,2024;05;15;07,FM-15,343,59,90,130,5
USW00014763,2024;05;15;08,FM-16,343,60,90,0,0
USW00014763,2024;05;15;08,FM-16,343,61,83,0,0
USW00014763,2024;05;15;08,FM-15,343,60,86,0,0
USW00014763,2024;05;15;09,FM-16,343,60,86,170,6
USW00014763,2024;05;15;09,FM-16,343,61,88,0,0
USW00014763,2024;05;15;09,FM-15,343,61,87,0,0
USW00014763,2024;05;15;10,FM-16,343,61,87,130,3
USW00014763,2024;05;15;10,FM-15,343,62,84,110,3
USW00014763,2024;05;15;11,FM-16,343,61,87,100,5
USW00014763,2024;05;15;11,FM-16,343,62,84,130,5
USW00014763,2024;05;15;11,FM-15,343,62,86,140,9
USW00014763,2024;05;15;12,FM-16,343,63,77,VRB,3
USW00014763,2024;05;15;12,FM-15,343,63,81,140,3
USW00014763,2024;05;15;13,FM-16,343,63,81,120,3
USW00014763,2024;05;15;13,FM-16,343,63,84,140,5
USW00014763,2024;05;15;13,FM-16,343,63,83,VRB,7
USW00014763,2024;05;15;13,FM-15,343,63,81,190,7
USW00014763,2024;05;15;14,FM-16,343,61,88,60,5
USW00014763,2024;05;15;14,FM-15,343,60,93,40,3
USW00014763,2024;05;15;14,FM-16,343,60,93,0,0
USW00014763,2024;05;15;15,FM-16,343,60,93,60,3
USW00014763,2024;05;15;15,FM-16,343,60,93,0,0
USW00014763,2024;05;15;15,FM-16,343,61,90,0,0
USW00014763,2024;05;15;15,FM-16,343,63,83,40,5
USW00014763,2024;05;15;15,FM-15,343,61,90,60,5
USW00014763,2024;05;15;16,FM-16,343,61,90,VRB,5
USW00014763,2024;05;15;16,FM-15,343,62,86,100,5
USW00014763,2024;05;15;17,FM-15,343,60,86,100,5
USW00014763,2024;05;15;18,FM-15,343,59,90,90,5
USW00014763,2024;05;15;19,FM-15,343,59,87,60,5
USW00014763,2024;05;15;20,FM-15,343,58,90,80,6
USW00014763,2024;05;15;21,FM-16,343,57,93,70,3
USW00014763,2024;05;15;21,FM-16,343,58,87,80,6
USW00014763,2024;05;15;21,FM-15,343,58,87,60,3
USW00014763,2024;05;15;22,FM-15,343,57,90,80,3
USW00014763,2024;05;15;23,FM-16,343,57,90,VRB,3
USW00014763,2024;05;15;23,FM-15,343,58,84,70,6
USW00014763,2024;05;16;00,SOD,,,,,
USW00014763,2024;05;16;00,FM-15,343,57,93,70,5
USW00014763,2024;05;16;01,FM-15,343,57,93,60,3
USW00014763,2024;05;16;02,FM-15,343,58,87,60,8
USW00014763,2024;05;16;03,FM-15,343,57,87,50,11
USW00014763,2024;05;16;04,FM-15,343,57,87,50,13
USW00014763,2024;05;16;05,FM-15,343,57,87,60,14
USW00014763,2024;05;16;06,FM-16,343,58,81,60,13
USW00014763,2024;05;16;06,FM-16,343,58,84,60,10
USW00014763,2024;05;16;06,FM-15,343,58,84,50,10
USW00014763,2024;05;16;07,FM-15,343,58,87,60,14
USW00014763,2024;05;16;08,FM-15,343,58,81,60,16
USW00014763,2024;05;16;09,FM-15,343,59,81,60,14
USW00014763,2024;05;16;10,FM-15,343,58,84,70,8
USW00014763,2024;05;16;11,FM-15,343,58,87,60,10
USW00014763,2024;05;16;12,FM-16,343,59,87,60,7
USW00014763,2024;05;16;12,FM-16,343,59,83,60,10
USW00014763,2024;05;16;12,FM-15,343,60,80,60,9
USW00014763,2024;05;16;13,FM-16,343,60,80,70,9
USW00014763,2024;05;16;13,FM-15,343,60,84,70,9
USW00014763,2024;05;16;14,FM-15,343,64,73,VRB,9
USW00014763,2024;05;16;15,FM-16,343,64,73,50,9
USW00014763,2024;05;16;15,FM-15,343,64,70,50,9
USW00014763,2024;05;16;16,FM-15,343,64,65,70,7
USW00014763,2024;05;16;17,FM-15,343,64,68,40,6
USW00014763,2024;05;16;18,FM-15,343,62,73,110,3
USW00014763,2024;05;16;19,FM-15,343,60,72,80,5
USW00014763,2024;05;16;20,FM-15,343,58,75,90,5
USW00014763,2024;05;16;21,FM-15,343,54,83,0,0
USW00014763,2024;05;16;22,FM-15,343,55,80,0,0
USW00014763,2024;05;16;23,FM-15,343,52,86,0,0
USW00014763,2024;05;17;00,SOD,,,,,
USW00014763,2024;05;17;00,FM-15,343,52,86,50,3
USW00014763,2024;05;17;01,FM-15,343,51,92,0,0
USW00014763,2024;05;17;02,FM-15,343,51,92,30,3
USW00014763,2024;05;17;03,FM-15,343,47,93,260,3
USW00014763,2024;05;17;04,FM-16,343,46,96,0,0
USW00014763,2024;05;17;04,FM-16,343,46,96,30,3
USW00014763,2024;05;17;04,FM-16,343,46,93,40,3
USW00014763,2024;05;17;04,FM-16,343,46,93,40,3
USW00014763,2024;05;17;04,FM-15,343,47,93,40,3
USW00014763,2024;05;17;05,FM-16,343,47,97,0,0
USW00014763,2024;05;17;05,FM-16,343,48,93,10,3
USW00014763,2024;05;17;05,FM-16,343,48,96,340,3
USW00014763,2024;05;17;05,FM-15,343,51,92,0,0
USW00014763,2024;05;17;06,FM-15,343,57,81,0,0
USW00014763,2024;05;17;07,FM-15,343,60,72,VRB,3
USW00014763,2024;05;17;08,FM-15,343,64,60,,
USW00014763,2024;05;17;09,FM-15,343,67,57,VRB,6
USW00014763,2024;05;17;10,FM-15,343,68,57,60,9
USW00014763,2024;05;17;11,FM-15,343,69,55,70,6
USW00014763,2024;05;17;12,FM-15,343,71,53,60,6
USW00014763,2024;05;17;13,FM-15,343,70,51,120,5
USW00014763,2024;05;17;14,FM-15,343,69,55,80,3
USW00014763,2024;05;17;15,FM-15,343,67,57,0,0
USW00014763,2024;05;17;16,FM-15,343,67,57,100,5
USW00014763,2024;05;17;17,FM-15,343,67,57,70,3
USW00014763,2024;05;17;18,FM-15,343,65,59,110,5
USW00014763,2024;05;17;19,FM-15,343,65,54,100,7
USW00014763,2024;05;17;20,FM-15,343,63,60,VRB,5
USW00014763,2024;05;17;21,FM-15,343,62,62,100,5
USW00014763,2024;05;17;22,FM-15,343,59,72,90,3
USW00014763,2024;05;17;23,FM-15,343,58,72,60,6
USW00014763,2024;05;18;00,SOD,,,,,
USW00014763,2024;05;18;00,FM-15,343,57,72,80,5
USW00014763,2024;05;18;01,FM-15,343,56,70,0,0
USW00014763,2024;05;18;02,FM-15,343,55,69,VRB,5
USW00014763,2024;05;18;03,FM-15,343,55,69,0,0
USW00014763,2024;05;18;04,FM-15,343,55,69,90,3
USW00014763,2024;05;18;05,FM-15,343,55,72,80,3
USW00014763,2024;05;18;06,FM-15,343,58,67,60,7
USW00014763,2024;05;18;07,FM-15,343,61,63,50,10
USW00014763,2024;05;18;08,FM-15,343,62,58,50,7
USW00014763,2024;05;18;09,FM-15,343,63,58,30,6
USW00014763,2024;05;18;10,FM-15,343,65,56,60,9
USW00014763,2024;05;18;11,FM-15,343,65,59,50,9
USW00014763,2024;05;18;12,FM-15,343,66,59,VRB,3
USW00014763,2024;05;18;13,FM-15,343,68,57,50,6
USW00014763,2024;05;18;14,FM-15,343,68,57,VRB,5
USW00014763,2024;05;18;15,FM-15,343,67,59,70,7
USW00014763,2024;05;18;16,FM-15,343,67,61,90,7
USW00014763,2024;05;18;17,FM-15,343,64,63,120,9
USW00014763,2024;05;18;18,FM-15,343,61,70,90,7
USW00014763,2024;05;18;19,FM-15,343,59,75,80,3
USW00014763,2024;05;18;20,FM-15,343,58,78,100,3
USW00014763,2024;05;18;21,FM-15,343,55,83,60,5
USW00014763,2024;05;18;22,FM-15,343,54,87,0,0
USW00014763,2024;05;18;23,FM-16,343,53,89,0,0
USW00014763,2024;05;18;23,FM-15,343,54,87,0,0
USW00014763,2024;05;19;00,SOD,,,,,
USW00014763,2024;05;19;00,FM-16,343,54,87,0,0
USW00014763,2024;05;19;00,FM-16,343,55,88,0,0
USW00014763,2024;05;19;00,FM-15,343,55,87,0,0
USW00014763,2024;05;19;01,FM-16,343,55,87,60,3
USW00014763,2024;05;19;01,FM-15,343,55,87,0,0
USW00014763,2024;05;19;02,FM-16,343,56,84,0,0
USW00014763,2024;05;19;02,FM-15,343,56,84,0,0
USW00014763,2024;05;19;03,FM-15,343,55,87,0,0
USW00014763,2024;05;19;04,FM-16,343,55,90,30,5
USW00014763,2024;05;19;04,FM-15,343,55,90,0,0
USW00014763,2024;05;19;05,FM-15,343,57,83,60,5
USW00014763,2024;05;19;06,FM-16,343,58,81,50,5
USW00014763,2024;05;19;06,FM-16,343,57,82,40,5
USW00014763,2024;05;19;06,FM-15,343,59,81,50,7
USW00014763,2024;05;19;07,FM-15,343,61,75,50,5
USW00014763,2024;05;19;08,FM-16,343,63,70,0,0
USW00014763,2024;05;19;08,FM-16,343,63,73,340,5
USW00014763,2024;05;19;08,FM-15,343,63,70,360,5
USW00014763,2024;05;19;09,FM-16,343,66,64,VRB,6
USW00014763,2024;05;19;09,FM-15,343,65,66,110,8
USW00014763,2024;05;19;10,FM-16,343,67,63,100,9
USW00014763,2024;05;19;10,FM-15,343,68,61,110,9
USW00014763,2024;05;19;11,FM-15,343,70,53,50,13
USW00014763,2024;05;19;12,FM-15,343,69,57,60,8
USW00014763,2024;05;19;13,FM-15,343,71,55,70,7
USW00014763,2024;05;19;14,FM-15,343,69,57,110,6
USW00014763,2024;05;19;15,FM-15,343,68,59,110,6
USW00014763,2024;05;19;16,FM-15,343,69,59,150,5
USW00014763,2024;05;19;17,FM-15,343,67,61,100,7
USW00014763,2024;05;19;18,FM-15,343,64,68,110,7
USW00014763,2024;05;19;19,FM-15,343,61,75,80,5
USW00014763,2024;05;19;20,FM-15,343,59,78,80,3
USW00014763,2024;05;19;21,FM-15,343,57,83,70,3
USW00014763,2024;05;19;22,FM-15,343,56,84,80,3
USW00014763,2024;05;19;23,FM-15,343,53,89,0,0
USW00014763,2024;05;20;00,SOD,,,,,
USW00014763,2024;05;20;00,FM-15,343,51,96,0,0
USW00014763,2024;05;20;01,FM-15,343,50,96,0,0
USW00014763,2024;05;20;02,FM-16,343,50,93,0,0
USW00014763,2024;05;20;02,FM-16,343,48,100,0,0
USW00014763,2024;05;20;02,FM-15,343,49,93,0,0
USW00014763,2024;05;20;03,FM-16,343,49,93,0,0
USW00014763,2024;05;20;03,FM-16,343,48,96,0,0
USW00014763,2024;05;20;03,FM-16,343,49,93,0,0
USW00014763,2024;05;20;03,FM-16,343,49,93,0,0
USW00014763,2024;05;20;03,FM-16,343,48,96,0,0
USW00014763,2024;05;20;03,FM-16,343,46,100,0,0
USW00014763,2024;05;20;03,FM-15,343,48,93,0,0
USW00014763,2024;05;20;04,FM-16,343,48,93,0,0
USW00014763,2024;05;20;04,FM-16,343,48,96,0,0
USW00014763,2024;05;20;04,FM-16,343,47,97,0,0
USW00014763,2024;05;20;04,FM-16,343,48,96,0,0
USW00014763,2024;05;20;04,FM-16,343,48,94,0,0
USW00014763,2024;05;20;04,FM-15,343,48,96,0,0
USW00014763,2024;05;20;04,FM-16,343,48,96,0,0
USW00014763,2024;05;20;05,FM-16,343,48,96,0,0
USW00014763,2024;05;20;05,FM-16,343,50,100,0,0
USW00014763,2024;05;20;05,FM-16,343,50,96,0,0
USW00014763,2024;05;20;05,FM-16,343,52,94,0,0
USW00014763,2024;05;20;05,FM-15,343,51,96,0,0
USW00014763,2024;05;20;05,FM-16,343,51,100,0,0
USW00014763,2024;05;20;06,FM-16,343,52,97,0,0
USW00014763,2024;05;20;06,FM-15,343,57,83,0,0
USW00014763,2024;05;20;07,FM-15,343,62,73,0,0
USW00014763,2024;05;20;08,FM-15,343,66,68,0,0
USW00014763,2024;05;20;09,FM-15,343,69,63,0,0
USW00014763,2024;05;20;10,FM-15,343,72,59,VRB,3
USW00014763,2024;05;20;11,FM-15,343,77,52,240,5
USW00014763,2024;05;20;12,FM-15,343,77,47,0,0
USW00014763,2024;05;20;13,FM-15,343,79,42,0,0
USW00014763,2024;05;20;14,FM-15,343,80,45,290,7
USW00014763,2024;05;20;15,FM-15,343,79,47,240,7
USW00014763,2024;05;20;16,FM-15,343,79,49,230,7
USW00014763,2024;05;20;17,FM-15,343,77,52,250,6
USW00014763,2024;05;20;18,FM-15,343,73,59,270,5
USW00014763,2024;05;20;19,FM-15,343,68,70,140,3
USW00014763,2024;05;20;20,FM-15,343,64,78,270,3
USW00014763,2024;05;20;21,FM-15,343,62,80,0,0
USW00014763,2024;05;20;22,FM-15,343,61,87,0,0
USW00014763,2024;05;20;23,FM-15,343,60,86,0,0
USW00014763,2024;05;21;00,SOD,,,,,
USW00014763,2024;05;21;00,FM-15,343,58,93,0,0
USW00014763,2024;05;21;01,FM-16,343,55,100,0,0
USW00014763,2024;05;21;01,FM-15,343,56,97,0,0
USW00014763,2024;05;21;01,FM-16,343,56,97,0,0
USW00014763,2024;05;21;02,FM-16,343,56,93,0,0
USW00014763,2024;05;21;02,FM-16,343,55,96,0,0
USW00014763,2024;05;21;02,FM-16,343,55,94,0,0
USW00014763,2024;05;21;02,FM-15,343,55,96,0,0
USW00014763,2024;05;21;02,FM-16,343,56,93,0,0
USW00014763,2024;05;21;03,FM-16,343,55,93,0,0
USW00014763,2024;05;21;03,FM-16,343,55,96,0,0
USW00014763,2024;05;21;03,FM-16,343,54,94,0,0
USW00014763,2024;05;21;03,FM-15,343,53,96,0,0
USW00014763,2024;05;21;04,FM-16,343,55,93,0,0
USW00014763,2024;05;21;04,FM-16,343,54,93,0,0
USW00014763,2024;05;21;04,FM-16,343,54,97,0,0
USW00014763,2024;05;21;04,FM-16,343,54,97,0,0
USW00014763,2024;05;21;04,FM-15,343,54,97,0,0
USW00014763,2024;05;21;05,FM-16,343,55,100,0,0
USW00014763,2024;05;21;05,FM-16,343,55,100,0,0
USW00014763,2024;05;21;05,FM-15,343,56,100,0,0
USW00014763,2024;05;21;06,FM-16,343,56,97,0,0
USW00014763,2024;05;21;06,FM-16,343,58,97,0,0
USW00014763,2024;05;21;06,FM-15,343,61,87,0,0
USW00014763,2024;05;21;07,FM-15,343,65,81,0,0
USW00014763,2024;05;21;08,FM-15,343,72,71,0,0
USW00014763,2024;05;21;09,FM-15,343,78,56,230,5
USW00014763,2024;05;21;10,FM-15,343,81,51,190,7
USW00014763,2024;05;21;11,FM-15,343,82,47,240,7
USW00014763,2024;05;21;12,FM-15,343,84,44,VRB,6
USW00014763,2024;05;21;13,FM-15,343,85,45,240,8
USW00014763,2024;05;21;14,FM-15,343,82,46,220,11
USW00014763,2024;05;21;15,FM-15,343,80,51,250,9
USW00014763,2024;05;21;16,FM-15,343,74,69,210,6
USW00014763,2024;05;21;17,FM-15,343,73,74,250,3
USW00014763,2024;05;21;18,FM-15,343,69,84,0,0
USW00014763,2024;05;21;19,FM-15,343,65,93,0,0
USW00014763,2024;05;21;20,FM-15,343,63,97,0,0
USW00014763,2024;05;21;21,FM-16,343,63,97,0,0
USW00014763,2024;05;21;21,FM-16,343,63,97,0,0
USW00014763,2024;05;21;21,FM-16,343,63,97,0,0
USW00014763,2024;05;21;21,FM-16,343,62,96,0,0
USW00014763,2024;05;21;21,FM-16,343,63,100,0,0
USW00014763,2024;05;21;21,FM-15,343,63,97,0,0
USW00014763,2024;05;21;22,FM-16,343,62,96,0,0
USW00014763,2024;05;21;22,FM-16,343,62,96,0,0
USW00014763,2024;05;21;22,FM-16,343,62,96,0,0
USW00014763,2024;05;21;22,FM-16,343,62,96,0,0
USW00014763,2024;05;21;22,FM-15,343,62,96,0,0
USW00014763,2024;05;21;23,FM-16,343,61,97,0,0
USW00014763,2024;05;21;23,FM-16,343,61,97,0,0
USW00014763,2024;05;21;23,FM-16,343,61,97,0,0
USW00014763,2024;05;21;23,FM-16,343,62,96,0,0
USW00014763,2024;05;21;23,FM-16,343,61,97,0,0
USW00014763,2024;05;21;23,FM-16,343,60,96,0,0
USW00014763,2024;05;21;23,FM-16,343,61,97,0,0
USW00014763,2024;05;21;23,FM-15,343,61,93,0,0
USW00014763,2024;05;22;00,SOD,,,,,
USW00014763,2024;05;22;00,FM-16,343,60,96,0,0
USW00014763,2024;05;22;00,FM-16,343,60,96,0,0
USW00014763,2024;05;22;00,FM-16,343,60,96,0,0
USW00014763,2024;05;22;00,FM-16,343,60,96,0,0
USW00014763,2024;05;22;00,FM-16,343,60,96,0,0
USW00014763,2024;05;22;00,FM-16,343,60,96,0,0
USW00014763,2024;05;22;00,FM-15,343,60,96,0,0
USW00014763,2024;05;22;01,FM-16,343,60,96,0,0
USW00014763,2024;05;22;01,FM-16,343,59,96,280,3
USW00014763,2024;05;22;01,FM-16,343,59,96,0,0
USW00014763,2024;05;22;01,FM-16,343,58,97,0,0
USW00014763,2024;05;22;01,FM-16,343,59,96,0,0
USW00014763,2024;05;22;01,FM-16,343,58,97,300,3
USW00014763,2024;05;22;01,FM-15,343,57,96,0,0
USW00014763,2024;05;22;02,FM-16,343,57,96,0,0
USW00014763,2024;05;22;02,FM-16,343,57,96,0,0
USW00014763,2024;05;22;02,FM-16,343,57,96,0,0
USW00014763,2024;05;22;02,FM-16,343,57,96,0,0
USW00014763,2024;05;22;02,FM-15,343,57,96,20,3
USW00014763,2024;05;22;03,FM-16,343,55,100,0,0
USW00014763,2024;05;22;03,FM-15,343,56,100,0,0
USW00014763,2024;05;22;04,FM-16,343,56,100,0,0
USW00014763,2024;05;22;04,FM-16,343,56,97,0,0
USW00014763,2024;05;22;04,FM-16,343,56,97,0,0
USW00014763,2024;05;22;04,FM-15,343,56,97,0,0
USW00014763,2024;05;22;05,FM-16,343,57,100,0,0
USW00014763,2024;05;22;05,FM-16,343,57,100,0,0
USW00014763,2024;05;22;05,FM-16,343,57,100,0,0
USW00014763,2024;05;22;05,FM-15,343,58,100,0,0
USW00014763,2024;05;22;06,FM-16,343,60,96,0,0
USW00014763,2024;05;22;06,FM-16,343,61,97,0,0
USW00014763,2024;05;22;06,FM-16,343,61,97,0,0
USW00014763,2024;05;22;06,FM-16,343,61,97,0,0
USW00014763,2024;05;22;06,FM-16,343,63,94,0,0
USW00014763,2024;05;22;06,FM-15,343,62,96,0,0
USW00014763,2024;05;22;07,FM-15,343,70,79,0,0
USW00014763,2024;05;22;08,FM-15,343,74,64,240,5
USW00014763,2024;05;22;09,FM-15,343,78,54,240,8
USW00014763,2024;05;22;10,FM-15,343,81,53,VRB,5
USW00014763,2024;05;22;11,FM-15,343,83,49,VRB,6
USW00014763,2024;05;22;12,FM-15,343,84,46,,
USW00014763,2024;05;22;13,FM-15,343,85,37,250,8
USW00014763,2024;05;22;14,FM-15,343,85,40,230,11
USW00014763,2024;05;22;15,FM-15,343,85,39,190,8
USW00014763,2024;05;22;16,FM-15,343,84,40,210,11
USW00014763,2024;05;22;17,FM-15,343,82,46,210,8
USW00014763,2024;05;22;18,FM-15,343,79,50,200,8
USW00014763,2024;05;22;19,FM-15,343,76,58,200,8
USW00014763,2024;05;22;20,FM-15,343,74,64,220,7
USW00014763,2024;05;22;21,FM-15,343,73,66,210,8
USW00014763,2024;05;22;22,FM-15,343,72,68,220,7
USW00014763,2024;05;22;23,FM-15,343,69,76,0,0
USW00014763,2024;05;23;00,SOD,,,,,
USW00014763,2024;05;23;00,FM-15,343,68,78,160,5
USW00014763,2024;05;23;01,FM-15,343,67,81,0,0
USW00014763,2024;05;23;02,FM-15,343,65,90,0,0
USW00014763,2024;05;23;03,FM-15,343,64,93,140,3
USW00014763,2024;05;23;04,FM-15,343,63,97,0,0
USW00014763,2024;05;23;05,FM-15,343,66,93,0,0
USW00014763,2024;05;23;06,FM-15,343,69,84,0,0
USW00014763,2024;05;23;07,FM-15,343,72,76,250,10
USW00014763,2024;05;23;08,FM-16,343,72,73,290,8
USW00014763,2024;05;23;08,FM-15,343,72,73,290,7
USW00014763,2024;05;23;09,FM-16,343,70,78,VRB,5
USW00014763,2024;05;23;09,FM-15,343,69,78,280,5
USW00014763,2024;05;23;10,FM-15,343,69,73,VRB,6
USW00014763,2024;05;23;11,FM-16,343,72,73,300,8
USW00014763,2024;05;23;11,FM-15,343,72,73,320,8
USW00014763,2024;05;23;12,FM-15,343,72,71,300,8
USW00014763,2024;05;23;13,FM-15,343,75,55,280,9
USW00014763,2024;05;23;14,FM-15,343,76,45,290,11
USW00014763,2024;05;23;15,FM-15,343,76,48,310,7
USW00014763,2024;05;23;16,FM-15,343,73,50,320,8
USW00014763,2024;05;23;17,FM-15,343,72,50,310,3
USW00014763,2024;05;23;18,FM-15,343,69,53,310,5
USW00014763,2024;05;23;19,FM-15,343,64,60,270,5
USW00014763,2024;05;23;20,FM-15,343,61,67,0,0
USW00014763,2024;05;23;21,FM-15,343,58,70,0,0
USW00014763,2024;05;23;22,FM-15,343,57,81,250,5
USW00014763,2024;05;23;23,FM-15,343,55,87,0,0
USW00014763,2024;05;24;00,SOD,,,,,
USW00014763,2024;05;24;00,FM-15,343,53,89,260,3
USW00014763,2024;05;24;01,FM-15,343,51,89,0,0
USW00014763,2024;05;24;02,FM-15,343,50,89,0,0
USW00014763,2024;05;24;03,FM-15,343,48,93,0,0
USW00014763,2024;05;24;04,FM-15,343,48,96,0,0
USW00014763,2024;05;24;05,FM-15,343,53,89,0,0
USW00014763,2024;05;24;06,FM-15,343,60,78,0,0
USW00014763,2024;05;24;07,FM-15,343,68,49,270,3
USW00014763,2024;05;24;08,FM-15,343,72,41,290,13
USW00014763,2024;05;24;09,FM-15,343,73,38,280,10
USW00014763,2024;05;24;10,FM-15,343,76,36,260,15
USW00014763,2024;05;24;11,FM-15,343,76,37,260,14
USW00014763,2024;05;24;12,FM-15,343,78,33,330,9
USW00014763,2024;05;24;13,FM-15,343,79,32,300,11
USW00014763,2024;05;24;14,FM-15,343,80,31,300,16
USW00014763,2024;05;24;15,FM-15,343,78,32,280,16
USW00014763,2024;05;24;16,FM-15,343,76,33,300,20
USW00014763,2024;05;24;17,FM-15,343,73,37,320,16
USW00014763,2024;05;24;18,FM-15,343,70,39,300,15
USW00014763,2024;05;24;19,FM-15,343,68,40,300,15
USW00014763,2024;05;24;20,FM-15,343,65,43,290,9
USW00014763,2024;05;24;21,FM-15,343,63,45,270,7
USW00014763,2024;05;24;22,FM-15,343,60,50,240,5
USW00014763,2024;05;24;23,FM-15,343,56,60,250,5
USW00014763,2024;05;25;00,SOD,,,,,
USW00014763,2024;05;25;00,FM-15,343,55,62,0,0
USW00014763,2024;05;25;01,FM-15,343,50,77,0,0
USW00014763,2024;05;25;02,FM-15,343,50,80,0,0
USW00014763,2024;05;25;03,FM-15,343,49,83,0,0
USW00014763,2024;05;25;04,FM-15,343,48,86,0,0
USW00014763,2024;05;25;05,FM-15,343,53,80,0,0
USW00014763,2024;05;25;06,FM-15,343,58,67,0,0
USW00014763,2024;05;25;07,FM-15,343,63,60,0,0
USW00014763,2024;05;25;08,FM-15,343,66,50,220,6
USW00014763,2024;05;25;09,FM-15,343,69,45,VRB,6
USW00014763,2024;05;25;10,FM-15,343,72,38,VRB,6
USW00014763,2024;05;25;11,FM-15,343,74,37,VRB,9
USW00014763,2024;05;25;12,FM-15,343,76,36,260,9
USW00014763,2024;05;25;13,FM-15,343,76,37,,
USW00014763,2024;05;25;14,FM-15,343,77,37,VRB,3
USW00014763,2024;05;25;15,FM-15,343,77,40,270,6
USW00014763,2024;05;25;16,FM-15,343,76,42,200,5
USW00014763,2024;05;25;17,FM-15,343,75,45,200,7
USW00014763,2024;05;25;18,FM-15,343,71,53,0,0
USW00014763,2024;05;25;19,FM-15,343,64,73,0,0
USW00014763,2024;05;25;20,FM-15,343,66,70,0,0
USW00014763,2024;05;25;21,FM-15,343,65,73,280,3
USW00014763,2024;05;25;22,FM-15,343,64,75,0,0
USW00014763,2024;05;25;23,FM-15,343,65,70,280,3
USW00014763,2024;05;26;00,SOD,,,,,
USW00014763,2024;05;26;00,FM-15,343,63,76,0,0
USW00014763,2024;05;26;01,FM-15,343,60,80,0,0
USW00014763,2024;05;26;02,FM-15,343,57,87,0,0
USW00014763,2024;05;26;03,FM-15,343,58,87,0,0
USW00014763,2024;05;26;04,FM-15,343,57,87,0,0
USW00014763,2024;05;26;05,FM-15,343,61,81,0,0
USW00014763,2024;05;26;06,FM-15,343,65,70,0,0
USW00014763,2024;05;26;07,FM-15,343,70,59,320,6
USW00014763,2024;05;26;08,FM-15,343,72,59,VRB,5
USW00014763,2024;05;26;09,FM-15,343,74,57,0,0
USW00014763,2024;05;26;10,FM-15,343,77,54,220,7
USW00014763,2024;05;26;11,FM-15,343,77,52,290,7
USW00014763,2024;05;26;12,FM-15,343,79,49,320,3
USW00014763,2024;05;26;13,FM-15,343,80,47,250,3
USW00014763,2024;05;26;14,FM-15,343,80,49,130,7
USW00014763,2024;05;26;15,FM-15,343,79,50,140,5
USW00014763,2024;05;26;16,FM-15,343,80,47,90,5
USW00014763,2024;05;26;17,FM-15,343,77,58,110,6
USW00014763,2024;05;26;18,FM-15,343,75,64,150,7
USW00014763,2024;05;26;19,FM-15,343,72,71,160,13
USW00014763,2024;05;26;20,FM-15,343,69,81,150,9
USW00014763,2024;05;26;21,FM-15,343,68,78,150,13
USW00014763,2024;05;26;22,FM-15,343,66,87,140,11
USW00014763,2024;05;26;23,FM-15,343,66,87,150,11
USW00014763,2024;05;27;00,SOD,,,,,
USW00014763,2024;05;27;00,FM-16,343,67,84,150,11
USW00014763,2024;05;27;00,FM-15,343,67,84,150,14
USW00014763,2024;05;27;01,FM-16,343,67,84,140,10
USW00014763,2024;05;27;01,FM-16,343,67,84,140,9
USW00014763,2024;05;27;01,FM-15,343,67,84,140,9
USW00014763,2024;05;27;02,FM-16,343,67,84,130,7
USW00014763,2024;05;27;02,FM-15,343,67,84,140,11
USW00014763,2024;05;27;03,FM-16,343,67,87,130,11
USW00014763,2024;05;27;03,FM-16,343,67,87,130,9
USW00014763,2024;05;27;03,FM-16,343,66,88,VRB,9
USW00014763,2024;05;27;03,FM-15,343,67,87,130,9
USW00014763,2024;05;27;04,FM-16,343,67,87,140,10
USW00014763,2024;05;27;04,FM-16,343,67,87,130,13
USW00014763,2024;05;27;04,FM-15,343,67,87,VRB,6
USW00014763,2024;05;27;05,FM-15,343,68,84,140,9
USW00014763,2024;05;27;06,FM-15,343,68,81,140,14
USW00014763,2024;05;27;07,FM-15,343,68,84,140,14
USW00014763,2024;05;27;08,FM-16,343,68,84,130,11
USW00014763,2024;05;27;08,FM-16,343,70,78,VRB,9
USW00014763,2024;05;27;08,FM-15,343,69,81,140,14
USW00014763,2024;05;27;09,FM-15,343,70,79,150,14
USW00014763,2024;05;27;10,FM-16,343,72,78,150,17
USW00014763,2024;05;27;10,FM-15,343,72,76,160,14
USW00014763,2024;05;27;11,FM-16,343,73,71,150,17
USW00014763,2024;05;27;11,FM-15,343,72,71,140,16
USW00014763,2024;05;27;12,FM-15,343,72,71,140,22
USW00014763,2024;05;27;13,FM-16,343,73,71,130,18
USW00014763,2024;05;27;13,FM-16,343,72,73,150,13
USW00014763,2024;05;27;13,FM-15,343,72,71,140,15
USW00014763,2024;05;27;14,FM-16,343,72,71,130,16
USW00014763,2024;05;27;14,FM-15,343,71,71,140,21
USW00014763,2024;05;27;15,FM-16,343,69,78,VRB,15
USW00014763,2024;05;27;15,FM-15,343,67,87,140,11
USW00014763,2024;05;27;16,FM-16,343,67,87,150,14
USW00014763,2024;05;27;16,FM-16,343,67,87,130,15
USW00014763,2024;05;27;16,FM-16,343,67,91,VRB,9
USW00014763,2024;05;27;16,FM-15,343,67,91,VRB,7
USW00014763,2024;05;27;17,FM-15,343,67,91,130,5
USW00014763,2024;05;27;18,FM-16,343,67,91,VRB,9
USW00014763,2024;05;27;18,FM-15,343,67,91,200,10
USW00014763,2024;05;27;19,FM-16,343,67,91,VRB,9
USW00014763,2024;05;27;19,FM-16,343,66,88,180,10
USW00014763,2024;05;27;19,FM-15,343,67,87,180,14
USW00014763,2024;05;27;20,FM-16,343,66,93,170,13
USW00014763,2024;05;27;20,FM-16,343,67,91,180,10
USW00014763,2024;05;27;20,FM-15,343,67,91,170,14
USW00014763,2024;05;27;21,FM-16,343,67,91,180,14
USW00014763,2024;05;27;21,FM-16,343,67,91,170,13
USW00014763,2024;05;27;21,FM-16,343,67,91,180,13
USW00014763,2024;05;27;21,FM-15,343,67,91,180,9
USW00014763,2024;05;27;22,FM-15,343,66,93,170,9
USW00014763,2024;05;27;23,FM-16,343,66,93,160,8
USW00014763,2024;05;27;23,FM-16,343,66,93,160,8
USW00014763,2024;05;27;23,FM-16,343,66,94,200,5
USW00014763,2024;05;27;23,FM-15,343,66,93,190,5
USW00014763,2024;05;28;00,SOD,,,,,
USW00014763,2024;05;28;00,FM-16,343,66,93,170,3
USW00014763,2024;05;28;00,FM-15,343,66,93,180,5
USW00014763,2024;05;28;01,FM-15,343,67,87,210,7
USW00014763,2024;05;28;02,FM-16,343,64,93,0,0
USW00014763,2024;05;28;02,FM-15,343,64,93,270,6
USW00014763,2024;05;28;03,FM-15,343,65,90,240,9
USW00014763,2024;05;28;04,FM-16,343,65,93,230,7
USW00014763,2024;05;28;04,FM-16,343,64,87,300,8
USW00014763,2024;05;28;04,FM-16,343,64,83,250,6
USW00014763,2024;05;28;04,FM-15,343,64,84,240,5
USW00014763,2024;05;28;05,FM-16,343,64,84,VRB,3
USW00014763,2024;05;28;05,FM-15,343,64,78,290,7
USW00014763,2024;05;28;06,FM-15,343,64,78,VRB,5
USW00014763,2024;05;28;07,FM-15,343,67,71,290,9
USW00014763,2024;05;28;08,FM-15,343,70,59,VRB,10
USW00014763,2024;05;28;09,FM-15,343,71,57,260,15
USW00014763,2024;05;28;10,FM-15,343,72,52,250,11
USW00014763,2024;05;28;11,FM-15,343,72,52,250,11
USW00014763,2024;05;28;12,FM-15,343,72,53,260,10
USW00014763,2024;05;28;13,FM-15,343,72,53,240,10
USW00014763,2024;05;28;14,FM-15,343,67,71,300,9
USW00014763,2024;05;28;15,FM-15,343,70,61,270,13
USW00014763,2024;05;28;16,FM-15,343,68,63,290,17
USW00014763,2024;05;28;17,FM-15,343,64,73,290,17
USW00014763,2024;05;28;18,FM-15,343,61,78,270,11
USW00014763,2024;05;28;19,FM-15,343,61,78,270,11
USW00014763,2024;05;28;20,FM-15,343,61,78,270,7
USW00014763,2024;05;28;21,FM-15,343,59,87,280,8
USW00014763,2024;05;28;22,FM-15,343,58,84,260,7
USW00014763,2024;05;28;23,FM-15,343,57,83,260,7
USW00014763,2024;05;29;00,SOD,,,,,
USW00014763,2024;05;29;00,FM-16,343,57,87,260,7
USW00014763,2024;05;29;00,FM-16,343,57,87,280,11
USW00014763,2024;05;29;00,FM-16,343,57,88,280,6
USW00014763,2024;05;29;00,FM-15,343,57,87,290,7
USW00014763,2024;05;29;01,FM-15,343,56,87,280,8
USW00014763,2024;05;29;02,FM-15,343,55,87,280,11
USW00014763,2024;05;29;03,FM-15,343,54,90,290,6
USW00014763,2024;05;29;04,FM-15,343,55,87,0,0
USW00014763,2024;05;29;05,FM-16,343,55,90,250,5
USW00014763,2024;05;29;05,FM-16,343,56,87,280,7
USW00014763,2024;05;29;05,FM-15,343,56,87,320,8
USW00014763,2024;05;29;06,FM-16,343,56,87,VRB,8
USW00014763,2024;05;29;06,FM-16,343,58,84,280,13
USW00014763,2024;05;29;06,FM-16,343,59,82,300,10
USW00014763,2024;05;29;06,FM-15,343,59,81,300,9
USW00014763,2024;05;29;07,FM-16,343,61,75,320,8
USW00014763,2024;05;29;07,FM-16,343,61,77,270,10
USW00014763,2024;05;29;07,FM-15,343,60,75,280,11
USW00014763,2024;05;29;08,FM-16,343,64,65,300,9
USW00014763,2024;05;29;08,FM-15,343,63,65,320,7
USW00014763,2024;05;29;09,FM-15,343,67,57,310,8
USW00014763,2024;05;29;10,FM-15,343,65,61,300,7
USW00014763,2024;05;29;11,FM-15,343,67,55,VRB,7
USW00014763,2024;05;29;12,FM-15,343,70,46,VRB,10
USW00014763,2024;05;29;13,FM-15,343,71,44,280,14
USW00014763,2024;05;29;14,FM-15,343,72,40,290,8
USW00014763,2024;05;29;15,FM-15,343,71,34,270,10
USW00014763,2024;05;29;16,FM-15,343,71,34,310,8
USW00014763,2024;05;29;17,FM-15,343,67,44,270,6
USW00014763,2024;05;29;18,FM-15,343,66,49,280,3
USW00014763,2024;05;29;19,FM-15,343,62,67,240,7
USW00014763,2024;05;29;20,FM-15,343,62,67,230,5
USW00014763,2024;05;29;21,FM-15,343,62,58,240,3
USW00014763,2024;05;29;22,FM-15,343,60,65,20,3
USW00014763,2024;05;29;23,FM-15,343,59,69,70,3
USW00014763,2024;05;30;00,SOD,,,,,
USW00014763,2024;05;30;00,FM-15,343,57,74,40,7
USW00014763,2024;05;30;01,FM-15,343,56,77,20,3
USW00014763,2024;05;30;02,FM-15,343,55,77,30,6
USW00014763,2024;05;30;03,FM-15,343,52,86,0,0
USW00014763,2024;05;30;04,FM-16,343,52,94,0,0
USW00014763,2024;05;30;04,FM-15,343,51,96,0,0
USW00014763,2024;05;30;05,FM-16,343,52,94,0,0
USW00014763,2024;05;30;05,FM-15,343,52,89,0,0
USW00014763,2024;05;30;06,FM-15,343,51,96,0,0
USW00014763,2024;05;30;07,FM-15,343,52,86,20,5
USW00014763,2024;05;30;08,FM-15,343,54,80,20,3
USW00014763,2024;05;30;09,FM-16,343,58,72,10,9
USW00014763,2024;05;30;09,FM-15,343,58,70,10,10
USW00014763,2024;05;30;10,FM-16,343,59,67,40,9
USW00014763,2024;05;30;10,FM-16,343,59,67,VRB,6
USW00014763,2024;05;30;10,FM-16,343,58,67,VRB,5
USW00014763,2024;05;30;10,FM-15,343,60,65,360,5
USW00014763,2024;05;30;11,FM-15,343,62,58,40,9
USW00014763,2024;05;30;12,FM-15,343,64,46,350,9
USW00014763,2024;05;30;13,FM-15,343,63,43,360,9
USW00014763,2024;05;30;14,FM-15,343,63,41,340,7
USW00014763,2024;05;30;15,FM-15,343,63,41,VRB,9
USW00014763,2024;05;30;16,FM-15,343,65,36,330,7
USW00014763,2024;05;30;17,FM-15,343,63,38,320,11
USW00014763,2024;05;30;18,FM-15,343,60,41,320,3
USW00014763,2024;05;30;19,FM-15,343,53,64,0,0
USW00014763,2024;05;30;20,FM-15,343,51,69,0,0
USW00014763,2024;05;30;21,FM-15,343,47,83,0,0
USW00014763,2024;05;30;22,FM-15,343,45,83,110,5
USW00014763,2024;05;30;23,FM-15,343,47,71,0,0
USW00014763,2024;05;31;00,SOD,,,,,
USW00014763,2024;05;31;00,FM-15,343,43,80,0,0
USW00014763,2024;05;31;01,FM-15,343,42,85,300,3
USW00014763,2024;05;31;02,FM-15,343,45,74,0,0
USW00014763,2024;05;31;03,FM-15,343,42,89,0,0
USW00014763,2024;05;31;04,FM-15,343,41,93,0,0
USW00014763,2024;05;31;05,FM-15,343,47,83,0,0
USW00014763,2024;05;31;06,FM-15,343,55,67,0,0
USW00014763,2024;05;31;07,FM-15,343,60,53,0,0
USW00014763,2024;05;31;08,FM-15,343,63,47,320,10
USW00014763,2024;05;31;09,FM-15,343,65,49,300,10
USW00014763,2024;05;31;10,FM-15,343,66,42,VRB,11
USW00014763,2024;05;31;11,FM-15,343,68,33,VRB,15
USW00014763,2024;05;31;12,FM-15,343,69,33,320,14
USW00014763,2024;05;31;13,FM-15,343,70,34,290,14
USW00014763,2024;05;31;14,FM-15,343,69,38,290,9
USW00014763,2024;05;31;15,FM-15,343,70,37,290,11
USW00014763,2024;05;31;16,FM-15,343,69,38,300,15
USW00014763,2024;05;31;17,FM-15,343,68,33,300,11
USW00014763,2024;05;31;18,FM-15,343,65,33,280,9
USW00014763,2024;05;31;19,FM-15,343,61,38,280,10
USW00014763,2024;05;31;20,FM-15,343,59,41,280,10
USW00014763,2024;05;31;21,FM-15,343,55,53,0,0
USW00014763,2024;05;31;22,FM-15,343,55,53,290,6
USW00014763,2024;05;31;23,FM-15,343,52,64,220,3
USW00014763,2024;05;31;23,SOM,,,,,
USW00014763,2024;06;01;00,SOD,,,,,
USW00014763,2024;06;01;00,FM-15,343,53,61,VRB,3
USW00014763,2024;06;01;01,FM-15,343,48,77,130,5
USW00014763,2024;06;01;02,FM-15,343,51,69,230,5
USW00014763,2024;06;01;03,FM-15,343,55,57,270,3
USW00014763,2024;06;01;04,FM-15,343,55,57,VRB,6
USW00014763,2024;06;01;05,FM-15,343,57,60,280,7
USW00014763,2024;06;01;06,FM-15,343,60,53,300,8
USW00014763,2024;06;01;07,FM-15,343,63,52,320,7
USW00014763,2024;06;01;08,FM-15,343,65,51,270,9
USW00014763,2024;06;01;09,FM-15,343,68,49,250,9
USW00014763,2024;06;01;10,FM-15,343,71,47,280,7
USW00014763,2024;06;01;11,FM-15,343,73,41,280,9
USW00014763,2024;06;01;12,FM-15,343,76,36,290,11
USW00014763,2024;06;01;13,FM-15,343,78,32,VRB,9
USW00014763,2024;06;01;14,FM-15,343,78,27,330,10
USW00014763,2024;06;01;15,FM-15,343,78,30,310,8
USW00014763,2024;06;01;16,FM-15,343,77,30,300,9
USW00014763,2024;06;01;17,FM-15,343,75,34,280,5
USW00014763,2024;06;01;18,FM-15,343,70,44,0,0
USW00014763,2024;06;01;19,FM-15,343,65,54,240,5
USW00014763,2024;06;01;20,FM-15,343,59,64,0,0
USW00014763,2024;06;01;21,FM-15,343,56,75,0,0
USW00014763,2024;06;01;22,FM-15,343,54,77,0,0
USW00014763,2024;06;01;23,FM-15,343,51,86,280,3
USW00014763,2024;06;02;00,SOD,,,,,
USW00014763,2024;06;02;00,FM-15,343,51,83,0,0
USW00014763,2024;06;02;01,FM-15,343,48,93,0,0
USW00014763,2024;06;02;02,FM-15,343,47,93,0,0
USW00014763,2024;06;02;03,FM-15,343,47,90,0,0
USW00014763,2024;06;02;04,FM-15,343,47,93,0,0
USW00014763,2024;06;02;05,FM-15,343,52,89,0,0
USW00014763,2024;06;02;06,FM-15,343,57,78,0,0
USW00014763,2024;06;02;07,FM-15,343,63,65,0,0
USW00014763,2024;06;02;08,FM-15,343,70,53,VRB,3
USW00014763,2024;06;02;09,FM-15,343,73,38,230,6
USW00014763,2024;06;02;10,FM-15,343,74,33,240,3
USW00014763,2024;06;02;11,FM-15,343,77,30,VRB,7
USW00014763,2024;06;02;12,FM-15,343,78,31,220,5
USW00014763,2024;06;02;13,FM-15,343,79,28,280,9
USW00014763,2024;06;02;14,FM-15,343,79,29,210,5
USW00014763,2024;06;02;15,FM-15,343,78,29,0,0
USW00014763,2024;06;02;16,FM-15,343,77,33,220,6
USW00014763,2024;06;02;17,FM-15,343,75,39,220,3
USW00014763,2024;06;02;18,FM-15,343,72,46,250,3
USW00014763,2024;06;02;19,FM-15,343,66,63,0,0
USW00014763,2024;06;02;20,FM-15,343,64,65,0,0
USW00014763,2024;06;02;21,FM-15,343,63,68,40,3
USW00014763,2024;06;02;22,FM-15,343,62,75,0,0
USW00014763,2024;06;02;23,FM-15,343,62,75,0,0
USW00014763,2024;06;03;00,SOD,,,,,
USW00014763,2024;06;03;00,FM-15,343,60,80,0,0
USW00014763,2024;06;03;01,FM-15,343,59,83,0,0
USW00014763,2024;06;03;02,FM-15,343,60,84,0,0
USW00014763,2024;06;03;03,FM-15,343,60,80,0,0
USW00014763,2024;06;03;04,FM-15,343,60,84,0,0
USW00014763,2024;06;03;05,FM-15,343,61,84,0,0
USW00014763,2024;06;03;06,FM-15,343,66,73,0,0
USW00014763,2024;06;03;07,FM-15,343,69,66,0,0
USW00014763,2024;06;03;08,FM-15,343,73,51,0,0
USW00014763,2024;06;03;09,FM-15,343,76,40,,
USW00014763,2024;06;03;10,FM-15,343,78,35,340,5
USW00014763,2024;06;03;11,FM-15,343,80,35,VRB,5
USW00014763,2024;06;03;12,FM-15,343,79,35,VRB,3
USW00014763,2024;06;03;13,FM-15,343,78,39,350,5
USW00014763,2024;06;03;14,FM-15,343,81,37,240,5
USW00014763,2024;06;03;15,FM-15,343,79,38,260,6
USW00014763,2024;06;03;16,FM-15,343,81,33,260,8
USW00014763,2024;06;03;17,FM-15,343,78,37,290,10
USW00014763,2024;06;03;18,FM-15,343,74,45,270,3
USW00014763,2024;06;03;19,FM-15,343,69,49,0,0
USW00014763,2024;06;03;20,FM-15,343,66,56,0,0
USW00014763,2024;06;03;21,FM-15,343,62,65,0,0
USW00014763,2024;06;03;22,FM-15,343,59,75,0,0
USW00014763,2024;06;03;23,FM-15,343,55,87,180,3
USW00014763,2024;06;04;00,SOD,,,,,
USW00014763,2024;06;04;00,FM-15,343,54,90,0,0
USW00014763,2024;06;04;01,FM-15,343,53,93,0,0
USW00014763,2024;06;04;02,FM-15,343,52,93,0,0
USW00014763,2024;06;04;03,FM-15,343,53,89,0,0
USW00014763,2024;06;04;04,FM-15,343,52,97,0,0
USW00014763,2024;06;04;05,FM-15,343,57,87,0,0
USW00014763,2024;06;04;06,FM-15,343,64,70,0,0
USW00014763,2024;06;04;07,FM-15,343,70,61,0,0
USW00014763,2024;06;04;08,FM-15,343,75,58,0,0
USW00014763,2024;06;04;09,FM-15,343,78,47,220,5
USW00014763,2024;06;04;10,FM-15,343,80,44,0,0
USW00014763,2024;06;04;11,FM-15,343,81,37,,
USW00014763,2024;06;04;12,FM-15,343,81,38,VRB,7
USW00014763,2024;06;04;13,FM-15,343,83,40,240,5
USW00014763,2024;06;04;14,FM-15,343,82,42,280,7
USW00014763,2024;06;04;15,FM-15,343,81,42,250,7
USW00014763,2024;06;04;16,FM-15,343,77,60,160,9
USW00014763,2024;06;04;17,FM-15,343,74,64,150,11
USW00014763,2024;06;04;18,FM-15,343,72,68,160,9
USW00014763,2024;06;04;19,FM-15,343,70,73,350,3
USW00014763,2024;06;04;20,FM-15,343,67,81,110,5
USW00014763,2024;06;04;21,FM-15,343,65,87,0,0
USW00014763,2024;06;04;22,FM-15,343,67,81,0,0
USW00014763,2024;06;04;23,FM-15,343,63,90,0,0
USW00014763,2024;06;05;00,SOD,,,,,
USW00014763,2024;06;05;00,FM-15,343,62,90,0,0
USW00014763,2024;06;05;01,FM-15,343,59,93,0,0
USW00014763,2024;06;05;02,FM-15,343,59,90,0,0
USW00014763,2024;06;05;03,FM-15,343,58,93,0,0
USW00014763,2024;06;05;04,FM-16,343,55,100,50,3
USW00014763,2024;06;05;04,FM-15,343,56,97,50,3
USW00014763,2024;06;05;05,FM-16,343,57,96,0,0
USW00014763,2024;06;05;05,FM-15,343,61,90,40,3
USW00014763,2024;06;05;06,FM-15,343,66,75,0,0
USW00014763,2024;06;05;07,FM-15,343,69,70,0,0
USW00014763,2024;06;05;08,FM-15,343,74,60,230,6
USW00014763,2024;06;05;09,FM-15,343,77,47,230,8
USW00014763,2024;06;05;10,FM-15,343,79,41,,
USW00014763,2024;06;05;11,FM-15,343,80,47,,
USW00014763,2024;06;05;12,FM-15,343,80,47,VRB,6
USW00014763,2024;06;05;13,FM-15,343,81,47,190,8
USW00014763,2024;06;05;14,FM-15,343,82,47,,
USW00014763,2024;06;05;15,FM-15,343,80,49,180,9
USW00014763,2024;06;05;16,FM-15,343,78,52,190,7
USW00014763,2024;06;05;17,FM-15,343,76,58,180,9
USW00014763,2024;06;05;18,FM-15,343,74,62,190,7
USW00014763,2024;06;05;19,FM-15,343,72,68,150,9
USW00014763,2024;06;05;20,FM-15,343,70,79,170,7
USW00014763,2024;06;05;21,FM-15,343,69,81,VRB,6
USW00014763,2024;06;05;22,FM-16,343,69,81,VRB,5
USW00014763,2024;06;05;22,FM-16,343,69,81,210,3
USW00014763,2024;06;05;22,FM-15,343,69,81,260,3
USW00014763,2024;06;05;23,FM-16,343,68,84,210,3
USW00014763,2024;06;05;23,FM-15,343,68,84,200,3
USW00014763,2024;06;06;00,SOD,,,,,
USW00014763,2024;06;06;00,FM-16,343,68,84,190,3
USW00014763,2024;06;06;00,FM-15,343,67,87,170,5
USW00014763,2024;06;06;01,FM-16,343,66,90,0,0
USW00014763,2024;06;06;01,FM-16,343,66,90,0,0
USW00014763,2024;06;06;01,FM-15,343,65,93,60,3
USW00014763,2024;06;06;02,FM-16,343,65,93,50,3
USW00014763,2024;06;06;02,FM-15,343,66,90,0,0
USW00014763,2024;06;06;03,FM-16,343,66,90,50,5
USW00014763,2024;06;06;03,FM-15,343,66,90,40,5
USW00014763,2024;06;06;04,FM-15,343,66,90,50,3
USW00014763,2024;06;06;05,FM-15,343,67,91,110,5
USW00014763,2024;06;06;06,FM-16,343,68,87,50,3
USW00014763,2024;06;06;06,FM-16,343,68,87,70,5
USW00014763,2024;06;06;06,FM-16,343,68,88,70,6
USW00014763,2024;06;06;06,FM-15,343,68,87,80,5
USW00014763,2024;06;06;07,FM-15,343,69,84,120,6
USW00014763,2024;06;06;08,FM-15,343,70,87,50,3
USW00014763,2024;06;06;09,FM-16,343,71,84,0,0
USW00014763,2024;06;06;09,FM-15,343,72,82,70,6
USW00014763,2024;06;06;10,FM-15,343,72,79,120,7
USW00014763,2024;06;06;11,FM-15,343,74,76,130,10
USW00014763,2024;06;06;12,FM-16,343,74,74,130,8
USW00014763,2024;06;06;12,FM-16,343,74,76,110,11
USW00014763,2024;06;06;12,FM-15,343,75,74,120,8
USW00014763,2024;06;06;13,FM-16,343,74,74,110,11
USW00014763,2024;06;06;13,FM-15,343,74,74,140,9
USW00014763,2024;06;06;14,FM-15,343,75,74,130,11
USW00014763,2024;06;06;15,FM-15,343,74,71,110,6
USW00014763,2024;06;06;16,FM-15,343,73,74,110,7
USW00014763,2024;06;06;17,FM-16,343,70,84,140,7
USW00014763,2024;06;06;17,FM-16,343,70,83,140,7
USW00014763,2024;06;06;17,FM-15,343,69,87,140,7
USW00014763,2024;06;06;18,FM-16,343,68,93,190,6
USW00014763,2024;06;06;18,FM-16,343,69,87,170,8
USW00014763,2024;06;06;18,FM-16,343,68,93,VRB,6
USW00014763,2024;06;06;18,FM-16,343,68,90,280,8
USW00014763,2024;06;06;18,FM-15,343,67,93,270,8
USW00014763,2024;06;06;19,FM-16,343,66,87,310,5
USW00014763,2024;06;06;19,FM-15,343,65,87,300,5
USW00014763,2024;06;06;20,FM-16,343,65,87,0,0
USW00014763,2024;06;06;20,FM-16,343,64,90,330,5
USW00014763,2024;06;06;20,FM-15,343,64,87,0,0
USW00014763,2024;06;06;21,FM-15,343,61,93,0,0
USW00014763,2024;06;06;22,FM-15,343,60,93,0,0
USW00014763,2024;06;06;23,FM-16,343,59,96,0,0
USW00014763,2024;06;06;23,FM-16,343,59,96,130,3
USW00014763,2024;06;06;23,FM-15,343,59,96,0,0
USW00014763,2024;06;07;00,SOD,,,,,
USW00014763,2024;06;07;00,FM-16,343,58,97,0,0
USW00014763,2024;06;07;00,FM-16,343,59,93,0,0
USW00014763,2024;06;07;00,FM-16,343,57,100,0,0
USW00014763,2024;06;07;00,FM-16,343,57,100,0,0
USW00014763,2024;06;07;00,FM-15,343,58,97,0,0
USW00014763,2024;06;07;01,FM-16,343,58,97,0,0
USW00014763,2024;06;07;01,FM-16,343,58,97,0,0
USW00014763,2024;06;07;01,FM-16,343,58,97,0,0
USW00014763,2024;06;07;01,FM-15,343,58,97,0,0
USW00014763,2024;06;07;02,FM-16,343,59,96,0,0
USW00014763,2024;06;07;02,FM-15,343,59,96,0,0
USW00014763,2024;06;07;03,FM-16,343,59,96,0,0
USW00014763,2024;06;07;03,FM-16,343,58,97,0,0
USW00014763,2024;06;07;03,FM-15,343,58,97,0,0
USW00014763,2024;06;07;04,FM-16,343,58,97,0,0
USW00014763,2024;06;07;04,FM-16,343,57,100,120,3
USW00014763,2024;06;07;04,FM-15,343,58,97,0,0
USW00014763,2024;06;07;05,FM-16,343,59,96,0,0
USW00014763,2024;06;07;05,FM-16,343,59,96,0,0
USW00014763,2024;06;07;05,FM-15,343,59,96,0,0
USW00014763,2024;06;07;06,FM-16,343,60,100,0,0
USW00014763,2024;06;07;06,FM-16,343,61,94,0,0
USW00014763,2024;06;07;06,FM-15,343,60,96,0,0
USW00014763,2024;06;07;07,FM-16,343,61,97,0,0
USW00014763,2024;06;07;07,FM-16,343,61,97,0,0
USW00014763,2024;06;07;07,FM-16,343,61,100,0,0
USW00014763,2024;06;07;07,FM-16,343,61,100,0,0
USW00014763,2024;06;07;07,FM-16,343,64,94,0,0
USW00014763,2024;06;07;07,FM-15,343,64,90,0,0
USW00014763,2024;06;07;08,FM-15,343,69,73,260,5
USW00014763,2024;06;07;09,FM-15,343,72,59,270,7
USW00014763,2024;06;07;10,FM-15,343,75,48,VRB,6
USW00014763,2024;06;07;11,FM-15,343,74,46,220,3
USW00014763,2024;06;07;12,FM-15,343,74,52,230,7
USW00014763,2024;06;07;13,FM-15,343,70,57,310,9
USW00014763,2024;06;07;14,FM-15,343,65,76,200,9
USW00014763,2024;06;07;15,FM-16,343,63,81,190,7
USW00014763,2024;06;07;15,FM-16,343,62,84,150,6
USW00014763,2024;06;07;15,FM-16,343,62,90,0,0
USW00014763,2024;06;07;15,FM-16,343,63,87,110,6
USW00014763,2024;06;07;15,FM-15,343,65,84,120,5
USW00014763,2024;06;07;16,FM-15,343,65,84,VRB,13
USW00014763,2024;06;07;17,FM-15,343,62,73,0,0
USW00014763,2024;06;07;18,FM-15,343,61,70,VRB,3
USW00014763,2024;06;07;19,FM-15,343,60,78,250,6
USW00014763,2024;06;07;20,FM-15,343,58,78,240,5
USW00014763,2024;06;07;21,FM-16,343,59,78,VRB,5
USW00014763,2024;06;07;21,FM-15,343,59,75,280,9
USW00014763,2024;06;07;22,FM-15,343,57,81,280,10
USW00014763,2024;06;07;23,FM-16,343,56,81,290,7
USW00014763,2024;06;07;23,FM-16,343,56,81,290,6
USW00014763,2024;06;07;23,FM-15,343,56,84,270,7
USW00014763,2024;06;08;00,SOD,,,,,
USW00014763,2024;06;08;00,FM-16,343,55,83,250,7
USW00014763,2024;06;08;00,FM-15,343,55,80,270,7
USW00014763,2024;06;08;01,FM-15,343,55,80,220,3
USW00014763,2024;06;08;02,FM-16,343,54,83,230,6
USW00014763,2024;06;08;02,FM-15,343,54,83,220,6
USW00014763,2024;06;08;03,FM-16,343,54,83,220,7
USW00014763,2024;06;08;03,FM-15,343,54,83,210,7
USW00014763,2024;06;08;04,FM-15,343,56,81,250,9
USW00014763,2024;06;08;05,FM-16,343,57,78,240,9
USW00014763,2024;06;08;05,FM-15,343,57,78,250,10
USW00014763,2024;06;08;06,FM-16,343,58,78,230,7
USW00014763,2024;06;08;06,FM-16,343,58,78,VRB,7
USW00014763,2024;06;08;06,FM-15,343,58,78,250,10
USW00014763,2024;06;08;07,FM-16,343,60,70,260,9
USW00014763,2024;06;08;07,FM-16,343,60,72,260,9
USW00014763,2024;06;08;07,FM-15,343,60,70,260,15
USW00014763,2024;06;08;08,FM-16,343,61,70,260,16
USW00014763,2024;06;08;08,FM-15,343,62,67,290,16
USW00014763,2024;06;08;09,FM-16,343,63,68,270,10
USW00014763,2024;06;08;09,FM-16,343,63,68,270,13
USW00014763,2024;06;08;09,FM-15,343,62,70,270,10
USW00014763,2024;06;08;10,FM-16,343,60,72,270,14
USW00014763,2024;06;08;10,FM-15,343,61,70,270,10
USW00014763,2024;06;08;11,FM-16,343,61,75,290,11
USW00014763,2024;06;08;11,FM-15,343,61,72,300,13
USW00014763,2024;06;08;12,FM-15,343,66,59,280,20
USW00014763,2024;06;08;13,FM-15,343,68,57,280,18
USW00014763,2024;06;08;14,FM-15,343,65,61,290,14
USW00014763,2024;06;08;15,FM-15,343,66,59,300,13
USW00014763,2024;06;08;16,FM-15,343,67,57,300,13
USW00014763,2024;06;08;17,FM-15,343,66,61,290,7
USW00014763,2024;06;08;18,FM-15,343,63,68,290,3
USW00014763,2024;06;08;19,FM-15,343,62,73,0,0
USW00014763,2024;06;08;20,FM-15,343,61,75,280,6
USW00014763,2024;06;08;21,FM-15,343,61,67,280,9
USW00014763,2024;06;08;22,FM-15,343,62,62,240,8
USW00014763,2024;06;08;23,FM-15,343,61,65,240,8
USW00014763,2024;06;09;00,SOD,,,,,
USW00014763,2024;06;09;00,FM-15,343,58,72,250,7
USW00014763,2024;06;09;01,FM-15,343,58,67,0,0
USW00014763,2024;06;09;02,FM-15,343,58,67,180,3
USW00014763,2024;06;09;03,FM-15,343,56,77,0,0
USW00014763,2024;06;09;04,FM-15,343,55,80,340,3
USW00014763,2024;06;09;05,FM-15,343,54,93,0,0
USW00014763,2024;06;09;06,FM-16,343,53,93,20,7
USW00014763,2024;06;09;06,FM-16,343,53,93,360,3
USW00014763,2024;06;09;06,FM-16,343,53,93,VRB,3
USW00014763,2024;06;09;06,FM-15,343,53,89,50,7
USW00014763,2024;06;09;07,FM-16,343,52,93,50,5
USW00014763,2024;06;09;07,FM-16,343,52,93,50,6
USW00014763,2024;06;09;07,FM-16,343,52,93,30,6
USW00014763,2024;06;09;07,FM-16,343,52,93,30,5
USW00014763,2024;06;09;07,FM-16,343,52,93,50,5
USW00014763,2024;06;09;07,FM-15,343,52,93,40,3
USW00014763,2024;06;09;08,FM-16,343,52,93,20,3
USW00014763,2024;06;09;08,FM-16,343,52,97,40,5
USW00014763,2024;06;09;08,FM-16,343,54,94,60,3
USW00014763,2024;06;09;08,FM-15,343,53,93,70,3
USW00014763,2024;06;09;09,FM-16,343,53,93,20,5
USW00014763,2024;06;09;09,FM-15,343,53,93,0,0
USW00014763,2024;06;09;10,FM-16,343,54,90,0,0
USW00014763,2024;06;09;10,FM-15,343,54,87,0,0
USW00014763,2024;06;09;11,FM-16,343,57,82,340,5
USW00014763,2024;06;09;11,FM-15,343,59,78,320,3
USW00014763,2024;06;09;12,FM-15,343,59,78,280,13
USW00014763,2024;06;09;13,FM-16,343,64,68,280,10
USW00014763,2024;06;09;13,FM-15,343,64,70,270,14
USW00014763,2024;06;09;14,FM-16,343,61,77,310,11
USW00014763,2024;06;09;14,FM-16,343,59,82,300,10
USW00014763,2024;06;09;14,FM-15,343,58,87,310,10
USW00014763,2024;06;09;15,FM-16,343,59,87,300,8
USW00014763,2024;06;09;15,FM-15,343,64,70,290,10
USW00014763,2024;06;09;16,FM-15,343,65,59,280,14
USW00014763,2024;06;09;17,FM-15,343,63,60,280,14
USW00014763,2024;06;09;18,FM-15,343,61,60,270,13
USW00014763,2024;06;09;19,FM-15,343,59,64,300,20
USW00014763,2024;06;09;20,FM-15,343,54,90,250,6
USW00014763,2024;06;09;21,FM-15,343,55,80,280,13
USW00014763,2024;06;09;22,FM-15,343,55,80,260,7
USW00014763,2024;06;09;23,FM-15,343,55,77,250,8
USW00014763,2024;06;10;00,SOD,,,,,
USW00014763,2024;06;10;00,FM-16,343,54,80,210,5
USW00014763,2024;06;10;00,FM-15,343,54,80,240,5
USW00014763,2024;06;10;01,FM-15,343,54,80,250,7
USW00014763,2024;06;10;02,FM-15,343,54,80,260,6
USW00014763,2024;06;10;03,FM-15,343,53,83,270,6
USW00014763,2024;06;10;04,FM-15,343,54,80,280,10
USW00014763,2024;06;10;05,FM-15,343,54,80,290,14
USW00014763,2024;06;10;06,FM-15,343,56,77,270,9
USW00014763,2024;06;10;07,FM-16,343,58,72,300,11
USW00014763,2024;06;10;07,FM-16,343,57,72,310,11
USW00014763,2024;06;10;07,FM-15,343,58,72,300,11
USW00014763,2024;06;10;08,FM-15,343,61,65,280,14
USW00014763,2024;06;10;09,FM-16,343,60,70,280,11
USW00014763,2024;06;10;09,FM-16,343,61,72,300,13
USW00014763,2024;06;10;09,FM-15,343,62,67,280,9
USW00014763,2024;06;10;10,FM-15,343,63,63,310,15
USW00014763,2024;06;10;11,FM-15,343,65,63,290,14
USW00014763,2024;06;10;12,FM-15,343,66,59,290,14
USW00014763,2024;06;10;13,FM-15,343,64,56,280,22
USW00014763,2024;06;10;14,FM-15,343,65,59,280,14
USW00014763,2024;06;10;15,FM-15,343,62,65,290,11
USW00014763,2024;06;10;16,FM-15,343,59,72,310,10
USW00014763,2024;06;10;17,FM-15,343,59,72,300,14
USW00014763,2024;06;10;18,FM-16,343,58,72,290,13
USW00014763,2024;06;10;18,FM-15,343,57,74,280,13
USW00014763,2024;06;10;19,FM-16,343,56,75,290,14
USW00014763,2024;06;10;19,FM-15,343,55,77,280,11
USW00014763,2024;06;10;20,FM-16,343,55,77,280,13
USW00014763,2024;06;10;20,FM-15,343,55,77,290,14
USW00014763,2024;06;10;21,FM-16,343,55,77,280,7
USW00014763,2024;06;10;21,FM-16,343,55,77,270,8
USW00014763,2024;06;10;21,FM-15,343,55,77,280,6
USW00014763,2024;06;10;22,FM-16,343,55,77,280,7
USW00014763,2024;06;10;22,FM-16,343,55,77,280,8
USW00014763,2024;06;10;22,FM-16,343,55,77,300,5
USW00014763,2024;06;10;22,FM-15,343,55,77,310,5
USW00014763,2024;06;10;23,FM-16,343,55,77,290,10
USW00014763,2024;06;10;23,FM-15,343,55,77,290,9
USW00014763,2024;06;11;00,SOD,,,,,
USW00014763,2024;06;11;00,FM-15,343,54,80,310,8
USW00014763,2024;06;11;01,FM-16,343,54,80,300,8
USW00014763,2024;06;11;01,FM-15,343,54,80,300,8
USW00014763,2024;06;11;02,FM-16,343,54,80,280,9
USW00014763,2024;06;11;02,FM-15,343,53,83,280,6
USW00014763,2024;06;11;03,FM-16,343,54,83,300,3
USW00014763,2024;06;11;03,FM-15,343,53,83,300,7
USW00014763,2024;06;11;04,FM-16,343,51,89,280,6
USW00014763,2024;06;11;04,FM-16,343,52,89,0,0
USW00014763,2024;06;11;04,FM-15,343,53,86,0,0
USW00014763,2024;06;11;05,FM-15,343,54,83,290,5
USW00014763,2024;06;11;06,FM-16,343,56,81,310,5
USW00014763,2024;06;11;06,FM-15,343,57,81,300,6
USW00014763,2024;06;11;07,FM-15,343,57,78,280,3
USW00014763,2024;06;11;08,FM-16,343,58,75,360,5
USW00014763,2024;06;11;08,FM-15,343,60,72,340,8
USW00014763,2024;06;11;09,FM-16,343,60,72,310,7
USW00014763,2024;06;11;09,FM-15,343,61,67,VRB,5
USW00014763,2024;06;11;10,FM-16,343,60,70,280,6
USW00014763,2024;06;11;10,FM-15,343,61,70,290,8
USW00014763,2024;06;11;11,FM-16,343,60,72,280,7
USW00014763,2024;06;11;11,FM-15,343,60,72,300,7
USW00014763,2024;06;11;12,FM-16,343,60,70,310,7
USW00014763,2024;06;11;12,FM-15,343,61,70,300,8
USW00014763,2024;06;11;13,FM-15,343,63,65,,
USW00014763,2024;06;11;14,FM-15,343,63,65,290,7
USW00014763,2024;06;11;15,FM-15,343,63,65,300,11
USW00014763,2024;06;11;16,FM-15,343,63,68,300,3
USW00014763,2024;06;11;17,FM-15,343,62,67,260,7
USW00014763,2024;06;11;18,FM-15,343,61,72,270,5
USW00014763,2024;06;11;19,FM-15,343,59,75,VRB,5
USW00014763,2024;06;11;20,FM-15,343,58,78,320,3
USW00014763,2024;06;11;21,FM-15,343,56,84,0,0
USW00014763,2024;06;11;22,FM-15,343,57,81,0,0
USW00014763,2024;06;11;23,FM-15,343,57,81,240,5
USW00014763,2024;06;12;00,SOD,,,,,
USW00014763,2024;06;12;00,FM-15,343,56,87,260,5
USW00014763,2024;06;12;01,FM-15,343,57,83,250,3
USW00014763,2024;06;12;02,FM-15,343,55,87,240,3
USW00014763,2024;06;12;03,FM-15,343,55,90,230,5
USW00014763,2024;06;12;04,FM-15,343,54,90,250,3
USW00014763,2024;06;12;05,FM-15,343,56,90,240,5
USW00014763,2024;06;12;06,FM-15,343,57,83,230,3
USW00014763,2024;06;12;07,FM-15,343,60,78,250,3
USW00014763,2024;06;12;08,FM-15,343,63,76,VRB,3
USW00014763,2024;06;12;09,FM-16,343,64,70,260,8
USW00014763,2024;06;12;09,FM-16,343,64,68,250,8
USW00014763,2024;06;12;09,FM-15,343,64,70,270,7
USW00014763,2024;06;12;10,FM-16,343,65,68,320,7
USW00014763,2024;06;12;10,FM-15,343,65,68,310,8
USW00014763,2024;06;12;11,FM-16,343,65,68,310,10
USW00014763,2024;06;12;11,FM-15,343,67,63,280,7
USW00014763,2024;06;12;12,FM-15,343,70,57,260,10
USW00014763,2024;06;12;13,FM-15,343,70,53,290,8
USW00014763,2024;06;12;14,FM-15,343,70,55,280,13
USW00014763,2024;06;12;15,FM-15,343,69,57,270,11
USW00014763,2024;06;12;16,FM-15,343,69,55,290,11
USW00014763,2024;06;12;17,FM-15,343,67,57,280,9
USW00014763,2024;06;12;18,FM-15,343,63,65,280,9
USW00014763,2024;06;12;19,FM-15,343,61,67,280,6
USW00014763,2024;06;12;20,FM-15,343,58,72,0,0
USW00014763,2024;06;12;21,FM-15,343,56,77,220,3
USW00014763,2024;06;12;22,FM-15,343,54,90,240,6
USW00014763,2024;06;12;23,FM-15,343,52,89,240,3
USW00014763,2024;06;13;00,SOD,,,,,
USW00014763,2024;06;13;00,FM-15,343,50,93,0,0
USW00014763,2024;06;13;01,FM-15,343,49,93,0,0
USW00014763,2024;06;13;02,FM-15,343,48,93,0,0
USW00014763,2024;06;13;03,FM-16,343,48,93,0,0
USW00014763,2024;06;13;03,FM-16,343,48,93,0,0
USW00014763,2024;06;13;03,FM-16,343,48,89,0,0
USW00014763,2024;06;13;03,FM-16,343,46,93,0,0
USW00014763,2024;06;13;03,FM-15,343,47,90,0,0
USW00014763,2024;06;13;04,FM-16,343,47,93,0,0
USW00014763,2024;06;13;04,FM-15,343,47,97,0,0
USW00014763,2024;06;13;05,FM-15,343,52,89,0,0
USW00014763,2024;06;13;06,FM-15,343,57,81,0,0
USW00014763,2024;06;13;07,FM-15,343,64,70,0,0
USW00014763,2024;06;13;08,FM-15,343,70,55,220,5
USW00014763,2024;06;13;09,FM-15,343,74,50,220,6
USW00014763,2024;06;13;10,FM-15,343,76,42,210,5
USW00014763,2024;06;13;11,FM-15,343,79,39,260,8
USW00014763,2024;06;13;12,FM-15,343,79,38,VRB,5
USW00014763,2024;06;13;13,FM-15,343,81,38,250,9
USW00014763,2024;06;13;14,FM-15,343,81,39,230,9
USW00014763,2024;06;13;15,FM-15,343,81,39,210,7
USW00014763,2024;06;13;16,FM-15,343,81,39,200,9
USW00014763,2024;06;13;17,FM-15,343,79,42,190,8
USW00014763,2024;06;13;18,FM-15,343,76,47,170,8
USW00014763,2024;06;13;19,FM-15,343,74,54,170,13
USW00014763,2024;06;13;20,FM-15,343,72,59,180,11
USW00014763,2024;06;13;21,FM-15,343,70,61,230,6
USW00014763,2024;06;13;22,FM-15,343,69,61,210,5
USW00014763,2024;06;13;23,FM-15,343,64,75,360,5
USW00014763,2024;06;14;00,SOD,,,,,
USW00014763,2024;06;14;00,FM-15,343,70,68,220,5
USW00014763,2024;06;14;01,FM-15,343,69,73,VRB,3
USW00014763,2024;06;14;02,FM-15,343,68,76,240,7
USW00014763,2024;06;14;03,FM-15,343,68,78,VRB,6
USW00014763,2024;06;14;04,FM-15,343,67,81,240,5
USW00014763,2024;06;14;05,FM-15,343,68,81,230,6
USW00014763,2024;06;14;06,FM-15,343,68,81,230,6
USW00014763,2024;06;14;07,FM-15,343,68,87,VRB,3
USW00014763,2024;06;14;08,FM-15,343,71,79,250,6
USW00014763,2024;06;14;09,FM-15,343,70,84,250,6
USW00014763,2024;06;14;10,FM-16,343,70,84,VRB,5
USW00014763,2024;06;14;10,FM-16,343,69,90,0,0
USW00014763,2024;06;14;10,FM-16,343,70,87,0,0
USW00014763,2024;06;14;10,FM-15,343,71,87,210,5
USW00014763,2024;06;14;11,FM-15,343,74,76,VRB,5
USW00014763,2024;06;14;12,FM-15,343,78,60,230,8
USW00014763,2024;06;14;13,FM-15,343,76,60,270,6
USW00014763,2024;06;14;14,FM-15,343,74,69,0,0
USW00014763,2024;06;14;15,FM-15,343,74,69,180,5
USW00014763,2024;06;14;16,FM-15,343,75,66,VRB,3
USW00014763,2024;06;14;17,FM-15,343,73,69,270,5
USW00014763,2024;06;14;18,FM-15,343,71,79,290,5
USW00014763,2024;06;14;19,FM-15,343,69,76,290,3
USW00014763,2024;06;14;20,FM-16,343,68,73,VRB,3
USW00014763,2024;06;14;20,FM-16,343,67,79,0,0
USW00014763,2024;06;14;20,FM-15,343,64,87,150,5
USW00014763,2024;06;14;21,FM-15,343,64,81,0,0
USW00014763,2024;06;14;22,FM-15,343,62,84,240,3
USW00014763,2024;06;14;23,FM-15,343,60,80,270,3
USW00014763,2024;06;15;00,SOD,,,,,
USW00014763,2024;06;15;00,FM-15,343,58,87,0,0
USW00014763,2024;06;15;01,FM-15,343,58,87,200,3
USW00014763,2024;06;15;02,FM-15,343,59,81,0,0
USW00014763,2024;06;15;03,FM-15,343,56,87,0,0
USW00014763,2024;06;15;04,FM-15,343,56,81,60,5
USW00014763,2024;06;15;05,FM-15,343,60,75,330,3
USW00014763,2024;06;15;06,FM-15,343,62,67,VRB,6
USW00014763,2024;06;15;07,FM-15,343,63,50,340,9
USW00014763,2024;06;15;08,FM-15,343,65,45,360,14
USW00014763,2024;06;15;09,FM-15,343,67,44,350,8
USW00014763,2024;06;15;10,FM-15,343,68,40,VRB,15
USW00014763,2024;06;15;11,FM-15,343,68,40,350,9
USW00014763,2024;06;15;12,FM-15,343,70,41,310,10
USW00014763,2024;06;15;13,FM-15,343,71,41,320,11
USW00014763,2024;06;15;14,FM-15,343,71,38,330,10
USW00014763,2024;06;15;15,FM-15,343,73,38,310,13
USW00014763,2024;06;15;16,FM-15,343,71,38,320,10
USW00014763,2024;06;15;17,FM-15,343,71,39,320,11
USW00014763,2024;06;15;18,FM-15,343,68,45,350,5
USW00014763,2024;06;15;19,FM-15,343,63,56,0,0
USW00014763,2024;06;15;20,FM-15,343,60,62,0,0
USW00014763,2024;06;15;21,FM-15,343,54,77,0,0
USW00014763,2024;06;15;22,FM-15,343,52,83,0,0
USW00014763,2024;06;15;23,FM-15,343,51,80,0,0
USW00014763,2024;06;16;00,SOD,,,,,
USW00014763,2024;06;16;00,FM-15,343,50,80,0,0
USW00014763,2024;06;16;01,FM-15,343,50,80,0,0
USW00014763,2024;06;16;02,FM-15,343,48,80,0,0
USW00014763,2024;06;16;03,FM-15,343,45,86,0,0
USW00014763,2024;06;16;04,FM-15,343,45,90,0,0
USW00014763,2024;06;16;05,FM-15,343,50,83,0,0
USW00014763,2024;06;16;06,FM-15,343,54,72,0,0
USW00014763,2024;06;16;07,FM-15,343,60,56,0,0
USW00014763,2024;06;16;08,FM-15,343,63,40,100,3
USW00014763,2024;06;16;09,FM-15,343,66,39,40,5
USW00014763,2024;06;16;10,FM-15,343,67,37,VRB,3
USW00014763,2024;06;16;11,FM-15,343,69,38,110,6
USW00014763,2024;06;16;12,FM-15,343,72,33,VRB,5
USW00014763,2024;06;16;13,FM-15,343,72,33,VRB,5
USW00014763,2024;06;16;14,FM-15,343,73,35,0,0
USW00014763,2024;06;16;15,FM-15,343,74,33,210,7
USW00014763,2024;06;16;16,FM-15,343,72,35,190,5
USW00014763,2024;06;16;17,FM-15,343,71,39,0,0
USW00014763,2024;06;16;18,FM-15,343,70,42,180,5
USW00014763,2024;06;16;19,FM-15,343,61,67,0,0
USW00014763,2024;06;16;20,FM-15,343,60,72,0,0
USW00014763,2024;06;16;21,FM-15,343,62,65,0,0
USW00014763,2024;06;16;22,FM-15,343,61,67,280,3
USW00014763,2024;06;16;23,FM-15,343,61,70,VRB,6
USW00014763,2024;06;17;00,SOD,,,,,
USW00014763,2024;06;17;00,FM-15,343,57,81,340,3
USW00014763,2024;06;17;01,FM-15,343,56,84,170,5
USW00014763,2024;06;17;02,FM-15,343,58,78,230,3
USW00014763,2024;06;17;03,FM-15,343,53,89,0,0
USW00014763,2024;06;17;04,FM-15,343,53,89,0,0
USW00014763,2024;06;17;05,FM-15,343,57,87,0,0
USW00014763,2024;06;17;06,FM-15,343,64,75,0,0
USW00014763,2024;06;17;07,FM-15,343,68,70,200,3
USW00014763,2024;06;17;08,FM-15,343,71,63,210,7
USW00014763,2024;06;17;09,FM-15,343,74,64,150,9
USW00014763,2024;06;17;10,FM-15,343,76,62,170,10
USW00014763,2024;06;17;11,FM-15,343,78,60,250,7
USW00014763,2024;06;17;12,FM-15,343,79,58,240,9
USW00014763,2024;06;17;13,FM-15,343,82,56,180,10
USW00014763,2024;06;17;14,FM-15,343,82,55,230,9
USW00014763,2024;06;17;15,FM-15,343,83,51,230,10
USW00014763,2024;06;17;16,FM-15,343,82,55,220,8
USW00014763,2024;06;17;17,FM-15,343,82,55,220,8
USW00014763,2024;06;17;18,FM-15,343,79,62,170,6
USW00014763,2024;06;17;19,FM-15,343,76,67,180,8
USW00014763,2024;06;17;20,FM-15,343,74,69,VRB,3
USW00014763,2024;06;17;21,FM-15,343,73,71,180,3
USW00014763,2024;06;17;22,FM-15,343,68,81,350,5
USW00014763,2024;06;17;23,FM-15,343,67,87,0,0
USW00014763,2024;06;18;00,SOD,,,,,
USW00014763,2024;06;18;00,FM-15,343,65,90,0,0
USW00014763,2024;06;18;01,FM-15,343,64,93,0,0
USW00014763,2024;06;18;02,FM-15,343,63,93,0,0
USW00014763,2024;06;18;03,FM-15,343,62,93,0,0
USW00014763,2024;06;18;04,FM-15,343,62,96,0,0
USW00014763,2024;06;18;05,FM-15,343,67,91,0,0
USW00014763,2024;06;18;06,FM-15,343,72,76,0,0
USW00014763,2024;06;18;07,FM-15,343,75,74,0,0
USW00014763,2024;06;18;08,FM-15,343,79,69,0,0
USW00014763,2024;06;18;09,FM-15,343,85,57,0,0
USW00014763,2024;06;18;10,FM-15,343,86,53,VRB,5
USW00014763,2024;06;18;11,FM-15,343,88,50,230,7
USW00014763,2024;06;18;12,FM-15,343,88,52,230,7
USW00014763,2024;06;18;13,FM-15,343,89,48,0,0
USW00014763,2024;06;18;14,FM-15,343,89,48,210,6
USW00014763,2024;06;18;15,FM-15,343,89,50,240,8
USW00014763,2024;06;18;16,FM-15,343,88,52,230,9
USW00014763,2024;06;18;17,FM-15,343,86,57,220,6
USW00014763,2024;06;18;18,FM-15,343,83,63,180,5
USW00014763,2024;06;18;19,FM-15,343,81,69,180,6
USW00014763,2024;06;18;20,FM-15,343,80,71,VRB,5
USW00014763,2024;06;18;21,FM-15,343,78,76,0,0
USW00014763,2024;06;18;22,FM-15,343,75,82,310,3
USW00014763,2024;06;18;23,FM-15,343,72,91,0,0
USW00014763,2024;06;19;00,SOD,,,,,
USW00014763,2024;06;19;00,FM-15,343,72,87,0,0
USW00014763,2024;06;19;01,FM-15,343,71,90,0,0
USW00014763,2024;06;19;02,FM-15,343,68,93,0,0
USW00014763,2024;06;19;03,FM-16,343,68,94,0,0
USW00014763,2024;06;19;03,FM-16,343,68,94,0,0
USW00014763,2024;06;19;03,FM-15,343,68,93,0,0
USW00014763,2024;06;19;04,FM-15,343,67,93,0,0
USW00014763,2024;06;19;05,FM-15,343,71,87,0,0
USW00014763,2024;06;19;06,FM-15,343,74,76,0,0
USW00014763,2024;06;19;07,FM-15,343,78,74,230,5
USW00014763,2024;06;19;08,FM-15,343,80,69,250,7
USW00014763,2024;06;19;09,FM-15,343,83,67,290,3
USW00014763,2024;06;19;10,FM-15,343,87,61,0,0
USW00014763,2024;06;19;11,FM-15,343,88,61,220,6
USW00014763,2024;06;19;12,FM-15,343,90,56,,
USW00014763,2024;06;19;13,FM-15,343,90,56,190,8
USW00014763,2024;06;19;14,FM-15,343,89,53,200,8
USW00014763,2024;06;19;15,FM-15,343,89,55,240,9
USW00014763,2024;06;19;16,FM-15,343,79,65,VRB,9
USW00014763,2024;06;19;17,FM-15,343,78,69,350,3
USW00014763,2024;06;19;18,FM-15,343,76,74,0,0
USW00014763,2024;06;19;19,FM-15,343,75,76,0,0
USW00014763,2024;06;19;20,FM-15,343,72,87,0,0
USW00014763,2024;06;19;21,FM-15,343,70,90,0,0
USW00014763,2024;06;19;22,FM-15,343,69,93,0,0
USW00014763,2024;06;19;23,FM-15,343,69,93,0,0
USW00014763,2024;06;20;00,SOD,,,,,
USW00014763,2024;06;20;00,FM-15,343,69,93,0,0
USW00014763,2024;06;20;01,FM-15,343,68,93,0,0
USW00014763,2024;06;20;02,FM-16,343,67,93,0,0
USW00014763,2024;06;20;02,FM-16,343,66,100,0,0
USW00014763,2024;06;20;02,FM-15,343,67,97,0,0
USW00014763,2024;06;20;03,FM-16,343,67,97,0,0
USW00014763,2024;06;20;03,FM-16,343,66,94,0,0
USW00014763,2024;06;20;03,FM-15,343,68,93,0,0
USW00014763,2024;06;20;04,FM-16,343,67,93,0,0
USW00014763,2024;06;20;04,FM-15,343,67,93,0,0
USW00014763,2024;06;20;05,FM-16,343,66,96,0,0
USW00014763,2024;06;20;05,FM-16,343,67,93,0,0
USW00014763,2024;06;20;05,FM-15,343,71,87,0,0
USW00014763,2024;06;20;06,FM-15,343,74,82,0,0
USW00014763,2024;06;20;07,FM-15,343,80,67,210,6
USW00014763,2024;06;20;08,FM-15,343,81,69,280,5
USW00014763,2024;06;20;09,FM-15,343,81,67,260,5
USW00014763,2024;06;20;10,FM-15,343,84,63,VRB,5
USW00014763,2024;06;20;11,FM-15,343,86,59,220,7
USW00014763,2024;06;20;12,FM-15,343,87,59,230,6
USW00014763,2024;06;20;13,FM-15,343,89,53,240,8
USW00014763,2024;06;20;14,FM-15,343,90,50,260,10
USW00014763,2024;06;20;15,FM-15,343,89,52,230,8
USW00014763,2024;06;20;16,FM-15,343,86,63,240,3
USW00014763,2024;06;20;17,FM-16,343,82,70,330,6
USW00014763,2024;06;20;17,FM-15,343,83,72,350,6
USW00014763,2024;06;20;18,FM-16,343,74,82,310,16
USW00014763,2024;06;20;18,FM-16,343,72,87,300,11
USW00014763,2024;06;20;18,FM-16,343,70,93,0,0
USW00014763,2024;06;20;18,FM-16,343,71,87,240,7
USW00014763,2024;06;20;18,FM-16,343,70,88,190,7
USW00014763,2024;06;20;18,FM-15,343,70,90,200,5
USW00014763,2024;06;20;19,FM-16,343,70,90,VRB,5
USW00014763,2024;06;20;19,FM-16,343,70,93,0,0
USW00014763,2024;06;20;19,FM-16,343,70,93,20,3
USW00014763,2024;06;20;19,FM-15,343,70,93,10,3
USW00014763,2024;06;20;20,FM-16,343,70,93,0,0
USW00014763,2024;06;20;20,FM-15,343,70,93,0,0
USW00014763,2024;06;20;21,FM-16,343,70,93,0,0
USW00014763,2024;06;20;21,FM-15,343,69,93,0,0
USW00014763,2024;06;20;22,FM-16,343,69,93,0,0
USW00014763,2024;06;20;22,FM-16,343,68,96,0,0
USW00014763,2024;06;20;22,FM-16,343,68,94,0,0
USW00014763,2024;06;20;22,FM-15,343,68,96,0,0
USW00014763,2024;06;20;23,FM-16,343,69,96,0,0
USW00014763,2024;06;20;23,FM-16,343,69,96,0,0
USW00014763,2024;06;20;23,FM-16,343,68,100,0,0
USW00014763,2024;06;20;23,FM-15,343,68,100,0,0
USW00014763,2024;06;21;00,SOD,,,,,
USW00014763,2024;06;21;00,FM-16,343,68,96,0,0
USW00014763,2024;06;21;00,FM-15,343,68,96,0,0
USW00014763,2024;06;21;01,FM-15,343,67,97,0,0
USW00014763,2024;06;21;02,FM-16,343,67,97,0,0
USW00014763,2024;06;21;02,FM-16,343,66,100,0,0
USW00014763,2024;06;21;02,FM-15,343,67,97,0,0
USW00014763,2024;06;21;03,FM-15,343,66,100,0,0
USW00014763,2024;06;21;04,FM-16,343,66,96,0,0
USW00014763,2024;06;21;04,FM-16,343,66,96,0,0
USW00014763,2024;06;21;04,FM-16,343,66,94,0,0
USW00014763,2024;06;21;04,FM-15,343,66,96,0,0
USW00014763,2024;06;21;05,FM-16,343,66,100,0,0
USW00014763,2024;06;21;05,FM-16,343,66,96,0,0
USW00014763,2024;06;21;05,FM-16,343,66,100,0,0
USW00014763,2024;06;21;05,FM-15,343,66,100,0,0
USW00014763,2024;06;21;06,FM-15,343,68,96,0,0
USW00014763,2024;06;21;07,FM-16,343,68,100,0,0
USW00014763,2024;06;21;07,FM-16,343,70,93,0,0
USW00014763,2024;06;21;07,FM-16,343,70,97,0,0
USW00014763,2024;06;21;07,FM-16,343,71,94,0,0
USW00014763,2024;06;21;07,FM-15,343,72,94,0,0
USW00014763,2024;06;21;08,FM-15,343,80,76,60,3
USW00014763,2024;06;21;09,FM-15,343,81,65,310,5
USW00014763,2024;06;21;10,FM-15,343,82,60,330,3
USW00014763,2024;06;21;11,FM-15,343,85,59,360,7
USW00014763,2024;06;21;12,FM-15,343,86,55,300,6
USW00014763,2024;06;21;13,FM-15,343,85,55,250,6
USW00014763,2024;06;21;14,FM-16,343,75,83,300,13
USW00014763,2024;06;21;14,FM-15,343,75,84,290,15
USW00014763,2024;06;21;15,FM-16,343,74,91,280,16
USW00014763,2024;06;21;15,FM-16,343,73,90,240,17
USW00014763,2024;06;21;15,FM-16,343,71,87,200,8
USW00014763,2024;06;21;15,FM-16,343,70,93,VRB,3
USW00014763,2024;06;21;15,FM-16,343,70,93,200,3
USW00014763,2024;06;21;15,FM-16,343,70,93,0,0
USW00014763,2024;06;21;15,FM-15,343,71,94,140,3
USW00014763,2024;06;21;16,FM-16,343,72,94,0,0
USW00014763,2024;06;21;16,FM-16,343,74,85,0,0
USW00014763,2024;06;21;16,FM-15,343,75,82,110,3
USW00014763,2024;06;21;17,FM-15,343,76,82,0,0
USW00014763,2024;06;21;18,FM-15,343,73,90,140,3
USW00014763,2024;06;21;19,FM-15,343,71,96,0,0
USW00014763,2024;06;21;20,FM-15,343,71,94,130,3
USW00014763,2024;06;21;21,FM-16,343,71,96,50,3
USW00014763,2024;06;21;21,FM-16,343,72,94,0,0
USW00014763,2024;06;21;21,FM-15,343,71,96,0,0
USW00014763,2024;06;21;22,FM-16,343,70,97,0,0
USW00014763,2024;06;21;22,FM-16,343,70,93,0,0
USW00014763,2024;06;21;22,FM-16,343,70,97,0,0
USW00014763,2024;06;21;22,FM-16,343,70,100,0,0
USW00014763,2024;06;21;22,FM-15,343,70,97,0,0
USW00014763,2024;06;21;23,FM-16,343,70,94,0,0
USW00014763,2024;06;21;23,FM-15,343,70,97,0,0
USW00014763,2024;06;22;00,SOD,,,,,
USW00014763,2024;06;22;00,FM-15,343,72,91,VRB,3
USW00014763,2024;06;22;01,FM-16,343,71,94,120,5
USW00014763,2024;06;22;01,FM-15,343,70,93,0,0
USW00014763,2024;06;22;02,FM-15,343,68,96,70,3
USW00014763,2024;06;22;03,FM-16,343,69,93,0,0
USW00014763,2024;06;22;03,FM-15,343,68,93,0,0
USW00014763,2024;06;22;04,FM-16,343,69,93,0,0
USW00014763,2024;06;22;04,FM-16,343,68,96,0,0
USW00014763,2024;06;22;04,FM-15,343,68,96,160,3
USW00014763,2024;06;22;05,FM-16,343,68,96,170,3
USW00014763,2024;06;22;05,FM-16,343,68,96,140,3
USW00014763,2024;06;22;05,FM-16,343,68,96,0,0
USW00014763,2024;06;22;05,FM-15,343,69,93,240,7
USW00014763,2024;06;22;06,FM-15,343,71,90,220,3
USW00014763,2024;06;22;07,FM-16,343,72,87,260,6
USW00014763,2024;06;22;07,FM-15,343,73,84,230,6
USW00014763,2024;06;22;08,FM-16,343,74,82,0,0
USW00014763,2024;06;22;08,FM-15,343,74,85,0,0
USW00014763,2024;06;22;09,FM-15,343,78,76,0,0
USW00014763,2024;06;22;10,FM-16,343,78,79,VRB,3
USW00014763,2024;06;22;10,FM-15,343,79,72,0,0
USW00014763,2024;06;22;11,FM-15,343,79,72,280,3
USW00014763,2024;06;22;12,FM-16,343,79,74,0,0
USW00014763,2024;06;22;12,FM-15,343,78,76,0,0
USW00014763,2024;06;22;13,FM-16,343,75,82,330,21
USW00014763,2024;06;22;13,FM-16,343,72,87,330,14
USW00014763,2024;06;22;13,FM-16,343,69,90,320,3
USW00014763,2024;06;22;13,FM-16,343,69,93,90,3
USW00014763,2024;06;22;13,FM-16,343,69,93,210,6
USW00014763,2024;06;22;13,FM-16,343,70,93,220,6
USW00014763,2024;06;22;13,FM-15,343,70,90,100,3
USW00014763,2024;06;22;14,FM-16,343,70,90,80,3
USW00014763,2024;06;22;14,FM-15,343,74,85,0,0
USW00014763,2024;06;22;15,FM-15,343,76,79,0,0
USW00014763,2024;06;22;16,FM-15,343,76,82,100,3
USW00014763,2024;06;22;17,FM-15,343,73,87,50,9
USW00014763,2024;06;22;18,FM-16,343,72,87,70,8
USW00014763,2024;06;22;18,FM-15,343,71,87,60,6
USW00014763,2024;06;22;19,FM-16,343,70,90,VRB,3
USW00014763,2024;06;22;19,FM-16,343,70,88,110,5
USW00014763,2024;06;22;19,FM-15,343,69,90,100,3
USW00014763,2024;06;22;20,FM-16,343,69,90,120,6
USW00014763,2024;06;22;20,FM-15,343,69,90,60,5
USW00014763,2024;06;22;21,FM-15,343,68,93,100,3
USW00014763,2024;06;22;22,FM-15,343,68,93,120,3
USW00014763,2024;06;22;23,FM-15,343,67,97,VRB,5
USW00014763,2024;06;23;00,SOD,,,,,
USW00014763,2024;06;23;00,FM-16,343,68,93,0,0
USW00014763,2024;06;23;00,FM-16,343,68,93,0,0
USW00014763,2024;06;23;00,FM-15,343,67,97,0,0
USW00014763,2024;06;23;01,FM-16,343,66,96,50,5
USW00014763,2024;06;23;01,FM-16,343,67,93,50,6
USW00014763,2024;06;23;01,FM-16,343,67,97,20,5
USW00014763,2024;06;23;01,FM-15,343,67,97,20,5
USW00014763,2024;06;23;02,FM-16,343,67,93,20,5
USW00014763,2024;06;23;02,FM-15,343,67,93,VRB,3
USW00014763,2024;06;23;03,FM-16,343,68,90,0,0
USW00014763,2024;06;23;03,FM-16,343,67,93,50,3
USW00014763,2024;06;23;03,FM-15,343,68,90,VRB,5
USW00014763,2024;06;23;04,FM-16,343,67,93,60,6
USW00014763,2024;06;23;04,FM-15,343,68,93,VRB,9
USW00014763,2024;06;23;05,FM-16,343,68,93,VRB,7
USW00014763,2024;06;23;05,FM-15,343,68,93,,
USW00014763,2024;06;23;06,FM-15,343,69,93,0,0
USW00014763,2024;06;23;07,FM-15,343,71,90,190,7
USW00014763,2024;06;23;08,FM-16,343,72,87,VRB,9
USW00014763,2024;06;23;08,FM-15,343,74,85,180,10
USW00014763,2024;06;23;09,FM-16,343,79,79,VRB,9
USW00014763,2024;06;23;09,FM-15,343,78,76,VRB,7
USW00014763,2024;06;23;10,FM-15,343,82,72,180,11
USW00014763,2024;06;23;11,FM-15,343,83,67,220,10
USW00014763,2024;06;23;12,FM-15,343,82,72,200,8
USW00014763,2024;06;23;13,FM-15,343,83,72,VRB,8
USW00014763,2024;06;23;14,FM-15,343,83,70,VRB,13
USW00014763,2024;06;23;15,FM-15,343,82,67,210,9
USW00014763,2024;06;23;16,FM-16,343,81,69,200,9
USW00014763,2024;06;23;16,FM-16,343,79,67,200,11
USW00014763,2024;06;23;16,FM-15,343,80,64,200,9
USW00014763,2024;06;23;17,FM-15,343,77,79,210,9
USW00014763,2024;06;23;18,FM-15,343,76,82,220,5
USW00014763,2024;06;23;19,FM-15,343,77,74,210,11
USW00014763,2024;06;23;20,FM-15,343,77,74,210,14
USW00014763,2024;06;23;21,FM-15,343,77,71,220,9
USW00014763,2024;06;23;22,FM-15,343,75,79,220,15
USW00014763,2024;06;23;23,FM-15,343,75,76,220,14
USW00014763,2024;06;24;00,SOD,,,,,
USW00014763,2024;06;24;00,FM-16,343,73,78,280,8
USW00014763,2024;06;24;00,FM-15,343,74,79,270,8
USW00014763,2024;06;24;01,FM-16,343,74,82,260,7
USW00014763,2024;06;24;01,FM-16,343,73,79,290,14
USW00014763,2024;06;24;01,FM-16,343,72,73,280,11
USW00014763,2024;06;24;01,FM-15,343,71,71,280,13
USW00014763,2024;06;24;02,FM-15,343,69,68,270,11
USW00014763,2024;06;24;03,FM-15,343,68,70,280,14
USW00014763,2024;06;24;04,FM-15,343,67,71,290,13
USW00014763,2024;06;24;05,FM-15,343,66,63,270,18
USW00014763,2024;06;24;06,FM-15,343,67,63,260,13
USW00014763,2024;06;24;07,FM-15,343,69,61,240,17
USW00014763,2024;06;24;08,FM-15,343,70,59,270,13
USW00014763,2024;06;24;09,FM-15,343,69,61,280,14
USW00014763,2024;06;24;10,FM-15,343,68,61,280,16
USW00014763,2024;06;24;11,FM-15,343,70,59,280,10
USW00014763,2024;06;24;12,FM-15,343,69,63,290,13
USW00014763,2024;06;24;13,FM-16,343,64,78,270,9
USW00014763,2024;06;24;13,FM-15,343,65,78,280,10
USW00014763,2024;06;24;14,FM-16,343,62,93,280,11
USW00014763,2024;06;24;14,FM-15,343,66,84,260,7
USW00014763,2024;06;24;15,FM-16,343,63,90,310,13
USW00014763,2024;06;24;15,FM-16,343,62,90,320,10
USW00014763,2024;06;24;15,FM-16,343,62,90,330,11
USW00014763,2024;06;24;15,FM-16,343,63,88,320,15
USW00014763,2024;06;24;15,FM-15,343,63,87,320,13
USW00014763,2024;06;24;16,FM-16,343,63,84,330,15
USW00014763,2024;06;24;16,FM-15,343,63,87,320,7
USW00014763,2024;06;24;17,FM-16,343,61,90,310,7
USW00014763,2024;06;24;17,FM-15,343,61,87,VRB,10
USW00014763,2024;06;24;18,FM-16,343,61,84,330,13
USW00014763,2024;06;24;18,FM-16,343,60,86,330,11
USW00014763,2024;06;24;18,FM-16,343,60,86,320,11
USW00014763,2024;06;24;18,FM-15,343,60,86,310,11
USW00014763,2024;06;24;19,FM-16,343,60,86,VRB,7
USW00014763,2024;06;24;19,FM-15,343,61,81,VRB,5
USW00014763,2024;06;24;20,FM-15,343,60,78,320,8
USW00014763,2024;06;24;21,FM-15,343,59,81,130,5
USW00014763,2024;06;24;22,FM-15,343,61,78,VRB,5
USW00014763,2024;06;24;23,FM-15,343,60,80,0,0
USW00014763,2024;06;25;00,SOD,,,,,
USW00014763,2024;06;25;00,FM-15,343,59,83,0,0
USW00014763,2024;06;25;01,FM-15,343,60,78,280,3
USW00014763,2024;06;25;02,FM-15,343,61,78,VRB,6
USW00014763,2024;06;25;03,FM-15,343,61,78,320,6
USW00014763,2024;06;25;04,FM-15,343,58,84,260,3
USW00014763,2024;06;25;05,FM-15,343,62,80,160,3
USW00014763,2024;06;25;06,FM-15,343,66,70,0,0
USW00014763,2024;06;25;07,FM-15,343,69,63,270,10
USW00014763,2024;06;25;08,FM-15,343,71,59,280,7
USW00014763,2024;06;25;09,FM-15,343,74,60,270,13
USW00014763,2024;06;25;10,FM-15,343,77,56,270,11
USW00014763,2024;06;25;11,FM-15,343,80,49,250,11
USW00014763,2024;06;25;12,FM-15,343,80,45,270,14
USW00014763,2024;06;25;13,FM-15,343,80,45,230,6
USW00014763,2024;06;25;14,FM-15,343,82,41,250,11
USW00014763,2024;06;25;15,FM-15,343,81,38,250,10
USW00014763,2024;06;25;16,FM-15,343,81,38,VRB,3
USW00014763,2024;06;25;17,FM-15,343,80,39,190,8
USW00014763,2024;06;25;18,FM-15,343,78,35,210,7
USW00014763,2024;06;25;19,FM-15,343,77,33,210,6
USW00014763,2024;06;25;20,FM-15,343,69,57,250,6
USW00014763,2024;06;25;21,FM-15,343,68,59,220,5
USW00014763,2024;06;25;22,FM-15,343,66,65,280,7
USW00014763,2024;06;25;23,FM-15,343,73,44,210,7
USW00014763,2024;06;26;00,SOD,,,,,
USW00014763,2024;06;26;00,FM-15,343,73,44,220,9
USW00014763,2024;06;26;01,FM-15,343,73,44,220,8
USW00014763,2024;06;26;02,FM-15,343,71,49,230,8
USW00014763,2024;06;26;03,FM-15,343,69,57,270,8
USW00014763,2024;06;26;04,FM-15,343,69,59,250,8
USW00014763,2024;06;26;05,FM-15,343,70,61,250,8
USW00014763,2024;06;26;06,FM-15,343,73,62,250,8
USW00014763,2024;06;26;07,FM-15,343,75,60,230,10
USW00014763,2024;06;26;08,FM-15,343,78,60,230,11
USW00014763,2024;06;26;09,FM-15,343,79,60,260,13
USW00014763,2024;06;26;10,FM-15,343,82,56,250,17
USW00014763,2024;06;26;11,FM-15,343,80,62,300,13
USW00014763,2024;06;26;12,FM-15,343,83,57,270,10
USW00014763,2024;06;26;13,FM-15,343,81,51,270,13
USW00014763,2024;06;26;14,FM-15,343,83,49,310,11
USW00014763,2024;06;26;15,FM-15,343,82,49,320,9
USW00014763,2024;06;26;16,FM-15,343,80,41,330,8
USW00014763,2024;06;26;17,FM-15,343,78,40,330,3
USW00014763,2024;06;26;18,FM-15,343,72,59,0,0
USW00014763,2024;06;26;19,FM-15,343,70,53,0,0
USW00014763,2024;06;26;20,FM-15,343,71,51,260,8
USW00014763,2024;06;26;21,FM-15,343,63,87,230,9
USW00014763,2024;06;26;22,FM-15,343,63,90,250,9
USW00014763,2024;06;26;23,FM-15,343,62,93,0,0
USW00014763,2024;06;27;00,SOD,,,,,
USW00014763,2024;06;27;00,FM-15,343,63,90,250,6
USW00014763,2024;06;27;01,FM-15,343,62,86,0,0
USW00014763,2024;06;27;02,FM-15,343,62,90,270,9
USW00014763,2024;06;27;03,FM-15,343,61,81,300,5
USW00014763,2024;06;27;04,FM-15,343,61,81,250,5
USW00014763,2024;06;27;05,FM-15,343,62,78,250,6
USW00014763,2024;06;27;06,FM-15,343,63,81,280,8
USW00014763,2024;06;27;07,FM-16,343,64,78,290,9
USW00014763,2024;06;27;07,FM-15,343,65,78,VRB,6
USW00014763,2024;06;27;08,FM-15,343,68,70,290,10
USW00014763,2024;06;27;09,FM-16,343,69,68,290,10
USW00014763,2024;06;27;09,FM-16,343,66,73,240,7
USW00014763,2024;06;27;09,FM-15,343,67,71,240,6
USW00014763,2024;06;27;10,FM-16,343,68,70,250,7
USW00014763,2024;06;27;10,FM-15,343,68,70,210,9
USW00014763,2024;06;27;11,FM-15,343,72,57,300,14
USW00014763,2024;06;27;12,FM-15,343,72,59,250,11
USW00014763,2024;06;27;13,FM-15,343,76,52,260,13
USW00014763,2024;06;27;14,FM-16,343,74,57,320,15
USW00014763,2024;06;27;14,FM-15,343,75,52,290,20
USW00014763,2024;06;27;15,FM-15,343,72,53,300,13
USW00014763,2024;06;27;16,FM-15,343,70,51,280,20
USW00014763,2024;06;27;17,FM-15,343,67,51,290,11
USW00014763,2024;06;27;18,FM-15,343,64,56,280,13
USW00014763,2024;06;27;19,FM-15,343,62,54,290,10
USW00014763,2024;06;27;20,FM-15,343,58,60,270,3
USW00014763,2024;06;27;21,FM-15,343,56,70,240,5
USW00014763,2024;06;27;22,FM-15,343,55,72,260,3
USW00014763,2024;06;27;23,FM-15,343,55,64,VRB,3
USW00014763,2024;06;28;00,SOD,,,,,
USW00014763,2024;06;28;00,FM-15,343,53,64,290,5
USW00014763,2024;06;28;01,FM-15,343,55,49,VRB,5
USW00014763,2024;06;28;02,FM-15,343,52,59,280,5
USW00014763,2024;06;28;03,FM-15,343,49,71,240,8
USW00014763,2024;06;28;04,FM-15,343,48,74,280,5
USW00014763,2024;06;28;05,FM-15,343,55,62,290,8
USW00014763,2024;06;28;06,FM-15,343,58,58,300,10
USW00014763,2024;06;28;07,FM-15,343,61,48,10,8
USW00014763,2024;06;28;08,FM-15,343,63,45,320,9
USW00014763,2024;06;28;09,FM-15,343,65,39,VRB,3
USW00014763,2024;06;28;10,FM-15,343,67,37,360,9
USW00014763,2024;06;28;11,FM-15,343,69,35,360,7
USW00014763,2024;06;28;12,FM-15,343,69,33,0,0
USW00014763,2024;06;28;13,FM-15,343,71,35,320,5
USW00014763,2024;06;28;14,FM-15,343,72,35,150,5
USW00014763,2024;06;28;15,FM-15,343,73,30,300,6
USW00014763,2024;06;28;16,FM-15,343,72,34,230,5
USW00014763,2024;06;28;17,FM-15,343,71,41,240,8
USW00014763,2024;06;28;18,FM-15,343,68,45,200,3
USW00014763,2024;06;28;19,FM-15,343,64,52,0,0
USW00014763,2024;06;28;20,FM-15,343,59,72,0,0
USW00014763,2024;06;28;21,FM-15,343,58,75,0,0
USW00014763,2024;06;28;22,FM-15,343,62,60,190,6
USW00014763,2024;06;28;23,FM-15,343,62,56,160,7
USW00014763,2024;06;29;00,SOD,,,,,
USW00014763,2024;06;29;00,FM-15,343,62,54,VRB,3
USW00014763,2024;06;29;01,FM-15,343,61,56,VRB,3
USW00014763,2024;06;29;02,FM-15,343,60,53,130,7
USW00014763,2024;06;29;03,FM-15,343,59,62,0,0
USW00014763,2024;06;29;04,FM-15,343,61,43,170,6
USW00014763,2024;06;29;05,FM-16,343,59,56,0,0
USW00014763,2024;06;29;05,FM-15,343,60,56,0,0
USW00014763,2024;06;29;06,FM-15,343,56,77,0,0
USW00014763,2024;06;29;07,FM-15,343,56,87,VRB,3
USW00014763,2024;06;29;08,FM-16,343,61,83,150,5
USW00014763,2024;06;29;08,FM-15,343,60,84,VRB,3
USW00014763,2024;06;29;09,FM-15,343,63,87,VRB,3
USW00014763,2024;06;29;10,FM-15,343,65,84,VRB,10
USW00014763,2024;06;29;11,FM-15,343,67,81,200,13
USW00014763,2024;06;29;12,FM-15,343,68,81,170,14
USW00014763,2024;06;29;13,FM-16,343,69,81,190,11
USW00014763,2024;06;29;13,FM-16,343,70,79,VRB,13
USW00014763,2024;06;29;13,FM-15,343,70,79,190,15
USW00014763,2024;06;29;14,FM-15,343,69,84,170,16
USW00014763,2024;06;29;15,FM-15,343,69,84,190,10
USW00014763,2024;06;29;16,FM-15,343,69,87,VRB,9
USW00014763,2024;06;29;17,FM-16,343,70,88,180,16
USW00014763,2024;06;29;17,FM-15,343,70,87,180,16
USW00014763,2024;06;29;18,FM-16,343,70,88,180,18
USW00014763,2024;06;29;18,FM-15,343,70,87,180,20
USW00014763,2024;06;29;19,FM-16,343,70,90,170,16
USW00014763,2024;06;29;19,FM-16,343,70,90,180,18
USW00014763,2024;06;29;19,FM-16,343,70,90,180,10
USW00014763,2024;06;29;19,FM-16,343,70,90,180,15
USW00014763,2024;06;29;19,FM-15,343,70,90,190,15
USW00014763,2024;06;29;20,FM-15,343,71,90,180,14
USW00014763,2024;06;29;21,FM-15,343,71,90,190,9
USW00014763,2024;06;29;22,FM-16,343,72,87,200,10
USW00014763,2024;06;29;22,FM-16,343,72,87,200,9
USW00014763,2024;06;29;22,FM-15,343,73,87,190,11
USW00014763,2024;06;29;23,FM-16,343,73,87,190,9
USW00014763,2024;06;29;23,FM-15,343,73,87,210,9
USW00014763,2024;06;30;00,SOD,,,,,
USW00014763,2024;06;30;00,FM-16,343,73,84,210,11
USW00014763,2024;06;30;00,FM-16,343,73,89,210,11
USW00014763,2024;06;30;00,FM-15,343,73,87,210,9
USW00014763,2024;06;30;01,FM-15,343,73,90,210,11
USW00014763,2024;06;30;02,FM-15,343,73,90,210,11
USW00014763,2024;06;30;03,FM-16,343,73,90,210,11
USW00014763,2024;06;30;03,FM-16,343,73,90,210,10
USW00014763,2024;06;30;03,FM-16,343,73,90,VRB,7
USW00014763,2024;06;30;03,FM-15,343,73,90,200,6
USW00014763,2024;06;30;04,FM-15,343,72,94,230,6
USW00014763,2024;06;30;05,FM-16,343,72,94,230,6
USW00014763,2024;06;30;05,FM-16,343,73,90,,
USW00014763,2024;06;30;05,FM-16,343,73,89,230,6
USW00014763,2024;06;30;05,FM-15,343,74,88,240,7
USW00014763,2024;06;30;06,FM-15,343,75,84,230,7
USW00014763,2024;06;30;07,FM-16,343,76,85,240,8
USW00014763,2024;06;30;07,FM-15,343,77,82,240,10
USW00014763,2024;06;30;08,FM-16,343,78,79,190,9
USW00014763,2024;06;30;08,FM-16,343,79,79,210,7
USW00014763,2024;06;30;08,FM-15,343,80,74,230,5
USW00014763,2024;06;30;09,FM-15,343,81,67,250,7
USW00014763,2024;06;30;10,FM-15,343,83,57,220,10
USW00014763,2024;06;30;11,FM-15,343,78,74,240,3
USW00014763,2024;06;30;12,FM-15,343,79,74,220,7
USW00014763,2024;06;30;13,FM-15,343,79,77,200,6
USW00014763,2024;06;30;14,FM-15,343,79,74,170,13
USW00014763,2024;06;30;15,FM-16,343,73,84,320,15
USW00014763,2024;06;30;15,FM-16,343,73,87,290,3
USW00014763,2024;06;30;15,FM-15,343,74,88,VRB,3
USW00014763,2024;06;30;16,FM-15,343,77,71,310,6
USW00014763,2024;06;30;17,FM-15,343,73,64,290,17
USW00014763,2024;06;30;18,FM-15,343,71,63,280,10
USW00014763,2024;06;30;19,FM-15,343,67,66,VRB,11
USW00014763,2024;06;30;20,FM-15,343,64,63,0,0
USW00014763,2024;06;30;21,FM-15,343,62,67,310,7
USW00014763,2024;06;30;22,FM-16,343,62,67,,
USW00014763,2024;06;30;22,FM-15,343,61,72,290,7
USW00014763,2024;06;30;23,FM-16,343,61,77,310,10
USW00014763,2024;06;30;23,FM-15,343,60,78,300,11
USW00014763,2024;06;30;23,SOM,,,,,
USW00014763,2024;07;01;00,SOD,,,,,
USW00014763,2024;07;01;00,FM-16,343,59,83,VRB,7
USW00014763,2024;07;01;00,FM-15,343,59,83,310,7
USW00014763,2024;07;01;01,FM-16,343,60,80,310,8
USW00014763,2024;07;01;01,FM-16,343,60,80,290,8
USW00014763,2024;07;01;01,FM-16,343,61,83,310,5
USW00014763,2024;07;01;01,FM-15,343,60,84,310,5
USW00014763,2024;07;01;02,FM-16,343,59,87,300,7
USW00014763,2024;07;01;02,FM-16,343,59,88,300,6
USW00014763,2024;07;01;02,FM-15,343,59,87,300,6
USW00014763,2024;07;01;03,FM-15,343,58,90,280,7
USW00014763,2024;07;01;04,FM-16,343,59,90,310,9
USW00014763,2024;07;01;04,FM-15,343,60,86,310,8
USW00014763,2024;07;01;05,FM-15,343,61,84,290,6
USW00014763,2024;07;01;06,FM-15,343,62,80,320,9
USW00014763,2024;07;01;07,FM-15,343,64,75,330,11
USW00014763,2024;07;01;08,FM-16,343,65,73,340,14
USW00014763,2024;07;01;08,FM-15,343,68,68,320,9
USW00014763,2024;07;01;09,FM-15,343,66,68,320,11
USW00014763,2024;07;01;10,FM-15,343,69,63,310,16
USW00014763,2024;07;01;11,FM-15,343,69,61,10,11
USW00014763,2024;07;01;12,FM-15,343,71,53,10,10
USW00014763,2024;07;01;13,FM-15,343,74,50,330,9
USW00014763,2024;07;01;14,FM-15,343,74,46,340,11
USW00014763,2024;07;01;15,FM-15,343,75,45,340,9
USW00014763,2024;07;01;16,FM-15,343,73,43,VRB,8
USW00014763,2024;07;01;17,FM-15,343,72,41,VRB,8
USW00014763,2024;07;01;18,FM-15,343,69,44,320,6
USW00014763,2024;07;01;19,FM-15,343,64,56,0,0
USW00014763,2024;07;01;20,FM-15,343,59,67,0,0
USW00014763,2024;07;01;21,FM-15,343,55,74,130,5
USW00014763,2024;07;01;22,FM-15,343,56,72,0,0
USW00014763,2024;07;01;23,FM-15,343,54,80,0,0
USW00014763,2024;07;02;00,SOD,,,,,
USW00014763,2024;07;02;00,FM-15,343,52,83,0,0
USW00014763,2024;07;02;01,FM-15,343,50,86,0,0
USW00014763,2024;07;02;02,FM-15,343,50,86,0,0
USW00014763,2024;07;02;03,FM-15,343,49,90,0,0
USW00014763,2024;07;02;04,FM-15,343,48,93,0,0
USW00014763,2024;07;02;05,FM-15,343,55,87,0,0
USW00014763,2024;07;02;06,FM-15,343,59,75,0,0
USW00014763,2024;07;02;07,FM-15,343,65,63,0,0
USW00014763,2024;07;02;08,FM-15,343,71,53,0,0
USW00014763,2024;07;02;09,FM-15,343,74,48,0,0
USW00014763,2024;07;02;10,FM-15,343,77,43,VRB,5
USW00014763,2024;07;02;11,FM-15,343,76,42,0,0
USW00014763,2024;07;02;12,FM-15,343,78,39,0,0
USW00014763,2024;07;02;13,FM-15,343,76,39,230,3
USW00014763,2024;07;02;14,FM-15,343,79,38,VRB,3
USW00014763,2024;07;02;15,FM-15,343,81,37,VRB,3
USW00014763,2024;07;02;16,FM-15,343,78,39,270,5
USW00014763,2024;07;02;17,FM-15,343,76,54,270,5
USW00014763,2024;07;02;18,FM-15,343,75,55,0,0
USW00014763,2024;07;02;19,FM-15,343,68,76,0,0
USW00014763,2024;07;02;20,FM-15,343,66,75,0,0
USW00014763,2024;07;02;21,FM-15,343,62,84,0,0
USW00014763,2024;07;02;22,FM-15,343,60,90,0,0
USW00014763,2024;07;02;23,FM-15,343,59,90,0,0
USW00014763,2024;07;03;00,SOD,,,,,
USW00014763,2024;07;03;00,FM-15,343,57,93,0,0
USW00014763,2024;07;03;01,FM-16,343,57,93,0,0
USW00014763,2024;07;03;01,FM-16,343,57,93,0,0
USW00014763,2024;07;03;01,FM-15,343,57,90,0,0
USW00014763,2024;07;03;02,FM-15,343,56,97,0,0
USW00014763,2024;07;03;03,FM-15,343,55,96,0,0
USW00014763,2024;07;03;04,FM-15,343,57,93,0,0
USW00014763,2024;07;03;05,FM-15,343,58,93,0,0
USW00014763,2024;07;03;06,FM-15,343,61,90,0,0
USW00014763,2024;07;03;07,FM-15,343,67,71,0,0
USW00014763,2024;07;03;08,FM-15,343,72,61,VRB,3
USW00014763,2024;07;03;09,FM-15,343,75,52,200,6
USW00014763,2024;07;03;10,FM-15,343,76,45,VRB,7
USW00014763,2024;07;03;11,FM-15,343,77,37,190,13
USW00014763,2024;07;03;12,FM-15,343,78,40,170,10
USW00014763,2024;07;03;13,FM-15,343,78,37,190,10
USW00014763,2024;07;03;14,FM-15,343,79,36,200,9
USW00014763,2024;07;03;15,FM-15,343,79,38,230,13
USW00014763,2024;07;03;16,FM-15,343,78,40,190,11
USW00014763,2024;07;03;17,FM-15,343,76,45,190,9
USW00014763,2024;07;03;18,FM-15,343,73,48,170,10
USW00014763,2024;07;03;19,FM-15,343,71,51,180,7
USW00014763,2024;07;03;20,FM-15,343,69,59,VRB,5
USW00014763,2024;07;03;21,FM-15,343,67,61,VRB,6
USW00014763,2024;07;03;22,FM-15,343,67,59,210,5
USW00014763,2024;07;03;23,FM-15,343,66,61,220,6
USW00014763,2024;07;04;00,SOD,,,,,
USW00014763,2024;07;04;00,FM-15,343,65,63,190,7
USW00014763,2024;07;04;01,FM-15,343,63,70,0,0
USW00014763,2024;07;04;02,FM-15,343,63,73,0,0
USW00014763,2024;07;04;03,FM-15,343,64,70,0,0
USW00014763,2024;07;04;04,FM-15,343,65,70,0,0
USW00014763,2024;07;04;05,FM-15,343,65,76,10,3
USW00014763,2024;07;04;06,FM-15,343,67,71,0,0
USW00014763,2024;07;04;07,FM-15,343,70,66,250,6
USW00014763,2024;07;04;08,FM-15,343,72,64,VRB,3
USW00014763,2024;07;04;09,FM-15,343,71,68,260,6
USW00014763,2024;07;04;10,FM-15,343,72,71,260,5
USW00014763,2024;07;04;11,FM-15,343,74,69,230,6
USW00014763,2024;07;04;12,FM-15,343,76,69,250,7
USW00014763,2024;07;04;13,FM-15,343,78,67,200,7
USW00014763,2024;07;04;14,FM-15,343,79,67,VRB,3
USW00014763,2024;07;04;15,FM-15,343,80,67,260,8
USW00014763,2024;07;04;16,FM-15,343,79,72,160,7
USW00014763,2024;07;04;17,FM-15,343,77,74,190,7
USW00014763,2024;07;04;18,FM-15,343,76,77,200,3
USW00014763,2024;07;04;19,FM-15,343,74,82,0,0
USW00014763,2024;07;04;20,FM-15,343,72,87,0,0
USW00014763,2024;07;04;21,FM-16,343,72,88,0,0
USW00014763,2024;07;04;21,FM-15,343,71,90,0,0
USW00014763,2024;07;04;22,FM-16,343,72,87,0,0
USW00014763,2024;07;04;22,FM-15,343,72,87,0,0
USW00014763,2024;07;04;23,FM-15,343,71,90,0,0
USW00014763,2024;07;05;00,SOD,,,,,
USW00014763,2024;07;05;00,FM-16,343,71,90,0,0
USW00014763,2024;07;05;00,FM-16,343,71,90,0,0
USW00014763,2024;07;05;00,FM-15,343,71,90,0,0
USW00014763,2024;07;05;01,FM-16,343,70,93,0,0
USW00014763,2024;07;05;01,FM-16,343,70,93,0,0
USW00014763,2024;07;05;01,FM-15,343,70,93,0,0
USW00014763,2024;07;05;02,FM-16,343,70,93,0,0
USW00014763,2024;07;05;02,FM-16,343,70,93,0,0
USW00014763,2024;07;05;02,FM-16,343,70,93,0,0
USW00014763,2024;07;05;02,FM-16,343,70,93,0,0
USW00014763,2024;07;05;02,FM-16,343,70,94,0,0
USW00014763,2024;07;05;02,FM-15,343,70,93,0,0
USW00014763,2024;07;05;03,FM-16,343,70,93,0,0
USW00014763,2024;07;05;03,FM-16,343,70,94,0,0
USW00014763,2024;07;05;03,FM-15,343,70,93,0,0
USW00014763,2024;07;05;04,FM-16,343,69,96,0,0
USW00014763,2024;07;05;04,FM-16,343,70,93,0,0
USW00014763,2024;07;05;04,FM-16,343,69,96,0,0
USW00014763,2024;07;05;04,FM-15,343,70,93,0,0
USW00014763,2024;07;05;05,FM-16,343,70,97,0,0
USW00014763,2024;07;05;05,FM-16,343,72,94,0,0
USW00014763,2024;07;05;05,FM-15,343,71,94,0,0
USW00014763,2024;07;05;05,FM-16,343,72,91,0,0
USW00014763,2024;07;05;06,FM-16,343,72,91,0,0
USW00014763,2024;07;05;06,FM-15,343,72,94,0,0
USW00014763,2024;07;05;07,FM-16,343,75,84,160,3
USW00014763,2024;07;05;07,FM-15,343,75,84,0,0
USW00014763,2024;07;05;08,FM-16,343,76,82,VRB,3
USW00014763,2024;07;05;08,FM-16,343,77,82,VRB,3
USW00014763,2024;07;05;08,FM-15,343,77,79,0,0
USW00014763,2024;07;05;09,FM-16,343,78,76,0,0
USW00014763,2024;07;05;09,FM-15,343,79,74,210,6
USW00014763,2024;07;05;10,FM-16,343,79,74,180,7
USW00014763,2024;07;05;10,FM-15,343,79,74,170,8
USW00014763,2024;07;05;11,FM-16,343,80,74,VRB,7
USW00014763,2024;07;05;11,FM-16,343,81,72,180,7
USW00014763,2024;07;05;11,FM-15,343,83,70,160,10
USW00014763,2024;07;05;12,FM-15,343,83,67,190,9
USW00014763,2024;07;05;13,FM-15,343,83,65,160,9
USW00014763,2024;07;05;14,FM-15,343,81,74,250,5
USW00014763,2024;07;05;15,FM-15,343,77,90,220,7
USW00014763,2024;07;05;16,FM-16,343,77,88,230,6
USW00014763,2024;07;05;16,FM-16,343,77,88,190,5
USW00014763,2024;07;05;16,FM-15,343,78,82,0,0
USW00014763,2024;07;05;17,FM-16,343,77,85,80,3
USW00014763,2024;07;05;17,FM-15,343,77,85,130,5
USW00014763,2024;07;05;18,FM-15,343,76,88,0,0
USW00014763,2024;07;05;19,FM-16,343,76,91,0,0
USW00014763,2024;07;05;19,FM-15,343,74,94,0,0
USW00014763,2024;07;05;20,FM-15,343,75,94,0,0
USW00014763,2024;07;05;21,FM-16,343,75,89,240,5
USW00014763,2024;07;05;21,FM-15,343,75,88,230,5
USW00014763,2024;07;05;22,FM-16,343,75,88,0,0
USW00014763,2024;07;05;22,FM-16,343,75,88,0,0
USW00014763,2024;07;05;22,FM-16,343,73,96,0,0
USW00014763,2024;07;05;22,FM-15,343,73,94,0,0
USW00014763,2024;07;05;23,FM-16,343,73,94,360,3
USW00014763,2024;07;05;23,FM-15,343,73,94,0,0
USW00014763,2024;07;06;00,SOD,,,,,
USW00014763,2024;07;06;00,FM-16,343,72,97,150,3
USW00014763,2024;07;06;00,FM-16,343,73,94,0,0
USW00014763,2024;07;06;00,FM-16,343,73,94,0,0
USW00014763,2024;07;06;00,FM-15,343,73,90,230,5
USW00014763,2024;07;06;01,FM-15,343,73,87,210,7
USW00014763,2024;07;06;02,FM-16,343,73,87,180,6
USW00014763,2024;07;06;02,FM-16,343,73,87,190,7
USW00014763,2024;07;06;02,FM-15,343,73,90,VRB,5
USW00014763,2024;07;06;03,FM-15,343,72,94,170,5
USW00014763,2024;07;06;04,FM-15,343,73,90,230,6
USW00014763,2024;07;06;05,FM-16,343,73,94,200,9
USW00014763,2024;07;06;05,FM-16,343,74,88,210,18
USW00014763,2024;07;06;05,FM-16,343,73,89,210,14
USW00014763,2024;07;06;05,FM-16,343,73,89,210,16
USW00014763,2024;07;06;05,FM-15,343,73,87,210,13
USW00014763,2024;07;06;06,FM-16,343,72,91,210,11
USW00014763,2024;07;06;06,FM-16,343,72,88,VRB,3
USW00014763,2024;07;06;06,FM-15,343,71,94,VRB,3
USW00014763,2024;07;06;07,FM-16,343,72,87,0,0
USW00014763,2024;07;06;07,FM-16,343,72,87,0,0
USW00014763,2024;07;06;07,FM-16,343,72,91,300,3
USW00014763,2024;07;06;07,FM-15,343,75,84,20,5
USW00014763,2024;07;06;08,FM-16,343,75,84,0,0
USW00014763,2024;07;06;08,FM-15,343,78,79,VRB,3
USW00014763,2024;07;06;09,FM-15,343,80,74,230,7
USW00014763,2024;07;06;10,FM-15,343,84,67,230,9
USW00014763,2024;07;06;11,FM-15,343,84,65,240,8
USW00014763,2024;07;06;12,FM-15,343,85,65,220,7
USW00014763,2024;07;06;13,FM-15,343,86,61,220,9
USW00014763,2024;07;06;14,FM-15,343,87,59,VRB,8
USW00014763,2024;07;06;15,FM-15,343,87,59,200,8
USW00014763,2024;07;06;16,FM-15,343,86,61,220,9
USW00014763,2024;07;06;17,FM-15,343,83,70,180,3
USW00014763,2024;07;06;18,FM-16,343,77,82,290,17
USW00014763,2024;07;06;18,FM-16,343,74,88,VRB,13
USW00014763,2024;07;06;18,FM-16,343,74,88,220,10
USW00014763,2024;07;06;18,FM-16,343,75,84,260,8
USW00014763,2024;07;06;18,FM-16,343,75,83,VRB,3
USW00014763,2024;07;06;18,FM-15,343,75,84,0,0
USW00014763,2024;07;06;19,FM-15,343,72,97,0,0
USW00014763,2024;07;06;20,FM-16,343,73,94,300,28
USW00014763,2024;07;06;20,FM-16,343,73,90,320,9
USW00014763,2024;07;06;20,FM-16,343,72,94,320,5
USW00014763,2024;07;06;20,FM-16,343,72,94,0,0
USW00014763,2024;07;06;20,FM-15,343,72,97,0,0
USW00014763,2024;07;06;21,FM-15,343,72,94,140,3
USW00014763,2024;07;06;22,FM-16,343,71,94,0,0
USW00014763,2024;07;06;22,FM-16,343,72,94,0,0
USW00014763,2024;07;06;22,FM-15,343,71,94,0,0
USW00014763,2024;07;06;23,FM-16,343,70,97,250,5
USW00014763,2024;07;06;23,FM-16,343,70,97,250,3
USW00014763,2024;07;06;23,FM-15,343,70,97,0,0
USW00014763,2024;07;07;00,SOD,,,,,
USW00014763,2024;07;07;00,FM-16,343,69,93,0,0
USW00014763,2024;07;07;00,FM-16,343,69,96,270,3
USW00014763,2024;07;07;00,FM-16,343,69,96,260,5
USW00014763,2024;07;07;00,FM-16,343,68,96,260,6
USW00014763,2024;07;07;00,FM-16,343,68,96,250,6
USW00014763,2024;07;07;00,FM-15,343,68,96,230,6
USW00014763,2024;07;07;01,FM-16,343,68,96,240,3
USW00014763,2024;07;07;01,FM-16,343,68,96,230,3
USW00014763,2024;07;07;01,FM-16,343,67,97,0,0
USW00014763,2024;07;07;01,FM-16,343,67,97,0,0
USW00014763,2024;07;07;01,FM-16,343,66,100,0,0
USW00014763,2024;07;07;01,FM-15,343,67,97,0,0
USW00014763,2024;07;07;02,FM-16,343,67,97,0,0
USW00014763,2024;07;07;02,FM-16,343,65,97,0,0
USW00014763,2024;07;07;02,FM-16,343,65,97,0,0
USW00014763,2024;07;07;02,FM-16,343,66,96,0,0
USW00014763,2024;07;07;02,FM-16,343,66,96,0,0
USW00014763,2024;07;07;02,FM-16,343,66,96,0,0
USW00014763,2024;07;07;02,FM-16,343,65,97,0,0
USW00014763,2024;07;07;02,FM-16,343,64,100,0,0
USW00014763,2024;07;07;02,FM-15,343,64,96,0,0
USW00014763,2024;07;07;03,FM-16,343,65,97,0,0
USW00014763,2024;07;07;03,FM-15,343,66,96,0,0
USW00014763,2024;07;07;04,FM-16,343,65,100,0,0
USW00014763,2024;07;07;04,FM-16,343,66,96,0,0
USW00014763,2024;07;07;04,FM-15,343,65,100,0,0
USW00014763,2024;07;07;05,FM-16,343,65,100,0,0
USW00014763,2024;07;07;05,FM-16,343,66,96,0,0
USW00014763,2024;07;07;05,FM-16,343,66,94,0,0
USW00014763,2024;07;07;05,FM-15,343,66,96,0,0
USW00014763,2024;07;07;06,FM-15,343,67,100,0,0
USW00014763,2024;07;07;07,FM-16,343,67,100,0,0
USW00014763,2024;07;07;07,FM-16,343,68,96,0,0
USW00014763,2024;07;07;07,FM-16,343,73,83,0,0
USW00014763,2024;07;07;07,FM-15,343,73,84,0,0
USW00014763,2024;07;07;08,FM-15,343,77,69,280,3
USW00014763,2024;07;07;09,FM-15,343,78,64,VRB,3
USW00014763,2024;07;07;10,FM-15,343,81,51,330,6
USW00014763,2024;07;07;11,FM-15,343,82,49,230,7
USW00014763,2024;07;07;12,FM-15,343,84,48,VRB,7
USW00014763,2024;07;07;13,FM-15,343,85,45,,
USW00014763,2024;07;07;14,FM-15,343,85,45,350,5
USW00014763,2024;07;07;15,FM-15,343,85,48,VRB,3
USW00014763,2024;07;07;16,FM-15,343,84,49,270,7
USW00014763,2024;07;07;17,FM-15,343,83,55,330,5
USW00014763,2024;07;07;18,FM-15,343,80,60,320,3
USW00014763,2024;07;07;19,FM-15,343,76,67,320,3
USW00014763,2024;07;07;20,FM-15,343,72,79,0,0
USW00014763,2024;07;07;21,FM-15,343,69,87,0,0
USW00014763,2024;07;07;22,FM-15,343,68,90,0,0
USW00014763,2024;07;07;23,FM-15,343,66,90,0,0
USW00014763,2024;07;08;00,SOD,,,,,
USW00014763,2024;07;08;00,FM-15,343,65,93,0,0
USW00014763,2024;07;08;01,FM-16,343,64,96,0,0
USW00014763,2024;07;08;01,FM-15,343,63,97,0,0
USW00014763,2024;07;08;02,FM-16,343,63,97,0,0
USW00014763,2024;07;08;02,FM-16,343,63,97,0,0
USW00014763,2024;07;08;02,FM-16,343,63,97,0,0
USW00014763,2024;07;08;02,FM-15,343,63,93,0,0
USW00014763,2024;07;08;03,FM-16,343,62,96,0,0
USW00014763,2024;07;08;03,FM-16,343,62,96,0,0
USW00014763,2024;07;08;03,FM-16,343,62,93,0,0
USW00014763,2024;07;08;03,FM-16,343,62,93,0,0
USW00014763,2024;07;08;03,FM-16,343,61,100,0,0
USW00014763,2024;07;08;03,FM-15,343,61,97,0,0
USW00014763,2024;07;08;04,FM-16,343,61,97,0,0
USW00014763,2024;07;08;04,FM-16,343,61,97,0,0
USW00014763,2024;07;08;04,FM-16,343,61,100,0,0
USW00014763,2024;07;08;04,FM-15,343,60,100,0,0
USW00014763,2024;07;08;05,FM-16,343,61,97,0,0
USW00014763,2024;07;08;05,FM-16,343,62,96,0,0
USW00014763,2024;07;08;05,FM-16,343,63,93,0,0
USW00014763,2024;07;08;05,FM-15,343,65,93,0,0
USW00014763,2024;07;08;06,FM-15,343,70,82,0,0
USW00014763,2024;07;08;07,FM-15,343,75,71,0,0
USW00014763,2024;07;08;08,FM-15,343,80,56,240,3
USW00014763,2024;07;08;09,FM-15,343,83,49,320,3
USW00014763,2024;07;08;10,FM-15,343,84,49,VRB,5
USW00014763,2024;07;08;11,FM-15,343,84,48,210,6
USW00014763,2024;07;08;12,FM-15,343,85,42,,
USW00014763,2024;07;08;13,FM-15,343,83,46,VRB,3
USW00014763,2024;07;08;14,FM-15,343,87,42,270,8
USW00014763,2024;07;08;15,FM-15,343,86,45,210,6
USW00014763,2024;07;08;16,FM-15,343,86,45,250,6
USW00014763,2024;07;08;17,FM-15,343,84,51,0,0
USW00014763,2024;07;08;18,FM-15,343,82,55,210,3
USW00014763,2024;07;08;19,FM-15,343,74,79,0,0
USW00014763,2024;07;08;20,FM-15,343,71,84,0,0
USW00014763,2024;07;08;21,FM-15,343,70,87,0,0
USW00014763,2024;07;08;22,FM-15,343,69,87,0,0
USW00014763,2024;07;08;23,FM-15,343,69,90,0,0
USW00014763,2024;07;09;00,SOD,,,,,
USW00014763,2024;07;09;00,FM-15,343,67,93,0,0
USW00014763,2024;07;09;01,FM-15,343,67,93,0,0
USW00014763,2024;07;09;02,FM-15,343,67,93,0,0
USW00014763,2024;07;09;03,FM-15,343,66,96,0,0
USW00014763,2024;07;09;04,FM-15,343,65,97,0,0
USW00014763,2024;07;09;05,FM-15,343,70,87,0,0
USW00014763,2024;07;09;06,FM-16,343,69,93,320,10
USW00014763,2024;07;09;06,FM-16,343,69,96,190,7
USW00014763,2024;07;09;06,FM-16,343,69,96,190,5
USW00014763,2024;07;09;06,FM-15,343,70,93,230,14
USW00014763,2024;07;09;07,FM-16,343,71,94,210,3
USW00014763,2024;07;09;07,FM-16,343,71,94,160,3
USW00014763,2024;07;09;07,FM-15,343,71,94,0,0
USW00014763,2024;07;09;08,FM-15,343,76,85,VRB,3
USW00014763,2024;07;09;09,FM-15,343,81,69,230,8
USW00014763,2024;07;09;10,FM-15,343,82,69,VRB,7
USW00014763,2024;07;09;11,FM-15,343,83,67,210,10
USW00014763,2024;07;09;12,FM-15,343,86,65,200,11
USW00014763,2024;07;09;13,FM-16,343,87,61,210,13
USW00014763,2024;07;09;13,FM-16,343,86,59,210,11
USW00014763,2024;07;09;13,FM-15,343,86,59,220,9
USW00014763,2024;07;09;14,FM-15,343,82,67,60,8
USW00014763,2024;07;09;15,FM-15,343,86,61,210,6
USW00014763,2024;07;09;16,FM-15,343,87,57,200,13
USW00014763,2024;07;09;17,FM-15,343,84,65,210,7
USW00014763,2024;07;09;18,FM-15,343,82,65,220,6
USW00014763,2024;07;09;19,FM-15,343,80,69,0,0
USW00014763,2024;07;09;20,FM-15,343,77,79,0,0
USW00014763,2024;07;09;21,FM-15,343,74,88,0,0
USW00014763,2024;07;09;22,FM-15,343,74,88,0,0
USW00014763,2024;07;09;23,FM-15,343,73,90,0,0
USW00014763,2024;07;10;00,SOD,,,,,
USW00014763,2024;07;10;00,FM-15,343,73,90,0,0
USW00014763,2024;07;10;01,FM-15,343,72,94,0,0
USW00014763,2024;07;10;02,FM-15,343,72,94,0,0
USW00014763,2024;07;10;03,FM-16,343,72,94,0,0
USW00014763,2024;07;10;03,FM-16,343,71,96,0,0
USW00014763,2024;07;10;03,FM-16,343,72,94,0,0
USW00014763,2024;07;10;03,FM-15,343,71,94,0,0
USW00014763,2024;07;10;04,FM-16,343,71,94,0,0
USW00014763,2024;07;10;04,FM-16,343,71,94,0,0
USW00014763,2024;07;10;04,FM-16,343,71,94,0,0
USW00014763,2024;07;10;04,FM-16,343,70,97,0,0
USW00014763,2024;07;10;04,FM-16,343,71,94,0,0
USW00014763,2024;07;10;04,FM-16,343,70,100,0,0
USW00014763,2024;07;10;04,FM-15,343,70,97,0,0
USW00014763,2024;07;10;04,FM-16,343,70,97,0,0
USW00014763,2024;07;10;05,FM-16,343,70,97,0,0
USW00014763,2024;07;10;05,FM-16,343,71,96,0,0
USW00014763,2024;07;10;05,FM-16,343,71,96,0,0
USW00014763,2024;07;10;05,FM-16,343,69,96,0,0
USW00014763,2024;07;10;05,FM-16,343,71,96,0,0
USW00014763,2024;07;10;05,FM-16,343,72,100,0,0
USW00014763,2024;07;10;05,FM-15,343,72,97,0,0
USW00014763,2024;07;10;05,FM-16,343,73,94,0,0
USW00014763,2024;07;10;06,FM-15,343,77,85,VRB,3
USW00014763,2024;07;10;07,FM-15,343,80,79,VRB,5
USW00014763,2024;07;10;08,FM-15,343,81,77,180,10
USW00014763,2024;07;10;09,FM-15,343,83,74,180,13
USW00014763,2024;07;10;10,FM-15,343,84,67,210,11
USW00014763,2024;07;10;11,FM-15,343,87,63,190,11
USW00014763,2024;07;10;12,FM-15,343,87,59,200,18
USW00014763,2024;07;10;13,FM-15,343,86,61,200,15
USW00014763,2024;07;10;14,FM-15,343,86,61,190,15
USW00014763,2024;07;10;15,FM-15,343,85,63,210,11
USW00014763,2024;07;10;16,FM-15,343,84,63,170,16
USW00014763,2024;07;10;17,FM-15,343,81,67,,
USW00014763,2024;07;10;18,FM-15,343,79,69,VRB,9
USW00014763,2024;07;10;19,FM-15,343,77,74,150,11
USW00014763,2024;07;10;20,FM-15,343,76,77,140,9
USW00014763,2024;07;10;21,FM-15,343,76,77,180,11
USW00014763,2024;07;10;22,FM-15,343,75,82,170,9
USW00014763,2024;07;10;23,FM-16,343,75,82,VRB,11
USW00014763,2024;07;10;23,FM-16,343,75,82,160,10
USW00014763,2024;07;10;23,FM-15,343,75,82,VRB,15
USW00014763,2024;07;11;00,SOD,,,,,
USW00014763,2024;07;11;00,FM-16,343,75,82,190,13
USW00014763,2024;07;11;00,FM-15,343,75,82,160,13
USW00014763,2024;07;11;01,FM-16,343,75,88,180,10
USW00014763,2024;07;11;01,FM-15,343,75,88,VRB,15
USW00014763,2024;07;11;02,FM-16,343,75,84,220,10
USW00014763,2024;07;11;02,FM-16,343,75,88,VRB,10
USW00014763,2024;07;11;02,FM-15,343,75,88,180,6
USW00014763,2024;07;11;03,FM-15,343,75,84,VRB,8
USW00014763,2024;07;11;04,FM-15,343,75,84,210,7
USW00014763,2024;07;11;05,FM-15,343,75,82,210,6
USW00014763,2024;07;11;06,FM-16,343,75,83,VRB,7
USW00014763,2024;07;11;06,FM-15,343,75,82,220,8
USW00014763,2024;07;11;07,FM-16,343,76,77,220,11
USW00014763,2024;07;11;07,FM-15,343,77,74,200,10
USW00014763,2024;07;11;08,FM-15,343,78,67,200,13
USW00014763,2024;07;11;09,FM-15,343,79,62,200,13
USW00014763,2024;07;11;10,FM-15,343,81,57,200,15
USW00014763,2024;07;11;11,FM-15,343,82,56,200,13
USW00014763,2024;07;11;12,FM-15,343,82,60,190,14
USW00014763,2024;07;11;13,FM-15,343,81,61,210,11
USW00014763,2024;07;11;14,FM-15,343,80,60,240,9
USW00014763,2024;07;11;15,FM-15,343,81,58,230,10
USW00014763,2024;07;11;16,FM-15,343,79,60,220,14
USW00014763,2024;07;11;17,FM-15,343,78,62,240,8
USW00014763,2024;07;11;18,FM-15,343,77,64,240,7
USW00014763,2024;07;11;19,FM-15,343,76,67,250,9
USW00014763,2024;07;11;20,FM-15,343,75,66,240,9
USW00014763,2024;07;11;21,FM-15,343,74,71,240,5
USW00014763,2024;07;11;22,FM-15,343,72,76,150,3
USW00014763,2024;07;11;23,FM-15,343,72,76,230,3
USW00014763,2024;07;12;00,SOD,,,,,
USW00014763,2024;07;12;00,FM-15,343,71,79,250,5
USW00014763,2024;07;12;01,FM-15,343,69,84,0,0
USW00014763,2024;07;12;02,FM-15,343,67,91,0,0
USW00014763,2024;07;12;03,FM-15,343,67,91,0,0
USW00014763,2024;07;12;04,FM-16,343,65,93,0,0
USW00014763,2024;07;12;04,FM-15,343,67,93,250,3
USW00014763,2024;07;12;05,FM-15,343,70,87,270,5
USW00014763,2024;07;12;06,FM-16,343,71,84,270,3
USW00014763,2024;07;12;06,FM-15,343,72,79,240,5
USW00014763,2024;07;12;07,FM-15,343,72,79,230,3
USW00014763,2024;07;12;08,FM-15,343,75,76,280,5
USW00014763,2024;07;12;09,FM-15,343,77,74,290,5
USW00014763,2024;07;12;10,FM-16,343,76,74,230,5
USW00014763,2024;07;12;10,FM-15,343,79,69,220,9
USW00014763,2024;07;12;11,FM-15,343,79,69,230,7
USW00014763,2024;07;12;12,FM-15,343,81,65,VRB,3
USW00014763,2024;07;12;13,FM-15,343,81,62,210,8
USW00014763,2024;07;12;14,FM-15,343,81,65,270,9
USW00014763,2024;07;12;15,FM-15,343,81,62,VRB,3
USW00014763,2024;07;12;16,FM-15,343,80,67,240,3
USW00014763,2024;07;12;17,FM-15,343,81,65,260,6
USW00014763,2024;07;12;18,FM-15,343,77,69,170,5
USW00014763,2024;07;12;19,FM-15,343,76,72,180,8
USW00014763,2024;07;12;20,FM-15,343,76,74,VRB,6
USW00014763,2024;07;12;21,FM-15,343,74,82,270,3
USW00014763,2024;07;12;22,FM-15,343,74,85,260,3
USW00014763,2024;07;12;23,FM-16,343,74,85,0,0
USW00014763,2024;07;12;23,FM-16,343,74,88,190,3
USW00014763,2024;07;12;23,FM-16,343,74,88,200,5
USW00014763,2024;07;12;23,FM-15,343,74,88,VRB,3
USW00014763,2024;07;13;00,SOD,,,,,
USW00014763,2024;07;13;00,FM-16,343,74,88,230,5
USW00014763,2024;07;13;00,FM-15,343,73,90,250,3
USW00014763,2024;07;13;01,FM-15,343,73,87,220,5
USW00014763,2024;07;13;02,FM-15,343,74,82,240,5
USW00014763,2024;07;13;03,FM-15,343,73,81,240,8
USW00014763,2024;07;13;04,FM-15,343,71,87,0,0
USW00014763,2024;07;13;05,FM-15,343,73,84,270,3
USW00014763,2024;07;13;06,FM-15,343,74,82,260,5
USW00014763,2024;07;13;07,FM-15,343,75,76,200,5
USW00014763,2024;07;13;08,FM-15,343,77,69,0,0
USW00014763,2024;07;13;09,FM-15,343,80,60,0,0
USW00014763,2024;07;13;10,FM-15,343,80,60,200,5
USW00014763,2024;07;13;11,FM-15,343,83,55,0,0
USW00014763,2024;07;13;12,FM-15,343,84,53,0,0
USW00014763,2024;07;13;13,FM-15,343,83,57,320,5
USW00014763,2024;07;13;14,FM-15,343,83,59,290,5
USW00014763,2024;07;13;15,FM-15,343,85,51,260,10
USW00014763,2024;07;13;16,FM-15,343,82,58,300,5
USW00014763,2024;07;13;17,FM-15,343,81,65,290,5
USW00014763,2024;07;13;18,FM-15,343,78,64,280,6
USW00014763,2024;07;13;19,FM-15,343,75,66,250,6
USW00014763,2024;07;13;20,FM-15,343,74,64,220,3
USW00014763,2024;07;13;21,FM-15,343,72,68,220,5
USW00014763,2024;07;13;22,FM-15,343,71,71,200,5
USW00014763,2024;07;13;23,FM-15,343,66,81,0,0
USW00014763,2024;07;14;00,SOD,,,,,
USW00014763,2024;07;14;00,FM-15,343,65,84,0,0
USW00014763,2024;07;14;01,FM-15,343,66,81,250,5
USW00014763,2024;07;14;02,FM-15,343,68,76,240,6
USW00014763,2024;07;14;03,FM-15,343,62,90,0,0
USW00014763,2024;07;14;04,FM-15,343,61,93,0,0
USW00014763,2024;07;14;05,FM-15,343,65,90,0,0
USW00014763,2024;07;14;06,FM-15,343,70,76,0,0
USW00014763,2024;07;14;07,FM-15,343,73,69,300,5
USW00014763,2024;07;14;08,FM-15,343,76,64,270,7
USW00014763,2024;07;14;09,FM-15,343,79,56,290,7
USW00014763,2024;07;14;10,FM-15,343,80,54,VRB,5
USW00014763,2024;07;14;11,FM-15,343,83,44,270,9
USW00014763,2024;07;14;12,FM-15,343,83,46,VRB,5
USW00014763,2024;07;14;13,FM-15,343,85,42,VRB,7
USW00014763,2024;07;14;14,FM-15,343,85,42,VRB,5
USW00014763,2024;07;14;15,FM-15,343,85,43,260,7
USW00014763,2024;07;14;16,FM-15,343,83,46,230,5
USW00014763,2024;07;14;17,FM-15,343,83,48,240,5
USW00014763,2024;07;14;18,FM-15,343,78,64,0,0
USW00014763,2024;07;14;19,FM-15,343,75,74,290,3
USW00014763,2024;07;14;20,FM-15,343,71,79,0,0
USW00014763,2024;07;14;21,FM-15,343,68,84,0,0
USW00014763,2024;07;14;22,FM-15,343,64,93,0,0
USW00014763,2024;07;14;23,FM-15,343,66,84,0,0
USW00014763,2024;07;15;00,SOD,,,,,
USW00014763,2024;07;15;00,FM-15,343,66,84,0,0
USW00014763,2024;07;15;01,FM-15,343,67,81,0,0
USW00014763,2024;07;15;02,FM-15,343,69,78,220,3
USW00014763,2024;07;15;03,FM-15,343,67,87,0,0
USW00014763,2024;07;15;04,FM-15,343,65,93,0,0
USW00014763,2024;07;15;05,FM-15,343,68,90,0,0
USW00014763,2024;07;15;06,FM-15,343,74,82,0,0
USW00014763,2024;07;15;07,FM-16,343,79,72,240,7
USW00014763,2024;07;15;07,FM-15,343,79,72,240,3
USW00014763,2024;07;15;08,FM-15,343,82,60,280,8
USW00014763,2024;07;15;09,FM-15,343,81,65,280,10
USW00014763,2024;07;15;10,FM-15,343,81,62,270,3
USW00014763,2024;07;15;11,FM-15,343,82,60,0,0
USW00014763,2024;07;15;12,FM-15,343,83,55,310,6
USW00014763,2024;07;15;13,FM-15,343,85,61,250,7
USW00014763,2024;07;15;14,FM-15,343,87,51,210,8
USW00014763,2024;07;15;15,FM-15,343,88,50,200,9
USW00014763,2024;07;15;16,FM-15,343,84,61,170,8
USW00014763,2024;07;15;17,FM-15,343,82,60,160,10
USW00014763,2024;07;15;18,FM-15,343,80,64,VRB,7
USW00014763,2024;07;15;19,FM-15,343,79,69,0,0
USW00014763,2024;07;15;20,FM-15,343,77,77,VRB,3
USW00014763,2024;07;15;21,FM-16,343,76,82,250,7
USW00014763,2024;07;15;21,FM-16,343,72,76,210,7
USW00014763,2024;07;15;21,FM-15,343,70,84,210,6
USW00014763,2024;07;15;22,FM-15,343,69,90,300,7
USW00014763,2024;07;15;23,FM-15,343,70,84,150,6
USW00014763,2024;07;16;00,SOD,,,,,
USW00014763,2024;07;16;00,FM-15,343,70,87,290,5
USW00014763,2024;07;16;01,FM-15,343,68,93,230,3
USW00014763,2024;07;16;02,FM-15,343,69,90,220,6
USW00014763,2024;07;16;03,FM-16,343,70,88,220,5
USW00014763,2024;07;16;03,FM-15,343,69,90,230,5
USW00014763,2024;07;16;04,FM-15,343,70,87,220,6
USW00014763,2024;07;16;05,FM-16,343,69,90,200,5
USW00014763,2024;07;16;05,FM-15,343,69,90,210,6
USW00014763,2024;07;16;06,FM-15,343,71,84,0,0
USW00014763,2024;07;16;07,FM-15,343,73,81,240,7
USW00014763,2024;07;16;08,FM-16,343,76,74,300,7
USW00014763,2024;07;16;08,FM-15,343,76,74,280,8
USW00014763,2024;07;16;09,FM-15,343,78,71,230,8
USW00014763,2024;07;16;10,FM-15,343,81,65,220,7
USW00014763,2024;07;16;11,FM-15,343,85,53,240,10
USW00014763,2024;07;16;12,FM-15,343,86,53,230,9
USW00014763,2024;07;16;13,FM-15,343,86,57,190,9
USW00014763,2024;07;16;14,FM-15,343,86,57,VRB,10
USW00014763,2024;07;16;15,FM-15,343,87,57,190,15
USW00014763,2024;07;16;16,FM-16,343,82,69,180,20
USW00014763,2024;07;16;16,FM-16,343,75,89,170,14
USW00014763,2024;07;16;16,FM-15,343,76,85,170,11
USW00014763,2024;07;16;17,FM-16,343,80,74,160,13
USW00014763,2024;07;16;17,FM-16,343,80,74,180,13
USW00014763,2024;07;16;17,FM-16,343,80,74,VRB,10
USW00014763,2024;07;16;17,FM-16,343,70,90,280,7
USW00014763,2024;07;16;17,FM-16,343,71,90,VRB,3
USW00014763,2024;07;16;17,FM-16,343,72,88,330,9
USW00014763,2024;07;16;17,FM-15,343,71,94,340,8
USW00014763,2024;07;16;18,FM-16,343,72,91,200,13
USW00014763,2024;07;16;18,FM-16,343,72,91,230,8
USW00014763,2024;07;16;18,FM-16,343,72,91,300,9
USW00014763,2024;07;16;18,FM-16,343,71,96,290,3
USW00014763,2024;07;16;18,FM-16,343,72,94,310,6
USW00014763,2024;07;16;18,FM-16,343,72,94,310,3
USW00014763,2024;07;16;18,FM-15,343,72,94,170,5
USW00014763,2024;07;16;19,FM-15,343,72,91,270,7
USW00014763,2024;07;16;20,FM-15,343,72,87,210,3
USW00014763,2024;07;16;21,FM-15,343,73,81,250,8
USW00014763,2024;07;16;22,FM-16,343,71,87,270,6
USW00014763,2024;07;16;22,FM-15,343,71,87,270,7
USW00014763,2024;07;16;23,FM-16,343,71,87,290,8
USW00014763,2024;07;16;23,FM-15,343,70,90,0,0
USW00014763,2024;07;17;00,SOD,,,,,
USW00014763,2024;07;17;00,FM-15,343,69,90,0,0
USW00014763,2024;07;17;01,FM-15,343,67,93,150,3
USW00014763,2024;07;17;02,FM-16,343,66,96,140,3
USW00014763,2024;07;17;02,FM-16,343,66,96,0,0
USW00014763,2024;07;17;02,FM-16,343,66,96,0,0
USW00014763,2024;07;17;02,FM-16,343,65,97,0,0
USW00014763,2024;07;17;02,FM-15,343,66,93,0,0
USW00014763,2024;07;17;03,FM-16,343,65,97,50,3
USW00014763,2024;07;17;03,FM-16,343,65,97,0,0
USW00014763,2024;07;17;03,FM-16,343,64,96,0,0
USW00014763,2024;07;17;03,FM-16,343,64,96,0,0
USW00014763,2024;07;17;03,FM-16,343,64,100,0,0
USW00014763,2024;07;17;03,FM-15,343,64,100,0,0
USW00014763,2024;07;17;04,FM-16,343,64,100,290,3
USW00014763,2024;07;17;04,FM-16,343,65,97,0,0
USW00014763,2024;07;17;04,FM-16,343,65,97,0,0
USW00014763,2024;07;17;04,FM-16,343,64,96,130,3
USW00014763,2024;07;17;04,FM-16,343,64,96,0,0
USW00014763,2024;07;17;04,FM-15,343,63,100,0,0
USW00014763,2024;07;17;05,FM-16,343,64,96,0,0
USW00014763,2024;07;17;05,FM-16,343,65,100,0,0
USW00014763,2024;07;17;05,FM-15,343,66,96,0,0
USW00014763,2024;07;17;06,FM-16,343,66,100,0,0
USW00014763,2024;07;17;06,FM-16,343,67,97,0,0
USW00014763,2024;07;17;06,FM-16,343,66,100,0,0
USW00014763,2024;07;17;06,FM-15,343,67,100,0,0
USW00014763,2024;07;17;07,FM-16,343,68,96,0,0
USW00014763,2024;07;17;07,FM-16,343,68,96,0,0
USW00014763,2024;07;17;07,FM-16,343,69,96,0,0
USW00014763,2024;07;17;07,FM-16,343,72,88,80,3
USW00014763,2024;07;17;07,FM-15,343,72,87,0,0
USW00014763,2024;07;17;08,FM-15,343,77,79,0,0
USW00014763,2024;07;17;09,FM-15,343,78,69,190,8
USW00014763,2024;07;17;10,FM-15,343,80,64,160,10
USW00014763,2024;07;17;11,FM-15,343,83,61,150,8
USW00014763,2024;07;17;12,FM-15,343,85,59,160,8
USW00014763,2024;07;17;13,FM-15,343,85,55,VRB,5
USW00014763,2024;07;17;14,FM-16,343,73,89,340,7
USW00014763,2024;07;17;14,FM-15,343,72,94,330,5
USW00014763,2024;07;17;15,FM-16,343,71,94,320,10
USW00014763,2024;07;17;15,FM-16,343,71,94,360,3
USW00014763,2024;07;17;15,FM-16,343,69,96,240,5
USW00014763,2024;07;17;15,FM-16,343,70,93,180,5
USW00014763,2024;07;17;15,FM-16,343,71,94,200,7
USW00014763,2024;07;17;15,FM-16,343,71,94,220,6
USW00014763,2024;07;17;15,FM-15,343,71,94,210,8
USW00014763,2024;07;17;16,FM-16,343,71,94,220,6
USW00014763,2024;07;17;16,FM-16,343,71,94,100,7
USW00014763,2024;07;17;16,FM-16,343,72,94,0,0
USW00014763,2024;07;17;16,FM-15,343,71,94,0,0
USW00014763,2024;07;17;17,FM-16,343,71,96,0,0
USW00014763,2024;07;17;17,FM-15,343,72,94,0,0
USW00014763,2024;07;17;18,FM-16,343,72,94,0,0
USW00014763,2024;07;17;18,FM-16,343,71,96,0,0
USW00014763,2024;07;17;18,FM-15,343,71,94,240,3
USW00014763,2024;07;17;19,FM-15,343,71,90,0,0
USW00014763,2024;07;17;20,FM-15,343,69,96,0,0
USW00014763,2024;07;17;21,FM-16,343,69,93,0,0
USW00014763,2024;07;17;21,FM-15,343,69,93,0,0
USW00014763,2024;07;17;22,FM-16,343,69,93,160,3
USW00014763,2024;07;17;22,FM-16,343,68,96,0,0
USW00014763,2024;07;17;22,FM-15,343,69,93,250,5
USW00014763,2024;07;17;23,FM-16,343,69,93,0,0
USW00014763,2024;07;17;23,FM-16,343,69,93,170,3
USW00014763,2024;07;17;23,FM-15,343,69,93,0,0
USW00014763,2024;07;18;00,SOD,,,,,
USW00014763,2024;07;18;00,FM-16,343,69,93,200,3
USW00014763,2024;07;18;00,FM-15,343,69,93,0,0
USW00014763,2024;07;18;01,FM-16,343,68,96,290,6
USW00014763,2024;07;18;01,FM-15,343,69,93,300,6
USW00014763,2024;07;18;02,FM-16,343,69,93,310,6
USW00014763,2024;07;18;02,FM-16,343,69,87,290,8
USW00014763,2024;07;18;02,FM-15,343,69,84,310,7
USW00014763,2024;07;18;03,FM-15,343,68,87,260,7
USW00014763,2024;07;18;04,FM-15,343,67,87,260,5
USW00014763,2024;07;18;05,FM-15,343,67,87,260,6
USW00014763,2024;07;18;06,FM-15,343,68,84,250,7
USW00014763,2024;07;18;07,FM-15,343,69,84,260,8
USW00014763,2024;07;18;08,FM-15,343,72,71,320,7
USW00014763,2024;07;18;09,FM-15,343,75,62,310,9
USW00014763,2024;07;18;10,FM-15,343,75,58,310,14
USW00014763,2024;07;18;11,FM-15,343,76,54,290,10
USW00014763,2024;07;18;12,FM-15,343,77,48,280,15
USW00014763,2024;07;18;13,FM-15,343,78,45,310,13
USW00014763,2024;07;18;14,FM-15,343,75,48,290,13
USW00014763,2024;07;18;15,FM-15,343,75,48,300,8
USW00014763,2024;07;18;16,FM-15,343,76,47,320,9
USW00014763,2024;07;18;17,FM-15,343,75,45,300,11
USW00014763,2024;07;18;18,FM-15,343,71,53,300,9
USW00014763,2024;07;18;19,FM-15,343,67,57,290,8
USW00014763,2024;07;18;20,FM-15,343,64,65,250,7
USW00014763,2024;07;18;21,FM-15,343,63,70,240,8
USW00014763,2024;07;18;22,FM-15,343,62,75,270,7
USW00014763,2024;07;18;23,FM-15,343,62,75,310,8
USW00014763,2024;07;19;00,SOD,,,,,
USW00014763,2024;07;19;00,FM-15,343,61,78,300,9
USW00014763,2024;07;19;01,FM-15,343,59,83,250,6
USW00014763,2024;07;19;02,FM-15,343,57,90,240,6
USW00014763,2024;07;19;03,FM-15,343,57,90,240,7
USW00014763,2024;07;19;04,FM-15,343,56,90,260,5
USW00014763,2024;07;19;05,FM-15,343,60,84,0,0
USW00014763,2024;07;19;06,FM-15,343,62,80,150,3
USW00014763,2024;07;19;07,FM-15,343,65,70,0,0
USW00014763,2024;07;19;08,FM-15,343,68,61,330,7
USW00014763,2024;07;19;09,FM-15,343,72,55,VRB,7
USW00014763,2024;07;19;10,FM-15,343,72,57,330,9
USW00014763,2024;07;19;11,FM-15,343,75,52,320,6
USW00014763,2024;07;19;12,FM-15,343,75,48,310,7
USW00014763,2024;07;19;13,FM-15,343,74,52,300,9
USW00014763,2024;07;19;14,FM-15,343,76,48,280,7
USW00014763,2024;07;19;15,FM-15,343,76,47,VRB,5
USW00014763,2024;07;19;16,FM-15,343,76,45,310,6
USW00014763,2024;07;19;17,FM-15,343,75,46,280,5
USW00014763,2024;07;19;18,FM-15,343,73,50,0,0
USW00014763,2024;07;19;19,FM-15,343,66,73,0,0
USW00014763,2024;07;19;20,FM-15,343,61,84,0,0
USW00014763,2024;07;19;21,FM-15,343,59,90,0,0
USW00014763,2024;07;19;22,FM-15,343,58,87,0,0
USW00014763,2024;07;19;23,FM-15,343,56,93,0,0
USW00014763,2024;07;20;00,SOD,,,,,
USW00014763,2024;07;20;00,FM-15,343,56,93,0,0
USW00014763,2024;07;20;01,FM-15,343,56,93,0,0
USW00014763,2024;07;20;02,FM-15,343,54,93,0,0
USW00014763,2024;07;20;03,FM-15,343,53,96,0,0
USW00014763,2024;07;20;04,FM-15,343,53,96,0,0
USW00014763,2024;07;20;05,FM-16,343,55,96,0,0
USW00014763,2024;07;20;05,FM-16,343,55,96,0,0
USW00014763,2024;07;20;05,FM-16,343,56,97,0,0
USW00014763,2024;07;20;05,FM-16,343,55,100,0,0
USW00014763,2024;07;20;05,FM-16,343,55,100,0,0
USW00014763,2024;07;20;05,FM-15,343,56,100,0,0
USW00014763,2024;07;20;06,FM-15,343,61,87,0,0
USW00014763,2024;07;20;07,FM-15,343,64,81,0,0
USW00014763,2024;07;20;08,FM-15,343,70,71,0,0
USW00014763,2024;07;20;09,FM-15,343,76,52,200,7
USW00014763,2024;07;20;10,FM-15,343,76,56,VRB,5
USW00014763,2024;07;20;11,FM-15,343,78,48,VRB,5
USW00014763,2024;07;20;12,FM-15,343,80,49,,
USW00014763,2024;07;20;13,FM-15,343,79,52,VRB,7
USW00014763,2024;07;20;14,FM-15,343,77,58,180,6
USW00014763,2024;07;20;15,FM-15,343,74,71,220,6
USW00014763,2024;07;20;16,FM-15,343,75,69,210,7
USW00014763,2024;07;20;17,FM-15,343,72,76,200,5
USW00014763,2024;07;20;18,FM-15,343,71,79,250,5
USW00014763,2024;07;20;19,FM-15,343,69,87,0,0
USW00014763,2024;07;20;20,FM-15,343,69,87,0,0
USW00014763,2024;07;20;21,FM-15,343,69,84,260,6
USW00014763,2024;07;20;22,FM-15,343,66,93,0,0
USW00014763,2024;07;20;23,FM-15,343,67,91,260,3
USW00014763,2024;07;21;00,SOD,,,,,
USW00014763,2024;07;21;00,FM-15,343,67,87,210,6
USW00014763,2024;07;21;01,FM-15,343,64,90,0,0
USW00014763,2024;07;21;02,FM-15,343,61,97,0,0
USW00014763,2024;07;21;03,FM-16,343,61,97,0,0
USW00014763,2024;07;21;03,FM-15,343,59,93,0,0
USW00014763,2024;07;21;03,FM-16,343,59,93,0,0
USW00014763,2024;07;21;04,FM-16,343,59,93,0,0
USW00014763,2024;07;21;04,FM-16,343,60,93,0,0
USW00014763,2024;07;21;04,FM-16,343,59,93,0,0
USW00014763,2024;07;21;04,FM-16,343,57,100,0,0
USW00014763,2024;07;21;04,FM-15,343,58,97,0,0
USW00014763,2024;07;21;04,FM-16,343,58,97,0,0
USW00014763,2024;07;21;05,FM-16,343,58,97,0,0
USW00014763,2024;07;21;05,FM-16,343,59,93,120,3
USW00014763,2024;07;21;05,FM-15,343,62,93,0,0
USW00014763,2024;07;21;06,FM-15,343,66,87,0,0
USW00014763,2024;07;21;07,FM-15,343,70,73,240,5
USW00014763,2024;07;21;08,FM-15,343,73,57,310,8
USW00014763,2024;07;21;09,FM-15,343,75,60,VRB,8
USW00014763,2024;07;21;10,FM-15,343,76,58,320,8
USW00014763,2024;07;21;11,FM-15,343,77,56,280,9
USW00014763,2024;07;21;12,FM-15,343,78,52,300,7
USW00014763,2024;07;21;13,FM-15,343,78,52,310,8
USW00014763,2024;07;21;14,FM-15,343,79,50,270,9
USW00014763,2024;07;21;15,FM-15,343,78,56,290,3
USW00014763,2024;07;21;16,FM-15,343,77,56,270,3
USW00014763,2024;07;21;17,FM-16,343,68,87,290,10
USW00014763,2024;07;21;17,FM-15,343,68,90,0,0
USW00014763,2024;07;21;17,FM-16,343,69,87,100,3
USW00014763,2024;07;21;18,FM-15,343,68,90,330,3
USW00014763,2024;07;21;19,FM-16,343,65,93,0,0
USW00014763,2024;07;21;19,FM-16,343,64,94,0,0
USW00014763,2024;07;21;19,FM-15,343,63,97,0,0
USW00014763,2024;07;21;20,FM-16,343,63,93,0,0
USW00014763,2024;07;21;20,FM-16,343,64,96,0,0
USW00014763,2024;07;21;20,FM-16,343,64,94,230,3
USW00014763,2024;07;21;20,FM-15,343,65,93,250,5
USW00014763,2024;07;21;20,FM-16,343,64,96,260,3
USW00014763,2024;07;21;21,FM-16,343,64,96,260,3
USW00014763,2024;07;21;21,FM-15,343,62,96,0,0
USW00014763,2024;07;21;22,FM-16,343,62,96,0,0
USW00014763,2024;07;21;22,FM-16,343,62,96,0,0
USW00014763,2024;07;21;22,FM-16,343,62,96,0,0
USW00014763,2024;07;21;22,FM-15,343,62,96,0,0
USW00014763,2024;07;21;23,FM-16,343,62,96,0,0
USW00014763,2024;07;21;23,FM-16,343,63,97,0,0
USW00014763,2024;07;21;23,FM-16,343,63,100,0,0
USW00014763,2024;07;21;23,FM-15,343,63,97,0,0
USW00014763,2024;07;22;00,SOD,,,,,
USW00014763,2024;07;22;00,FM-16,343,63,97,0,0
USW00014763,2024;07;22;00,FM-15,343,63,97,0,0
USW00014763,2024;07;22;01,FM-16,343,63,97,0,0
USW00014763,2024;07;22;01,FM-15,343,63,97,0,0
USW00014763,2024;07;22;02,FM-15,343,63,97,0,0
USW00014763,2024;07;22;03,FM-16,343,62,100,0,0
USW00014763,2024;07;22;03,FM-15,343,62,100,0,0
USW00014763,2024;07;22;04,FM-16,343,62,96,0,0
USW00014763,2024;07;22;04,FM-16,343,63,94,0,0
USW00014763,2024;07;22;04,FM-15,343,62,96,0,0
USW00014763,2024;07;22;05,FM-15,343,62,96,0,0
USW00014763,2024;07;22;06,FM-16,343,63,97,0,0
USW00014763,2024;07;22;06,FM-16,343,63,100,0,0
USW00014763,2024;07;22;06,FM-15,343,63,97,0,0
USW00014763,2024;07;22;07,FM-16,343,64,96,0,0
USW00014763,2024;07;22;07,FM-16,343,64,94,0,0
USW00014763,2024;07;22;07,FM-15,343,64,96,0,0
USW00014763,2024;07;22;08,FM-16,343,65,93,0,0
USW00014763,2024;07;22;08,FM-16,343,66,93,0,0
USW00014763,2024;07;22;08,FM-15,343,71,84,0,0
USW00014763,2024;07;22;09,FM-15,343,76,62,0,0
USW00014763,2024;07;22;10,FM-15,343,77,66,180,5
USW00014763,2024;07;22;11,FM-15,343,80,58,VRB,3
USW00014763,2024;07;22;12,FM-15,343,81,53,210,8
USW00014763,2024;07;22;13,FM-15,343,80,58,200,10
USW00014763,2024;07;22;14,FM-15,343,80,56,180,10
USW00014763,2024;07;22;15,FM-15,343,78,62,190,9
USW00014763,2024;07;22;16,FM-15,343,78,67,200,7
USW00014763,2024;07;22;17,FM-15,343,74,76,190,11
USW00014763,2024;07;22;18,FM-15,343,73,81,170,7
USW00014763,2024;07;22;19,FM-15,343,72,82,180,6
USW00014763,2024;07;22;20,FM-15,343,71,84,170,5
USW00014763,2024;07;22;21,FM-15,343,70,87,0,0
USW00014763,2024;07;22;22,FM-16,343,70,84,VRB,3
USW00014763,2024;07;22;22,FM-15,343,69,87,140,3
USW00014763,2024;07;22;23,FM-15,343,69,90,0,0
USW00014763,2024;07;23;00,SOD,,,,,
USW00014763,2024;07;23;00,FM-15,343,68,93,0,0
USW00014763,2024;07;23;01,FM-15,343,68,93,0,0
USW00014763,2024;07;23;02,FM-16,343,67,97,160,5
USW00014763,2024;07;23;02,FM-16,343,68,96,130,5
USW00014763,2024;07;23;02,FM-16,343,68,94,160,11
USW00014763,2024;07;23;02,FM-15,343,68,90,160,9
USW00014763,2024;07;23;03,FM-15,343,67,91,0,0
USW00014763,2024;07;23;04,FM-15,343,65,93,0,0
USW00014763,2024;07;23;05,FM-15,343,66,93,0,0
USW00014763,2024;07;23;06,FM-16,343,66,96,0,0
USW00014763,2024;07;23;06,FM-16,343,66,96,0,0
USW00014763,2024;07;23;06,FM-16,343,66,94,290,3
USW00014763,2024;07;23;06,FM-15,343,66,93,0,0
USW00014763,2024;07;23;07,FM-16,343,67,91,0,0
USW00014763,2024;07;23;07,FM-16,343,67,91,0,0
USW00014763,2024;07;23;07,FM-16,343,67,91,0,0
USW00014763,2024;07;23;07,FM-16,343,66,94,10,3
USW00014763,2024;07;23;07,FM-16,343,66,94,0,0
USW00014763,2024;07;23;07,FM-15,343,67,91,20,3
USW00014763,2024;07;23;08,FM-16,343,67,93,50,5
USW00014763,2024;07;23;08,FM-16,343,67,91,10,3
USW00014763,2024;07;23;08,FM-15,343,67,91,30,3
USW00014763,2024;07;23;09,FM-16,343,67,91,10,3
USW00014763,2024;07;23;09,FM-16,343,67,93,VRB,3
USW00014763,2024;07;23;09,FM-15,343,67,91,0,0
USW00014763,2024;07;23;10,FM-15,343,69,87,80,3
USW00014763,2024;07;23;11,FM-16,343,70,84,40,5
USW00014763,2024;07;23;11,FM-15,343,70,84,VRB,3
USW00014763,2024;07;23;12,FM-15,343,70,84,260,3
USW00014763,2024;07;23;13,FM-16,343,71,81,0,0
USW00014763,2024;07;23;13,FM-15,343,74,71,0,0
USW00014763,2024;07;23;14,FM-15,343,74,74,150,5
USW00014763,2024;07;23;15,FM-15,343,75,71,0,0
USW00014763,2024;07;23;16,FM-16,343,75,74,0,0
USW00014763,2024;07;23;16,FM-15,343,74,74,190,5
USW00014763,2024;07;23;17,FM-16,343,74,74,180,5
USW00014763,2024;07;23;17,FM-15,343,74,76,180,6
USW00014763,2024;07;23;18,FM-15,343,73,79,VRB,5
USW00014763,2024;07;23;19,FM-15,343,70,84,190,3
USW00014763,2024;07;23;20,FM-16,343,70,87,160,7
USW00014763,2024;07;23;20,FM-15,343,69,90,350,3
USW00014763,2024;07;23;21,FM-16,343,69,90,0,0
USW00014763,2024;07;23;21,FM-16,343,69,90,0,0
USW00014763,2024;07;23;21,FM-15,343,70,87,0,0
USW00014763,2024;07;23;22,FM-16,343,69,90,0,0
USW00014763,2024;07;23;22,FM-15,343,70,87,0,0
USW00014763,2024;07;23;23,FM-16,343,68,93,0,0
USW00014763,2024;07;23;23,FM-15,343,68,93,340,3
USW00014763,2024;07;24;00,SOD,,,,,
USW00014763,2024;07;24;00,FM-15,343,68,93,0,0
USW00014763,2024;07;24;01,FM-15,343,68,93,0,0
USW00014763,2024;07;24;02,FM-16,343,67,93,100,3
USW00014763,2024;07;24;02,FM-16,343,68,94,70,5
USW00014763,2024;07;24;02,FM-15,343,69,90,0,0
USW00014763,2024;07;24;03,FM-16,343,66,94,0,0
USW00014763,2024;07;24;03,FM-15,343,67,93,0,0
USW00014763,2024;07;24;04,FM-15,343,65,97,130,3
USW00014763,2024;07;24;05,FM-16,343,67,93,0,0
USW00014763,2024;07;24;05,FM-16,343,68,93,0,0
USW00014763,2024;07;24;05,FM-15,343,68,93,0,0
USW00014763,2024;07;24;06,FM-16,343,68,93,0,0
USW00014763,2024;07;24;06,FM-15,343,69,90,0,0
USW00014763,2024;07;24;07,FM-15,343,70,87,110,3
USW00014763,2024;07;24;08,FM-16,343,71,84,140,5
USW00014763,2024;07;24;08,FM-16,343,72,82,140,3
USW00014763,2024;07;24;08,FM-15,343,72,82,140,5
USW00014763,2024;07;24;09,FM-15,343,73,79,180,5
USW00014763,2024;07;24;10,FM-16,343,73,78,130,9
USW00014763,2024;07;24;10,FM-15,343,74,76,140,8
USW00014763,2024;07;24;11,FM-16,343,74,76,140,7
USW00014763,2024;07;24;11,FM-16,343,74,76,150,6
USW00014763,2024;07;24;11,FM-15,343,75,74,VRB,7
USW00014763,2024;07;24;12,FM-15,343,76,74,160,7
USW00014763,2024;07;24;13,FM-15,343,77,66,210,5
USW00014763,2024;07;24;14,FM-15,343,77,69,VRB,8
USW00014763,2024;07;24;15,FM-15,343,77,69,160,8
USW00014763,2024;07;24;16,FM-15,343,76,74,140,6
USW00014763,2024;07;24;17,FM-15,343,74,79,130,10
USW00014763,2024;07;24;18,FM-15,343,73,81,140,8
USW00014763,2024;07;24;19,FM-15,343,72,84,VRB,9
USW00014763,2024;07;24;20,FM-16,343,72,84,120,7
USW00014763,2024;07;24;20,FM-16,343,71,87,140,10
USW00014763,2024;07;24;20,FM-15,343,72,84,160,8
USW00014763,2024;07;24;21,FM-15,343,72,87,170,9
USW00014763,2024;07;24;22,FM-15,343,72,87,180,8
USW00014763,2024;07;24;23,FM-16,343,72,87,170,8
USW00014763,2024;07;24;23,FM-16,343,72,87,160,10
USW00014763,2024;07;24;23,FM-15,343,72,87,180,9
USW00014763,2024;07;25;00,SOD,,,,,
USW00014763,2024;07;25;00,FM-16,343,72,87,170,10
USW00014763,2024;07;25;00,FM-15,343,73,81,210,6
USW00014763,2024;07;25;01,FM-16,343,72,84,VRB,9
USW00014763,2024;07;25;01,FM-16,343,72,83,250,6
USW00014763,2024;07;25;01,FM-15,343,71,87,250,7
USW00014763,2024;07;25;02,FM-16,343,72,84,210,7
USW00014763,2024;07;25;02,FM-16,343,72,84,210,6
USW00014763,2024;07;25;02,FM-16,343,71,87,220,5
USW00014763,2024;07;25;02,FM-15,343,71,87,210,8
USW00014763,2024;07;25;03,FM-16,343,71,87,220,5
USW00014763,2024;07;25;03,FM-15,343,71,87,240,6
USW00014763,2024;07;25;04,FM-16,343,70,90,240,3
USW00014763,2024;07;25;04,FM-15,343,68,93,260,5
USW00014763,2024;07;25;05,FM-16,343,70,90,250,3
USW00014763,2024;07;25;05,FM-15,343,70,90,240,3
USW00014763,2024;07;25;06,FM-16,343,70,90,230,5
USW00014763,2024;07;25;06,FM-15,343,70,90,250,6
USW00014763,2024;07;25;07,FM-16,343,71,81,280,8
USW00014763,2024;07;25;07,FM-16,343,72,79,VRB,6
USW00014763,2024;07;25;07,FM-15,343,72,76,320,9
USW00014763,2024;07;25;08,FM-16,343,72,71,300,13
USW00014763,2024;07;25;08,FM-16,343,72,73,300,9
USW00014763,2024;07;25;08,FM-15,343,72,71,310,8
USW00014763,2024;07;25;09,FM-16,343,72,71,280,13
USW00014763,2024;07;25;09,FM-15,343,73,69,290,14
USW00014763,2024;07;25;10,FM-15,343,75,60,280,9
USW00014763,2024;07;25;11,FM-15,343,75,62,300,9
USW00014763,2024;07;25;12,FM-15,343,75,58,280,10
USW00014763,2024;07;25;13,FM-15,343,75,54,270,11
USW00014763,2024;07;25;14,FM-15,343,77,48,270,17
USW00014763,2024;07;25;15,FM-15,343,76,47,290,10
USW00014763,2024;07;25;16,FM-15,343,75,43,290,18
USW00014763,2024;07;25;17,FM-15,343,72,53,300,11
USW00014763,2024;07;25;18,FM-15,343,69,57,300,10
USW00014763,2024;07;25;19,FM-15,343,66,65,280,10
USW00014763,2024;07;25;20,FM-15,343,64,70,270,8
USW00014763,2024;07;25;21,FM-15,343,64,70,260,7
USW00014763,2024;07;25;22,FM-15,343,63,73,270,7
USW00014763,2024;07;25;23,FM-15,343,62,75,270,9
USW00014763,2024;07;26;00,SOD,,,,,
USW00014763,2024;07;26;00,FM-15,343,62,75,280,13
USW00014763,2024;07;26;01,FM-15,343,60,78,240,7
USW00014763,2024;07;26;02,FM-16,343,60,78,270,9
USW00014763,2024;07;26;02,FM-15,343,60,78,270,13
USW00014763,2024;07;26;03,FM-16,343,59,81,280,11
USW00014763,2024;07;26;03,FM-15,343,59,81,270,7
USW00014763,2024;07;26;04,FM-16,343,59,81,0,0
USW00014763,2024;07;26;04,FM-15,343,60,78,0,0
USW00014763,2024;07;26;05,FM-16,343,59,81,280,13
USW00014763,2024;07;26;05,FM-15,343,60,78,300,14
USW00014763,2024;07;26;06,FM-15,343,62,73,310,10
USW00014763,2024;07;26;07,FM-16,343,61,75,,
USW00014763,2024;07;26;07,FM-15,343,65,70,,
USW00014763,2024;07;26;08,FM-16,343,66,68,290,8
USW00014763,2024;07;26;08,FM-15,343,69,61,330,8
USW00014763,2024;07;26;09,FM-15,343,73,55,340,8
USW00014763,2024;07;26;10,FM-15,343,75,50,340,11
USW00014763,2024;07;26;11,FM-15,343,76,45,360,13
USW00014763,2024;07;26;12,FM-15,343,77,40,310,9
USW00014763,2024;07;26;13,FM-15,343,77,40,340,11
USW00014763,2024;07;26;14,FM-15,343,76,45,320,7
USW00014763,2024;07;26;15,FM-15,343,78,42,10,7
USW00014763,2024;07;26;16,FM-15,343,77,45,310,8
USW00014763,2024;07;26;17,FM-15,343,76,47,20,5
USW00014763,2024;07;26;18,FM-15,343,73,53,0,0
USW00014763,2024;07;26;19,FM-15,343,64,81,0,0
USW00014763,2024;07;26;20,FM-15,343,63,78,0,0
USW00014763,2024;07;26;21,FM-15,343,59,87,0,0
USW00014763,2024;07;26;22,FM-15,343,60,86,0,0
USW00014763,2024;07;26;23,FM-15,343,56,93,0,0
USW00014763,2024;07;27;00,SOD,,,,,
USW00014763,2024;07;27;00,FM-15,343,56,93,0,0
USW00014763,2024;07;27;01,FM-15,343,56,93,0,0
USW00014763,2024;07;27;02,FM-15,343,55,93,0,0
USW00014763,2024;07;27;03,FM-16,343,54,97,0,0
USW00014763,2024;07;27;03,FM-16,343,54,97,0,0
USW00014763,2024;07;27;03,FM-16,343,55,96,0,0
USW00014763,2024;07;27;03,FM-16,343,54,97,0,0
USW00014763,2024;07;27;03,FM-16,343,54,93,0,0
USW00014763,2024;07;27;03,FM-16,343,54,94,0,0
USW00014763,2024;07;27;03,FM-15,343,54,93,0,0
USW00014763,2024;07;27;03,FM-16,343,55,93,0,0
USW00014763,2024;07;27;04,FM-16,343,53,96,0,0
USW00014763,2024;07;27;04,FM-16,343,53,96,0,0
USW00014763,2024;07;27;04,FM-16,343,54,93,0,0
USW00014763,2024;07;27;04,FM-16,343,53,96,0,0
USW00014763,2024;07;27;04,FM-16,343,53,96,0,0
USW00014763,2024;07;27;04,FM-16,343,54,93,0,0
USW00014763,2024;07;27;04,FM-16,343,54,93,0,0
USW00014763,2024;07;27;04,FM-16,343,54,94,0,0
USW00014763,2024;07;27;04,FM-15,343,53,96,0,0
USW00014763,2024;07;27;05,FM-15,343,57,93,0,0
USW00014763,2024;07;27;06,FM-15,343,61,84,0,0
USW00014763,2024;07;27;07,FM-15,343,67,76,0,0
USW00014763,2024;07;27;08,FM-15,343,72,64,VRB,3
USW00014763,2024;07;27;09,FM-15,343,76,54,330,7
USW00014763,2024;07;27;10,FM-15,343,77,50,VRB,5
USW00014763,2024;07;27;11,FM-15,343,76,50,300,8
USW00014763,2024;07;27;12,FM-15,343,77,50,320,9
USW00014763,2024;07;27;13,FM-15,343,80,42,VRB,7
USW00014763,2024;07;27;14,FM-15,343,80,41,330,10
USW00014763,2024;07;27;15,FM-15,343,80,39,10,8
USW00014763,2024;07;27;16,FM-15,343,79,39,30,6
USW00014763,2024;07;27;17,FM-15,343,77,48,350,3
USW00014763,2024;07;27;18,FM-15,343,72,66,0,0
USW00014763,2024;07;27;19,FM-15,343,66,75,0,0
USW00014763,2024;07;27;20,FM-15,343,64,81,0,0
USW00014763,2024;07;27;21,FM-15,343,61,87,0,0
USW00014763,2024;07;27;22,FM-15,343,61,87,0,0
USW00014763,2024;07;27;23,FM-15,343,59,93,0,0
USW00014763,2024;07;28;00,SOD,,,,,
USW00014763,2024;07;28;00,FM-15,343,58,93,0,0
USW00014763,2024;07;28;01,FM-15,343,58,93,0,0
USW00014763,2024;07;28;02,FM-15,343,57,93,0,0
USW00014763,2024;07;28;03,FM-16,343,55,96,0,0
USW00014763,2024;07;28;03,FM-16,343,56,93,0,0
USW00014763,2024;07;28;03,FM-15,343,56,97,0,0
USW00014763,2024;07;28;04,FM-16,343,55,96,0,0
USW00014763,2024;07;28;04,FM-16,343,55,96,0,0
USW00014763,2024;07;28;04,FM-16,343,56,93,0,0
USW00014763,2024;07;28;04,FM-15,343,55,96,0,0
USW00014763,2024;07;28;05,FM-16,343,56,93,0,0
USW00014763,2024;07;28;05,FM-15,343,57,96,0,0
USW00014763,2024;07;28;06,FM-15,343,63,87,0,0
USW00014763,2024;07;28;07,FM-15,343,68,76,0,0
USW00014763,2024;07;28;08,FM-15,343,72,68,0,0
USW00014763,2024;07;28;09,FM-15,343,77,58,0,0
USW00014763,2024;07;28;10,FM-15,343,79,54,,
USW00014763,2024;07;28;11,FM-15,343,82,49,350,7
USW00014763,2024;07;28;12,FM-15,343,79,52,120,6
USW00014763,2024;07;28;13,FM-15,343,80,49,0,0
USW00014763,2024;07;28;14,FM-15,343,80,47,0,0
USW00014763,2024;07;28;15,FM-15,343,79,52,110,3
USW00014763,2024;07;28;16,FM-15,343,77,58,,
USW00014763,2024;07;28;17,FM-15,343,75,66,0,0
USW00014763,2024;07;28;18,FM-15,343,74,67,0,0
USW00014763,2024;07;28;19,FM-15,343,70,76,0,0
USW00014763,2024;07;28;20,FM-15,343,69,78,0,0
USW00014763,2024;07;28;21,FM-15,343,65,87,0,0
USW00014763,2024;07;28;22,FM-15,343,68,81,280,3
USW00014763,2024;07;28;23,FM-15,343,66,87,0,0
USW00014763,2024;07;29;00,SOD,,,,,
USW00014763,2024;07;29;00,FM-15,343,65,90,0,0
USW00014763,2024;07;29;01,FM-15,343,66,87,290,3
USW00014763,2024;07;29;02,FM-15,343,65,93,320,3
USW00014763,2024;07;29;03,FM-15,343,65,90,220,7
USW00014763,2024;07;29;04,FM-15,343,64,93,50,5
USW00014763,2024;07;29;05,FM-16,343,65,93,0,0
USW00014763,2024;07;29;05,FM-16,343,64,93,60,3
USW00014763,2024;07;29;05,FM-15,343,64,96,160,3
USW00014763,2024;07;29;06,FM-16,343,65,93,220,5
USW00014763,2024;07;29;06,FM-16,343,65,93,210,6
USW00014763,2024;07;29;06,FM-16,343,64,94,300,3
USW00014763,2024;07;29;06,FM-15,343,65,93,350,6
USW00014763,2024;07;29;07,FM-16,343,65,93,10,5
USW00014763,2024;07;29;07,FM-16,343,65,93,0,0
USW00014763,2024;07;29;07,FM-16,343,65,93,0,0
USW00014763,2024;07;29;07,FM-15,343,66,90,0,0
USW00014763,2024;07;29;08,FM-16,343,66,93,0,0
USW00014763,2024;07;29;08,FM-16,343,66,94,10,3
USW00014763,2024;07;29;08,FM-15,343,67,91,VRB,3
USW00014763,2024;07;29;09,FM-15,343,67,91,0,0
USW00014763,2024;07;29;10,FM-16,343,67,91,0,0
USW00014763,2024;07;29;10,FM-16,343,68,87,0,0
USW00014763,2024;07;29;10,FM-16,343,69,87,200,6
USW00014763,2024;07;29;10,FM-15,343,69,87,290,6
USW00014763,2024;07;29;11,FM-16,343,70,83,80,3
USW00014763,2024;07;29;11,FM-15,343,69,87,0,0
USW00014763,2024;07;29;12,FM-16,343,69,87,0,0
USW00014763,2024;07;29;12,FM-16,343,70,83,0,0
USW00014763,2024;07;29;12,FM-15,343,70,84,160,3
USW00014763,2024;07;29;13,FM-15,343,71,81,230,5
USW00014763,2024;07;29;14,FM-15,343,69,81,240,8
USW00014763,2024;07;29;15,FM-15,343,69,81,340,3
USW00014763,2024;07;29;16,FM-15,343,68,87,160,5
USW00014763,2024;07;29;17,FM-16,343,69,84,210,3
USW00014763,2024;07;29;17,FM-15,343,68,78,150,8
USW00014763,2024;07;29;18,FM-15,343,67,87,170,6
USW00014763,2024;07;29;19,FM-15,343,66,93,0,0
USW00014763,2024;07;29;20,FM-16,343,66,88,320,3
USW00014763,2024;07;29;20,FM-15,343,65,93,350,3
USW00014763,2024;07;29;21,FM-16,343,65,93,0,0
USW00014763,2024;07;29;21,FM-16,343,65,97,0,0
USW00014763,2024;07;29;21,FM-15,343,65,93,0,0
USW00014763,2024;07;29;21,FM-16,343,64,96,0,0
USW00014763,2024;07;29;22,FM-16,343,65,93,50,3
USW00014763,2024;07;29;22,FM-16,343,64,94,0,0
USW00014763,2024;07;29;22,FM-16,343,64,94,0,0
USW00014763,2024;07;29;22,FM-15,343,65,93,0,0
USW00014763,2024;07;29;23,FM-16,343,64,93,0,0
USW00014763,2024;07;29;23,FM-16,343,64,93,0,0
USW00014763,2024;07;29;23,FM-16,343,63,97,0,0
USW00014763,2024;07;29;23,FM-16,343,64,94,0,0
USW00014763,2024;07;29;23,FM-15,343,64,96,0,0
USW00014763,2024;07;30;00,SOD,,,,,
USW00014763,2024;07;30;00,FM-16,343,63,97,0,0
USW00014763,2024;07;30;00,FM-16,343,63,100,0,0
USW00014763,2024;07;30;00,FM-16,343,63,97,0,0
USW00014763,2024;07;30;00,FM-15,343,63,100,0,0
USW00014763,2024;07;30;01,FM-16,343,63,100,0,0
USW00014763,2024;07;30;01,FM-16,343,64,96,0,0
USW00014763,2024;07;30;01,FM-16,343,64,96,0,0
USW00014763,2024;07;30;01,FM-16,343,64,96,0,0
USW00014763,2024;07;30;01,FM-16,343,64,94,0,0
USW00014763,2024;07;30;01,FM-15,343,64,96,0,0
USW00014763,2024;07;30;02,FM-16,343,64,96,0,0
USW00014763,2024;07;30;02,FM-16,343,64,96,0,0
USW00014763,2024;07;30;02,FM-16,343,64,96,0,0
USW00014763,2024;07;30;02,FM-16,343,64,96,50,3
USW00014763,2024;07;30;02,FM-16,343,64,96,0,0
USW00014763,2024;07;30;02,FM-16,343,64,94,0,0
USW00014763,2024;07;30;02,FM-15,343,64,96,0,0
USW00014763,2024;07;30;03,FM-16,343,64,96,0,0
USW00014763,2024;07;30;03,FM-16,343,64,96,40,5
USW00014763,2024;07;30;03,FM-15,343,64,96,50,3
USW00014763,2024;07;30;04,FM-16,343,64,100,0,0
USW00014763,2024;07;30;04,FM-16,343,64,96,0,0
USW00014763,2024;07;30;04,FM-15,343,65,97,0,0
USW00014763,2024;07;30;05,FM-16,343,65,97,0,0
USW00014763,2024;07;30;05,FM-16,343,65,97,0,0
USW00014763,2024;07;30;05,FM-16,343,66,94,340,3
USW00014763,2024;07;30;05,FM-15,343,66,93,360,3
USW00014763,2024;07;30;06,FM-16,343,66,96,0,0
USW00014763,2024;07;30;06,FM-16,343,67,93,0,0
USW00014763,2024;07;30;06,FM-16,343,67,93,0,0
USW00014763,2024;07;30;06,FM-15,343,67,93,0,0
USW00014763,2024;07;30;07,FM-16,343,68,93,0,0
USW00014763,2024;07;30;07,FM-15,343,70,90,50,3
USW00014763,2024;07;30;08,FM-15,343,72,91,VRB,3
USW00014763,2024;07;30;09,FM-16,343,76,82,VRB,6
USW00014763,2024;07;30;09,FM-15,343,77,79,VRB,10
USW00014763,2024;07;30;10,FM-15,343,80,74,190,10
USW00014763,2024;07;30;11,FM-15,343,81,69,200,14
USW00014763,2024;07;30;12,FM-15,343,82,63,200,11
USW00014763,2024;07;30;13,FM-15,343,84,57,VRB,10
USW00014763,2024;07;30;14,FM-15,343,84,59,190,11
USW00014763,2024;07;30;15,FM-15,343,82,60,180,9
USW00014763,2024;07;30;16,FM-15,343,83,59,210,8
USW00014763,2024;07;30;17,FM-15,343,80,67,,
USW00014763,2024;07;30;18,FM-15,343,77,71,140,9
USW00014763,2024;07;30;19,FM-15,343,74,76,140,15
USW00014763,2024;07;30;20,FM-15,343,73,76,150,16
USW00014763,2024;07;30;21,FM-16,343,73,74,VRB,5
USW00014763,2024;07;30;21,FM-15,343,73,76,VRB,3
USW00014763,2024;07;30;22,FM-15,343,72,79,150,9
USW00014763,2024;07;30;23,FM-16,343,72,79,160,13
USW00014763,2024;07;30;23,FM-15,343,71,81,150,10
USW00014763,2024;07;31;00,SOD,,,,,
USW00014763,2024;07;31;00,FM-15,343,72,82,160,8
USW00014763,2024;07;31;01,FM-16,343,72,82,140,5
USW00014763,2024;07;31;01,FM-16,343,71,84,160,8
USW00014763,2024;07;31;01,FM-15,343,72,82,150,6
USW00014763,2024;07;31;02,FM-15,343,71,90,160,7
USW00014763,2024;07;31;03,FM-15,343,72,87,130,6
USW00014763,2024;07;31;04,FM-16,343,72,87,140,5
USW00014763,2024;07;31;04,FM-16,343,72,87,VRB,3
USW00014763,2024;07;31;04,FM-15,343,73,84,VRB,5
USW00014763,2024;07;31;05,FM-16,343,72,87,190,6
USW00014763,2024;07;31;05,FM-16,343,73,87,0,0
USW00014763,2024;07;31;05,FM-15,343,74,85,VRB,3
USW00014763,2024;07;31;06,FM-16,343,73,87,180,5
USW00014763,2024;07;31;06,FM-16,343,74,85,0,0
USW00014763,2024;07;31;06,FM-15,343,74,85,170,6
USW00014763,2024;07;31;07,FM-16,343,74,88,170,8
USW00014763,2024;07;31;07,FM-15,343,74,88,160,8
USW00014763,2024;07;31;08,FM-16,343,74,88,170,6
USW00014763,2024;07;31;08,FM-16,343,74,88,160,9
USW00014763,2024;07;31;08,FM-16,343,74,91,180,8
USW00014763,2024;07;31;08,FM-16,343,74,91,180,8
USW00014763,2024;07;31;08,FM-16,343,73,94,190,9
USW00014763,2024;07;31;08,FM-15,343,74,91,170,9
USW00014763,2024;07;31;09,FM-16,343,74,91,180,6
USW00014763,2024;07;31;09,FM-16,343,75,84,170,9
USW00014763,2024;07;31;09,FM-16,343,75,89,VRB,5
USW00014763,2024;07;31;09,FM-15,343,76,88,180,6
USW00014763,2024;07;31;10,FM-16,343,75,90,230,8
USW00014763,2024;07;31;10,FM-16,343,75,88,150,6
USW00014763,2024;07;31;10,FM-16,343,76,88,150,5
USW00014763,2024;07;31;10,FM-16,343,78,85,VRB,3
USW00014763,2024;07;31;10,FM-16,343,78,82,190,10
USW00014763,2024;07;31;10,FM-16,343,75,89,170,9
USW00014763,2024;07;31;10,FM-15,343,76,85,170,9
USW00014763,2024;07;31;11,FM-16,343,77,82,190,10
USW00014763,2024;07;31;11,FM-15,343,80,74,190,11
USW00014763,2024;07;31;12,FM-16,343,75,94,230,11
USW00014763,2024;07;31;12,FM-16,343,75,94,230,14
USW00014763,2024;07;31;12,FM-15,343,75,94,220,10
USW00014763,2024;07;31;13,FM-16,343,74,94,VRB,3
USW00014763,2024;07;31;13,FM-16,343,75,88,0,0
USW00014763,2024;07;31;13,FM-16,343,75,84,200,5
USW00014763,2024;07;31;13,FM-16,343,75,84,200,6
USW00014763,2024;07;31;13,FM-16,343,74,88,160,9
USW00014763,2024;07;31;13,FM-15,343,74,88,180,5
USW00014763,2024;07;31;14,FM-16,343,73,87,180,9
USW00014763,2024;07;31;14,FM-15,343,73,90,180,6
USW00014763,2024;07;31;15,FM-15,343,77,85,220,9
USW00014763,2024;07;31;16,FM-16,343,76,85,230,7
USW00014763,2024;07;31;16,FM-16,343,76,88,240,9
USW00014763,2024;07;31;16,FM-16,343,76,85,240,8
USW00014763,2024;07;31;16,FM-15,343,77,88,260,7
USW00014763,2024;07;31;17,FM-15,343,76,88,280,8
USW00014763,2024;07;31;18,FM-16,343,75,82,260,5
USW00014763,2024;07;31;18,FM-15,343,74,85,260,5
USW00014763,2024;07;31;19,FM-15,343,73,90,210,6
USW00014763,2024;07;31;20,FM-15,343,73,87,230,8
USW00014763,2024;07;31;21,FM-15,343,73,87,230,9
USW00014763,2024;07;31;22,FM-16,343,73,89,250,8
USW00014763,2024;07;31;22,FM-15,343,73,87,250,8
USW00014763,2024;07;31;23,FM-16,343,72,91,250,7
USW00014763,2024;07;31;23,FM-16,343,72,91,230,6
USW00014763,2024;07;31;23,FM-15,343,72,91,VRB,3
USW00014763,2024;07;31;23,SOM,,,,,
USW00014763,2024;08;01;00,SOD,,,,,
USW00014763,2024;08;01;00,FM-15,343,72,87,270,7
USW00014763,2024;08;01;01,FM-16,343,71,90,240,7
USW00014763,2024;08;01;01,FM-15,343,70,93,250,5
USW00014763,2024;08;01;02,FM-15,343,70,90,230,6
USW00014763,2024;08;01;03,FM-15,343,69,93,240,7
USW00014763,2024;08;01;04,FM-15,343,69,90,220,6
USW00014763,2024;08;01;05,FM-15,343,71,84,240,5
USW00014763,2024;08;01;06,FM-16,343,71,87,250,7
USW00014763,2024;08;01;06,FM-16,343,73,78,250,6
USW00014763,2024;08;01;06,FM-15,343,73,84,240,6
USW00014763,2024;08;01;07,FM-15,343,76,77,270,7
USW00014763,2024;08;01;08,FM-16,343,76,77,260,9
USW00014763,2024;08;01;08,FM-15,343,77,74,280,9
USW00014763,2024;08;01;09,FM-15,343,80,71,250,7
USW00014763,2024;08;01;10,FM-16,343,81,65,290,13
USW00014763,2024;08;01;10,FM-15,343,82,65,290,10
USW00014763,2024;08;01;11,FM-15,343,83,63,270,10
USW00014763,2024;08;01;12,FM-15,343,85,50,290,7
USW00014763,2024;08;01;13,FM-15,343,86,49,280,9
USW00014763,2024;08;01;14,FM-15,343,86,48,280,9
USW00014763,2024;08;01;15,FM-15,343,86,46,310,7
USW00014763,2024;08;01;16,FM-15,343,85,46,280,7
USW00014763,2024;08;01;17,FM-15,343,83,51,300,5
USW00014763,2024;08;01;18,FM-15,343,77,71,0,0
USW00014763,2024;08;01;19,FM-15,343,73,76,0,0
USW00014763,2024;08;01;20,FM-15,343,69,87,0,0
USW00014763,2024;08;01;21,FM-15,343,66,90,0,0
USW00014763,2024;08;01;22,FM-15,343,67,87,0,0
USW00014763,2024;08;01;23,FM-15,343,66,93,230,3
USW00014763,2024;08;02;00,SOD,,,,,
USW00014763,2024;08;02;00,FM-15,343,66,93,0,0
USW00014763,2024;08;02;01,FM-15,343,65,93,0,0
USW00014763,2024;08;02;02,FM-15,343,63,97,0,0
USW00014763,2024;08;02;03,FM-16,343,64,96,0,0
USW00014763,2024;08;02;03,FM-15,343,64,93,0,0
USW00014763,2024;08;02;04,FM-16,343,63,97,0,0
USW00014763,2024;08;02;04,FM-16,343,63,97,0,0
USW00014763,2024;08;02;04,FM-16,343,63,97,0,0
USW00014763,2024;08;02;04,FM-16,343,63,97,0,0
USW00014763,2024;08;02;04,FM-16,343,63,97,0,0
USW00014763,2024;08;02;04,FM-16,343,63,94,0,0
USW00014763,2024;08;02;04,FM-15,343,62,96,0,0
USW00014763,2024;08;02;05,FM-16,343,63,93,0,0
USW00014763,2024;08;02;05,FM-16,343,64,96,0,0
USW00014763,2024;08;02;05,FM-16,343,65,93,0,0
USW00014763,2024;08;02;05,FM-16,343,64,100,0,0
USW00014763,2024;08;02;05,FM-15,343,65,97,0,0
USW00014763,2024;08;02;06,FM-15,343,69,87,0,0
USW00014763,2024;08;02;07,FM-15,343,73,79,0,0
USW00014763,2024;08;02;08,FM-15,343,77,74,0,0
USW00014763,2024;08;02;09,FM-15,343,79,72,0,0
USW00014763,2024;08;02;10,FM-15,343,82,67,0,0
USW00014763,2024;08;02;11,FM-15,343,82,63,0,0
USW00014763,2024;08;02;12,FM-15,343,84,61,0,0
USW00014763,2024;08;02;13,FM-15,343,84,61,0,0
USW00014763,2024;08;02;14,FM-16,343,79,77,160,5
USW00014763,2024;08;02;14,FM-16,343,75,89,0,0
USW00014763,2024;08;02;14,FM-15,343,74,85,0,0
USW00014763,2024;08;02;15,FM-16,343,76,72,0,0
USW00014763,2024;08;02;15,FM-16,343,72,87,0,0
USW00014763,2024;08;02;15,FM-16,343,72,87,0,0
USW00014763,2024;08;02;15,FM-16,343,72,94,0,0
USW00014763,2024;08;02;15,FM-15,343,74,88,0,0
USW00014763,2024;08;02;16,FM-16,343,74,91,0,0
USW00014763,2024;08;02;16,FM-15,343,73,94,0,0
USW00014763,2024;08;02;17,FM-16,343,73,94,0,0
USW00014763,2024;08;02;17,FM-16,343,74,94,0,0
USW00014763,2024;08;02;17,FM-15,343,74,94,0,0
USW00014763,2024;08;02;18,FM-16,343,74,94,0,0
USW00014763,2024;08;02;18,FM-16,343,73,94,0,0
USW00014763,2024;08;02;18,FM-16,343,73,94,0,0
USW00014763,2024;08;02;18,FM-15,343,73,94,0,0
USW00014763,2024;08;02;19,FM-15,343,71,96,0,0
USW00014763,2024;08;02;20,FM-15,343,71,96,0,0
USW00014763,2024;08;02;21,FM-15,343,72,91,0,0
USW00014763,2024;08;02;22,FM-15,343,71,94,0,0
USW00014763,2024;08;02;23,FM-15,343,70,97,0,0
USW00014763,2024;08;03;00,SOD,,,,,
USW00014763,2024;08;03;00,FM-16,343,70,97,0,0
USW00014763,2024;08;03;00,FM-16,343,71,94,0,0
USW00014763,2024;08;03;00,FM-15,343,71,96,0,0
USW00014763,2024;08;03;01,FM-16,343,71,94,0,0
USW00014763,2024;08;03;01,FM-15,343,71,94,0,0
USW00014763,2024;08;03;02,FM-16,343,71,94,0,0
USW00014763,2024;08;03;02,FM-15,343,71,96,0,0
USW00014763,2024;08;03;03,FM-16,343,71,96,0,0
USW00014763,2024;08;03;03,FM-15,343,72,94,0,0
USW00014763,2024;08;03;04,FM-16,343,72,91,0,0
USW00014763,2024;08;03;04,FM-15,343,72,91,0,0
USW00014763,2024;08;03;05,FM-16,343,72,91,0,0
USW00014763,2024;08;03;05,FM-16,343,72,94,0,0
USW00014763,2024;08;03;05,FM-15,343,72,94,0,0
USW00014763,2024;08;03;06,FM-15,343,73,87,0,0
USW00014763,2024;08;03;07,FM-16,343,73,90,0,0
USW00014763,2024;08;03;07,FM-16,343,74,88,0,0
USW00014763,2024;08;03;07,FM-16,343,74,88,0,0
USW00014763,2024;08;03;07,FM-15,343,75,84,0,0
USW00014763,2024;08;03;08,FM-16,343,74,85,0,0
USW00014763,2024;08;03;08,FM-16,343,74,88,0,0
USW00014763,2024;08;03;08,FM-16,343,74,85,0,0
USW00014763,2024;08;03;08,FM-16,343,74,88,0,0
USW00014763,2024;08;03;08,FM-16,343,74,88,0,0
USW00014763,2024;08;03;08,FM-15,343,74,88,0,0
USW00014763,2024;08;03;08,FM-16,343,74,88,0,0
USW00014763,2024;08;03;09,FM-16,343,73,90,0,0
USW00014763,2024;08;03;09,FM-16,343,73,90,0,0
USW00014763,2024;08;03;09,FM-16,343,73,94,0,0
USW00014763,2024;08;03;09,FM-16,343,74,91,0,0
USW00014763,2024;08;03;09,FM-16,343,74,91,0,0
USW00014763,2024;08;03;09,FM-16,343,74,88,0,0
USW00014763,2024;08;03;09,FM-16,343,73,89,0,0
USW00014763,2024;08;03;09,FM-15,343,73,90,0,0
USW00014763,2024;08;03;10,FM-16,343,73,90,0,0
USW00014763,2024;08;03;10,FM-16,343,73,90,0,0
USW00014763,2024;08;03;10,FM-15,343,75,84,0,0
USW00014763,2024;08;03;11,FM-16,343,76,85,0,0
USW00014763,2024;08;03;11,FM-15,343,76,79,0,0
USW00014763,2024;08;03;12,FM-16,343,73,87,0,0
USW00014763,2024;08;03;12,FM-16,343,73,90,0,0
USW00014763,2024;08;03;12,FM-15,343,76,82,0,0
USW00014763,2024;08;03;13,FM-16,343,78,76,350,3
USW00014763,2024;08;03;13,FM-16,343,78,76,350,3
USW00014763,2024;08;03;13,FM-16,343,79,79,0,0
USW00014763,2024;08;03;13,FM-15,343,79,74,350,3
USW00014763,2024;08;03;14,FM-16,343,77,77,0,0
USW00014763,2024;08;03;14,FM-15,343,81,69,VRB,3
USW00014763,2024;08;03;15,FM-15,343,81,65,0,0
USW00014763,2024;08;03;16,FM-15,343,78,74,0,0
USW00014763,2024;08;03;17,FM-15,343,76,82,0,0
USW00014763,2024;08;03;18,FM-15,343,74,88,0,0
USW00014763,2024;08;03;19,FM-15,343,72,94,0,0
USW00014763,2024;08;03;20,FM-15,343,72,94,0,0
USW00014763,2024;08;03;21,FM-15,343,71,94,0,0
USW00014763,2024;08;03;22,FM-15,343,71,94,0,0
USW00014763,2024;08;03;23,FM-15,343,71,96,0,0
USW00014763,2024;08;04;00,SOD,,,,,
USW00014763,2024;08;04;00,FM-16,343,71,94,0,0
USW00014763,2024;08;04;00,FM-16,343,72,94,0,0
USW00014763,2024;08;04;00,FM-15,343,71,94,0,0
USW00014763,2024;08;04;01,FM-16,343,71,94,0,0
USW00014763,2024;08;04;01,FM-15,343,71,96,0,0
USW00014763,2024;08;04;02,FM-16,343,71,94,0,0
USW00014763,2024;08;04;02,FM-16,343,71,96,0,0
USW00014763,2024;08;04;02,FM-16,343,71,96,0,0
USW00014763,2024;08;04;02,FM-15,343,72,94,0,0
USW00014763,2024;08;04;03,FM-16,343,70,97,0,0
USW00014763,2024;08;04;03,FM-16,343,71,96,0,0
USW00014763,2024;08;04;03,FM-15,343,71,94,0,0
USW00014763,2024;08;04;04,FM-16,343,71,94,0,0
USW00014763,2024;08;04;04,FM-15,343,71,94,0,0
USW00014763,2024;08;04;05,FM-16,343,71,94,0,0
USW00014763,2024;08;04;05,FM-16,343,71,94,0,0
USW00014763,2024;08;04;05,FM-15,343,71,94,0,0
USW00014763,2024;08;04;06,FM-16,343,72,94,0,0
USW00014763,2024;08;04;06,FM-16,343,72,91,0,0
USW00014763,2024;08;04;06,FM-16,343,72,94,0,0
USW00014763,2024;08;04;06,FM-16,343,73,90,0,0
USW00014763,2024;08;04;06,FM-16,343,73,89,0,0
USW00014763,2024;08;04;06,FM-16,343,73,89,0,0
USW00014763,2024;08;04;06,FM-15,343,73,90,0,0
USW00014763,2024;08;04;07,FM-16,343,74,88,0,0
USW00014763,2024;08;04;07,FM-16,343,74,85,0,0
USW00014763,2024;08;04;07,FM-16,343,74,88,0,0
USW00014763,2024;08;04;07,FM-16,343,74,88,0,0
USW00014763,2024;08;04;07,FM-16,343,73,87,0,0
USW00014763,2024;08;04;07,FM-16,343,73,89,0,0
USW00014763,2024;08;04;07,FM-15,343,73,87,0,0
USW00014763,2024;08;04;08,FM-16,343,74,85,230,5
USW00014763,2024;08;04;08,FM-16,343,75,84,0,0
USW00014763,2024;08;04;08,FM-16,343,75,83,230,5
USW00014763,2024;08;04;08,FM-15,343,75,82,200,6
USW00014763,2024;08;04;09,FM-15,343,77,77,300,5
USW00014763,2024;08;04;10,FM-16,343,77,74,280,6
USW00014763,2024;08;04;10,FM-16,343,74,85,330,8
USW00014763,2024;08;04;10,FM-16,343,71,94,240,22
USW00014763,2024;08;04;10,FM-16,343,69,96,180,11
USW00014763,2024;08;04;10,FM-16,343,70,94,190,13
USW00014763,2024;08;04;10,FM-15,343,69,93,230,10
USW00014763,2024;08;04;11,FM-16,343,68,96,200,6
USW00014763,2024;08;04;11,FM-16,343,68,93,210,5
USW00014763,2024;08;04;11,FM-16,343,68,93,210,6
USW00014763,2024;08;04;11,FM-15,343,71,94,100,3
USW00014763,2024;08;04;12,FM-16,343,73,87,250,6
USW00014763,2024;08;04;12,FM-15,343,75,84,240,7
USW00014763,2024;08;04;13,FM-16,343,76,82,0,0
USW00014763,2024;08;04;13,FM-16,343,75,82,240,5
USW00014763,2024;08;04;13,FM-15,343,75,82,230,3
USW00014763,2024;08;04;14,FM-15,343,76,77,250,5
USW00014763,2024;08;04;15,FM-15,343,77,77,VRB,6
USW00014763,2024;08;04;16,FM-15,343,78,74,210,6
USW00014763,2024;08;04;17,FM-15,343,78,76,200,3
USW00014763,2024;08;04;18,FM-15,343,76,82,230,6
USW00014763,2024;08;04;19,FM-15,343,73,90,260,5
USW00014763,2024;08;04;20,FM-15,343,72,94,190,3
USW00014763,2024;08;04;21,FM-15,343,72,91,260,5
USW00014763,2024;08;04;22,FM-15,343,73,84,230,6
USW00014763,2024;08;04;23,FM-15,343,71,81,230,5
USW00014763,2024;08;05;00,SOD,,,,,
USW00014763,2024;08;05;00,FM-15,343,70,82,220,5
USW00014763,2024;08;05;01,FM-15,343,70,79,0,0
USW00014763,2024;08;05;02,FM-15,343,69,76,0,0
USW00014763,2024;08;05;03,FM-15,343,68,78,230,5
USW00014763,2024;08;05;04,FM-15,343,66,84,180,5
USW00014763,2024;08;05;05,FM-15,343,68,78,270,5
USW00014763,2024;08;05;06,FM-15,343,72,73,,
USW00014763,2024;08;05;07,FM-16,343,71,76,280,8
USW00014763,2024;08;05;07,FM-15,343,74,71,300,6
USW00014763,2024;08;05;08,FM-15,343,75,69,280,5
USW00014763,2024;08;05;09,FM-15,343,77,64,200,7
USW00014763,2024;08;05;10,FM-15,343,79,56,230,7
USW00014763,2024;08;05;11,FM-15,343,80,56,0,0
USW00014763,2024;08;05;12,FM-15,343,83,51,VRB,3
USW00014763,2024;08;05;13,FM-15,343,84,49,220,10
USW00014763,2024;08;05;14,FM-15,343,82,51,200,8
USW00014763,2024;08;05;15,FM-15,343,81,54,200,8
USW00014763,2024;08;05;16,FM-15,343,81,57,190,11
USW00014763,2024;08;05;17,FM-15,343,80,58,220,7
USW00014763,2024;08;05;18,FM-15,343,78,64,210,6
USW00014763,2024;08;05;19,FM-15,343,75,74,270,3
USW00014763,2024;08;05;20,FM-15,343,76,69,240,7
USW00014763,2024;08;05;21,FM-15,343,74,76,250,6
USW00014763,2024;08;05;22,FM-15,343,74,74,270,7
USW00014763,2024;08;05;23,FM-15,343,71,84,230,5
USW00014763,2024;08;06;00,SOD,,,,,
USW00014763,2024;08;06;00,FM-15,343,71,81,0,0
USW00014763,2024;08;06;01,FM-15,343,69,87,320,5
USW00014763,2024;08;06;02,FM-15,343,69,90,0,0
USW00014763,2024;08;06;03,FM-15,343,68,93,210,3
USW00014763,2024;08;06;04,FM-16,343,68,93,280,7
USW00014763,2024;08;06;04,FM-15,343,68,93,310,3
USW00014763,2024;08;06;05,FM-16,343,68,93,0,0
USW00014763,2024;08;06;05,FM-16,343,68,93,0,0
USW00014763,2024;08;06;05,FM-15,343,68,93,0,0
USW00014763,2024;08;06;06,FM-16,343,69,90,0,0
USW00014763,2024;08;06;06,FM-15,343,69,90,0,0
USW00014763,2024;08;06;07,FM-15,343,69,90,340,3
USW00014763,2024;08;06;08,FM-16,343,69,90,0,0
USW00014763,2024;08;06;08,FM-16,343,70,88,0,0
USW00014763,2024;08;06;08,FM-15,343,69,90,VRB,3
USW00014763,2024;08;06;09,FM-16,343,69,93,0,0
USW00014763,2024;08;06;09,FM-16,343,69,90,0,0
USW00014763,2024;08;06;09,FM-16,343,69,90,0,0
USW00014763,2024;08;06;09,FM-15,343,,,0,0
USW00014763,2024;08;06;10,FM-16,343,,,70,5
USW00014763,2024;08;06;10,FM-15,343,,,60,5
USW00014763,2024;08;06;11,FM-16,343,,,40,5
USW00014763,2024;08;06;11,FM-16,343,67,93,20,5
USW00014763,2024;08;06;11,FM-16,343,67,93,20,5
USW00014763,2024;08;06;11,FM-16,343,67,93,40,5
USW00014763,2024;08;06;11,FM-15,343,67,93,10,5
USW00014763,2024;08;06;12,FM-16,343,67,93,40,5
USW00014763,2024;08;06;12,FM-16,343,67,93,VRB,5
USW00014763,2024;08;06;12,FM-16,343,68,88,50,5
USW00014763,2024;08;06;12,FM-15,343,68,90,60,5
USW00014763,2024;08;06;13,FM-16,343,68,90,50,5
USW00014763,2024;08;06;13,FM-15,343,68,87,0,0
USW00014763,2024;08;06;14,FM-15,343,69,87,0,0
USW00014763,2024;08;06;15,FM-16,343,70,84,0,0
USW00014763,2024;08;06;15,FM-15,343,70,84,0,0
USW00014763,2024;08;06;16,FM-15,343,70,82,110,3
USW00014763,2024;08;06;17,FM-16,343,70,82,0,0
USW00014763,2024;08;06;17,FM-16,343,70,83,50,5
USW00014763,2024;08;06;17,FM-15,343,69,84,60,8
USW00014763,2024;08;06;18,FM-15,343,67,87,60,6
USW00014763,2024;08;06;19,FM-15,343,65,93,40,5
USW00014763,2024;08;06;20,FM-16,343,65,93,20,5
USW00014763,2024;08;06;20,FM-16,343,65,93,50,3
USW00014763,2024;08;06;20,FM-15,343,65,93,50,3
USW00014763,2024;08;06;21,FM-16,343,65,93,30,5
USW00014763,2024;08;06;21,FM-16,343,65,93,30,5
USW00014763,2024;08;06;21,FM-16,343,64,96,20,6
USW00014763,2024;08;06;21,FM-16,343,64,94,30,6
USW00014763,2024;08;06;21,FM-15,343,64,96,40,5
USW00014763,2024;08;06;21,FM-16,343,64,93,40,8
USW00014763,2024;08;06;22,FM-16,343,64,93,30,7
USW00014763,2024;08;06;22,FM-16,343,63,97,40,3
USW00014763,2024;08;06;22,FM-16,343,63,100,50,6
USW00014763,2024;08;06;22,FM-15,343,63,93,50,6
USW00014763,2024;08;06;22,FM-16,343,63,97,60,8
USW00014763,2024;08;06;23,FM-16,343,63,97,60,7
USW00014763,2024;08;06;23,FM-16,343,62,96,60,11
USW00014763,2024;08;06;23,FM-16,343,62,96,60,6
USW00014763,2024;08;06;23,FM-16,343,62,96,30,11
USW00014763,2024;08;06;23,FM-15,343,61,97,30,8
USW00014763,2024;08;07;00,SOD,,,,,
USW00014763,2024;08;07;00,FM-15,343,60,93,20,9
USW00014763,2024;08;07;01,FM-16,343,60,93,40,9
USW00014763,2024;08;07;01,FM-16,343,60,93,40,9
USW00014763,2024;08;07;01,FM-16,343,60,93,20,7
USW00014763,2024;08;07;01,FM-16,343,60,93,360,6
USW00014763,2024;08;07;01,FM-16,343,59,96,50,9
USW00014763,2024;08;07;01,FM-16,343,59,96,VRB,6
USW00014763,2024;08;07;01,FM-15,343,59,96,60,7
USW00014763,2024;08;07;02,FM-16,343,59,96,40,7
USW00014763,2024;08;07;02,FM-16,343,59,96,20,7
USW00014763,2024;08;07;02,FM-16,343,59,96,60,7
USW00014763,2024;08;07;02,FM-15,343,59,93,40,7
USW00014763,2024;08;07;03,FM-16,343,59,96,20,7
USW00014763,2024;08;07;03,FM-16,343,59,93,20,7
USW00014763,2024;08;07;03,FM-15,343,58,97,60,6
USW00014763,2024;08;07;04,FM-16,343,58,97,30,6
USW00014763,2024;08;07;04,FM-15,343,58,97,10,7
USW00014763,2024;08;07;05,FM-16,343,58,97,40,6
USW00014763,2024;08;07;05,FM-15,343,58,93,20,6
USW00014763,2024;08;07;06,FM-15,343,58,93,40,5
USW00014763,2024;08;07;07,FM-16,343,58,97,50,5
USW00014763,2024;08;07;07,FM-16,343,59,93,100,3
USW00014763,2024;08;07;07,FM-15,343,60,93,20,3
USW00014763,2024;08;07;08,FM-16,343,60,93,30,5
USW00014763,2024;08;07;08,FM-16,343,63,88,60,6
USW00014763,2024;08;07;08,FM-15,343,63,87,40,7
USW00014763,2024;08;07;09,FM-16,343,64,81,60,8
USW00014763,2024;08;07;09,FM-16,343,63,84,50,7
USW00014763,2024;08;07;09,FM-15,343,65,76,50,9
USW00014763,2024;08;07;10,FM-16,343,65,78,60,8
USW00014763,2024;08;07;10,FM-16,343,65,78,50,7
USW00014763,2024;08;07;10,FM-16,343,64,78,80,7
USW00014763,2024;08;07;10,FM-15,343,65,73,60,6
USW00014763,2024;08;07;11,FM-16,343,65,76,100,6
USW00014763,2024;08;07;11,FM-16,343,66,73,VRB,7
USW00014763,2024;08;07;11,FM-15,343,67,73,VRB,3
USW00014763,2024;08;07;12,FM-15,343,69,68,120,8
USW00014763,2024;08;07;13,FM-16,343,68,68,50,9
USW00014763,2024;08;07;13,FM-16,343,68,68,60,6
USW00014763,2024;08;07;13,FM-15,343,67,71,90,3
USW00014763,2024;08;07;14,FM-16,343,66,75,110,6
USW00014763,2024;08;07;14,FM-16,343,66,73,110,5
USW00014763,2024;08;07;14,FM-15,343,68,70,VRB,6
USW00014763,2024;08;07;15,FM-15,343,69,70,VRB,3
USW00014763,2024;08;07;16,FM-15,343,70,66,110,5
USW00014763,2024;08;07;17,FM-15,343,68,70,140,5
USW00014763,2024;08;07;18,FM-15,343,64,84,140,3
USW00014763,2024;08;07;19,FM-15,343,61,93,0,0
USW00014763,2024;08;07;20,FM-15,343,59,93,0,0
USW00014763,2024;08;07;21,FM-16,343,58,97,0,0
USW00014763,2024;08;07;21,FM-16,343,59,93,0,0
USW00014763,2024;08;07;21,FM-15,343,59,93,0,0
USW00014763,2024;08;07;22,FM-16,343,58,93,0,0
USW00014763,2024;08;07;22,FM-16,343,58,93,0,0
USW00014763,2024;08;07;22,FM-16,343,57,94,0,0
USW00014763,2024;08;07;22,FM-15,343,57,96,0,0
USW00014763,2024;08;07;23,FM-16,343,56,97,0,0
USW00014763,2024;08;07;23,FM-16,343,57,93,0,0
USW00014763,2024;08;07;23,FM-15,343,57,93,0,0
USW00014763,2024;08;08;00,SOD,,,,,
USW00014763,2024;08;08;00,FM-16,343,57,96,0,0
USW00014763,2024;08;08;00,FM-16,343,56,97,0,0
USW00014763,2024;08;08;00,FM-16,343,56,97,0,0
USW00014763,2024;08;08;00,FM-16,343,55,100,0,0
USW00014763,2024;08;08;00,FM-15,343,56,97,0,0
USW00014763,2024;08;08;01,FM-16,343,55,96,0,0
USW00014763,2024;08;08;01,FM-16,343,55,96,0,0
USW00014763,2024;08;08;01,FM-15,343,54,97,0,0
USW00014763,2024;08;08;02,FM-16,343,55,93,0,0
USW00014763,2024;08;08;02,FM-16,343,55,96,0,0
USW00014763,2024;08;08;02,FM-16,343,55,96,0,0
USW00014763,2024;08;08;02,FM-16,343,55,96,0,0
USW00014763,2024;08;08;02,FM-16,343,55,94,0,0
USW00014763,2024;08;08;02,FM-15,343,55,96,0,0
USW00014763,2024;08;08;02,FM-16,343,56,97,0,0
USW00014763,2024;08;08;03,FM-15,343,57,96,0,0
USW00014763,2024;08;08;04,FM-15,343,56,97,60,3
USW00014763,2024;08;08;05,FM-15,343,59,93,0,0
USW00014763,2024;08;08;06,FM-15,343,62,86,0,0
USW00014763,2024;08;08;07,FM-15,343,63,84,VRB,7
USW00014763,2024;08;08;08,FM-15,343,64,75,80,7
USW00014763,2024;08;08;09,FM-15,343,65,76,100,8
USW00014763,2024;08;08;10,FM-15,343,65,66,110,8
USW00014763,2024;08;08;11,FM-15,343,67,66,VRB,8
USW00014763,2024;08;08;12,FM-15,343,65,76,VRB,6
USW00014763,2024;08;08;13,FM-15,343,65,87,50,3
USW00014763,2024;08;08;14,FM-16,343,65,90,30,5
USW00014763,2024;08;08;14,FM-16,343,64,93,40,3
USW00014763,2024;08;08;14,FM-16,343,64,93,60,6
USW00014763,2024;08;08;14,FM-15,343,64,93,60,5
USW00014763,2024;08;08;15,FM-16,343,64,93,60,6
USW00014763,2024;08;08;15,FM-16,343,64,94,60,7
USW00014763,2024;08;08;15,FM-15,343,64,93,60,6
USW00014763,2024;08;08;16,FM-16,343,64,93,60,3
USW00014763,2024;08;08;16,FM-16,343,64,93,0,0
USW00014763,2024;08;08;16,FM-16,343,64,94,60,3
USW00014763,2024;08;08;16,FM-15,343,64,93,50,3
USW00014763,2024;08;08;17,FM-16,343,64,93,60,5
USW00014763,2024;08;08;17,FM-16,343,64,93,70,5
USW00014763,2024;08;08;17,FM-15,343,64,93,70,3
USW00014763,2024;08;08;18,FM-16,343,64,96,40,5
USW00014763,2024;08;08;18,FM-15,343,64,93,VRB,7
USW00014763,2024;08;08;19,FM-16,343,64,90,VRB,8
USW00014763,2024;08;08;19,FM-15,343,64,93,70,6
USW00014763,2024;08;08;20,FM-15,343,63,97,60,6
USW00014763,2024;08;08;21,FM-16,343,64,93,100,7
USW00014763,2024;08;08;21,FM-15,343,64,93,80,6
USW00014763,2024;08;08;22,FM-16,343,64,93,80,5
USW00014763,2024;08;08;22,FM-16,343,64,94,90,7
USW00014763,2024;08;08;22,FM-15,343,64,93,100,6
USW00014763,2024;08;08;23,FM-16,343,64,93,110,7
USW00014763,2024;08;08;23,FM-15,343,64,93,110,5
USW00014763,2024;08;09;00,SOD,,,,,
USW00014763,2024;08;09;00,FM-15,343,64,96,90,5
USW00014763,2024;08;09;01,FM-16,343,64,96,80,5
USW00014763,2024;08;09;01,FM-15,343,64,93,60,3
USW00014763,2024;08;09;02,FM-15,343,64,96,80,3
USW00014763,2024;08;09;03,FM-15,343,64,96,VRB,5
USW00014763,2024;08;09;04,FM-15,343,65,93,60,5
USW00014763,2024;08;09;05,FM-16,343,65,93,60,5
USW00014763,2024;08;09;05,FM-15,343,66,93,60,6
USW00014763,2024;08;09;06,FM-16,343,66,93,60,3
USW00014763,2024;08;09;06,FM-16,343,67,93,40,3
USW00014763,2024;08;09;06,FM-15,343,68,90,60,5
USW00014763,2024;08;09;07,FM-16,343,69,93,VRB,5
USW00014763,2024;08;09;07,FM-16,343,69,93,50,3
USW00014763,2024;08;09;07,FM-15,343,70,90,VRB,3
USW00014763,2024;08;09;08,FM-15,343,73,87,VRB,14
USW00014763,2024;08;09;09,FM-15,343,74,88,140,11
USW00014763,2024;08;09;10,FM-16,343,75,88,140,9
USW00014763,2024;08;09;10,FM-15,343,75,88,140,11
USW00014763,2024;08;09;11,FM-15,343,77,82,VRB,6
USW00014763,2024;08;09;12,FM-16,343,77,82,VRB,14
USW00014763,2024;08;09;12,FM-16,343,75,89,200,10
USW00014763,2024;08;09;12,FM-15,343,76,88,210,6
USW00014763,2024;08;09;13,FM-16,343,77,85,190,7
USW00014763,2024;08;09;13,FM-15,343,77,82,VRB,9
USW00014763,2024;08;09;14,FM-15,343,77,82,190,14
USW00014763,2024;08;09;15,FM-16,343,76,85,VRB,7
USW00014763,2024;08;09;15,FM-16,343,76,88,VRB,11
USW00014763,2024;08;09;15,FM-15,343,76,85,190,16
USW00014763,2024;08;09;16,FM-16,343,76,85,VRB,18
USW00014763,2024;08;09;16,FM-16,343,76,85,VRB,14
USW00014763,2024;08;09;16,FM-16,343,75,88,190,13
USW00014763,2024;08;09;16,FM-15,343,75,88,200,11
USW00014763,2024;08;09;17,FM-16,343,75,88,190,17
USW00014763,2024;08;09;17,FM-16,343,75,88,180,18
USW00014763,2024;08;09;17,FM-16,343,75,88,180,16
USW00014763,2024;08;09;17,FM-16,343,75,88,210,11
USW00014763,2024;08;09;17,FM-15,343,75,88,180,15
USW00014763,2024;08;09;17,FM-16,343,75,88,180,14
USW00014763,2024;08;09;18,FM-16,343,75,88,180,11
USW00014763,2024;08;09;18,FM-16,343,75,88,190,23
USW00014763,2024;08;09;18,FM-16,343,74,91,190,18
USW00014763,2024;08;09;18,FM-16,343,74,91,190,20
USW00014763,2024;08;09;18,FM-16,343,74,91,190,17
USW00014763,2024;08;09;18,FM-16,343,74,91,180,16
USW00014763,2024;08;09;18,FM-15,343,74,91,180,17
USW00014763,2024;08;09;19,FM-16,343,74,91,200,9
USW00014763,2024;08;09;19,FM-16,343,74,91,200,10
USW00014763,2024;08;09;19,FM-16,343,74,91,VRB,6
USW00014763,2024;08;09;19,FM-16,343,74,94,200,7
USW00014763,2024;08;09;19,FM-15,343,74,94,180,7
USW00014763,2024;08;09;20,FM-16,343,74,91,190,7
USW00014763,2024;08;09;20,FM-16,343,74,91,210,6
USW00014763,2024;08;09;20,FM-16,343,73,94,210,7
USW00014763,2024;08;09;20,FM-15,343,74,91,210,8
USW00014763,2024;08;09;21,FM-16,343,74,91,210,8
USW00014763,2024;08;09;21,FM-16,343,73,94,210,9
USW00014763,2024;08;09;21,FM-16,343,73,94,210,10
USW00014763,2024;08;09;21,FM-15,343,74,91,220,7
USW00014763,2024;08;09;22,FM-16,343,73,94,230,8
USW00014763,2024;08;09;22,FM-16,343,76,85,210,9
USW00014763,2024;08;09;22,FM-16,343,75,88,230,5
USW00014763,2024;08;09;22,FM-15,343,73,94,240,7
USW00014763,2024;08;09;23,FM-16,343,73,94,210,5
USW00014763,2024;08;09;23,FM-16,343,73,89,240,8
USW00014763,2024;08;09;23,FM-15,343,72,94,240,8
USW00014763,2024;08;10;00,SOD,,,,,
USW00014763,2024;08;10;00,FM-16,343,72,94,230,6
USW00014763,2024;08;10;00,FM-16,343,72,94,230,5
USW00014763,2024;08;10;00,FM-16,343,72,94,250,5
USW00014763,2024;08;10;00,FM-15,343,72,94,240,8
USW00014763,2024;08;10;01,FM-16,343,71,90,290,10
USW00014763,2024;08;10;01,FM-15,343,72,87,300,7
USW00014763,2024;08;10;02,FM-16,343,71,90,300,10
USW00014763,2024;08;10;02,FM-16,343,72,88,280,8
USW00014763,2024;08;10;02,FM-15,343,71,90,300,8
USW00014763,2024;08;10;03,FM-16,343,71,87,320,6
USW00014763,2024;08;10;03,FM-16,343,71,87,300,7
USW00014763,2024;08;10;03,FM-15,343,70,90,280,7
USW00014763,2024;08;10;04,FM-16,343,70,87,260,7
USW00014763,2024;08;10;04,FM-15,343,69,90,280,8
USW00014763,2024;08;10;05,FM-16,343,69,90,290,6
USW00014763,2024;08;10;05,FM-16,343,69,87,300,6
USW00014763,2024;08;10;05,FM-15,343,69,87,290,5
USW00014763,2024;08;10;06,FM-15,343,69,84,VRB,8
USW00014763,2024;08;10;07,FM-16,343,69,76,300,13
USW00014763,2024;08;10;07,FM-15,343,69,76,300,13
USW00014763,2024;08;10;08,FM-15,343,70,71,290,9
USW00014763,2024;08;10;09,FM-15,343,72,57,280,13
USW00014763,2024;08;10;10,FM-15,343,74,56,280,13
USW00014763,2024;08;10;11,FM-15,343,75,50,310,13
USW00014763,2024;08;10;12,FM-15,343,76,52,280,15
USW00014763,2024;08;10;13,FM-15,343,77,50,300,13
USW00014763,2024;08;10;14,FM-15,343,78,48,300,13
USW00014763,2024;08;10;15,FM-15,343,76,50,300,8
USW00014763,2024;08;10;16,FM-15,343,77,48,260,9
USW00014763,2024;08;10;17,FM-15,343,74,56,280,5
USW00014763,2024;08;10;18,FM-15,343,70,71,240,3
USW00014763,2024;08;10;19,FM-15,343,68,70,280,5
USW00014763,2024;08;10;20,FM-15,343,67,71,0,0
USW00014763,2024;08;10;21,FM-15,343,65,70,240,3
USW00014763,2024;08;10;22,FM-15,343,64,73,240,3
USW00014763,2024;08;10;23,FM-15,343,62,75,240,5
USW00014763,2024;08;11;00,SOD,,,,,
USW00014763,2024;08;11;00,FM-15,343,61,75,240,5
USW00014763,2024;08;11;01,FM-15,343,61,75,240,5
USW00014763,2024;08;11;02,FM-15,343,59,75,240,5
USW00014763,2024;08;11;03,FM-15,343,54,93,140,3
USW00014763,2024;08;11;04,FM-15,343,55,90,0,0
USW00014763,2024;08;11;05,FM-15,343,56,90,0,0
USW00014763,2024;08;11;06,FM-15,343,60,84,0,0
USW00014763,2024;08;11;07,FM-15,343,65,73,0,0
USW00014763,2024;08;11;08,FM-15,343,69,59,230,7
USW00014763,2024;08;11;09,FM-15,343,71,53,260,11
USW00014763,2024;08;11;10,FM-15,343,74,50,220,9
USW00014763,2024;08;11;11,FM-15,343,74,50,270,9
USW00014763,2024;08;11;12,FM-15,343,75,48,210,7
USW00014763,2024;08;11;13,FM-15,343,75,48,190,9
USW00014763,2024;08;11;14,FM-15,343,77,45,240,10
USW00014763,2024;08;11;15,FM-15,343,77,45,220,8
USW00014763,2024;08;11;16,FM-15,343,75,52,160,5
USW00014763,2024;08;11;17,FM-15,343,73,51,210,6
USW00014763,2024;08;11;18,FM-15,343,64,78,330,8
USW00014763,2024;08;11;19,FM-16,343,64,78,300,14
USW00014763,2024;08;11;19,FM-16,343,64,81,290,7
USW00014763,2024;08;11;19,FM-15,343,,,300,10
USW00014763,2024;08;11;20,FM-15,343,,,330,3
USW00014763,2024;08;11;21,FM-15,343,,,240,3
USW00014763,2024;08;11;22,FM-15,343,,,0,0
USW00014763,2024;08;11;23,FM-16,343,,,0,0
USW00014763,2024;08;11;23,FM-16,343,,,0,0
USW00014763,2024;08;11;23,FM-16,343,,,0,0
USW00014763,2024;08;11;23,FM-15,343,,,0,0
USW00014763,2024;08;12;00,SOD,,,,,
USW00014763,2024;08;12;00,FM-16,343,,,0,0
USW00014763,2024;08;12;00,FM-16,343,,,0,0
USW00014763,2024;08;12;00,FM-16,343,,,0,0
USW00014763,2024;08;12;00,FM-16,343,,,0,0
USW00014763,2024;08;12;00,FM-16,343,,,0,0
USW00014763,2024;08;12;00,FM-16,343,,,VRB,3
USW00014763,2024;08;12;00,FM-16,343,,,150,3
USW00014763,2024;08;12;00,FM-15,343,,,0,0
USW00014763,2024;08;12;00,FM-16,343,,,0,0
USW00014763,2024;08;12;01,FM-16,343,,,0,0
USW00014763,2024;08;12;01,FM-16,343,,,0,0
USW00014763,2024;08;12;01,FM-16,343,,,240,5
USW00014763,2024;08;12;01,FM-16,343,,,210,3
USW00014763,2024;08;12;01,FM-16,343,,,240,3
USW00014763,2024;08;12;01,FM-15,343,,,250,5
USW00014763,2024;08;12;02,FM-15,343,,,210,7
USW00014763,2024;08;12;03,FM-15,343,,,0,0
USW00014763,2024;08;12;04,FM-15,343,,,0,0
USW00014763,2024;08;12;05,FM-15,343,,,0,0
USW00014763,2024;08;12;06,FM-15,343,,,240,5
USW00014763,2024;08;12;07,FM-15,343,,,260,7
USW00014763,2024;08;12;08,FM-15,343,,,280,8
USW00014763,2024;08;12;09,FM-15,343,,,VRB,6
USW00014763,2024;08;12;10,FM-16,343,,,300,6
USW00014763,2024;08;12;10,FM-16,343,,,230,7
USW00014763,2024;08;12;10,FM-15,343,,,240,7
USW00014763,2024;08;12;11,FM-15,343,,,230,3
USW00014763,2024;08;12;12,FM-15,343,,,260,5
USW00014763,2024;08;12;13,FM-15,343,,,VRB,5
USW00014763,2024;08;12;14,FM-15,343,,,270,10
USW00014763,2024;08;12;15,FM-15,343,,,290,11
USW00014763,2024;08;12;16,FM-15,343,,,300,9
USW00014763,2024;08;12;17,FM-15,343,,,280,10
USW00014763,2024;08;12;18,FM-15,343,,,270,8
USW00014763,2024;08;12;19,FM-15,343,,,0,0
USW00014763,2024;08;12;20,FM-15,343,,,270,3
USW00014763,2024;08;12;21,FM-15,343,,,260,8
USW00014763,2024;08;12;22,FM-15,343,,,260,5
USW00014763,2024;08;12;23,FM-15,343,,,220,3
USW00014763,2024;08;13;00,SOD,,,,,
USW00014763,2024;08;13;00,FM-15,343,,,290,9
USW00014763,2024;08;13;01,FM-15,343,,,280,6
USW00014763,2024;08;13;02,FM-15,343,,,210,5
USW00014763,2024;08;13;03,FM-15,343,,,230,7
USW00014763,2024;08;13;04,FM-15,343,,,260,3
USW00014763,2024;08;13;05,FM-15,343,,,210,3
USW00014763,2024;08;13;06,FM-15,343,,,290,5
USW00014763,2024;08;13;07,FM-15,343,,,VRB,7
USW00014763,2024;08;13;08,FM-15,343,65,73,300,7
USW00014763,2024;08;13;09,FM-15,343,68,63,VRB,3
USW00014763,2024;08;13;10,FM-15,343,71,59,310,10
USW00014763,2024;08;13;11,FM-15,343,72,55,290,6
USW00014763,2024;08;13;12,FM-15,343,74,54,VRB,10
USW00014763,2024;08;13;13,FM-15,343,73,55,330,10
USW00014763,2024;08;13;14,FM-15,343,74,56,320,8
USW00014763,2024;08;13;15,FM-15,343,74,54,330,7
USW00014763,2024;08;13;16,FM-15,343,73,57,10,6
USW00014763,2024;08;13;17,FM-15,343,72,61,300,3
USW00014763,2024;08;13;18,FM-15,343,68,76,230,5
USW00014763,2024;08;13;19,FM-15,343,64,87,0,0
USW00014763,2024;08;13;20,FM-15,343,63,87,0,0
USW00014763,2024;08;13;21,FM-15,343,59,96,0,0
USW00014763,2024;08;13;22,FM-15,343,59,93,0,0
USW00014763,2024;08;13;23,FM-16,343,57,96,0,0
USW00014763,2024;08;13;23,FM-16,343,58,93,0,0
USW00014763,2024;08;13;23,FM-15,343,57,96,0,0
USW00014763,2024;08;14;00,SOD,,,,,
USW00014763,2024;08;14;00,FM-16,343,56,97,0,0
USW00014763,2024;08;14;00,FM-16,343,57,94,0,0
USW00014763,2024;08;14;00,FM-15,343,57,96,0,0
USW00014763,2024;08;14;01,FM-16,343,57,93,0,0
USW00014763,2024;08;14;01,FM-16,343,57,96,0,0
USW00014763,2024;08;14;01,FM-15,343,57,96,0,0
USW00014763,2024;08;14;02,FM-16,343,56,97,0,0
USW00014763,2024;08;14;02,FM-16,343,56,97,0,0
USW00014763,2024;08;14;02,FM-16,343,55,96,0,0
USW00014763,2024;08;14;02,FM-16,343,57,96,0,0
USW00014763,2024;08;14;02,FM-16,343,57,100,0,0
USW00014763,2024;08;14;02,FM-15,343,57,100,0,0
USW00014763,2024;08;14;03,FM-16,343,57,93,0,0
USW00014763,2024;08;14;03,FM-16,343,55,100,0,0
USW00014763,2024;08;14;03,FM-15,343,56,97,0,0
USW00014763,2024;08;14;04,FM-16,343,56,97,0,0
USW00014763,2024;08;14;04,FM-15,343,56,100,0,0
USW00014763,2024;08;14;05,FM-16,343,55,96,0,0
USW00014763,2024;08;14;05,FM-16,343,55,100,0,0
USW00014763,2024;08;14;05,FM-15,343,55,100,0,0
USW00014763,2024;08;14;06,FM-16,343,56,97,0,0
USW00014763,2024;08;14;06,FM-16,343,56,100,0,0
USW00014763,2024;08;14;06,FM-16,343,57,100,0,0
USW00014763,2024;08;14;06,FM-15,343,57,100,0,0
USW00014763,2024;08;14;07,FM-16,343,58,100,0,0
USW00014763,2024;08;14;07,FM-16,343,59,100,0,0
USW00014763,2024;08;14;07,FM-16,343,60,96,0,0
USW00014763,2024;08;14;07,FM-16,343,60,96,0,0
USW00014763,2024;08;14;07,FM-15,343,65,90,270,3
USW00014763,2024;08;14;08,FM-15,343,71,73,VRB,3
USW00014763,2024;08;14;09,FM-15,343,76,60,350,7
USW00014763,2024;08;14;10,FM-15,343,77,58,VRB,5
USW00014763,2024;08;14;11,FM-15,343,77,58,300,9
USW00014763,2024;08;14;12,FM-15,343,79,49,340,9
USW00014763,2024;08;14;13,FM-15,343,80,42,10,10
USW00014763,2024;08;14;14,FM-15,343,81,42,320,6
USW00014763,2024;08;14;15,FM-16,343,80,45,310,9
USW00014763,2024;08;14;15,FM-15,343,77,50,310,6
USW00014763,2024;08;14;16,FM-15,343,73,59,310,3
USW00014763,2024;08;14;17,FM-15,343,71,71,0,0
USW00014763,2024;08;14;18,FM-15,343,68,70,260,6
USW00014763,2024;08;14;19,FM-15,343,67,73,0,0
USW00014763,2024;08;14;20,FM-15,343,64,81,0,0
USW00014763,2024;08;14;21,FM-15,343,62,86,0,0
USW00014763,2024;08;14;22,FM-15,343,60,90,0,0
USW00014763,2024;08;14;23,FM-15,343,58,93,230,3
USW00014763,2024;08;15;00,SOD,,,,,
USW00014763,2024;08;15;00,FM-15,343,58,93,0,0
USW00014763,2024;08;15;01,FM-15,343,57,93,0,0
USW00014763,2024;08;15;02,FM-16,343,57,93,0,0
USW00014763,2024;08;15;02,FM-16,343,56,97,0,0
USW00014763,2024;08;15;02,FM-16,343,56,97,0,0
USW00014763,2024;08;15;02,FM-16,343,57,94,0,0
USW00014763,2024;08;15;02,FM-15,343,57,93,0,0
USW00014763,2024;08;15;03,FM-16,343,58,97,0,0
USW00014763,2024;08;15;03,FM-16,343,57,96,0,0
USW00014763,2024;08;15;03,FM-16,343,58,97,0,0
USW00014763,2024;08;15;03,FM-16,343,58,97,0,0
USW00014763,2024;08;15;03,FM-16,343,57,96,0,0
USW00014763,2024;08;15;03,FM-16,343,57,100,0,0
USW00014763,2024;08;15;03,FM-15,343,57,100,0,0
USW00014763,2024;08;15;04,FM-16,343,57,100,0,0
USW00014763,2024;08;15;04,FM-16,343,57,96,0,0
USW00014763,2024;08;15;04,FM-16,343,57,96,0,0
USW00014763,2024;08;15;04,FM-16,343,57,100,0,0
USW00014763,2024;08;15;04,FM-16,343,57,100,0,0
USW00014763,2024;08;15;04,FM-15,343,57,96,0,0
USW00014763,2024;08;15;05,FM-16,343,57,96,0,0
USW00014763,2024;08;15;05,FM-15,343,57,96,0,0
USW00014763,2024;08;15;06,FM-16,343,57,96,0,0
USW00014763,2024;08;15;06,FM-15,343,58,100,0,0
USW00014763,2024;08;15;07,FM-16,343,59,96,0,0
USW00014763,2024;08;15;07,FM-16,343,60,96,0,0
USW00014763,2024;08;15;07,FM-16,343,60,96,0,0
USW00014763,2024;08;15;07,FM-16,343,61,97,0,0
USW00014763,2024;08;15;07,FM-16,343,63,94,0,0
USW00014763,2024;08;15;07,FM-15,343,62,96,0,0
USW00014763,2024;08;15;08,FM-15,343,70,71,VRB,3
USW00014763,2024;08;15;09,FM-15,343,74,62,270,6
USW00014763,2024;08;15;10,FM-15,343,74,64,,
USW00014763,2024;08;15;11,FM-15,343,77,60,,
USW00014763,2024;08;15;12,FM-15,343,77,58,240,7
USW00014763,2024;08;15;13,FM-15,343,78,56,270,9
USW00014763,2024;08;15;14,FM-15,343,78,58,280,9
USW00014763,2024;08;15;15,FM-15,343,78,60,290,8
USW00014763,2024;08;15;16,FM-15,343,74,69,300,3
USW00014763,2024;08;15;17,FM-15,343,72,79,260,7
USW00014763,2024;08;15;18,FM-15,343,69,81,0,0
USW00014763,2024;08;15;19,FM-15,343,70,79,0,0
USW00014763,2024;08;15;20,FM-15,343,67,91,250,5
USW00014763,2024;08;15;21,FM-15,343,70,82,250,5
USW00014763,2024;08;15;22,FM-15,343,67,87,0,0
USW00014763,2024;08;15;23,FM-15,343,66,87,230,3
USW00014763,2024;08;16;00,SOD,,,,,
USW00014763,2024;08;16;00,FM-15,343,62,96,0,0
USW00014763,2024;08;16;01,FM-16,343,62,96,0,0
USW00014763,2024;08;16;01,FM-16,343,62,96,0,0
USW00014763,2024;08;16;01,FM-16,343,62,96,0,0
USW00014763,2024;08;16;01,FM-16,343,62,93,0,0
USW00014763,2024;08;16;01,FM-16,343,63,94,50,3
USW00014763,2024;08;16;01,FM-15,343,61,97,60,3
USW00014763,2024;08;16;02,FM-16,343,60,96,0,0
USW00014763,2024;08;16;02,FM-16,343,61,97,0,0
USW00014763,2024;08;16;02,FM-16,343,61,97,0,0
USW00014763,2024;08;16;02,FM-15,343,62,96,0,0
USW00014763,2024;08;16;03,FM-16,343,62,96,0,0
USW00014763,2024;08;16;03,FM-16,343,62,96,0,0
USW00014763,2024;08;16;03,FM-16,343,61,97,0,0
USW00014763,2024;08;16;03,FM-16,343,61,97,230,3
USW00014763,2024;08;16;03,FM-16,343,61,97,240,5
USW00014763,2024;08;16;03,FM-16,343,63,94,230,3
USW00014763,2024;08;16;03,FM-16,343,63,94,240,3
USW00014763,2024;08;16;03,FM-15,343,62,96,0,0
USW00014763,2024;08;16;04,FM-16,343,62,96,0,0
USW00014763,2024;08;16;04,FM-16,343,61,100,0,0
USW00014763,2024;08;16;04,FM-16,343,60,100,0,0
USW00014763,2024;08;16;04,FM-16,343,59,96,0,0
USW00014763,2024;08;16;04,FM-15,343,58,100,0,0
USW00014763,2024;08;16;05,FM-16,343,60,96,0,0
USW00014763,2024;08;16;05,FM-15,343,60,100,0,0
USW00014763,2024;08;16;06,FM-15,343,62,96,0,0
USW00014763,2024;08;16;07,FM-16,343,64,94,0,0
USW00014763,2024;08;16;07,FM-15,343,64,96,0,0
USW00014763,2024;08;16;07,FM-16,343,64,96,0,0
USW00014763,2024;08;16;08,FM-16,343,65,97,,
USW00014763,2024;08;16;08,FM-16,343,66,96,0,0
USW00014763,2024;08;16;08,FM-16,343,66,94,0,0
USW00014763,2024;08;16;08,FM-15,343,66,96,0,0
USW00014763,2024;08;16;09,FM-16,343,68,90,0,0
USW00014763,2024;08;16;09,FM-15,343,74,74,VRB,3
USW00014763,2024;08;16;10,FM-15,343,77,64,VRB,3
USW00014763,2024;08;16;11,FM-15,343,79,60,250,6
USW00014763,2024;08;16;12,FM-15,343,80,60,290,5
USW00014763,2024;08;16;13,FM-15,343,81,54,250,7
USW00014763,2024;08;16;14,FM-15,343,81,51,200,6
USW00014763,2024;08;16;15,FM-15,343,81,54,230,3
USW00014763,2024;08;16;16,FM-15,343,76,72,140,9
USW00014763,2024;08;16;17,FM-15,343,74,76,140,8
USW00014763,2024;08;16;18,FM-15,343,72,79,0,0
USW00014763,2024;08;16;19,FM-15,343,70,84,0,0
USW00014763,2024;08;16;20,FM-15,343,69,84,30,3
USW00014763,2024;08;16;21,FM-15,343,68,90,0,0
USW00014763,2024;08;16;22,FM-15,343,68,90,0,0
USW00014763,2024;08;16;23,FM-16,343,68,87,0,0
USW00014763,2024;08;16;23,FM-16,343,68,87,VRB,3
USW00014763,2024;08;16;23,FM-15,343,68,87,0,0
USW00014763,2024;08;17;00,SOD,,,,,
USW00014763,2024;08;17;00,FM-16,343,66,93,110,5
USW00014763,2024;08;17;00,FM-16,343,67,91,VRB,5
USW00014763,2024;08;17;00,FM-16,343,67,91,0,0
USW00014763,2024;08;17;00,FM-15,343,68,87,0,0
USW00014763,2024;08;17;01,FM-15,343,67,87,120,6
USW00014763,2024;08;17;02,FM-15,343,67,87,0,0
USW00014763,2024;08;17;03,FM-15,343,66,90,VRB,5
USW00014763,2024;08;17;04,FM-16,343,66,87,120,7
USW00014763,2024;08;17;04,FM-15,343,66,87,110,7
USW00014763,2024;08;17;05,FM-16,343,65,90,130,8
USW00014763,2024;08;17;05,FM-16,343,65,90,140,8
USW00014763,2024;08;17;05,FM-15,343,66,87,130,6
USW00014763,2024;08;17;06,FM-16,343,66,87,130,6
USW00014763,2024;08;17;06,FM-15,343,66,87,0,0
USW00014763,2024;08;17;07,FM-15,343,67,81,140,9
USW00014763,2024;08;17;08,FM-16,343,67,84,VRB,8
USW00014763,2024;08;17;08,FM-16,343,68,78,130,6
USW00014763,2024;08;17;08,FM-15,343,69,78,140,11
USW00014763,2024;08;17;09,FM-15,343,70,76,150,9
USW00014763,2024;08;17;10,FM-15,343,71,76,150,7
USW00014763,2024;08;17;11,FM-15,343,73,71,140,13
USW00014763,2024;08;17;12,FM-15,343,75,66,VRB,6
USW00014763,2024;08;17;13,FM-15,343,76,67,160,5
USW00014763,2024;08;17;14,FM-15,343,75,66,200,9
USW00014763,2024;08;17;15,FM-15,343,75,66,180,6
USW00014763,2024;08;17;16,FM-15,343,74,69,130,9
USW00014763,2024;08;17;17,FM-15,343,72,73,140,7
USW00014763,2024;08;17;18,FM-15,343,70,79,130,8
USW00014763,2024;08;17;19,FM-15,343,70,79,150,9
USW00014763,2024;08;17;20,FM-15,343,69,81,130,13
USW00014763,2024;08;17;21,FM-16,343,69,81,VRB,5
USW00014763,2024;08;17;21,FM-15,343,68,84,120,7
USW00014763,2024;08;17;22,FM-16,343,68,84,VRB,5
USW00014763,2024;08;17;22,FM-15,343,68,84,180,8
USW00014763,2024;08;17;23,FM-16,343,68,81,130,8
USW00014763,2024;08;17;23,FM-16,343,68,81,VRB,6
USW00014763,2024;08;17;23,FM-15,343,67,84,100,5
USW00014763,2024;08;18;00,SOD,,,,,
USW00014763,2024;08;18;00,FM-16,343,67,84,VRB,5
USW00014763,2024;08;18;00,FM-15,343,67,84,150,6
USW00014763,2024;08;18;01,FM-16,343,67,84,130,8
USW00014763,2024;08;18;01,FM-15,343,67,84,160,8
USW00014763,2024;08;18;02,FM-15,343,66,84,140,9
USW00014763,2024;08;18;03,FM-16,343,66,84,140,11
USW00014763,2024;08;18;03,FM-16,343,66,84,150,9
USW00014763,2024;08;18;03,FM-15,343,66,84,140,9
USW00014763,2024;08;18;04,FM-16,343,66,84,140,10
USW00014763,2024;08;18;04,FM-15,343,66,84,140,11
USW00014763,2024;08;18;05,FM-15,343,65,84,150,8
USW00014763,2024;08;18;06,FM-15,343,65,87,100,6
USW00014763,2024;08;18;07,FM-16,343,64,90,120,7
USW00014763,2024;08;18;07,FM-16,343,63,93,100,5
USW00014763,2024;08;18;07,FM-15,343,63,93,100,5
USW00014763,2024;08;18;08,FM-16,343,63,93,60,3
USW00014763,2024;08;18;08,FM-15,343,63,90,80,5
USW00014763,2024;08;18;09,FM-16,343,64,94,110,6
USW00014763,2024;08;18;09,FM-15,343,64,93,110,6
USW00014763,2024;08;18;10,FM-15,343,66,90,VRB,6
USW00014763,2024;08;18;11,FM-16,343,67,87,140,10
USW00014763,2024;08;18;11,FM-15,343,67,87,120,10
USW00014763,2024;08;18;12,FM-15,343,68,84,140,13
USW00014763,2024;08;18;13,FM-15,343,69,81,130,11
USW00014763,2024;08;18;14,FM-15,343,70,79,120,7
USW00014763,2024;08;18;15,FM-16,343,69,78,120,9
USW00014763,2024;08;18;15,FM-15,343,70,79,130,9
USW00014763,2024;08;18;16,FM-16,343,70,79,140,8
USW00014763,2024;08;18;16,FM-16,343,69,78,130,9
USW00014763,2024;08;18;16,FM-16,343,69,78,130,6
USW00014763,2024;08;18;16,FM-15,343,69,78,130,9
USW00014763,2024;08;18;17,FM-15,343,69,78,140,10
USW00014763,2024;08;18;18,FM-15,343,68,81,150,11
USW00014763,2024;08;18;19,FM-16,343,67,84,140,10
USW00014763,2024;08;18;19,FM-16,343,67,87,140,10
USW00014763,2024;08;18;19,FM-16,343,67,87,140,9
USW00014763,2024;08;18;19,FM-15,343,67,87,140,10
USW00014763,2024;08;18;20,FM-16,343,67,87,130,10
USW00014763,2024;08;18;20,FM-15,343,67,87,130,8
USW00014763,2024;08;18;21,FM-16,343,67,87,130,8
USW00014763,2024;08;18;21,FM-16,343,67,91,0,0
USW00014763,2024;08;18;21,FM-15,343,67,91,0,0
USW00014763,2024;08;18;22,FM-16,343,68,87,100,5
USW00014763,2024;08;18;22,FM-16,343,67,91,VRB,3
USW00014763,2024;08;18;22,FM-15,343,67,91,VRB,7
USW00014763,2024;08;18;23,FM-15,343,66,93,0,0
USW00014763,2024;08;19;00,SOD,,,,,
USW00014763,2024;08;19;00,FM-15,343,66,93,120,5
USW00014763,2024;08;19;01,FM-15,343,67,93,140,6
USW00014763,2024;08;19;02,FM-15,343,67,93,130,6
USW00014763,2024;08;19;03,FM-15,343,67,93,60,3
USW00014763,2024;08;19;04,FM-15,343,66,96,10,3
USW00014763,2024;08;19;05,FM-16,343,67,91,0,0
USW00014763,2024;08;19;05,FM-15,343,67,91,140,3
USW00014763,2024;08;19;06,FM-15,343,68,87,130,6
USW00014763,2024;08;19;07,FM-15,343,68,90,150,3
USW00014763,2024;08;19;08,FM-16,343,68,87,,
USW00014763,2024;08;19;08,FM-15,343,,,,
USW00014763,2024;08;19;09,FM-15,343,,,,
USW00014763,2024;08;19;10,FM-15,343,,,,
USW00014763,2024;08;19;11,FM-15,343,,,,
USW00014763,2024;08;19;12,FM-15,343,77,,170,8
USW00014763,2024;08;19;13,FM-15,343,79,,180,8
USW00014763,2024;08;19;14,FM-15,343,79,,220,8
USW00014763,2024;08;19;15,FM-16,343,76,,290,11
USW00014763,2024;08;19;15,FM-15,343,69,,280,22
USW00014763,2024;08;19;15,FM-16,343,68,,290,17
USW00014763,2024;08;19;15,FM-16,343,67,,310,15
USW00014763,2024;08;19;16,FM-16,343,66,,290,13
USW00014763,2024;08;19;16,FM-16,343,66,,260,9
USW00014763,2024;08;19;16,FM-16,343,66,,250,8
USW00014763,2024;08;19;16,FM-16,343,66,,280,7
USW00014763,2024;08;19;16,FM-16,343,66,,VRB,5
USW00014763,2024;08;19;16,FM-16,343,66,,220,6
USW00014763,2024;08;19;16,FM-16,343,66,,250,6
USW00014763,2024;08;19;16,FM-15,343,66,,280,8
USW00014763,2024;08;19;17,FM-16,343,67,,220,8
USW00014763,2024;08;19;17,FM-16,343,67,,230,11
USW00014763,2024;08;19;17,FM-16,343,67,,240,6
USW00014763,2024;08;19;17,FM-15,343,68,,270,7
USW00014763,2024;08;19;18,FM-16,343,67,,270,11
USW00014763,2024;08;19;18,FM-15,343,64,,290,11
USW00014763,2024;08;19;19,FM-15,343,62,,280,14
USW00014763,2024;08;19;20,FM-15,343,60,,270,8
USW00014763,2024;08;19;21,FM-16,343,61,,300,8
USW00014763,2024;08;19;21,FM-15,343,61,,290,6
USW00014763,2024;08;19;22,FM-15,343,59,,320,7
USW00014763,2024;08;19;23,FM-15,343,58,,300,8
USW00014763,2024;08;20;00,SOD,,,,,
USW00014763,2024;08;20;00,FM-15,343,57,,330,8
USW00014763,2024;08;20;01,FM-16,343,56,,VRB,8
USW00014763,2024;08;20;01,FM-16,343,56,,VRB,6
USW00014763,2024;08;20;01,FM-15,343,56,,320,7
USW00014763,2024;08;20;02,FM-15,343,55,,300,7
USW00014763,2024;08;20;03,FM-16,343,54,,300,8
USW00014763,2024;08;20;03,FM-15,343,54,,320,9
USW00014763,2024;08;20;04,FM-16,343,54,,310,7
USW00014763,2024;08;20;04,FM-16,343,54,,310,8
USW00014763,2024;08;20;04,FM-15,343,54,,310,9
USW00014763,2024;08;20;05,FM-15,343,54,,300,6
USW00014763,2024;08;20;06,FM-15,343,53,,320,5
USW00014763,2024;08;20;07,FM-16,343,53,,310,7
USW00014763,2024;08;20;07,FM-16,343,53,,300,13
USW00014763,2024;08;20;07,FM-16,343,54,,300,11
USW00014763,2024;08;20;07,FM-15,343,54,,300,11
USW00014763,2024;08;20;08,FM-16,343,55,,290,14
USW00014763,2024;08;20;08,FM-15,343,55,,300,15
USW00014763,2024;08;20;09,FM-16,343,54,,300,11
USW00014763,2024;08;20;09,FM-15,343,54,,290,16
USW00014763,2024;08;20;10,FM-16,343,56,87,290,10
USW00014763,2024;08;20;10,FM-15,343,55,80,300,10
USW00014763,2024;08;20;11,FM-16,343,57,,300,11
USW00014763,2024;08;20;11,FM-16,343,57,72,300,9
USW00014763,2024;08;20;11,FM-16,343,57,72,290,16
USW00014763,2024;08;20;11,FM-15,343,57,72,300,9
USW00014763,2024;08;20;12,FM-15,343,60,65,290,13
USW00014763,2024;08;20;13,FM-15,343,61,63,300,10
USW00014763,2024;08;20;14,FM-15,343,61,58,320,14
USW00014763,2024;08;20;15,FM-15,343,63,56,290,15
USW00014763,2024;08;20;16,FM-15,343,62,56,310,7
USW00014763,2024;08;20;17,FM-15,343,60,62,300,6
USW00014763,2024;08;20;18,FM-15,343,56,75,260,7
USW00014763,2024;08;20;19,FM-15,343,55,77,270,8
USW00014763,2024;08;20;20,FM-15,343,54,80,270,11
USW00014763,2024;08;20;21,FM-15,343,54,80,220,7
USW00014763,2024;08;20;22,FM-15,343,53,83,230,8
USW00014763,2024;08;20;23,FM-15,343,51,89,0,0
USW00014763,2024;08;21;00,SOD,,,,,
USW00014763,2024;08;21;00,FM-15,343,51,89,VRB,6
USW00014763,2024;08;21;01,FM-15,343,50,89,290,3
USW00014763,2024;08;21;02,FM-16,343,51,92,270,8
USW00014763,2024;08;21;02,FM-15,343,52,89,280,10
USW00014763,2024;08;21;03,FM-15,343,52,89,310,9
USW00014763,2024;08;21;04,FM-15,343,52,89,310,8
USW00014763,2024;08;21;05,FM-16,343,51,89,260,9
USW00014763,2024;08;21;05,FM-15,343,51,89,260,7
USW00014763,2024;08;21;05,FM-16,343,51,92,260,7
USW00014763,2024;08;21;06,FM-16,343,54,82,290,6
USW00014763,2024;08;21;06,FM-16,343,54,82,290,6
USW00014763,2024;08;21;06,FM-15,343,53,86,280,7
USW00014763,2024;08;21;07,FM-16,343,53,86,270,9
USW00014763,2024;08;21;07,FM-15,343,55,83,290,10
USW00014763,2024;08;21;08,FM-16,343,55,83,280,13
USW00014763,2024;08;21;08,FM-16,343,56,,310,9
USW00014763,2024;08;21;08,FM-15,343,58,,270,10
USW00014763,2024;08;21;09,FM-16,343,58,,VRB,8
USW00014763,2024;08;21;09,FM-15,343,61,,270,10
USW00014763,2024;08;21;10,FM-16,343,62,67,280,11
USW00014763,2024;08;21;10,FM-15,343,64,63,280,13
USW00014763,2024;08;21;11,FM-15,343,65,59,300,11
USW00014763,2024;08;21;12,FM-15,343,68,51,300,9
USW00014763,2024;08;21;13,FM-15,343,67,53,270,9
USW00014763,2024;08;21;14,FM-15,343,67,53,340,9
USW00014763,2024;08;21;15,FM-15,343,64,56,280,11
USW00014763,2024;08;21;16,FM-15,343,65,59,260,14
USW00014763,2024;08;21;17,FM-15,343,62,62,300,11
USW00014763,2024;08;21;18,FM-15,343,58,75,290,10
USW00014763,2024;08;21;19,FM-15,343,57,74,280,10
USW00014763,2024;08;21;20,FM-16,343,55,77,240,7
USW00014763,2024;08;21;20,FM-15,343,56,77,240,7
USW00014763,2024;08;21;21,FM-16,343,54,82,270,8
USW00014763,2024;08;21;21,FM-15,343,54,83,280,7
USW00014763,2024;08;21;22,FM-15,343,53,83,230,8
USW00014763,2024;08;21;23,FM-16,343,54,80,220,7
USW00014763,2024;08;21;23,FM-15,343,53,83,240,7
USW00014763,2024;08;22;00,SOD,,,,,
USW00014763,2024;08;22;00,FM-16,343,52,83,250,7
USW00014763,2024;08;22;00,FM-15,343,52,83,270,7
USW00014763,2024;08;22;01,FM-16,343,53,83,260,7
USW00014763,2024;08;22;01,FM-16,343,54,82,290,5
USW00014763,2024;08;22;01,FM-15,343,53,83,290,6
USW00014763,2024;08;22;02,FM-15,343,53,80,260,7
USW00014763,2024;08;22;03,FM-15,343,52,83,290,7
USW00014763,2024;08;22;04,FM-15,343,51,86,280,9
USW00014763,2024;08;22;05,FM-15,343,53,86,250,6
USW00014763,2024;08;22;06,FM-15,343,55,83,260,3
USW00014763,2024;08;22;07,FM-15,343,58,75,290,13
USW00014763,2024;08;22;08,FM-15,343,59,75,270,11
USW00014763,2024;08;22;09,FM-15,343,62,73,VRB,10
USW00014763,2024;08;22;10,FM-16,343,64,68,300,10
USW00014763,2024;08;22;10,FM-16,343,63,68,290,11
USW00014763,2024;08;22;10,FM-15,343,63,68,280,11
USW00014763,2024;08;22;11,FM-15,343,66,63,290,13
USW00014763,2024;08;22;12,FM-15,343,68,61,280,13
USW00014763,2024;08;22;13,FM-15,343,66,61,290,13
USW00014763,2024;08;22;14,FM-15,343,67,59,320,10
USW00014763,2024;08;22;15,FM-15,343,69,55,260,9
USW00014763,2024;08;22;16,FM-15,343,69,55,VRB,6
USW00014763,2024;08;22;17,FM-15,343,67,61,260,6
USW00014763,2024;08;22;18,FM-15,343,63,68,230,3
USW00014763,2024;08;22;19,FM-15,343,61,75,230,6
USW00014763,2024;08;22;20,FM-15,343,61,72,220,3
USW00014763,2024;08;22;21,FM-15,343,60,72,230,7
USW00014763,2024;08;22;22,FM-15,343,56,84,180,5
USW00014763,2024;08;22;23,FM-15,343,57,81,190,3
USW00014763,2024;08;23;00,SOD,,,,,
USW00014763,2024;08;23;00,FM-15,343,53,89,150,3
USW00014763,2024;08;23;01,FM-15,343,54,87,250,3
USW00014763,2024;08;23;02,FM-15,343,52,93,140,5
USW00014763,2024;08;23;03,FM-15,343,53,89,0,0
USW00014763,2024;08;23;04,FM-15,343,50,93,0,0
USW00014763,2024;08;23;05,FM-15,343,50,96,0,0
USW00014763,2024;08;23;06,FM-15,343,56,90,0,0
USW00014763,2024;08;23;07,FM-15,343,63,70,230,3
USW00014763,2024;08;23;08,FM-15,343,66,61,220,6
USW00014763,2024;08;23;09,FM-15,343,69,61,250,5
USW00014763,2024;08;23;10,FM-15,343,71,55,VRB,7
USW00014763,2024;08;23;11,FM-15,343,72,52,300,10
USW00014763,2024;08;23;12,FM-15,343,74,46,280,9
USW00014763,2024;08;23;13,FM-15,343,75,43,250,13
USW00014763,2024;08;23;14,FM-15,343,75,46,280,9
USW00014763,2024;08;23;15,FM-15,343,75,46,290,7
USW00014763,2024;08;23;16,FM-15,343,73,50,300,6
USW00014763,2024;08;23;17,FM-15,343,68,73,0,0
USW00014763,2024;08;23;18,FM-15,343,68,68,230,3
USW00014763,2024;08;23;19,FM-15,343,66,75,250,3
USW00014763,2024;08;23;20,FM-15,343,63,84,0,0
USW00014763,2024;08;23;21,FM-15,343,62,86,0,0
USW00014763,2024;08;23;22,FM-15,343,60,90,0,0
USW00014763,2024;08;23;23,FM-15,343,58,90,0,0
USW00014763,2024;08;24;00,SOD,,,,,
USW00014763,2024;08;24;00,FM-15,343,56,93,0,0
USW00014763,2024;08;24;01,FM-15,343,55,96,0,0
USW00014763,2024;08;24;02,FM-16,343,53,96,0,0
USW00014763,2024;08;24;02,FM-16,343,54,94,0,0
USW00014763,2024;08;24;02,FM-15,343,54,93,0,0
USW00014763,2024;08;24;03,FM-16,343,53,96,0,0
USW00014763,2024;08;24;03,FM-16,343,53,96,0,0
USW00014763,2024;08;24;03,FM-16,343,54,93,0,0
USW00014763,2024;08;24;03,FM-16,343,54,97,0,0
USW00014763,2024;08;24;03,FM-15,343,55,96,0,0
USW00014763,2024;08;24;04,FM-16,343,53,96,0,0
USW00014763,2024;08;24;04,FM-15,343,52,97,0,0
USW00014763,2024;08;24;05,FM-16,343,51,100,0,0
USW00014763,2024;08;24;05,FM-15,343,51,100,0,0
USW00014763,2024;08;24;06,FM-16,343,54,97,0,0
USW00014763,2024;08;24;06,FM-16,343,54,100,0,0
USW00014763,2024;08;24;06,FM-16,343,54,100,0,0
USW00014763,2024;08;24;06,FM-15,343,55,96,0,0
USW00014763,2024;08;24;07,FM-16,343,56,97,0,0
USW00014763,2024;08;24;07,FM-16,343,57,96,0,0
USW00014763,2024;08;24;07,FM-16,343,57,93,0,0
USW00014763,2024;08;24;07,FM-16,343,58,93,0,0
USW00014763,2024;08;24;07,FM-15,343,60,90,0,0
USW00014763,2024;08;24;08,FM-15,343,68,70,0,0
USW00014763,2024;08;24;09,FM-15,343,72,55,VRB,5
USW00014763,2024;08;24;10,FM-15,343,74,50,VRB,5
USW00014763,2024;08;24;11,FM-15,343,75,48,VRB,8
USW00014763,2024;08;24;12,FM-15,343,77,45,VRB,3
USW00014763,2024;08;24;13,FM-15,343,76,45,290,7
USW00014763,2024;08;24;14,FM-15,343,76,47,270,8
USW00014763,2024;08;24;15,FM-15,343,77,48,VRB,3
USW00014763,2024;08;24;16,FM-15,343,75,52,300,5
USW00014763,2024;08;24;17,FM-15,343,72,59,270,3
USW00014763,2024;08;24;18,FM-15,343,65,84,0,0
USW00014763,2024;08;24;19,FM-15,343,62,86,0,0
USW00014763,2024;08;24;20,FM-15,343,61,87,0,0
USW00014763,2024;08;24;21,FM-15,343,58,93,0,0
USW00014763,2024;08;24;22,FM-15,343,59,93,0,0
USW00014763,2024;08;24;23,FM-15,343,58,93,0,0
USW00014763,2024;08;25;00,SOD,,,,,
USW00014763,2024;08;25;00,FM-16,343,56,97,0,0
USW00014763,2024;08;25;00,FM-16,343,57,96,0,0
USW00014763,2024;08;25;00,FM-16,343,57,93,0,0
USW00014763,2024;08;25;00,FM-16,343,57,93,0,0
USW00014763,2024;08;25;00,FM-16,343,56,97,0,0
USW00014763,2024;08;25;00,FM-15,343,54,100,0,0
USW00014763,2024;08;25;01,FM-16,343,55,96,0,0
USW00014763,2024;08;25;01,FM-16,343,55,96,0,0
USW00014763,2024;08;25;01,FM-16,343,55,93,0,0
USW00014763,2024;08;25;01,FM-16,343,55,96,0,0
USW00014763,2024;08;25;01,FM-16,343,55,96,0,0
USW00014763,2024;08;25;01,FM-16,343,55,94,0,0
USW00014763,2024;08;25;01,FM-15,343,56,93,0,0
USW00014763,2024;08;25;02,FM-16,343,54,97,0,0
USW00014763,2024;08;25;02,FM-16,343,54,97,0,0
USW00014763,2024;08;25;02,FM-16,343,54,97,0,0
USW00014763,2024;08;25;02,FM-16,343,53,96,0,0
USW00014763,2024;08;25;02,FM-15,343,53,96,0,0
USW00014763,2024;08;25;02,FM-16,343,53,96,0,0
USW00014763,2024;08;25;03,FM-16,343,53,93,0,0
USW00014763,2024;08;25;03,FM-15,343,52,97,0,0
USW00014763,2024;08;25;04,FM-16,343,54,97,0,0
USW00014763,2024;08;25;04,FM-16,343,53,96,0,0
USW00014763,2024;08;25;04,FM-16,343,53,96,0,0
USW00014763,2024;08;25;04,FM-15,343,53,96,0,0
USW00014763,2024;08;25;05,FM-16,343,53,96,0,0
USW00014763,2024;08;25;05,FM-16,343,53,93,0,0
USW00014763,2024;08;25;05,FM-16,343,53,96,0,0
USW00014763,2024;08;25;05,FM-16,343,53,96,0,0
USW00014763,2024;08;25;05,FM-16,343,53,96,0,0
USW00014763,2024;08;25;05,FM-16,343,54,97,0,0
USW00014763,2024;08;25;05,FM-16,343,54,97,0,0
USW00014763,2024;08;25;05,FM-16,343,54,97,0,0
USW00014763,2024;08;25;05,FM-15,343,55,96,0,0
USW00014763,2024;08;25;06,FM-15,343,59,93,340,3
USW00014763,2024;08;25;07,FM-15,343,62,93,100,3
USW00014763,2024;08;25;08,FM-15,343,66,81,30,3
USW00014763,2024;08;25;09,FM-15,343,70,76,60,3
USW00014763,2024;08;25;10,FM-15,343,73,64,0,0
USW00014763,2024;08;25;11,FM-15,343,76,58,210,6
USW00014763,2024;08;25;12,FM-15,343,78,56,310,3
USW00014763,2024;08;25;13,FM-15,343,78,52,300,3
USW00014763,2024;08;25;14,FM-15,343,78,50,330,5
USW00014763,2024;08;25;15,FM-15,343,78,54,310,5
USW00014763,2024;08;25;16,FM-15,343,76,58,310,5
USW00014763,2024;08;25;17,FM-15,343,74,62,320,3
USW00014763,2024;08;25;18,FM-15,343,69,78,0,0
USW00014763,2024;08;25;19,FM-15,343,65,87,0,0
USW00014763,2024;08;25;20,FM-15,343,64,84,300,3
USW00014763,2024;08;25;21,FM-15,343,62,90,0,0
USW00014763,2024;08;25;22,FM-15,343,61,93,0,0
USW00014763,2024;08;25;23,FM-15,343,60,93,0,0
USW00014763,2024;08;26;00,SOD,,,,,
USW00014763,2024;08;26;00,FM-16,343,57,100,0,0
USW00014763,2024;08;26;00,FM-15,343,58,97,0,0
USW00014763,2024;08;26;01,FM-16,343,59,93,0,0
USW00014763,2024;08;26;01,FM-16,343,58,97,0,0
USW00014763,2024;08;26;01,FM-16,343,58,97,0,0
USW00014763,2024;08;26;01,FM-16,343,57,94,0,0
USW00014763,2024;08;26;01,FM-16,343,57,94,0,0
USW00014763,2024;08;26;01,FM-15,343,57,96,0,0
USW00014763,2024;08;26;01,FM-16,343,57,96,0,0
USW00014763,2024;08;26;02,FM-16,343,57,96,0,0
USW00014763,2024;08;26;02,FM-16,343,57,96,0,0
USW00014763,2024;08;26;02,FM-16,343,57,96,0,0
USW00014763,2024;08;26;02,FM-16,343,56,97,0,0
USW00014763,2024;08;26;02,FM-16,343,58,93,0,0
USW00014763,2024;08;26;02,FM-16,343,58,97,0,0
USW00014763,2024;08;26;02,FM-15,343,57,96,0,0
USW00014763,2024;08;26;03,FM-15,343,57,96,0,0
USW00014763,2024;08;26;03,FM-16,343,56,97,0,0
USW00014763,2024;08;26;04,FM-16,343,56,97,0,0
USW00014763,2024;08;26;04,FM-16,343,55,96,0,0
USW00014763,2024;08;26;04,FM-16,343,56,93,0,0
USW00014763,2024;08;26;04,FM-16,343,56,93,0,0
USW00014763,2024;08;26;04,FM-16,343,56,93,0,0
USW00014763,2024;08;26;04,FM-16,343,56,93,0,0
USW00014763,2024;08;26;04,FM-16,343,56,97,0,0
USW00014763,2024;08;26;04,FM-15,343,56,97,0,0
USW00014763,2024;08;26;05,FM-16,343,56,97,0,0
USW00014763,2024;08;26;05,FM-16,343,56,97,0,0
USW00014763,2024;08;26;05,FM-16,343,55,96,0,0
USW00014763,2024;08;26;05,FM-16,343,55,96,0,0
USW00014763,2024;08;26;05,FM-15,343,56,97,0,0
USW00014763,2024;08;26;05,FM-16,343,56,97,0,0
USW00014763,2024;08;26;06,FM-16,343,57,96,0,0
USW00014763,2024;08;26;06,FM-16,343,57,100,0,0
USW00014763,2024;08;26;06,FM-16,343,58,97,0,0
USW00014763,2024;08;26;06,FM-16,343,60,96,0,0
USW00014763,2024;08;26;06,FM-15,343,61,97,0,0
USW00014763,2024;08;26;07,FM-15,343,66,84,0,0
USW00014763,2024;08;26;08,FM-15,343,71,76,0,0
USW00014763,2024;08;26;09,FM-15,343,75,66,0,0
USW00014763,2024;08;26;10,FM-15,343,78,62,VRB,7
USW00014763,2024;08;26;11,FM-16,343,79,61,310,8
USW00014763,2024;08;26;11,FM-15,343,79,60,290,10
USW00014763,2024;08;26;12,FM-16,343,77,62,30,10
USW00014763,2024;08;26;12,FM-16,343,77,61,VRB,5
USW00014763,2024;08;26;12,FM-15,343,76,64,150,7
USW00014763,2024;08;26;13,FM-16,343,81,54,280,10
USW00014763,2024;08;26;13,FM-15,343,80,52,290,9
USW00014763,2024;08;26;14,FM-16,343,73,69,110,9
USW00014763,2024;08;26;14,FM-16,343,68,73,140,10
USW00014763,2024;08;26;14,FM-15,343,68,68,120,8
USW00014763,2024;08;26;15,FM-16,343,68,70,60,6
USW00014763,2024;08;26;15,FM-16,343,72,69,50,7
USW00014763,2024;08;26;15,FM-15,343,71,71,50,7
USW00014763,2024;08;26;16,FM-16,343,71,73,80,7
USW00014763,2024;08;26;16,FM-16,343,68,81,50,13
USW00014763,2024;08;26;16,FM-16,343,64,94,120,5
USW00014763,2024;08;26;16,FM-15,343,65,93,110,3
USW00014763,2024;08;26;17,FM-16,343,66,90,0,0
USW00014763,2024;08;26;17,FM-15,343,66,93,0,0
USW00014763,2024;08;26;18,FM-16,343,63,97,0,0
USW00014763,2024;08;26;18,FM-16,343,64,94,0,0
USW00014763,2024;08;26;18,FM-15,343,64,96,0,0
USW00014763,2024;08;26;19,FM-16,343,62,96,0,0
USW00014763,2024;08;26;19,FM-16,343,63,97,0,0
USW00014763,2024;08;26;19,FM-16,343,62,96,0,0
USW00014763,2024;08;26;19,FM-16,343,62,96,0,0
USW00014763,2024;08;26;19,FM-16,343,63,97,0,0
USW00014763,2024;08;26;19,FM-15,343,61,100,0,0
USW00014763,2024;08;26;20,FM-16,343,61,100,0,0
USW00014763,2024;08;26;20,FM-16,343,61,97,120,3
USW00014763,2024;08;26;20,FM-16,343,61,100,0,0
USW00014763,2024;08;26;20,FM-16,343,62,100,0,0
USW00014763,2024;08;26;20,FM-16,343,63,100,0,0
USW00014763,2024;08;26;20,FM-15,343,62,100,0,0
USW00014763,2024;08;26;21,FM-15,343,62,96,0,0
USW00014763,2024;08;26;22,FM-15,343,61,97,0,0
USW00014763,2024;08;26;23,FM-15,343,61,97,120,3
USW00014763,2024;08;27;00,SOD,,,,,
USW00014763,2024;08;27;00,FM-16,343,60,100,0,0
USW00014763,2024;08;27;00,FM-16,343,61,100,0,0
USW00014763,2024;08;27;00,FM-15,343,60,100,0,0
USW00014763,2024;08;27;01,FM-15,343,60,100,0,0
USW00014763,2024;08;27;02,FM-15,343,60,96,0,0
USW00014763,2024;08;27;03,FM-15,343,59,100,0,0
USW00014763,2024;08;27;04,FM-15,343,59,96,50,3
USW00014763,2024;08;27;05,FM-16,343,58,100,0,0
USW00014763,2024;08;27;05,FM-15,343,58,100,0,0
USW00014763,2024;08;27;06,FM-15,343,59,96,0,0
USW00014763,2024;08;27;07,FM-16,343,60,96,0,0
USW00014763,2024;08;27;07,FM-16,343,59,100,0,0
USW00014763,2024;08;27;07,FM-15,343,61,97,0,0
USW00014763,2024;08;27;08,FM-16,343,61,97,0,0
USW00014763,2024;08;27;08,FM-16,343,61,97,0,0
USW00014763,2024;08;27;08,FM-16,343,61,97,0,0
USW00014763,2024;08;27;08,FM-16,343,61,97,60,3
USW00014763,2024;08;27;08,FM-16,343,63,94,0,0
USW00014763,2024;08;27;08,FM-15,343,63,97,0,0
USW00014763,2024;08;27;09,FM-16,343,66,90,0,0
USW00014763,2024;08;27;09,FM-15,343,72,76,0,0
USW00014763,2024;08;27;10,FM-15,343,77,62,VRB,6
USW00014763,2024;08;27;11,FM-15,343,78,47,280,3
USW00014763,2024;08;27;12,FM-15,343,79,52,280,7
USW00014763,2024;08;27;13,FM-15,343,80,51,240,9
USW00014763,2024;08;27;14,FM-15,343,80,45,210,5
USW00014763,2024;08;27;15,FM-15,343,80,41,VRB,3
USW00014763,2024;08;27;16,FM-15,343,79,45,180,3
USW00014763,2024;08;27;17,FM-15,343,76,52,0,0
USW00014763,2024;08;27;18,FM-15,343,68,76,240,5
USW00014763,2024;08;27;19,FM-15,343,65,87,0,0
USW00014763,2024;08;27;20,FM-15,343,63,90,0,0
USW00014763,2024;08;27;21,FM-15,343,61,93,0,0
USW00014763,2024;08;27;22,FM-15,343,62,90,0,0
USW00014763,2024;08;27;23,FM-15,343,59,96,60,3
USW00014763,2024;08;28;00,SOD,,,,,
USW00014763,2024;08;28;00,FM-15,343,61,97,40,3
USW00014763,2024;08;28;01,FM-15,343,61,97,20,3
USW00014763,2024;08;28;02,FM-15,343,62,93,0,0
USW00014763,2024;08;28;03,FM-15,343,62,93,0,0
USW00014763,2024;08;28;04,FM-15,343,62,93,0,0
USW00014763,2024;08;28;05,FM-15,343,63,93,0,0
USW00014763,2024;08;28;06,FM-16,343,65,90,0,0
USW00014763,2024;08;28;06,FM-15,343,67,91,60,3
USW00014763,2024;08;28;07,FM-15,343,68,90,0,0
USW00014763,2024;08;28;08,FM-15,343,73,79,240,8
USW00014763,2024;08;28;09,FM-15,343,75,79,270,9
USW00014763,2024;08;28;10,FM-16,343,75,82,280,8
USW00014763,2024;08;28;10,FM-16,343,76,77,270,11
USW00014763,2024;08;28;10,FM-15,343,77,77,290,15
USW00014763,2024;08;28;11,FM-15,343,77,74,280,13
USW00014763,2024;08;28;12,FM-15,343,81,69,270,11
USW00014763,2024;08;28;13,FM-15,343,83,59,290,15
USW00014763,2024;08;28;14,FM-15,343,80,64,320,8
USW00014763,2024;08;28;15,FM-15,343,78,71,340,3
USW00014763,2024;08;28;16,FM-15,343,79,72,300,8
USW00014763,2024;08;28;17,FM-15,343,77,71,0,0
USW00014763,2024;08;28;18,FM-15,343,72,76,320,6
USW00014763,2024;08;28;19,FM-15,343,70,82,10,5
USW00014763,2024;08;28;20,FM-16,343,68,84,60,6
USW00014763,2024;08;28;20,FM-16,343,66,88,70,5
USW00014763,2024;08;28;20,FM-15,343,68,84,60,3
USW00014763,2024;08;28;21,FM-15,343,66,87,40,5
USW00014763,2024;08;28;22,FM-15,343,67,79,10,5
USW00014763,2024;08;28;23,FM-16,343,66,73,340,6
USW00014763,2024;08;28;23,FM-15,343,66,75,0,0
USW00014763,2024;08;29;00,SOD,,,,,
USW00014763,2024;08;29;00,FM-15,343,65,78,30,3
USW00014763,2024;08;29;01,FM-15,343,64,73,70,6
USW00014763,2024;08;29;02,FM-15,343,63,68,70,6
USW00014763,2024;08;29;03,FM-15,343,61,63,60,9
USW00014763,2024;08;29;04,FM-16,343,60,65,50,10
USW00014763,2024;08;29;04,FM-15,343,60,62,50,6
USW00014763,2024;08;29;05,FM-16,343,60,65,0,0
USW00014763,2024;08;29;05,FM-15,343,60,65,0,0
USW00014763,2024;08;29;06,FM-16,343,60,65,30,5
USW00014763,2024;08;29;06,FM-15,343,61,65,20,3
USW00014763,2024;08;29;07,FM-16,343,61,67,70,6
USW00014763,2024;08;29;07,FM-15,343,61,70,60,6
USW00014763,2024;08;29;08,FM-15,343,62,70,70,6
USW00014763,2024;08;29;09,FM-16,343,63,70,60,5
USW00014763,2024;08;29;09,FM-15,343,64,68,VRB,6
USW00014763,2024;08;29;10,FM-15,343,64,70,60,5
USW00014763,2024;08;29;11,FM-15,343,65,68,40,5
USW00014763,2024;08;29;12,FM-15,343,67,66,VRB,5
USW00014763,2024;08;29;13,FM-15,343,68,68,90,5
USW00014763,2024;08;29;14,FM-16,343,67,68,130,5
USW00014763,2024;08;29;14,FM-15,343,67,71,160,5
USW00014763,2024;08;29;15,FM-16,343,67,71,140,5
USW00014763,2024;08;29;15,FM-16,343,67,71,170,6
USW00014763,2024;08;29;15,FM-16,343,67,71,VRB,3
USW00014763,2024;08;29;15,FM-15,343,67,71,160,6
USW00014763,2024;08;29;16,FM-16,343,68,70,150,6
USW00014763,2024;08;29;16,FM-15,343,66,73,150,5
USW00014763,2024;08;29;17,FM-15,343,65,76,100,5
USW00014763,2024;08;29;18,FM-15,343,62,86,0,0
USW00014763,2024;08;29;19,FM-15,343,63,84,110,3
USW00014763,2024;08;29;20,FM-15,343,62,84,0,0
USW00014763,2024;08;29;21,FM-15,343,60,90,0,0
USW00014763,2024;08;29;22,FM-15,343,59,93,0,0
USW00014763,2024;08;29;23,FM-16,343,59,93,50,3
USW00014763,2024;08;29;23,FM-15,343,60,90,360,3
USW00014763,2024;08;30;00,SOD,,,,,
USW00014763,2024;08;30;00,FM-15,343,59,93,70,3
USW00014763,2024;08;30;01,FM-16,343,60,90,50,3
USW00014763,2024;08;30;01,FM-16,343,60,90,0,0
USW00014763,2024;08;30;01,FM-15,343,60,93,0,0
USW00014763,2024;08;30;02,FM-16,343,60,90,0,0
USW00014763,2024;08;30;02,FM-16,343,60,90,80,3
USW00014763,2024;08;30;02,FM-16,343,60,90,90,5
USW00014763,2024;08;30;02,FM-16,343,60,86,80,5
USW00014763,2024;08;30;02,FM-15,343,60,86,110,3
USW00014763,2024;08;30;03,FM-15,343,59,87,60,6
USW00014763,2024;08;30;04,FM-15,343,58,90,0,0
USW00014763,2024;08;30;05,FM-15,343,58,90,0,0
USW00014763,2024;08;30;06,FM-15,343,60,80,50,5
USW00014763,2024;08;30;07,FM-15,343,61,75,60,7
USW00014763,2024;08;30;08,FM-15,343,64,63,70,7
USW00014763,2024;08;30;09,FM-15,343,66,56,150,5
USW00014763,2024;08;30;10,FM-15,343,69,53,120,7
USW00014763,2024;08;30;11,FM-15,343,70,53,110,5
USW00014763,2024;08;30;12,FM-15,343,71,49,170,8
USW00014763,2024;08;30;13,FM-15,343,71,51,VRB,7
USW00014763,2024;08;30;14,FM-15,343,71,51,140,10
USW00014763,2024;08;30;15,FM-15,343,71,53,150,8
USW00014763,2024;08;30;16,FM-15,343,70,53,160,7
USW00014763,2024;08;30;17,FM-15,343,67,63,120,3
USW00014763,2024;08;30;18,FM-15,343,64,73,120,3
USW00014763,2024;08;30;19,FM-15,343,65,68,,
USW00014763,2024;08;30;20,FM-15,343,65,68,VRB,3
USW00014763,2024;08;30;21,FM-15,343,64,70,0,0
USW00014763,2024;08;30;22,FM-15,343,62,75,VRB,6
USW00014763,2024;08;30;23,FM-15,343,62,70,VRB,6
USW00014763,2024;08;31;00,SOD,,,,,
USW00014763,2024;08;31;00,FM-15,343,62,67,0,0
USW00014763,2024;08;31;01,FM-16,343,61,67,0,0
USW00014763,2024;08;31;01,FM-16,343,61,68,0,0
USW00014763,2024;08;31;01,FM-15,343,61,67,110,3
USW00014763,2024;08;31;02,FM-15,343,61,70,140,3
USW00014763,2024;08;31;03,FM-15,343,61,75,0,0
USW00014763,2024;08;31;04,FM-16,343,61,75,0,0
USW00014763,2024;08;31;04,FM-15,343,60,80,350,3
USW00014763,2024;08;31;05,FM-16,343,61,78,0,0
USW00014763,2024;08;31;05,FM-15,343,61,81,0,0
USW00014763,2024;08;31;06,FM-16,343,63,77,0,0
USW00014763,2024;08;31;06,FM-15,343,62,80,130,6
USW00014763,2024;08;31;07,FM-15,343,63,87,VRB,3
USW00014763,2024;08;31;08,FM-15,343,66,84,130,7
USW00014763,2024;08;31;09,FM-16,343,67,81,VRB,5
USW00014763,2024;08;31;09,FM-16,343,68,78,200,9
USW00014763,2024;08;31;09,FM-15,343,68,78,170,9
USW00014763,2024;08;31;10,FM-15,343,69,78,190,9
USW00014763,2024;08;31;11,FM-15,343,69,78,VRB,8
USW00014763,2024;08;31;12,FM-15,343,71,76,210,6
USW00014763,2024;08;31;13,FM-15,343,70,79,170,9
USW00014763,2024;08;31;14,FM-15,343,70,79,180,9
USW00014763,2024;08;31;15,FM-15,343,71,76,180,7
USW00014763,2024;08;31;16,FM-15,343,71,79,180,6
USW00014763,2024;08;31;17,FM-15,343,70,82,190,6
USW00014763,2024;08;31;18,FM-15,343,67,97,0,0
USW00014763,2024;08;31;19,FM-15,343,68,90,200,7
USW00014763,2024;08;31;20,FM-16,343,68,93,0,0
USW00014763,2024;08;31;20,FM-15,343,68,93,0,0
USW00014763,2024;08;31;21,FM-15,343,68,90,220,6
USW00014763,2024;08;31;22,FM-16,343,69,87,200,6
USW00014763,2024;08;31;22,FM-16,343,69,87,220,7
USW00014763,2024;08;31;22,FM-15,343,69,87,200,5
USW00014763,2024;08;31;23,FM-15,343,69,87,230,7
USW00014763,2024;08;31;23,SOM,,,,,
USW00014763,2024;09;01;00,SOD,,,,,
USW00014763,2024;09;01;00,FM-15,343,69,87,230,6
USW00014763,2024;09;01;01,FM-16,343,69,87,230,5
USW00014763,2024;09;01;01,FM-15,343,68,90,220,6
USW00014763,2024;09;01;02,FM-16,343,69,87,230,7
USW00014763,2024;09;01;02,FM-16,343,69,87,250,6
USW00014763,2024;09;01;02,FM-16,343,68,90,240,5
USW00014763,2024;09;01;02,FM-16,343,68,88,230,6
USW00014763,2024;09;01;02,FM-15,343,68,90,230,5
USW00014763,2024;09;01;03,FM-16,343,68,88,220,7
USW00014763,2024;09;01;03,FM-15,343,68,90,210,8
USW00014763,2024;09;01;04,FM-16,343,68,90,220,7
USW00014763,2024;09;01;04,FM-16,343,67,93,240,7
USW00014763,2024;09;01;04,FM-15,343,67,91,0,0
USW00014763,2024;09;01;05,FM-16,343,67,93,VRB,5
USW00014763,2024;09;01;05,FM-16,343,68,90,220,8
USW00014763,2024;09;01;05,FM-16,343,68,90,210,5
USW00014763,2024;09;01;05,FM-16,343,68,88,220,3
USW00014763,2024;09;01;05,FM-15,343,68,90,190,3
USW00014763,2024;09;01;06,FM-16,343,69,87,200,3
USW00014763,2024;09;01;06,FM-15,343,69,87,200,3
USW00014763,2024;09;01;07,FM-16,343,70,87,190,6
USW00014763,2024;09;01;07,FM-15,343,70,84,200,7
USW00014763,2024;09;01;08,FM-16,343,72,82,VRB,3
USW00014763,2024;09;01;08,FM-15,343,72,84,190,6
USW00014763,2024;09;01;09,FM-16,343,75,74,230,7
USW00014763,2024;09;01;09,FM-15,343,76,74,240,9
USW00014763,2024;09;01;10,FM-16,343,76,72,200,11
USW00014763,2024;09;01;10,FM-16,343,77,69,220,14
USW00014763,2024;09;01;10,FM-16,343,77,69,210,6
USW00014763,2024;09;01;10,FM-15,343,77,69,VRB,10
USW00014763,2024;09;01;11,FM-15,343,80,60,220,11
USW00014763,2024;09;01;12,FM-15,343,79,62,190,8
USW00014763,2024;09;01;13,FM-15,343,80,60,210,9
USW00014763,2024;09;01;14,FM-15,343,80,64,200,11
USW00014763,2024;09;01;15,FM-15,343,80,64,220,9
USW00014763,2024;09;01;16,FM-15,343,79,65,220,9
USW00014763,2024;09;01;17,FM-15,343,77,71,220,6
USW00014763,2024;09;01;18,FM-15,343,72,82,270,3
USW00014763,2024;09;01;19,FM-15,343,72,84,240,5
USW00014763,2024;09;01;20,FM-15,343,70,82,300,16
USW00014763,2024;09;01;21,FM-15,343,68,76,270,11
USW00014763,2024;09;01;22,FM-15,343,65,84,260,7
USW00014763,2024;09;01;23,FM-16,343,64,83,0,0
USW00014763,2024;09;01;23,FM-15,343,65,81,0,0
USW00014763,2024;09;02;00,SOD,,,,,
USW00014763,2024;09;02;00,FM-16,343,65,78,350,6
USW00014763,2024;09;02;00,FM-16,343,64,84,0,0
USW00014763,2024;09;02;00,FM-15,343,64,81,290,5
USW00014763,2024;09;02;01,FM-15,343,63,84,280,7
USW00014763,2024;09;02;02,FM-16,343,63,84,270,7
USW00014763,2024;09;02;02,FM-15,343,62,86,310,6
USW00014763,2024;09;02;03,FM-16,343,61,88,280,6
USW00014763,2024;09;02;03,FM-15,343,60,90,280,6
USW00014763,2024;09;02;04,FM-15,343,60,90,250,5
USW00014763,2024;09;02;05,FM-15,343,58,93,0,0
USW00014763,2024;09;02;06,FM-15,343,62,80,0,0
USW00014763,2024;09;02;07,FM-15,343,65,63,360,6
USW00014763,2024;09;02;08,FM-15,343,67,59,VRB,7
USW00014763,2024;09;02;09,FM-15,343,67,55,330,8
USW00014763,2024;09;02;10,FM-15,343,69,53,VRB,8
USW00014763,2024;09;02;11,FM-15,343,70,49,VRB,15
USW00014763,2024;09;02;12,FM-15,343,66,54,320,10
USW00014763,2024;09;02;13,FM-15,343,70,46,290,10
USW00014763,2024;09;02;14,FM-15,343,70,47,330,10
USW00014763,2024;09;02;15,FM-15,343,68,47,320,16
USW00014763,2024;09;02;16,FM-15,343,65,51,300,10
USW00014763,2024;09;02;17,FM-15,343,63,54,290,10
USW00014763,2024;09;02;18,FM-15,343,59,60,300,13
USW00014763,2024;09;02;19,FM-15,343,57,64,290,15
USW00014763,2024;09;02;20,FM-15,343,56,65,310,9
USW00014763,2024;09;02;21,FM-15,343,55,62,VRB,8
USW00014763,2024;09;02;22,FM-15,343,53,64,0,0
USW00014763,2024;09;02;23,FM-15,343,51,71,260,5
USW00014763,2024;09;03;00,SOD,,,,,
USW00014763,2024;09;03;00,FM-15,343,48,77,0,0
USW00014763,2024;09;03;01,FM-15,343,45,86,0,0
USW00014763,2024;09;03;02,FM-15,343,46,83,0,0
USW00014763,2024;09;03;03,FM-15,343,43,89,250,3
USW00014763,2024;09;03;04,FM-15,343,41,93,0,0
USW00014763,2024;09;03;05,FM-15,343,42,92,0,0
USW00014763,2024;09;03;06,FM-15,343,48,89,0,0
USW00014763,2024;09;03;07,FM-15,343,55,69,290,3
USW00014763,2024;09;03;08,FM-15,343,59,56,280,7
USW00014763,2024;09;03;09,FM-15,343,62,52,VRB,3
USW00014763,2024;09;03;10,FM-15,343,64,45,,
USW00014763,2024;09;03;11,FM-15,343,66,40,350,9
USW00014763,2024;09;03;12,FM-15,343,67,39,VRB,6
USW00014763,2024;09;03;13,FM-15,343,69,39,340,8
USW00014763,2024;09;03;14,FM-15,343,69,42,300,10
USW00014763,2024;09;03;15,FM-15,343,66,45,330,6
USW00014763,2024;09;03;16,FM-15,343,66,45,310,6
USW00014763,2024;09;03;17,FM-15,343,60,70,0,0
USW00014763,2024;09;03;18,FM-15,343,56,77,0,0
USW00014763,2024;09;03;19,FM-15,343,53,83,0,0
USW00014763,2024;09;03;20,FM-15,343,50,89,0,0
USW00014763,2024;09;03;21,FM-15,343,50,93,0,0
USW00014763,2024;09;03;22,FM-15,343,49,90,0,0
USW00014763,2024;09;03;23,FM-15,343,46,96,0,0
USW00014763,2024;09;04;00,SOD,,,,,
USW00014763,2024;09;04;00,FM-15,343,46,93,0,0
USW00014763,2024;09;04;01,FM-16,343,47,93,0,0
USW00014763,2024;09;04;01,FM-15,343,47,93,0,0
USW00014763,2024;09;04;02,FM-15,343,46,93,0,0
USW00014763,2024;09;04;03,FM-16,343,45,97,0,0
USW00014763,2024;09;04;03,FM-16,343,45,97,0,0
USW00014763,2024;09;04;03,FM-16,343,45,93,0,0
USW00014763,2024;09;04;03,FM-16,343,45,93,0,0
USW00014763,2024;09;04;03,FM-16,343,45,97,0,0
USW00014763,2024;09;04;03,FM-15,343,46,93,0,0
USW00014763,2024;09;04;04,FM-16,343,45,97,0,0
USW00014763,2024;09;04;04,FM-16,343,45,93,0,0
USW00014763,2024;09;04;04,FM-16,343,45,100,0,0
USW00014763,2024;09;04;04,FM-15,343,45,97,0,0
USW00014763,2024;09;04;05,FM-16,343,44,100,0,0
USW00014763,2024;09;04;05,FM-16,343,44,96,0,0
USW00014763,2024;09;04;05,FM-16,343,45,93,0,0
USW00014763,2024;09;04;05,FM-16,343,45,97,0,0
USW00014763,2024;09;04;05,FM-16,343,44,96,0,0
USW00014763,2024;09;04;05,FM-16,343,44,96,0,0
USW00014763,2024;09;04;05,FM-16,343,45,97,0,0
USW00014763,2024;09;04;05,FM-16,343,45,93,0,0
USW00014763,2024;09;04;05,FM-15,343,44,96,0,0
USW00014763,2024;09;04;06,FM-16,343,44,96,0,0
USW00014763,2024;09;04;06,FM-16,343,46,96,0,0
USW00014763,2024;09;04;06,FM-16,343,47,97,0,0
USW00014763,2024;09;04;06,FM-15,343,49,97,0,0
USW00014763,2024;09;04;07,FM-15,343,56,81,0,0
USW00014763,2024;09;04;08,FM-15,343,62,70,0,0
USW00014763,2024;09;04;09,FM-15,343,69,51,0,0
USW00014763,2024;09;04;10,FM-15,343,72,46,0,0
USW00014763,2024;09;04;11,FM-15,343,73,44,VRB,6
USW00014763,2024;09;04;12,FM-15,343,73,44,100,5
USW00014763,2024;09;04;13,FM-15,343,74,43,0,0
USW00014763,2024;09;04;14,FM-15,343,74,45,200,8
USW00014763,2024;09;04;15,FM-15,343,72,46,190,5
USW00014763,2024;09;04;16,FM-15,343,73,46,240,5
USW00014763,2024;09;04;17,FM-15,343,69,57,210,5
USW00014763,2024;09;04;18,FM-15,343,60,80,0,0
USW00014763,2024;09;04;19,FM-15,343,58,87,0,0
USW00014763,2024;09;04;20,FM-15,343,56,90,0,0
USW00014763,2024;09;04;21,FM-15,343,57,87,0,0
USW00014763,2024;09;04;22,FM-15,343,54,93,0,0
USW00014763,2024;09;04;23,FM-15,343,52,93,0,0
USW00014763,2024;09;05;00,SOD,,,,,
USW00014763,2024;09;05;00,FM-16,343,51,96,0,0
USW00014763,2024;09;05;00,FM-16,343,52,93,0,0
USW00014763,2024;09;05;00,FM-15,343,51,96,0,0
USW00014763,2024;09;05;00,FM-16,343,51,96,0,0
USW00014763,2024;09;05;01,FM-16,343,51,92,0,0
USW00014763,2024;09;05;01,FM-16,343,50,96,0,0
USW00014763,2024;09;05;01,FM-16,343,50,96,0,0
USW00014763,2024;09;05;01,FM-16,343,50,94,0,0
USW00014763,2024;09;05;01,FM-15,343,50,96,0,0
USW00014763,2024;09;05;02,FM-16,343,51,92,0,0
USW00014763,2024;09;05;02,FM-16,343,50,93,0,0
USW00014763,2024;09;05;02,FM-16,343,50,93,0,0
USW00014763,2024;09;05;02,FM-15,343,50,96,0,0
USW00014763,2024;09;05;03,FM-16,343,50,93,0,0
USW00014763,2024;09;05;03,FM-16,343,50,93,0,0
USW00014763,2024;09;05;03,FM-16,343,50,96,0,0
USW00014763,2024;09;05;03,FM-16,343,50,96,0,0
USW00014763,2024;09;05;03,FM-16,343,49,97,0,0
USW00014763,2024;09;05;03,FM-16,343,50,93,0,0
USW00014763,2024;09;05;03,FM-16,343,50,93,0,0
USW00014763,2024;09;05;03,FM-15,343,49,97,0,0
USW00014763,2024;09;05;04,FM-16,343,49,93,0,0
USW00014763,2024;09;05;04,FM-16,343,49,97,0,0
USW00014763,2024;09;05;04,FM-16,343,49,97,0,0
USW00014763,2024;09;05;04,FM-16,343,48,94,0,0
USW00014763,2024;09;05;04,FM-16,343,48,94,0,0
USW00014763,2024;09;05;04,FM-15,343,48,96,0,0
USW00014763,2024;09;05;05,FM-16,343,47,97,0,0
USW00014763,2024;09;05;05,FM-16,343,48,96,0,0
USW00014763,2024;09;05;05,FM-16,343,48,100,0,0
USW00014763,2024;09;05;05,FM-16,343,49,100,0,0
USW00014763,2024;09;05;05,FM-15,343,50,96,0,0
USW00014763,2024;09;05;06,FM-16,343,50,96,0,0
USW00014763,2024;09;05;06,FM-16,343,52,100,0,0
USW00014763,2024;09;05;06,FM-15,343,52,97,0,0
USW00014763,2024;09;05;06,FM-16,343,52,100,0,0
USW00014763,2024;09;05;07,FM-16,343,53,96,0,0
USW00014763,2024;09;05;07,FM-15,343,56,93,0,0
USW00014763,2024;09;05;08,FM-15,343,64,73,0,0
USW00014763,2024;09;05;09,FM-15,343,69,55,0,0
USW00014763,2024;09;05;10,FM-15,343,72,50,0,0
USW00014763,2024;09;05;11,FM-15,343,74,46,VRB,3
USW00014763,2024;09;05;12,FM-15,343,74,45,150,6
USW00014763,2024;09;05;13,FM-15,343,74,45,150,9
USW00014763,2024;09;05;14,FM-15,343,74,45,170,10
USW00014763,2024;09;05;15,FM-15,343,72,50,160,9
USW00014763,2024;09;05;16,FM-15,343,70,53,150,6
USW00014763,2024;09;05;17,FM-15,343,66,63,130,3
USW00014763,2024;09;05;18,FM-15,343,59,83,130,3
USW00014763,2024;09;05;19,FM-15,343,57,83,0,0
USW00014763,2024;09;05;20,FM-15,343,53,93,0,0
USW00014763,2024;09;05;21,FM-15,343,51,92,0,0
USW00014763,2024;09;05;22,FM-15,343,52,97,0,0
USW00014763,2024;09;05;23,FM-15,343,50,93,0,0
USW00014763,2024;09;06;00,SOD,,,,,
USW00014763,2024;09;06;00,FM-16,343,48,100,0,0
USW00014763,2024;09;06;00,FM-16,343,48,100,0,0
USW00014763,2024;09;06;00,FM-15,343,49,97,0,0
USW00014763,2024;09;06;01,FM-16,343,49,93,0,0
USW00014763,2024;09;06;01,FM-16,343,48,96,0,0
USW00014763,2024;09;06;01,FM-16,343,49,90,0,0
USW00014763,2024;09;06;01,FM-16,343,49,93,0,0
USW00014763,2024;09;06;01,FM-16,343,48,96,0,0
USW00014763,2024;09;06;01,FM-16,343,49,93,0,0
USW00014763,2024;09;06;01,FM-16,343,48,96,0,0
USW00014763,2024;09;06;01,FM-16,343,49,97,0,0
USW00014763,2024;09;06;01,FM-16,343,50,94,0,0
USW00014763,2024;09;06;01,FM-15,343,50,93,0,0
USW00014763,2024;09;06;02,FM-16,343,48,96,0,0
USW00014763,2024;09;06;02,FM-16,343,48,96,0,0
USW00014763,2024;09;06;02,FM-16,343,49,93,0,0
USW00014763,2024;09;06;02,FM-15,343,49,93,0,0
USW00014763,2024;09;06;03,FM-15,343,52,93,0,0
USW00014763,2024;09;06;04,FM-15,343,53,96,30,3
USW00014763,2024;09;06;05,FM-15,343,54,93,0,0
USW00014763,2024;09;06;06,FM-15,343,57,93,0,0
USW00014763,2024;09;06;07,FM-16,343,59,90,30,3
USW00014763,2024;09;06;07,FM-15,343,60,90,40,5
USW00014763,2024;09;06;08,FM-15,343,63,81,110,6
USW00014763,2024;09;06;09,FM-16,343,66,75,VRB,7
USW00014763,2024;09;06;09,FM-15,343,67,73,VRB,10
USW00014763,2024;09;06;10,FM-16,343,70,64,120,9
USW00014763,2024;09;06;10,FM-15,343,69,68,VRB,7
USW00014763,2024;09;06;11,FM-16,343,69,68,VRB,8
USW00014763,2024;09;06;11,FM-16,343,69,68,100,8
USW00014763,2024;09;06;11,FM-16,343,69,68,VRB,5
USW00014763,2024;09;06;11,FM-15,343,71,66,120,9
USW00014763,2024;09;06;12,FM-16,343,71,63,130,9
USW00014763,2024;09;06;12,FM-16,343,70,66,130,9
USW00014763,2024;09;06;12,FM-16,343,71,63,140,5
USW00014763,2024;09;06;12,FM-15,343,72,64,VRB,7
USW00014763,2024;09;06;13,FM-15,343,74,57,170,5
USW00014763,2024;09;06;14,FM-15,343,74,60,,
USW00014763,2024;09;06;15,FM-15,343,72,66,130,10
USW00014763,2024;09;06;16,FM-15,343,70,68,130,9
USW00014763,2024;09;06;17,FM-15,343,67,73,130,8
USW00014763,2024;09;06;18,FM-15,343,65,81,160,6
USW00014763,2024;09;06;19,FM-15,343,64,81,140,5
USW00014763,2024;09;06;20,FM-15,343,60,90,120,5
USW00014763,2024;09;06;21,FM-15,343,62,84,120,7
USW00014763,2024;09;06;22,FM-15,343,60,90,0,0
USW00014763,2024;09;06;23,FM-15,343,61,87,120,8
USW00014763,2024;09;07;00,SOD,,,,,
USW00014763,2024;09;07;00,FM-15,343,60,90,20,5
USW00014763,2024;09;07;01,FM-15,343,60,90,80,3
USW00014763,2024;09;07;02,FM-16,343,60,90,60,3
USW00014763,2024;09;07;02,FM-16,343,60,90,0,0
USW00014763,2024;09;07;02,FM-15,343,60,90,50,3
USW00014763,2024;09;07;03,FM-16,343,60,90,VRB,3
USW00014763,2024;09;07;03,FM-15,343,60,90,70,5
USW00014763,2024;09;07;04,FM-16,343,60,90,VRB,3
USW00014763,2024;09;07;04,FM-15,343,60,90,130,6
USW00014763,2024;09;07;05,FM-16,343,60,90,120,5
USW00014763,2024;09;07;05,FM-16,343,59,93,100,5
USW00014763,2024;09;07;05,FM-16,343,59,94,120,8
USW00014763,2024;09;07;05,FM-15,343,59,93,110,7
USW00014763,2024;09;07;06,FM-16,343,60,90,,
USW00014763,2024;09;07;06,FM-15,343,60,90,VRB,3
USW00014763,2024;09;07;07,FM-15,343,60,90,110,5
USW00014763,2024;09;07;08,FM-16,343,61,87,VRB,5
USW00014763,2024;09;07;08,FM-15,343,61,87,120,5
USW00014763,2024;09;07;09,FM-15,343,63,81,140,11
USW00014763,2024;09;07;10,FM-15,343,64,84,140,9
USW00014763,2024;09;07;11,FM-16,343,64,87,130,8
USW00014763,2024;09;07;11,FM-16,343,64,84,VRB,5
USW00014763,2024;09;07;11,FM-16,343,64,81,140,7
USW00014763,2024;09;07;11,FM-16,343,64,78,0,0
USW00014763,2024;09;07;11,FM-15,343,65,78,VRB,5
USW00014763,2024;09;07;12,FM-16,343,65,78,210,9
USW00014763,2024;09;07;12,FM-15,343,66,78,150,8
USW00014763,2024;09;07;13,FM-15,343,66,78,VRB,11
USW00014763,2024;09;07;14,FM-15,343,66,75,290,18
USW00014763,2024;09;07;15,FM-16,343,58,87,280,13
USW00014763,2024;09;07;15,FM-16,343,57,90,290,7
USW00014763,2024;09;07;15,FM-16,343,57,90,260,8
USW00014763,2024;09;07;15,FM-16,343,57,87,VRB,3
USW00014763,2024;09;07;15,FM-16,343,55,88,VRB,3
USW00014763,2024;09;07;15,FM-16,343,55,88,VRB,5
USW00014763,2024;09;07;15,FM-15,343,56,87,210,3
USW00014763,2024;09;07;16,FM-16,343,54,90,300,6
USW00014763,2024;09;07;16,FM-16,343,54,93,300,6
USW00014763,2024;09;07;16,FM-16,343,54,94,310,6
USW00014763,2024;09;07;16,FM-15,343,54,93,300,5
USW00014763,2024;09;07;17,FM-16,343,54,90,270,5
USW00014763,2024;09;07;17,FM-16,343,54,94,0,0
USW00014763,2024;09;07;17,FM-15,343,53,96,0,0
USW00014763,2024;09;07;18,FM-15,343,54,90,250,7
USW00014763,2024;09;07;19,FM-15,343,54,93,260,6
USW00014763,2024;09;07;20,FM-16,343,54,94,190,3
USW00014763,2024;09;07;20,FM-15,343,54,93,200,3
USW00014763,2024;09;07;21,FM-16,343,53,93,250,5
USW00014763,2024;09;07;21,FM-16,343,53,93,260,5
USW00014763,2024;09;07;21,FM-15,343,53,93,260,5
USW00014763,2024;09;07;22,FM-15,343,53,93,260,6
USW00014763,2024;09;07;23,FM-15,343,53,86,290,8
USW00014763,2024;09;08;00,SOD,,,,,
USW00014763,2024;09;08;00,FM-15,343,51,92,270,9
USW00014763,2024;09;08;01,FM-15,343,50,93,270,9
USW00014763,2024;09;08;02,FM-16,343,51,89,260,6
USW00014763,2024;09;08;02,FM-15,343,51,89,270,7
USW00014763,2024;09;08;03,FM-16,343,51,86,270,7
USW00014763,2024;09;08;03,FM-15,343,51,83,290,11
USW00014763,2024;09;08;04,FM-15,343,49,90,280,5
USW00014763,2024;09;08;05,FM-16,343,50,86,250,7
USW00014763,2024;09;08;05,FM-16,343,50,82,260,8
USW00014763,2024;09;08;05,FM-15,343,50,83,260,9
USW00014763,2024;09;08;06,FM-16,343,50,83,270,13
USW00014763,2024;09;08;06,FM-16,343,49,86,270,8
USW00014763,2024;09;08;06,FM-15,343,50,80,280,11
USW00014763,2024;09;08;07,FM-15,343,50,77,270,14
USW00014763,2024;09;08;08,FM-15,343,54,69,270,11
USW00014763,2024;09;08;09,FM-16,343,54,67,270,10
USW00014763,2024;09;08;09,FM-15,343,56,65,260,14
USW00014763,2024;09;08;10,FM-16,343,54,64,290,9
USW00014763,2024;09;08;10,FM-15,343,58,58,260,15
USW00014763,2024;09;08;11,FM-15,343,59,54,270,15
USW00014763,2024;09;08;12,FM-15,343,59,49,280,14
USW00014763,2024;09;08;13,FM-15,343,62,44,260,13
USW00014763,2024;09;08;14,FM-15,343,60,47,300,11
USW00014763,2024;09;08;15,FM-15,343,61,46,290,15
USW00014763,2024;09;08;16,FM-15,343,59,51,290,8
USW00014763,2024;09;08;17,FM-15,343,55,59,280,7
USW00014763,2024;09;08;18,FM-15,343,54,64,240,5
USW00014763,2024;09;08;19,FM-15,343,50,74,260,5
USW00014763,2024;09;08;20,FM-15,343,50,83,240,5
USW00014763,2024;09;08;21,FM-15,343,55,57,230,8
USW00014763,2024;09;08;22,FM-15,343,56,57,240,10
USW00014763,2024;09;08;23,FM-15,343,55,62,270,9
USW00014763,2024;09;09;00,SOD,,,,,
USW00014763,2024;09;09;00,FM-15,343,55,64,260,10
USW00014763,2024;09;09;01,FM-15,343,53,69,240,8
USW00014763,2024;09;09;02,FM-15,343,51,74,220,6
USW00014763,2024;09;09;03,FM-15,343,51,71,240,5
USW00014763,2024;09;09;04,FM-15,343,50,74,200,5
USW00014763,2024;09;09;05,FM-15,343,46,86,130,3
USW00014763,2024;09;09;06,FM-15,343,52,77,0,0
USW00014763,2024;09;09;07,FM-15,343,56,65,240,7
USW00014763,2024;09;09;08,FM-15,343,59,62,250,7
USW00014763,2024;09;09;09,FM-15,343,61,63,250,3
USW00014763,2024;09;09;10,FM-15,343,64,60,280,9
USW00014763,2024;09;09;11,FM-15,343,67,57,280,11
USW00014763,2024;09;09;12,FM-15,343,66,59,260,8
USW00014763,2024;09;09;13,FM-15,343,65,61,270,8
USW00014763,2024;09;09;14,FM-15,343,66,61,260,7
USW00014763,2024;09;09;15,FM-15,343,68,57,250,9
USW00014763,2024;09;09;16,FM-15,343,66,61,230,3
USW00014763,2024;09;09;17,FM-15,343,64,70,240,3
USW00014763,2024;09;09;18,FM-15,343,64,68,220,6
USW00014763,2024;09;09;19,FM-15,343,63,68,230,6
USW00014763,2024;09;09;20,FM-15,343,61,70,230,5
USW00014763,2024;09;09;21,FM-15,343,59,78,260,5
USW00014763,2024;09;09;22,FM-15,343,59,78,210,3
USW00014763,2024;09;09;23,FM-15,343,58,84,220,3
USW00014763,2024;09;10;00,SOD,,,,,
USW00014763,2024;09;10;00,FM-15,343,58,84,220,5
USW00014763,2024;09;10;01,FM-15,343,56,87,250,5
USW00014763,2024;09;10;02,FM-16,343,58,84,0,0
USW00014763,2024;09;10;02,FM-15,343,58,81,0,0
USW00014763,2024;09;10;03,FM-15,343,58,87,290,9
USW00014763,2024;09;10;04,FM-16,343,57,87,270,8
USW00014763,2024;09;10;04,FM-15,343,57,87,300,9
USW00014763,2024;09;10;05,FM-16,343,57,88,310,7
USW00014763,2024;09;10;05,FM-15,343,57,87,300,8
USW00014763,2024;09;10;06,FM-16,343,57,87,310,7
USW00014763,2024;09;10;06,FM-15,343,57,83,310,9
USW00014763,2024;09;10;07,FM-16,343,58,84,300,7
USW00014763,2024;09;10;07,FM-15,343,59,81,VRB,7
USW00014763,2024;09;10;08,FM-16,343,60,78,320,7
USW00014763,2024;09;10;08,FM-16,343,60,75,300,7
USW00014763,2024;09;10;08,FM-15,343,61,72,300,8
USW00014763,2024;09;10;09,FM-15,343,63,63,290,13
USW00014763,2024;09;10;10,FM-15,343,65,47,310,11
USW00014763,2024;09;10;11,FM-15,343,67,44,310,13
USW00014763,2024;09;10;12,FM-15,343,68,40,270,15
USW00014763,2024;09;10;13,FM-15,343,68,47,290,8
USW00014763,2024;09;10;14,FM-15,343,68,45,310,10
USW00014763,2024;09;10;15,FM-15,343,67,45,300,9
USW00014763,2024;09;10;16,FM-15,343,66,43,280,8
USW00014763,2024;09;10;17,FM-15,343,63,50,240,6
USW00014763,2024;09;10;18,FM-15,343,59,60,240,6
USW00014763,2024;09;10;19,FM-15,343,58,65,250,6
USW00014763,2024;09;10;20,FM-15,343,55,69,0,0
USW00014763,2024;09;10;21,FM-15,343,52,77,290,10
USW00014763,2024;09;10;22,FM-15,343,54,72,0,0
USW00014763,2024;09;10;23,FM-15,343,48,89,270,5
USW00014763,2024;09;11;00,SOD,,,,,
USW00014763,2024;09;11;00,FM-15,343,47,93,0,0
USW00014763,2024;09;11;01,FM-15,343,46,93,0,0
USW00014763,2024;09;11;02,FM-15,343,44,93,0,0
USW00014763,2024;09;11;03,FM-15,343,45,93,0,0
USW00014763,2024;09;11;04,FM-15,343,44,93,0,0
USW00014763,2024;09;11;05,FM-16,343,44,93,0,0
USW00014763,2024;09;11;05,FM-16,343,44,93,0,0
USW00014763,2024;09;11;05,FM-16,343,44,89,0,0
USW00014763,2024;09;11;05,FM-16,343,43,93,0,0
USW00014763,2024;09;11;05,FM-15,343,43,97,0,0
USW00014763,2024;09;11;06,FM-16,343,43,97,0,0
USW00014763,2024;09;11;06,FM-16,343,45,97,0,0
USW00014763,2024;09;11;06,FM-16,343,45,100,0,0
USW00014763,2024;09;11;06,FM-16,343,46,96,0,0
USW00014763,2024;09;11;06,FM-15,343,48,93,0,0
USW00014763,2024;09;11;07,FM-16,343,52,83,0,0
USW00014763,2024;09;11;07,FM-15,343,54,80,0,0
USW00014763,2024;09;11;08,FM-15,343,60,67,0,0
USW00014763,2024;09;11;09,FM-15,343,66,54,0,0
USW00014763,2024;09;11;10,FM-15,343,69,47,0,0
USW00014763,2024;09;11;11,FM-15,343,70,46,0,0
USW00014763,2024;09;11;12,FM-15,343,72,38,VRB,3
USW00014763,2024;09;11;13,FM-15,343,73,38,250,7
USW00014763,2024;09;11;14,FM-15,343,73,38,VRB,3
USW00014763,2024;09;11;15,FM-15,343,73,40,VRB,3
USW00014763,2024;09;11;16,FM-15,343,71,47,210,3
USW00014763,2024;09;11;17,FM-15,343,65,68,220,3
USW00014763,2024;09;11;18,FM-15,343,57,83,0,0
USW00014763,2024;09;11;19,FM-15,343,55,87,0,0
USW00014763,2024;09;11;20,FM-15,343,54,90,0,0
USW00014763,2024;09;11;21,FM-15,343,51,92,0,0
USW00014763,2024;09;11;22,FM-15,343,50,93,0,0
USW00014763,2024;09;11;23,FM-16,343,50,93,0,0
USW00014763,2024;09;11;23,FM-15,343,50,93,0,0
USW00014763,2024;09;12;00,SOD,,,,,
USW00014763,2024;09;12;00,FM-16,343,49,93,0,0
USW00014763,2024;09;12;00,FM-16,343,49,93,0,0
USW00014763,2024;09;12;00,FM-16,343,48,96,0,0
USW00014763,2024;09;12;00,FM-15,343,49,93,0,0
USW00014763,2024;09;12;01,FM-16,343,48,94,0,0
USW00014763,2024;09;12;01,FM-15,343,48,93,0,0
USW00014763,2024;09;12;02,FM-16,343,49,93,0,0
USW00014763,2024;09;12;02,FM-16,343,47,97,0,0
USW00014763,2024;09;12;02,FM-16,343,46,93,0,0
USW00014763,2024;09;12;02,FM-15,343,47,93,0,0
USW00014763,2024;09;12;03,FM-16,343,47,93,0,0
USW00014763,2024;09;12;03,FM-16,343,46,93,0,0
USW00014763,2024;09;12;03,FM-15,343,46,96,0,0
USW00014763,2024;09;12;04,FM-16,343,47,93,0,0
USW00014763,2024;09;12;04,FM-16,343,47,93,0,0
USW00014763,2024;09;12;04,FM-16,343,47,93,0,0
USW00014763,2024;09;12;04,FM-16,343,47,93,0,0
USW00014763,2024;09;12;04,FM-16,343,47,93,0,0
USW00014763,2024;09;12;04,FM-16,343,46,93,0,0
USW00014763,2024;09;12;04,FM-15,343,45,97,0,0
USW00014763,2024;09;12;05,FM-16,343,46,96,0,0
USW00014763,2024;09;12;05,FM-16,343,45,97,0,0
USW00014763,2024;09;12;05,FM-16,343,45,97,0,0
USW00014763,2024;09;12;05,FM-16,343,45,97,0,0
USW00014763,2024;09;12;05,FM-16,343,45,97,0,0
USW00014763,2024;09;12;05,FM-15,343,46,93,0,0
USW00014763,2024;09;12;06,FM-16,343,49,93,0,0
USW00014763,2024;09;12;06,FM-15,343,50,93,0,0
USW00014763,2024;09;12;07,FM-15,343,55,87,0,0
USW00014763,2024;09;12;08,FM-15,343,62,73,0,0
USW00014763,2024;09;12;09,FM-15,343,68,65,0,0
USW00014763,2024;09;12;10,FM-15,343,72,53,250,8
USW00014763,2024;09;12;11,FM-15,343,74,50,240,7
USW00014763,2024;09;12;12,FM-15,343,75,52,220,8
USW00014763,2024;09;12;13,FM-15,343,76,48,VRB,5
USW00014763,2024;09;12;14,FM-15,343,77,47,0,0
USW00014763,2024;09;12;15,FM-15,343,77,47,0,0
USW00014763,2024;09;12;16,FM-15,343,74,54,180,5
USW00014763,2024;09;12;17,FM-15,343,70,66,210,3
USW00014763,2024;09;12;18,FM-15,343,64,84,260,6
USW00014763,2024;09;12;19,FM-15,343,61,87,0,0
USW00014763,2024;09;12;20,FM-15,343,58,93,0,0
USW00014763,2024;09;12;21,FM-15,343,57,93,0,0
USW00014763,2024;09;12;22,FM-15,343,56,97,0,0
USW00014763,2024;09;12;22,FM-16,343,56,93,0,0
USW00014763,2024;09;12;23,FM-16,343,56,97,0,0
USW00014763,2024;09;12;23,FM-16,343,56,93,0,0
USW00014763,2024;09;12;23,FM-16,343,55,96,0,0
USW00014763,2024;09;12;23,FM-16,343,55,94,0,0
USW00014763,2024;09;12;23,FM-15,343,55,96,0,0
USW00014763,2024;09;13;00,SOD,,,,,
USW00014763,2024;09;13;00,FM-16,343,55,93,0,0
USW00014763,2024;09;13;00,FM-16,343,56,93,0,0
USW00014763,2024;09;13;00,FM-15,343,54,97,0,0
USW00014763,2024;09;13;00,FM-16,343,53,96,0,0
USW00014763,2024;09;13;01,FM-16,343,54,97,0,0
USW00014763,2024;09;13;01,FM-16,343,54,97,0,0
USW00014763,2024;09;13;01,FM-16,343,53,96,0,0
USW00014763,2024;09;13;01,FM-16,343,54,93,0,0
USW00014763,2024;09;13;01,FM-16,343,53,96,0,0
USW00014763,2024;09;13;01,FM-16,343,53,96,0,0
USW00014763,2024;09;13;01,FM-16,343,54,94,0,0
USW00014763,2024;09;13;01,FM-15,343,53,96,0,0
USW00014763,2024;09;13;02,FM-16,343,54,97,0,0
USW00014763,2024;09;13;02,FM-16,343,53,96,0,0
USW00014763,2024;09;13;02,FM-16,343,53,96,0,0
USW00014763,2024;09;13;02,FM-15,343,52,100,0,0
USW00014763,2024;09;13;03,FM-16,343,52,100,0,0
USW00014763,2024;09;13;03,FM-16,343,52,100,0,0
USW00014763,2024;09;13;03,FM-16,343,52,97,0,0
USW00014763,2024;09;13;03,FM-16,343,52,97,0,0
USW00014763,2024;09;13;03,FM-16,343,52,97,0,0
USW00014763,2024;09;13;03,FM-16,343,53,96,0,0
USW00014763,2024;09;13;03,FM-16,343,52,94,0,0
USW00014763,2024;09;13;03,FM-15,343,51,100,0,0
USW00014763,2024;09;13;04,FM-16,343,52,97,0,0
USW00014763,2024;09;13;04,FM-16,343,52,97,0,0
USW00014763,2024;09;13;04,FM-16,343,52,97,0,0
USW00014763,2024;09;13;04,FM-16,343,52,97,0,0
USW00014763,2024;09;13;04,FM-16,343,51,96,0,0
USW00014763,2024;09;13;04,FM-16,343,51,96,0,0
USW00014763,2024;09;13;04,FM-16,343,52,94,0,0
USW00014763,2024;09;13;04,FM-15,343,51,96,0,0
USW00014763,2024;09;13;05,FM-16,343,50,100,0,0
USW00014763,2024;09;13;05,FM-16,343,50,96,0,0
USW00014763,2024;09;13;05,FM-16,343,50,100,0,0
USW00014763,2024;09;13;05,FM-16,343,51,96,0,0
USW00014763,2024;09;13;05,FM-16,343,51,96,0,0
USW00014763,2024;09;13;05,FM-16,343,51,96,0,0
USW00014763,2024;09;13;05,FM-16,343,52,94,0,0
USW00014763,2024;09;13;05,FM-15,343,51,100,0,0
USW00014763,2024;09;13;06,FM-16,343,50,100,0,0
USW00014763,2024;09;13;06,FM-16,343,52,100,0,0
USW00014763,2024;09;13;06,FM-16,343,53,100,0,0
USW00014763,2024;09;13;06,FM-16,343,54,100,0,0
USW00014763,2024;09;13;06,FM-15,343,54,97,0,0
USW00014763,2024;09;13;07,FM-16,343,54,100,0,0
USW00014763,2024;09;13;07,FM-16,343,55,96,0,0
USW00014763,2024;09;13;07,FM-16,343,55,100,0,0
USW00014763,2024;09;13;07,FM-16,343,58,93,0,0
USW00014763,2024;09;13;07,FM-15,343,59,93,0,0
USW00014763,2024;09;13;08,FM-15,343,65,81,0,0
USW00014763,2024;09;13;09,FM-15,343,72,66,0,0
USW00014763,2024;09;13;10,FM-15,343,75,60,300,3
USW00014763,2024;09;13;11,FM-15,343,77,56,310,5
USW00014763,2024;09;13;12,FM-15,343,79,50,270,7
USW00014763,2024;09;13;13,FM-15,343,79,50,290,7
USW00014763,2024;09;13;14,FM-15,343,78,52,VRB,3
USW00014763,2024;09;13;15,FM-15,343,79,52,320,6
USW00014763,2024;09;13;16,FM-15,343,77,50,320,5
USW00014763,2024;09;13;17,FM-15,343,71,61,0,0
USW00014763,2024;09;13;18,FM-15,343,65,78,0,0
USW00014763,2024;09;13;19,FM-15,343,62,84,0,0
USW00014763,2024;09;13;20,FM-15,343,62,84,0,0
USW00014763,2024;09;13;21,FM-15,343,59,90,0,0
USW00014763,2024;09;13;22,FM-15,343,58,93,0,0
USW00014763,2024;09;13;23,FM-16,343,56,97,0,0
USW00014763,2024;09;13;23,FM-16,343,55,100,0,0
USW00014763,2024;09;13;23,FM-15,343,56,97,0,0
USW00014763,2024;09;14;00,SOD,,,,,
USW00014763,2024;09;14;00,FM-16,343,57,93,0,0
USW00014763,2024;09;14;00,FM-16,343,56,97,0,0
USW00014763,2024;09;14;00,FM-16,343,55,100,0,0
USW00014763,2024;09;14;00,FM-16,343,56,97,0,0
USW00014763,2024;09;14;00,FM-16,343,56,97,0,0
USW00014763,2024;09;14;00,FM-16,343,56,97,0,0
USW00014763,2024;09;14;00,FM-16,343,55,100,0,0
USW00014763,2024;09;14;00,FM-16,343,55,100,0,0
USW00014763,2024;09;14;00,FM-15,343,56,97,0,0
USW00014763,2024;09;14;01,FM-16,343,55,100,0,0
USW00014763,2024;09;14;01,FM-16,343,55,96,0,0
USW00014763,2024;09;14;01,FM-16,343,55,93,0,0
USW00014763,2024;09;14;01,FM-15,343,55,96,0,0
USW00014763,2024;09;14;02,FM-16,343,55,96,0,0
USW00014763,2024;09;14;02,FM-16,343,54,100,0,0
USW00014763,2024;09;14;02,FM-16,343,55,96,0,0
USW00014763,2024;09;14;02,FM-16,343,54,97,0,0
USW00014763,2024;09;14;02,FM-16,343,54,97,0,0
USW00014763,2024;09;14;02,FM-16,343,54,100,0,0
USW00014763,2024;09;14;02,FM-16,343,54,100,0,0
USW00014763,2024;09;14;02,FM-15,343,55,93,0,0
USW00014763,2024;09;14;03,FM-16,343,52,100,0,0
USW00014763,2024;09;14;03,FM-16,343,54,97,0,0
USW00014763,2024;09;14;03,FM-16,343,53,93,0,0
USW00014763,2024;09;14;03,FM-15,343,53,96,0,0
USW00014763,2024;09;14;04,FM-16,343,54,97,0,0
USW00014763,2024;09;14;04,FM-16,343,53,96,0,0
USW00014763,2024;09;14;04,FM-16,343,54,97,0,0
USW00014763,2024;09;14;04,FM-16,343,53,100,0,0
USW00014763,2024;09;14;04,FM-16,343,52,97,0,0
USW00014763,2024;09;14;04,FM-16,343,51,100,0,0
USW00014763,2024;09;14;04,FM-16,343,52,100,0,0
USW00014763,2024;09;14;04,FM-15,343,51,100,0,0
USW00014763,2024;09;14;05,FM-16,343,53,96,0,0
USW00014763,2024;09;14;05,FM-16,343,53,96,0,0
USW00014763,2024;09;14;05,FM-16,343,53,96,0,0
USW00014763,2024;09;14;05,FM-16,343,54,93,0,0
USW00014763,2024;09;14;05,FM-16,343,53,100,0,0
USW00014763,2024;09;14;05,FM-16,343,54,100,0,0
USW00014763,2024;09;14;05,FM-16,343,54,100,0,0
USW00014763,2024;09;14;05,FM-15,343,53,96,0,0
USW00014763,2024;09;14;06,FM-16,343,54,100,0,0
USW00014763,2024;09;14;06,FM-16,343,56,97,0,0
USW00014763,2024;09;14;06,FM-15,343,57,96,0,0
USW00014763,2024;09;14;07,FM-15,343,64,84,0,0
USW00014763,2024;09;14;08,FM-15,343,71,68,0,0
USW00014763,2024;09;14;09,FM-15,343,75,62,VRB,3
USW00014763,2024;09;14;10,FM-15,343,78,56,VRB,6
USW00014763,2024;09;14;11,FM-15,343,79,50,170,5
USW00014763,2024;09;14;12,FM-15,343,80,47,VRB,5
USW00014763,2024;09;14;13,FM-15,343,80,44,0,0
USW00014763,2024;09;14;14,FM-15,343,79,47,0,0
USW00014763,2024;09;14;15,FM-15,343,79,47,VRB,3
USW00014763,2024;09;14;16,FM-15,343,74,67,0,0
USW00014763,2024;09;14;17,FM-15,343,69,73,0,0
USW00014763,2024;09;14;18,FM-15,343,65,76,0,0
USW00014763,2024;09;14;19,FM-15,343,61,87,0,0
USW00014763,2024;09;14;20,FM-15,343,60,90,0,0
USW00014763,2024;09;14;21,FM-15,343,57,96,0,0
USW00014763,2024;09;14;22,FM-15,343,58,93,0,0
USW00014763,2024;09;14;23,FM-16,343,57,94,0,0
USW00014763,2024;09;14;23,FM-15,343,57,96,0,0
USW00014763,2024;09;14;23,FM-16,343,57,96,0,0
USW00014763,2024;09;15;00,SOD,,,,,
USW00014763,2024;09;15;00,FM-16,343,57,96,0,0
USW00014763,2024;09;15;00,FM-16,343,57,96,0,0
USW00014763,2024;09;15;00,FM-16,343,57,96,0,0
USW00014763,2024;09;15;00,FM-16,343,57,94,0,0
USW00014763,2024;09;15;00,FM-15,343,57,96,0,0
USW00014763,2024;09;15;01,FM-16,343,56,97,0,0
USW00014763,2024;09;15;01,FM-16,343,55,96,0,0
USW00014763,2024;09;15;01,FM-16,343,55,100,0,0
USW00014763,2024;09;15;01,FM-16,343,56,97,0,0
USW00014763,2024;09;15;01,FM-16,343,55,94,0,0
USW00014763,2024;09;15;01,FM-15,343,56,93,0,0
USW00014763,2024;09;15;02,FM-16,343,56,93,0,0
USW00014763,2024;09;15;02,FM-16,343,55,96,0,0
USW00014763,2024;09;15;02,FM-16,343,56,97,0,0
USW00014763,2024;09;15;02,FM-16,343,54,100,0,0
USW00014763,2024;09;15;02,FM-15,343,54,97,0,0
USW00014763,2024;09;15;03,FM-16,343,54,97,0,0
USW00014763,2024;09;15;03,FM-16,343,55,96,0,0
USW00014763,2024;09;15;03,FM-16,343,54,100,0,0
USW00014763,2024;09;15;03,FM-16,343,54,100,0,0
USW00014763,2024;09;15;03,FM-15,343,54,97,0,0
USW00014763,2024;09;15;04,FM-16,343,55,96,0,0
USW00014763,2024;09;15;04,FM-16,343,54,97,0,0
USW00014763,2024;09;15;04,FM-16,343,55,94,0,0
USW00014763,2024;09;15;04,FM-15,343,55,93,0,0
USW00014763,2024;09;15;05,FM-16,343,54,97,0,0
USW00014763,2024;09;15;05,FM-16,343,54,97,0,0
USW00014763,2024;09;15;05,FM-16,343,54,100,0,0
USW00014763,2024;09;15;05,FM-16,343,55,94,0,0
USW00014763,2024;09;15;05,FM-16,343,54,100,0,0
USW00014763,2024;09;15;05,FM-15,343,54,97,0,0
USW00014763,2024;09;15;05,FM-16,343,54,100,0,0
USW00014763,2024;09;15;06,FM-16,343,54,100,0,0
USW00014763,2024;09;15;06,FM-16,343,54,100,0,0
USW00014763,2024;09;15;06,FM-15,343,58,97,0,0
USW00014763,2024;09;15;08,FM-15,343,68,76,VRB,3
USW00014763,2024;09;15;09,FM-15,343,72,71,0,0
USW00014763,2024;09;15;10,FM-15,343,75,64,0,0
USW00014763,2024;09;15;11,FM-15,343,78,56,0,0
USW00014763,2024;09;15;12,FM-15,343,78,56,VRB,5
USW00014763,2024;09;15;13,FM-15,343,77,58,130,3
USW00014763,2024;09;15;14,FM-15,343,76,60,140,6
USW00014763,2024;09;15;15,FM-15,343,75,62,130,7
USW00014763,2024;09;15;16,FM-15,343,74,62,150,6
USW00014763,2024;09;15;17,FM-15,343,70,68,150,7
USW00014763,2024;09;15;18,FM-15,343,68,70,0,0
USW00014763,2024;09;15;19,FM-15,343,65,81,0,0
USW00014763,2024;09;15;20,FM-15,343,61,90,0,0
USW00014763,2024;09;15;21,FM-15,343,59,93,0,0
USW00014763,2024;09;15;22,FM-15,343,59,93,0,0
USW00014763,2024;09;15;23,FM-16,343,56,93,0,0
USW00014763,2024;09;15;23,FM-15,343,56,93,0,0
USW00014763,2024;09;16;00,SOD,,,,,
USW00014763,2024;09;16;00,FM-16,343,58,93,240,3
USW00014763,2024;09;16;00,FM-16,343,55,96,0,0
USW00014763,2024;09;16;00,FM-16,343,55,96,0,0
USW00014763,2024;09;16;00,FM-16,343,55,96,0,0
USW00014763,2024;09;16;00,FM-16,343,56,93,140,3
USW00014763,2024;09;16;00,FM-16,343,55,94,0,0
USW00014763,2024;09;16;00,FM-15,343,55,93,0,0
USW00014763,2024;09;16;01,FM-16,343,54,100,0,0
USW00014763,2024;09;16;01,FM-16,343,54,97,0,0
USW00014763,2024;09;16;01,FM-16,343,55,96,0,0
USW00014763,2024;09;16;01,FM-16,343,55,96,0,0
USW00014763,2024;09;16;01,FM-16,343,54,97,0,0
USW00014763,2024;09;16;01,FM-15,343,55,96,0,0
USW00014763,2024;09;16;02,FM-15,343,54,100,0,0
USW00014763,2024;09;16;03,FM-15,343,53,100,0,0
USW00014763,2024;09;16;04,FM-16,343,53,100,0,0
USW00014763,2024;09;16;04,FM-16,343,53,100,0,0
USW00014763,2024;09;16;04,FM-16,343,54,97,0,0
USW00014763,2024;09;16;04,FM-15,343,54,97,0,0
USW00014763,2024;09;16;05,FM-16,343,54,100,0,0
USW00014763,2024;09;16;05,FM-15,343,54,100,0,0
USW00014763,2024;09;16;06,FM-15,343,54,100,50,3
USW00014763,2024;09;16;07,FM-15,343,56,100,0,0
USW00014763,2024;09;16;08,FM-16,343,57,96,0,0
USW00014763,2024;09;16;08,FM-16,343,58,97,0,0
USW00014763,2024;09;16;08,FM-16,343,59,94,0,0
USW00014763,2024;09;16;08,FM-15,343,59,93,0,0
USW00014763,2024;09;16;09,FM-16,343,60,90,0,0
USW00014763,2024;09;16;09,FM-15,343,70,66,0,0
USW00014763,2024;09;16;10,FM-15,343,73,46,0,0
USW00014763,2024;09;16;11,FM-15,343,77,22,0,0
USW00014763,2024;09;16;12,FM-15,343,79,23,320,3
USW00014763,2024;09;16;13,FM-15,343,79,29,0,0
USW00014763,2024;09;16;14,FM-15,343,79,32,290,3
USW00014763,2024;09;16;15,FM-15,343,79,32,240,6
USW00014763,2024;09;16;16,FM-15,343,76,39,230,3
USW00014763,2024;09;16;17,FM-15,343,66,65,0,0
USW00014763,2024;09;16;18,FM-15,343,62,73,310,3
USW00014763,2024;09;16;19,FM-15,343,59,81,0,0
USW00014763,2024;09;16;20,FM-15,343,56,90,0,0
USW00014763,2024;09;16;21,FM-15,343,56,84,0,0
USW00014763,2024;09;16;22,FM-15,343,53,93,0,0
USW00014763,2024;09;16;23,FM-15,343,52,97,0,0
USW00014763,2024;09;17;00,SOD,,,,,
USW00014763,2024;09;17;00,FM-15,343,51,96,0,0
USW00014763,2024;09;17;01,FM-16,343,51,96,0,0
USW00014763,2024;09;17;01,FM-16,343,51,96,0,0
USW00014763,2024;09;17;01,FM-16,343,51,96,0,0
USW00014763,2024;09;17;01,FM-16,343,51,92,0,0
USW00014763,2024;09;17;01,FM-16,343,51,92,0,0
USW00014763,2024;09;17;01,FM-16,343,52,88,0,0
USW00014763,2024;09;17;01,FM-15,343,50,96,0,0
USW00014763,2024;09;17;02,FM-15,343,50,93,0,0
USW00014763,2024;09;17;03,FM-16,343,50,93,0,0
USW00014763,2024;09;17;03,FM-16,343,49,97,0,0
USW00014763,2024;09;17;03,FM-16,343,50,93,0,0
USW00014763,2024;09;17;03,FM-16,343,50,96,0,0
USW00014763,2024;09;17;03,FM-16,343,50,93,0,0
USW00014763,2024;09;17;03,FM-16,343,49,97,0,0
USW00014763,2024;09;17;03,FM-16,343,48,100,0,0
USW00014763,2024;09;17;03,FM-15,343,48,96,0,0
USW00014763,2024;09;17;03,FM-16,343,49,93,0,0
USW00014763,2024;09;17;04,FM-16,343,48,96,0,0
USW00014763,2024;09;17;04,FM-16,343,49,93,0,0
USW00014763,2024;09;17;04,FM-16,343,49,97,0,0
USW00014763,2024;09;17;04,FM-15,343,49,93,0,0
USW00014763,2024;09;17;05,FM-16,343,48,96,0,0
USW00014763,2024;09;17;05,FM-16,343,48,96,0,0
USW00014763,2024;09;17;05,FM-16,343,48,96,0,0
USW00014763,2024;09;17;05,FM-16,343,48,96,0,0
USW00014763,2024;09;17;05,FM-16,343,48,94,0,0
USW00014763,2024;09;17;05,FM-15,343,48,96,0,0
USW00014763,2024;09;17;05,FM-16,343,49,93,0,0
USW00014763,2024;09;17;06,FM-16,343,49,93,0,0
USW00014763,2024;09;17;06,FM-16,343,49,97,0,0
USW00014763,2024;09;17;06,FM-15,343,52,100,0,0
USW00014763,2024;09;17;07,FM-15,343,58,84,0,0
USW00014763,2024;09;17;08,FM-15,343,64,70,0,0
USW00014763,2024;09;17;09,FM-15,343,70,59,VRB,3
USW00014763,2024;09;17;10,FM-15,343,77,40,0,0
USW00014763,2024;09;17;11,FM-15,343,78,35,0,0
USW00014763,2024;09;17;12,FM-15,343,78,39,200,5
USW00014763,2024;09;17;13,FM-15,343,79,38,220,5
USW00014763,2024;09;17;14,FM-15,343,79,39,260,3
USW00014763,2024;09;17;15,FM-15,343,79,39,200,3
USW00014763,2024;09;17;16,FM-15,343,74,45,180,5
USW00014763,2024;09;17;17,FM-15,343,68,65,210,3
USW00014763,2024;09;17;18,FM-15,343,64,70,0,0
USW00014763,2024;09;17;19,FM-15,343,60,80,0,0
USW00014763,2024;09;17;20,FM-15,343,58,87,0,0
USW00014763,2024;09;17;21,FM-15,343,56,90,0,0
USW00014763,2024;09;17;22,FM-15,343,54,93,0,0
USW00014763,2024;09;17;23,FM-15,343,53,93,0,0
USW00014763,2024;09;18;00,SOD,,,,,
USW00014763,2024;09;18;00,FM-15,343,51,92,0,0
USW00014763,2024;09;18;01,FM-16,343,50,96,0,0
USW00014763,2024;09;18;01,FM-16,343,50,93,0,0
USW00014763,2024;09;18;01,FM-16,343,50,96,0,0
USW00014763,2024;09;18;01,FM-16,343,50,94,0,0
USW00014763,2024;09;18;01,FM-15,343,50,96,0,0
USW00014763,2024;09;18;02,FM-15,343,49,97,0,0
USW00014763,2024;09;18;03,FM-15,343,49,97,0,0
USW00014763,2024;09;18;04,FM-16,343,49,93,0,0
USW00014763,2024;09;18;04,FM-15,343,48,96,0,0
USW00014763,2024;09;18;05,FM-16,343,48,94,0,0
USW00014763,2024;09;18;05,FM-16,343,48,94,0,0
USW00014763,2024;09;18;05,FM-15,343,47,97,0,0
USW00014763,2024;09;18;06,FM-16,343,48,96,0,0
USW00014763,2024;09;18;06,FM-16,343,49,97,0,0
USW00014763,2024;09;18;06,FM-15,343,53,93,0,0
USW00014763,2024;09;18;07,FM-15,343,55,90,0,0
USW00014763,2024;09;18;08,FM-15,343,63,73,0,0
USW00014763,2024;09;18;09,FM-15,343,67,66,0,0
USW00014763,2024;09;18;10,FM-15,343,72,57,80,3
USW00014763,2024;09;18;11,FM-15,343,75,50,60,6
USW00014763,2024;09;18;12,FM-15,343,76,42,60,5
USW00014763,2024;09;18;13,FM-15,343,76,37,100,5
USW00014763,2024;09;18;14,FM-15,343,75,41,110,6
USW00014763,2024;09;18;15,FM-15,343,73,57,130,5
USW00014763,2024;09;18;16,FM-15,343,67,79,0,0
USW00014763,2024;09;18;17,FM-15,343,66,75,0,0
USW00014763,2024;09;18;18,FM-15,343,63,78,0,0
USW00014763,2024;09;18;19,FM-15,343,63,78,0,0
USW00014763,2024;09;18;20,FM-15,343,61,84,0,0
USW00014763,2024;09;18;21,FM-15,343,57,90,0,0
USW00014763,2024;09;18;22,FM-15,343,56,90,0,0
USW00014763,2024;09;18;23,FM-15,343,54,93,0,0
USW00014763,2024;09;19;00,SOD,,,,,
USW00014763,2024;09;19;00,FM-15,343,53,96,0,0
USW00014763,2024;09;19;01,FM-16,343,52,100,0,0
USW00014763,2024;09;19;01,FM-16,343,51,96,0,0
USW00014763,2024;09;19;01,FM-16,343,52,97,0,0
USW00014763,2024;09;19;01,FM-16,343,52,97,0,0
USW00014763,2024;09;19;01,FM-15,343,53,96,0,0
USW00014763,2024;09;19;02,FM-16,343,52,93,0,0
USW00014763,2024;09;19;02,FM-16,343,52,93,0,0
USW00014763,2024;09;19;02,FM-15,343,52,93,0,0
USW00014763,2024;09;19;03,FM-15,343,50,96,0,0
USW00014763,2024;09;19;04,FM-16,343,51,92,0,0
USW00014763,2024;09;19;04,FM-16,343,51,92,0,0
USW00014763,2024;09;19;04,FM-16,343,51,92,0,0
USW00014763,2024;09;19;04,FM-15,343,51,92,0,0
USW00014763,2024;09;19;05,FM-15,343,53,93,0,0
USW00014763,2024;09;19;06,FM-15,343,55,93,0,0
USW00014763,2024;09;19;07,FM-15,343,59,90,0,0
USW00014763,2024;09;19;08,FM-15,343,66,75,0,0
USW00014763,2024;09;19;09,FM-15,343,76,60,0,0
USW00014763,2024;09;19;10,FM-15,343,79,49,20,10
USW00014763,2024;09;19;11,FM-15,343,81,45,50,11
USW00014763,2024;09;19;12,FM-15,343,82,42,50,10
USW00014763,2024;09;19;13,FM-15,343,80,45,40,6
USW00014763,2024;09;19;14,FM-15,343,80,47,60,8
USW00014763,2024;09;19;15,FM-15,343,79,47,50,6
USW00014763,2024;09;19;16,FM-15,343,76,54,20,3
USW00014763,2024;09;19;17,FM-15,343,70,71,0,0
USW00014763,2024;09;19;18,FM-15,343,66,75,0,0
USW00014763,2024;09;19;19,FM-15,343,63,81,60,6
USW00014763,2024;09;19;20,FM-15,343,61,87,0,0
USW00014763,2024;09;19;21,FM-15,343,61,84,0,0
USW00014763,2024;09;19;22,FM-15,343,58,87,0,0
USW00014763,2024;09;19;23,FM-15,343,56,90,0,0
USW00014763,2024;09;20;00,SOD,,,,,
USW00014763,2024;09;20;00,FM-15,343,54,97,0,0
USW00014763,2024;09;20;01,FM-16,343,54,97,0,0
USW00014763,2024;09;20;01,FM-16,343,54,97,0,0
USW00014763,2024;09;20;01,FM-16,343,54,93,0,0
USW00014763,2024;09;20;01,FM-16,343,54,93,0,0
USW00014763,2024;09;20;01,FM-16,343,54,93,0,0
USW00014763,2024;09;20;01,FM-16,343,54,93,0,0
USW00014763,2024;09;20;01,FM-16,343,54,94,0,0
USW00014763,2024;09;20;01,FM-15,343,54,97,0,0
USW00014763,2024;09;20;02,FM-16,343,51,96,280,3
USW00014763,2024;09;20;02,FM-15,343,52,97,0,0
USW00014763,2024;09;20;03,FM-16,343,54,93,0,0
USW00014763,2024;09;20;03,FM-15,343,55,93,0,0
USW00014763,2024;09;20;04,FM-16,343,53,96,0,0
USW00014763,2024;09;20;04,FM-15,343,54,93,0,0
USW00014763,2024;09;20;05,FM-15,343,55,90,0,0
USW00014763,2024;09;20;06,FM-16,343,54,97,0,0
USW00014763,2024;09;20;06,FM-16,343,59,88,0,0
USW00014763,2024;09;20;06,FM-15,343,59,90,40,3
USW00014763,2024;09;20;07,FM-16,343,61,87,0,0
USW00014763,2024;09;20;07,FM-15,343,64,84,40,6
USW00014763,2024;09;20;08,FM-16,343,64,87,40,5
USW00014763,2024;09;20;08,FM-15,343,69,70,60,9
USW00014763,2024;09;20;09,FM-16,343,67,73,60,7
USW00014763,2024;09;20;09,FM-15,343,66,73,60,11
USW00014763,2024;09;20;10,FM-15,343,69,66,VRB,6
USW00014763,2024;09;20;11,FM-15,343,68,68,20,6
USW00014763,2024;09;20;12,FM-16,343,70,66,VRB,5
USW00014763,2024;09;20;12,FM-16,343,70,66,50,7
USW00014763,2024;09;20;12,FM-15,343,71,63,30,6
USW00014763,2024;09;20;13,FM-16,343,70,64,60,7
USW00014763,2024;09;20;13,FM-15,343,71,63,50,5
USW00014763,2024;09;20;14,FM-15,343,72,64,80,5
USW00014763,2024;09;20;15,FM-15,343,73,57,60,9
USW00014763,2024;09;20;16,FM-15,343,69,66,90,6
USW00014763,2024;09;20;17,FM-15,343,66,70,,
USW00014763,2024;09;20;18,FM-15,343,64,75,70,7
USW00014763,2024;09;20;19,FM-15,343,62,80,70,5
USW00014763,2024;09;20;20,FM-16,343,62,84,80,5
USW00014763,2024;09;20;20,FM-15,343,63,78,VRB,8
USW00014763,2024;09;20;21,FM-15,343,61,84,80,5
USW00014763,2024;09;20;22,FM-15,343,61,84,60,6
USW00014763,2024;09;20;23,FM-15,343,61,84,60,6
USW00014763,2024;09;21;00,SOD,,,,,
USW00014763,2024;09;21;00,FM-15,343,61,81,80,7
USW00014763,2024;09;21;01,FM-15,343,60,80,60,5
USW00014763,2024;09;21;02,FM-15,343,60,80,20,7
USW00014763,2024;09;21;03,FM-15,343,59,83,50,7
USW00014763,2024;09;21;04,FM-15,343,58,81,VRB,5
USW00014763,2024;09;21;05,FM-16,343,57,83,40,6
USW00014763,2024;09;21;05,FM-15,343,56,84,30,3
USW00014763,2024;09;21;06,FM-15,343,57,87,60,3
USW00014763,2024;09;21;07,FM-15,343,59,78,60,7
USW00014763,2024;09;21;08,FM-15,343,63,68,60,11
USW00014763,2024;09;21;09,FM-15,343,66,59,70,9
USW00014763,2024;09;21;10,FM-15,343,68,55,50,9
USW00014763,2024;09;21;11,FM-15,343,67,61,60,7
USW00014763,2024;09;21;12,FM-15,343,71,53,VRB,8
USW00014763,2024;09;21;13,FM-15,343,69,51,40,6
USW00014763,2024;09;21;14,FM-15,343,70,49,50,9
USW00014763,2024;09;21;15,FM-15,343,68,57,110,7
USW00014763,2024;09;21;16,FM-15,343,66,63,110,6
USW00014763,2024;09;21;17,FM-15,343,62,73,100,5
USW00014763,2024;09;21;18,FM-15,343,60,75,100,8
USW00014763,2024;09;21;19,FM-15,343,57,81,VRB,3
USW00014763,2024;09;21;20,FM-15,343,55,83,80,5
USW00014763,2024;09;21;21,FM-15,343,54,87,60,8
USW00014763,2024;09;21;22,FM-16,343,54,90,60,6
USW00014763,2024;09;21;22,FM-16,343,55,87,VRB,3
USW00014763,2024;09;21;22,FM-15,343,54,87,0,0
USW00014763,2024;09;21;23,FM-16,343,53,89,90,3
USW00014763,2024;09;21;23,FM-15,343,53,89,0,0
USW00014763,2024;09;22;00,SOD,,,,,
USW00014763,2024;09;22;00,FM-15,343,52,89,0,0
USW00014763,2024;09;22;01,FM-15,343,50,93,0,0
USW00014763,2024;09;22;02,FM-15,343,51,92,0,0
USW00014763,2024;09;22;03,FM-15,343,49,97,0,0
USW00014763,2024;09;22;04,FM-15,343,50,93,0,0
USW00014763,2024;09;22;05,FM-15,343,50,93,0,0
USW00014763,2024;09;22;06,FM-15,343,53,93,0,0
USW00014763,2024;09;22;07,FM-15,343,57,81,VRB,3
USW00014763,2024;09;22;08,FM-15,343,58,78,70,6
USW00014763,2024;09;22;09,FM-15,343,63,65,80,8
USW00014763,2024;09;22;10,FM-15,343,65,59,60,6
USW00014763,2024;09;22;11,FM-15,343,66,56,90,5
USW00014763,2024;09;22;12,FM-15,343,65,61,120,9
USW00014763,2024;09;22;13,FM-15,343,66,61,VRB,7
USW00014763,2024;09;22;14,FM-15,343,66,61,90,6
USW00014763,2024;09;22;15,FM-15,343,64,60,60,5
USW00014763,2024;09;22;16,FM-15,343,63,60,110,7
USW00014763,2024;09;22;17,FM-15,343,60,67,110,8
USW00014763,2024;09;22;18,FM-15,343,58,70,100,7
USW00014763,2024;09;22;19,FM-15,343,55,77,VRB,3
USW00014763,2024;09;22;20,FM-15,343,54,80,80,3
USW00014763,2024;09;22;21,FM-15,343,53,80,60,5
USW00014763,2024;09;22;22,FM-15,343,50,86,60,5
USW00014763,2024;09;22;23,FM-15,343,49,90,0,0
USW00014763,2024;09;23;00,SOD,,,,,
USW00014763,2024;09;23;00,FM-15,343,48,89,0,0
USW00014763,2024;09;23;01,FM-15,343,46,93,0,0
USW00014763,2024;09;23;02,FM-15,343,46,93,0,0
USW00014763,2024;09;23;03,FM-15,343,46,93,0,0
USW00014763,2024;09;23;04,FM-15,343,46,89,0,0
USW00014763,2024;09;23;05,FM-15,343,44,96,20,3
USW00014763,2024;09;23;06,FM-15,343,48,93,0,0
USW00014763,2024;09;23;07,FM-15,343,52,86,30,6
USW00014763,2024;09;23;08,FM-15,343,57,72,50,5
USW00014763,2024;09;23;09,FM-15,343,60,62,VRB,8
USW00014763,2024;09;23;10,FM-15,343,60,62,110,8
USW00014763,2024;09;23;11,FM-15,343,61,60,110,5
USW00014763,2024;09;23;12,FM-15,343,62,60,120,7
USW00014763,2024;09;23;13,FM-15,343,61,60,120,10
USW00014763,2024;09;23;14,FM-15,343,61,60,120,9
USW00014763,2024;09;23;15,FM-15,343,61,63,110,5
USW00014763,2024;09;23;16,FM-15,343,59,64,110,7
USW00014763,2024;09;23;17,FM-15,343,57,72,110,6
USW00014763,2024;09;23;18,FM-15,343,56,75,110,6
USW00014763,2024;09;23;19,FM-15,343,55,80,120,3
USW00014763,2024;09;23;20,FM-15,343,54,83,100,5
USW00014763,2024;09;23;21,FM-15,343,53,83,0,0
USW00014763,2024;09;23;22,FM-16,343,52,86,VRB,3
USW00014763,2024;09;23;22,FM-15,343,51,89,70,5
USW00014763,2024;09;23;23,FM-15,343,50,93,0,0
USW00014763,2024;09;24;00,SOD,,,,,
USW00014763,2024;09;24;00,FM-16,343,51,89,0,0
USW00014763,2024;09;24;00,FM-15,343,49,93,0,0
USW00014763,2024;09;24;01,FM-15,343,47,97,0,0
USW00014763,2024;09;24;02,FM-15,343,47,93,0,0
USW00014763,2024;09;24;03,FM-15,343,45,97,0,0
USW00014763,2024;09;24;04,FM-16,343,44,96,40,3
USW00014763,2024;09;24;04,FM-16,343,44,96,50,3
USW00014763,2024;09;24;04,FM-15,343,44,93,0,0
USW00014763,2024;09;24;05,FM-15,343,45,97,0,0
USW00014763,2024;09;24;06,FM-15,343,48,89,40,5
USW00014763,2024;09;24;07,FM-15,343,53,83,60,6
USW00014763,2024;09;24;08,FM-16,343,55,77,80,5
USW00014763,2024;09;24;08,FM-15,343,55,77,VRB,3
USW00014763,2024;09;24;09,FM-15,343,58,67,VRB,6
USW00014763,2024;09;24;10,FM-16,343,59,63,130,10
USW00014763,2024;09;24;10,FM-15,343,60,60,130,11
USW00014763,2024;09;24;11,FM-15,343,64,56,130,10
USW00014763,2024;09;24;12,FM-15,343,62,58,VRB,7
USW00014763,2024;09;24;13,FM-15,343,60,60,140,8
USW00014763,2024;09;24;14,FM-15,343,61,60,110,9
USW00014763,2024;09;24;15,FM-15,343,60,62,110,7
USW00014763,2024;09;24;16,FM-15,343,59,67,110,7
USW00014763,2024;09;24;17,FM-15,343,57,72,120,3
USW00014763,2024;09;24;18,FM-15,343,56,77,70,3
USW00014763,2024;09;24;19,FM-15,343,56,77,110,5
USW00014763,2024;09;24;20,FM-15,343,55,80,100,7
USW00014763,2024;09;24;21,FM-15,343,55,77,110,7
USW00014763,2024;09;24;22,FM-16,343,55,77,0,0
USW00014763,2024;09;24;22,FM-15,343,55,80,100,5
USW00014763,2024;09;24;23,FM-16,343,54,82,100,6
USW00014763,2024;09;24;23,FM-15,343,54,83,100,6
USW00014763,2024;09;25;00,SOD,,,,,
USW00014763,2024;09;25;00,FM-16,343,54,80,VRB,7
USW00014763,2024;09;25;00,FM-15,343,54,80,90,8
USW00014763,2024;09;25;01,FM-16,343,54,77,120,10
USW00014763,2024;09;25;01,FM-15,343,53,80,130,9
USW00014763,2024;09;25;02,FM-16,343,53,80,110,5
USW00014763,2024;09;25;02,FM-16,343,54,77,110,7
USW00014763,2024;09;25;02,FM-15,343,54,77,0,0
USW00014763,2024;09;25;03,FM-15,343,53,80,VRB,3
USW00014763,2024;09;25;04,FM-15,343,53,80,100,7
USW00014763,2024;09;25;05,FM-15,343,52,89,0,0
USW00014763,2024;09;25;06,FM-16,343,52,93,0,0
USW00014763,2024;09;25;06,FM-16,343,53,89,0,0
USW00014763,2024;09;25;06,FM-15,343,52,93,80,3
USW00014763,2024;09;25;07,FM-15,343,53,89,70,3
USW00014763,2024;09;25;08,FM-16,343,54,87,VRB,3
USW00014763,2024;09;25;08,FM-16,343,54,87,80,5
USW00014763,2024;09;25;08,FM-16,343,54,88,100,5
USW00014763,2024;09;25;08,FM-15,343,54,87,110,5
USW00014763,2024;09;25;09,FM-16,343,54,90,80,3
USW00014763,2024;09;25;09,FM-15,343,56,87,VRB,3
USW00014763,2024;09;25;10,FM-16,343,57,78,VRB,6
USW00014763,2024;09;25;10,FM-15,343,58,78,120,9
USW00014763,2024;09;25;11,FM-15,343,58,75,100,7
USW00014763,2024;09;25;12,FM-16,343,58,75,VRB,9
USW00014763,2024;09;25;12,FM-16,343,58,75,110,6
USW00014763,2024;09;25;12,FM-15,343,58,75,110,9
USW00014763,2024;09;25;13,FM-15,343,59,75,120,9
USW00014763,2024;09;25;14,FM-15,343,59,75,100,9
USW00014763,2024;09;25;15,FM-15,343,58,78,VRB,6
USW00014763,2024;09;25;16,FM-15,343,57,87,90,5
USW00014763,2024;09;25;17,FM-16,343,55,94,60,5
USW00014763,2024;09;25;17,FM-15,343,56,90,60,3
USW00014763,2024;09;25;18,FM-15,343,56,93,0,0
USW00014763,2024;09;25;19,FM-16,343,55,93,110,3
USW00014763,2024;09;25;19,FM-15,343,55,96,0,0
USW00014763,2024;09;25;20,FM-16,343,55,96,130,7
USW00014763,2024;09;25;20,FM-15,343,55,96,140,6
USW00014763,2024;09;25;20,FM-16,343,55,96,110,3
USW00014763,2024;09;25;21,FM-16,343,56,93,140,11
USW00014763,2024;09;25;21,FM-16,343,56,93,140,8
USW00014763,2024;09;25;21,FM-16,343,56,90,VRB,7
USW00014763,2024;09;25;21,FM-16,343,55,94,150,9
USW00014763,2024;09;25;21,FM-15,343,56,90,140,9
USW00014763,2024;09;25;22,FM-16,343,56,90,140,11
USW00014763,2024;09;25;22,FM-16,343,55,93,150,13
USW00014763,2024;09;25;22,FM-16,343,55,94,150,11
USW00014763,2024;09;25;22,FM-15,343,55,93,140,9
USW00014763,2024;09;25;23,FM-15,343,56,87,150,11
USW00014763,2024;09;26;00,SOD,,,,,
USW00014763,2024;09;26;00,FM-16,343,56,90,140,8
USW00014763,2024;09;26;00,FM-16,343,56,90,140,9
USW00014763,2024;09;26;00,FM-15,343,56,90,140,9
USW00014763,2024;09;26;01,FM-16,343,56,90,140,9
USW00014763,2024;09;26;01,FM-15,343,56,93,130,8
USW00014763,2024;09;26;02,FM-16,343,56,93,130,3
USW00014763,2024;09;26;02,FM-15,343,56,93,130,9
USW00014763,2024;09;26;03,FM-15,343,57,93,150,6
USW00014763,2024;09;26;04,FM-16,343,57,93,110,5
USW00014763,2024;09;26;04,FM-16,343,57,93,130,3
USW00014763,2024;09;26;04,FM-15,343,57,93,VRB,6
USW00014763,2024;09;26;05,FM-16,343,57,96,150,6
USW00014763,2024;09;26;05,FM-15,343,57,96,130,7
USW00014763,2024;09;26;06,FM-16,343,58,93,130,7
USW00014763,2024;09;26;06,FM-16,343,58,93,140,9
USW00014763,2024;09;26;06,FM-15,343,58,93,140,9
USW00014763,2024;09;26;07,FM-16,343,58,93,140,9
USW00014763,2024;09;26;07,FM-16,343,58,97,VRB,7
USW00014763,2024;09;26;07,FM-16,343,58,97,130,9
USW00014763,2024;09;26;07,FM-16,343,57,100,130,10
USW00014763,2024;09;26;07,FM-16,343,59,94,130,8
USW00014763,2024;09;26;07,FM-15,343,59,93,120,9
USW00014763,2024;09;26;08,FM-16,343,59,93,0,0
USW00014763,2024;09;26;08,FM-16,343,59,94,120,3
USW00014763,2024;09;26;08,FM-15,343,59,96,110,3
USW00014763,2024;09;26;09,FM-15,343,61,93,190,7
USW00014763,2024;09;26;10,FM-16,343,62,90,180,11
USW00014763,2024;09;26;10,FM-15,343,62,93,220,9
USW00014763,2024;09;26;10,FM-16,343,62,93,230,8
USW00014763,2024;09;26;11,FM-16,343,63,93,220,7
USW00014763,2024;09;26;11,FM-16,343,63,93,240,5
USW00014763,2024;09;26;11,FM-16,343,64,88,210,8
USW00014763,2024;09;26;11,FM-15,343,64,93,210,6
USW00014763,2024;09;26;12,FM-16,343,64,93,VRB,8
USW00014763,2024;09;26;12,FM-16,343,64,93,210,8
USW00014763,2024;09;26;12,FM-16,343,64,93,190,7
USW00014763,2024;09;26;12,FM-16,343,64,94,VRB,6
USW00014763,2024;09;26;12,FM-16,343,64,94,270,6
USW00014763,2024;09;26;12,FM-15,343,64,96,250,5
USW00014763,2024;09;26;13,FM-16,343,64,96,240,3
USW00014763,2024;09;26;13,FM-16,343,64,93,260,8
USW00014763,2024;09;26;13,FM-16,343,64,93,200,10
USW00014763,2024;09;26;13,FM-16,343,64,94,300,9
USW00014763,2024;09;26;13,FM-16,343,64,94,280,7
USW00014763,2024;09;26;13,FM-15,343,64,93,260,7
USW00014763,2024;09;26;14,FM-16,343,64,93,290,6
USW00014763,2024;09;26;14,FM-16,343,64,90,270,6
USW00014763,2024;09;26;14,FM-16,343,63,93,230,6
USW00014763,2024;09;26;14,FM-16,343,63,94,290,8
USW00014763,2024;09;26;14,FM-15,343,63,90,300,7
USW00014763,2024;09;26;15,FM-15,343,62,93,260,6
USW00014763,2024;09;26;16,FM-15,343,62,90,300,5
USW00014763,2024;09;26;17,FM-16,343,61,94,0,0
USW00014763,2024;09;26;17,FM-15,343,61,93,0,0
USW00014763,2024;09;26;18,FM-16,343,61,93,0,0
USW00014763,2024;09;26;18,FM-16,343,61,93,0,0
USW00014763,2024;09;26;18,FM-16,343,61,93,220,3
USW00014763,2024;09;26;18,FM-16,343,61,93,0,0
USW00014763,2024;09;26;18,FM-16,343,61,94,0,0
USW00014763,2024;09;26;18,FM-15,343,61,93,0,0
USW00014763,2024;09;26;19,FM-16,343,61,97,0,0
USW00014763,2024;09;26;19,FM-15,343,60,96,0,0
USW00014763,2024;09;26;20,FM-15,343,60,96,0,0
USW00014763,2024;09;26;21,FM-15,343,60,93,200,5
USW00014763,2024;09;26;22,FM-15,343,60,90,270,3
USW00014763,2024;09;26;23,FM-15,343,59,93,0,0
USW00014763,2024;09;27;00,SOD,,,,,
USW00014763,2024;09;27;00,FM-15,343,59,93,0,0
USW00014763,2024;09;27;01,FM-15,343,59,96,190,3
USW00014763,2024;09;27;02,FM-15,343,59,93,0,0
USW00014763,2024;09;27;03,FM-15,343,58,97,0,0
USW00014763,2024;09;27;04,FM-16,343,58,97,0,0
USW00014763,2024;09;27;04,FM-15,343,58,97,0,0
USW00014763,2024;09;27;05,FM-16,343,58,97,0,0
USW00014763,2024;09;27;05,FM-15,343,59,96,0,0
USW00014763,2024;09;27;06,FM-15,343,59,96,0,0
USW00014763,2024;09;27;07,FM-15,343,62,84,0,0
USW00014763,2024;09;27;08,FM-16,343,63,87,0,0
USW00014763,2024;09;27;08,FM-15,343,64,81,40,5
USW00014763,2024;09;27;09,FM-15,343,69,68,,
USW00014763,2024;09;27;10,FM-15,343,70,55,VRB,5
USW00014763,2024;09;27;11,FM-15,343,72,48,VRB,7
USW00014763,2024;09;27;12,FM-15,343,72,53,240,3
USW00014763,2024;09;27;13,FM-15,343,73,48,310,5
USW00014763,2024;09;27;14,FM-15,343,71,51,280,6
USW00014763,2024;09;27;15,FM-15,343,69,55,300,6
USW00014763,2024;09;27;16,FM-15,343,67,63,0,0
USW00014763,2024;09;27;17,FM-15,343,60,86,0,0
USW00014763,2024;09;27;18,FM-15,343,59,87,0,0
USW00014763,2024;09;27;19,FM-15,343,57,93,10,5
USW00014763,2024;09;27;20,FM-15,343,57,93,0,0
USW00014763,2024;09;27;21,FM-15,343,56,93,0,0
USW00014763,2024;09;27;22,FM-15,343,56,93,0,0
USW00014763,2024;09;27;23,FM-15,343,56,97,0,0
USW00014763,2024;09;28;00,SOD,,,,,
USW00014763,2024;09;28;00,FM-15,343,58,90,0,0
USW00014763,2024;09;28;01,FM-15,343,58,87,0,0
USW00014763,2024;09;28;02,FM-15,343,58,87,0,0
USW00014763,2024;09;28;03,FM-15,343,58,87,0,0
USW00014763,2024;09;28;04,FM-15,343,56,90,0,0
USW00014763,2024;09;28;05,FM-15,343,56,87,0,0
USW00014763,2024;09;28;06,FM-15,343,58,84,70,3
USW00014763,2024;09;28;07,FM-15,343,62,78,30,5
USW00014763,2024;09;28;08,FM-15,343,66,70,80,7
USW00014763,2024;09;28;09,FM-15,343,68,65,80,9
USW00014763,2024;09;28;10,FM-15,343,71,61,130,7
USW00014763,2024;09;28;11,FM-15,343,73,55,VRB,7
USW00014763,2024;09;28;12,FM-15,343,74,56,60,8
USW00014763,2024;09;28;13,FM-15,343,73,59,120,5
USW00014763,2024;09;28;14,FM-15,343,71,61,VRB,7
USW00014763,2024;09;28;15,FM-15,343,69,68,110,7
USW00014763,2024;09;28;16,FM-15,343,68,68,90,6
USW00014763,2024;09;28;17,FM-15,343,66,73,100,7
USW00014763,2024;09;28;18,FM-15,343,66,73,100,3
USW00014763,2024;09;28;19,FM-15,343,65,73,VRB,7
USW00014763,2024;09;28;20,FM-15,343,64,70,90,3
USW00014763,2024;09;28;21,FM-15,343,63,73,100,6
USW00014763,2024;09;28;22,FM-15,343,62,70,90,7
USW00014763,2024;09;28;23,FM-15,343,61,70,110,6
USW00014763,2024;09;29;00,SOD,,,,,
USW00014763,2024;09;29;00,FM-15,343,60,72,VRB,3
USW00014763,2024;09;29;01,FM-15,343,59,78,100,6
USW00014763,2024;09;29;02,FM-15,343,58,84,0,0
USW00014763,2024;09;29;03,FM-15,343,57,83,70,5
USW00014763,2024;09;29;04,FM-16,343,57,83,50,5
USW00014763,2024;09;29;04,FM-15,343,57,83,60,5
USW00014763,2024;09;29;05,FM-16,343,57,83,50,5
USW00014763,2024;09;29;05,FM-15,343,57,83,60,5
USW00014763,2024;09;29;06,FM-15,343,57,83,60,6
USW00014763,2024;09;29;07,FM-15,343,58,81,60,5
USW00014763,2024;09;29;08,FM-16,343,58,81,60,8
USW00014763,2024;09;29;08,FM-15,343,59,78,70,7
USW00014763,2024;09;29;09,FM-16,343,60,75,50,5
USW00014763,2024;09;29;09,FM-16,343,60,75,70,6
USW00014763,2024;09;29;09,FM-16,343,60,78,80,6
USW00014763,2024;09;29;09,FM-16,343,60,75,VRB,3
USW00014763,2024;09;29;09,FM-15,343,61,75,80,5
USW00014763,2024;09;29;10,FM-15,343,63,70,120,7
USW00014763,2024;09;29;11,FM-15,343,65,66,VRB,3
USW00014763,2024;09;29;12,FM-15,343,66,65,20,3
USW00014763,2024;09;29;13,FM-15,343,66,65,VRB,5
USW00014763,2024;09;29;14,FM-16,343,65,66,130,3
USW00014763,2024;09;29;14,FM-15,343,65,68,190,3
USW00014763,2024;09;29;15,FM-15,343,65,68,0,0
USW00014763,2024;09;29;16,FM-15,343,63,76,VRB,5
USW00014763,2024;09;29;17,FM-15,343,62,78,240,5
USW00014763,2024;09;29;18,FM-15,343,61,81,290,3
USW00014763,2024;09;29;19,FM-16,343,59,87,0,0
USW00014763,2024;09;29;19,FM-15,343,59,87,0,0
USW00014763,2024;09;29;20,FM-16,343,56,93,0,0
USW00014763,2024;09;29;20,FM-16,343,55,100,0,0
USW00014763,2024;09;29;20,FM-15,343,56,97,0,0
USW00014763,2024;09;29;21,FM-16,343,57,93,0,0
USW00014763,2024;09;29;21,FM-16,343,55,96,0,0
USW00014763,2024;09;29;21,FM-15,343,57,93,0,0
USW00014763,2024;09;29;22,FM-16,343,55,93,0,0
USW00014763,2024;09;29;22,FM-15,343,53,93,260,5
USW00014763,2024;09;29;23,FM-16,343,52,100,0,0
USW00014763,2024;09;29;23,FM-16,343,54,97,250,3
USW00014763,2024;09;29;23,FM-16,343,54,97,280,3
USW00014763,2024;09;29;23,FM-15,343,55,100,0,0
USW00014763,2024;09;30;00,SOD,,,,,
USW00014763,2024;09;30;00,FM-16,343,55,96,0,0
USW00014763,2024;09;30;00,FM-16,343,55,96,0,0
USW00014763,2024;09;30;00,FM-15,343,55,96,50,3
USW00014763,2024;09;30;01,FM-16,343,55,96,0,0
USW00014763,2024;09;30;01,FM-16,343,55,100,0,0
USW00014763,2024;09;30;01,FM-16,343,55,100,0,0
USW00014763,2024;09;30;01,FM-16,343,55,100,0,0
USW00014763,2024;09;30;01,FM-15,343,55,100,0,0
USW00014763,2024;09;30;02,FM-16,343,55,96,0,0
USW00014763,2024;09;30;02,FM-16,343,55,100,0,0
USW00014763,2024;09;30;02,FM-16,343,55,100,0,0
USW00014763,2024;09;30;02,FM-16,343,55,96,0,0
USW00014763,2024;09;30;02,FM-15,343,55,100,0,0
USW00014763,2024;09;30;03,FM-16,343,55,100,0,0
USW00014763,2024;09;30;03,FM-16,343,55,94,0,0
USW00014763,2024;09;30;03,FM-15,343,55,100,0,0
USW00014763,2024;09;30;04,FM-15,343,55,96,0,0
USW00014763,2024;09;30;05,FM-16,343,55,96,0,0
USW00014763,2024;09;30;05,FM-16,343,55,96,0,0
USW00014763,2024;09;30;05,FM-16,343,55,100,0,0
USW00014763,2024;09;30;05,FM-15,343,55,96,0,0
USW00014763,2024;09;30;06,FM-16,343,55,96,0,0
USW00014763,2024;09;30;06,FM-16,343,55,96,0,0
USW00014763,2024;09;30;06,FM-16,343,55,96,0,0
USW00014763,2024;09;30;06,FM-16,343,55,100,0,0
USW00014763,2024;09;30;06,FM-15,343,55,96,0,0
USW00014763,2024;09;30;07,FM-16,343,55,96,70,3
USW00014763,2024;09;30;07,FM-16,343,55,96,60,5
USW00014763,2024;09;30;07,FM-15,343,56,97,60,3
USW00014763,2024;09;30;08,FM-16,343,59,90,0,0
USW00014763,2024;09;30;08,FM-15,343,62,80,VRB,3
USW00014763,2024;09;30;09,FM-15,343,69,66,20,8
USW00014763,2024;09;30;10,FM-15,343,70,61,50,8
USW00014763,2024;09;30;11,FM-16,343,69,63,50,6
USW00014763,2024;09;30;11,FM-15,343,70,61,60,8
USW00014763,2024;09;30;12,FM-15,343,71,55,50,3
USW00014763,2024;09;30;13,FM-15,343,70,57,90,5
USW00014763,2024;09;30;14,FM-15,343,69,57,100,5
USW00014763,2024;09;30;15,FM-15,343,69,59,110,5
USW00014763,2024;09;30;16,FM-15,343,69,59,100,5
USW00014763,2024;09;30;17,FM-15,343,63,78,100,3
USW00014763,2024;09;30;18,FM-15,343,60,86,0,0
USW00014763,2024;09;30;19,FM-15,343,57,93,60,3
USW00014763,2024;09;30;20,FM-15,343,56,93,90,3
USW00014763,2024;09;30;21,FM-15,343,55,93,0,0
USW00014763,2024;09;30;22,FM-16,343,54,97,0,0
USW00014763,2024;09;30;22,FM-16,343,55,96,0,0
USW00014763,2024;09;30;22,FM-16,343,54,97,0,0
USW00014763,2024;09;30;22,FM-16,343,54,97,0,0
USW00014763,2024;09;30;22,FM-16,343,54,97,0,0
USW00014763,2024;09;30;22,FM-16,343,54,94,80,3
USW00014763,2024;09;30;22,FM-15,343,53,96,80,3
USW00014763,2024;09;30;23,FM-15,343,55,93,80,5
USW00014763,2024;09;30;23,SOM,,,,,
USW00014763,2024;10;01;00,SOD,,,,,
USW00014763,2024;10;01;00,FM-15,343,54,93,60,3
USW00014763,2024;10;01;01,FM-15,343,53,93,0,0
USW00014763,2024;10;01;02,FM-16,343,52,97,0,0
USW00014763,2024;10;01;02,FM-16,343,53,96,0,0
USW00014763,2024;10;01;02,FM-16,343,51,100,0,0
USW00014763,2024;10;01;02,FM-16,343,51,100,0,0
USW00014763,2024;10;01;02,FM-16,343,52,94,0,0
USW00014763,2024;10;01;02,FM-16,343,52,94,0,0
USW00014763,2024;10;01;02,FM-15,343,52,93,0,0
USW00014763,2024;10;01;03,FM-16,343,52,97,0,0
USW00014763,2024;10;01;03,FM-16,343,50,100,0,0
USW00014763,2024;10;01;03,FM-16,343,51,96,60,3
USW00014763,2024;10;01;03,FM-15,343,50,96,0,0
USW00014763,2024;10;01;04,FM-16,343,50,100,0,0
USW00014763,2024;10;01;04,FM-15,343,51,92,0,0
USW00014763,2024;10;01;05,FM-16,343,49,97,0,0
USW00014763,2024;10;01;05,FM-15,343,50,93,0,0
USW00014763,2024;10;01;06,FM-16,343,49,97,0,0
USW00014763,2024;10;01;06,FM-16,343,50,96,0,0
USW00014763,2024;10;01;06,FM-16,343,50,96,0,0
USW00014763,2024;10;01;06,FM-15,343,53,93,0,0
USW00014763,2024;10;01;07,FM-15,343,58,84,50,5
USW00014763,2024;10;01;08,FM-15,343,62,73,110,5
USW00014763,2024;10;01;09,FM-15,343,65,63,VRB,5
USW00014763,2024;10;01;10,FM-15,343,66,56,100,13
USW00014763,2024;10;01;11,FM-15,343,65,54,110,8
USW00014763,2024;10;01;12,FM-15,343,65,59,100,7
USW00014763,2024;10;01;13,FM-15,343,66,54,70,9
USW00014763,2024;10;01;14,FM-15,343,64,56,100,5
USW00014763,2024;10;01;15,FM-15,343,64,63,100,5
USW00014763,2024;10;01;16,FM-15,343,62,67,60,6
USW00014763,2024;10;01;17,FM-15,343,60,72,0,0
USW00014763,2024;10;01;18,FM-15,343,59,75,110,5
USW00014763,2024;10;01;19,FM-16,343,57,82,70,7
USW00014763,2024;10;01;19,FM-15,343,58,78,80,3
USW00014763,2024;10;01;20,FM-15,343,57,78,VRB,6
USW00014763,2024;10;01;21,FM-16,343,57,81,VRB,3
USW00014763,2024;10;01;21,FM-15,343,56,81,VRB,5
USW00014763,2024;10;01;22,FM-16,343,56,81,90,5
USW00014763,2024;10;01;22,FM-15,343,56,81,VRB,5
USW00014763,2024;10;01;23,FM-15,343,55,83,120,6
USW00014763,2024;10;02;00,SOD,,,,,
USW00014763,2024;10;02;00,FM-15,343,55,77,100,7
USW00014763,2024;10;02;01,FM-15,343,53,80,90,3
USW00014763,2024;10;02;02,FM-16,343,53,80,80,5
USW00014763,2024;10;02;02,FM-15,343,53,80,100,5
USW00014763,2024;10;02;03,FM-15,343,52,83,60,6
USW00014763,2024;10;02;04,FM-16,343,51,86,60,5
USW00014763,2024;10;02;04,FM-16,343,52,82,90,5
USW00014763,2024;10;02;04,FM-15,343,51,86,90,3
USW00014763,2024;10;02;05,FM-16,343,52,83,VRB,3
USW00014763,2024;10;02;05,FM-16,343,50,89,0,0
USW00014763,2024;10;02;05,FM-16,343,50,89,0,0
USW00014763,2024;10;02;05,FM-15,343,50,89,0,0
USW00014763,2024;10;02;06,FM-15,343,51,89,0,0
USW00014763,2024;10;02;07,FM-16,343,52,86,40,3
USW00014763,2024;10;02;07,FM-15,343,54,77,90,6
USW00014763,2024;10;02;08,FM-16,343,55,77,100,6
USW00014763,2024;10;02;08,FM-15,343,56,75,60,7
USW00014763,2024;10;02;09,FM-15,343,61,60,VRB,3
USW00014763,2024;10;02;10,FM-16,343,61,60,,
USW00014763,2024;10;02;10,FM-15,343,61,58,60,3
USW00014763,2024;10;02;11,FM-15,343,63,56,150,5
USW00014763,2024;10;02;12,FM-15,343,64,56,VRB,6
USW00014763,2024;10;02;13,FM-15,343,63,58,140,9
USW00014763,2024;10;02;14,FM-15,343,62,58,170,8
USW00014763,2024;10;02;15,FM-15,343,62,60,140,5
USW00014763,2024;10;02;16,FM-15,343,60,65,140,7
USW00014763,2024;10;02;17,FM-15,343,59,67,150,7
USW00014763,2024;10;02;18,FM-15,343,59,67,160,7
USW00014763,2024;10;02;19,FM-15,343,58,72,0,0
USW00014763,2024;10;02;20,FM-15,343,58,75,0,0
USW00014763,2024;10;02;21,FM-16,343,57,78,0,0
USW00014763,2024;10;02;21,FM-15,343,57,78,0,0
USW00014763,2024;10;02;22,FM-15,343,56,84,0,0
USW00014763,2024;10;02;23,FM-16,343,56,84,0,0
USW00014763,2024;10;02;23,FM-15,343,56,87,0,0
USW00014763,2024;10;03;00,SOD,,,,,
USW00014763,2024;10;03;00,FM-15,343,56,87,0,0
USW00014763,2024;10;03;01,FM-15,343,56,87,0,0
USW00014763,2024;10;03;02,FM-15,343,56,87,0,0
USW00014763,2024;10;03;03,FM-15,343,55,93,0,0
USW00014763,2024;10;03;04,FM-16,343,55,93,0,0
USW00014763,2024;10;03;04,FM-15,343,55,93,0,0
USW00014763,2024;10;03;05,FM-15,343,55,93,0,0
USW00014763,2024;10;03;06,FM-16,343,55,93,0,0
USW00014763,2024;10;03;06,FM-15,343,55,93,0,0
USW00014763,2024;10;03;07,FM-15,343,57,83,240,3
USW00014763,2024;10;03;08,FM-15,343,59,81,230,6
USW00014763,2024;10;03;09,FM-15,343,61,78,190,5
USW00014763,2024;10;03;10,FM-16,343,61,78,VRB,6
USW00014763,2024;10;03;10,FM-15,343,63,73,190,7
USW00014763,2024;10;03;11,FM-15,343,65,66,230,7
USW00014763,2024;10;03;12,FM-15,343,67,57,210,7
USW00014763,2024;10;03;13,FM-15,343,68,57,VRB,3
USW00014763,2024;10;03;14,FM-15,343,69,55,230,8
USW00014763,2024;10;03;15,FM-15,343,68,57,170,5
USW00014763,2024;10;03;16,FM-15,343,66,65,180,3
USW00014763,2024;10;03;17,FM-15,343,62,75,240,3
USW00014763,2024;10;03;18,FM-15,343,57,87,0,0
USW00014763,2024;10;03;19,FM-15,343,55,93,0,0
USW00014763,2024;10;03;20,FM-15,343,53,96,0,0
USW00014763,2024;10;03;21,FM-16,343,53,93,0,0
USW00014763,2024;10;03;21,FM-15,343,51,96,0,0
USW00014763,2024;10;03;22,FM-16,343,52,93,0,0
USW00014763,2024;10;03;22,FM-16,343,52,93,0,0
USW00014763,2024;10;03;22,FM-16,343,52,97,0,0
USW00014763,2024;10;03;22,FM-16,343,52,93,0,0
USW00014763,2024;10;03;22,FM-15,343,51,92,0,0
USW00014763,2024;10;03;22,FM-16,343,50,96,0,0
USW00014763,2024;10;03;23,FM-16,343,50,93,0,0
USW00014763,2024;10;03;23,FM-16,343,50,96,0,0
USW00014763,2024;10;03;23,FM-16,343,51,92,0,0
USW00014763,2024;10;03;23,FM-16,343,50,96,0,0
USW00014763,2024;10;03;23,FM-16,343,50,93,0,0
USW00014763,2024;10;03;23,FM-16,343,50,96,0,0
USW00014763,2024;10;03;23,FM-15,343,50,93,0,0
USW00014763,2024;10;04;00,SOD,,,,,
USW00014763,2024;10;04;00,FM-16,343,50,96,0,0
USW00014763,2024;10;04;00,FM-16,343,49,97,0,0
USW00014763,2024;10;04;00,FM-16,343,50,94,0,0
USW00014763,2024;10;04;00,FM-15,343,49,97,0,0
USW00014763,2024;10;04;01,FM-15,343,49,97,0,0
USW00014763,2024;10;04;02,FM-16,343,46,100,0,0
USW00014763,2024;10;04;02,FM-15,343,47,100,0,0
USW00014763,2024;10;04;03,FM-16,343,47,97,0,0
USW00014763,2024;10;04;03,FM-16,343,47,97,0,0
USW00014763,2024;10;04;03,FM-15,343,46,100,0,0
USW00014763,2024;10;04;04,FM-16,343,46,96,0,0
USW00014763,2024;10;04;04,FM-16,343,47,97,0,0
USW00014763,2024;10;04;04,FM-16,343,47,97,0,0
USW00014763,2024;10;04;04,FM-15,343,47,97,0,0
USW00014763,2024;10;04;05,FM-16,343,47,97,0,0
USW00014763,2024;10;04;05,FM-16,343,47,100,0,0
USW00014763,2024;10;04;05,FM-15,343,48,96,0,0
USW00014763,2024;10;04;06,FM-16,343,48,100,0,0
USW00014763,2024;10;04;06,FM-16,343,49,97,0,0
USW00014763,2024;10;04;06,FM-15,343,49,100,0,0
USW00014763,2024;10;04;07,FM-16,343,50,100,0,0
USW00014763,2024;10;04;07,FM-16,343,51,100,0,0
USW00014763,2024;10;04;07,FM-15,343,51,100,0,0
USW00014763,2024;10;04;08,FM-15,343,53,100,0,0
USW00014763,2024;10;04;09,FM-16,343,55,96,0,0
USW00014763,2024;10;04;09,FM-16,343,55,100,0,0
USW00014763,2024;10;04;09,FM-15,343,55,100,0,0
USW00014763,2024;10;04;10,FM-16,343,59,90,0,0
USW00014763,2024;10;04;10,FM-15,343,65,73,0,0
USW00014763,2024;10;04;11,FM-15,343,69,53,240,8
USW00014763,2024;10;04;12,FM-15,343,70,55,230,6
USW00014763,2024;10;04;13,FM-15,343,72,52,230,9
USW00014763,2024;10;04;14,FM-15,343,71,53,220,8
USW00014763,2024;10;04;15,FM-15,343,70,57,190,7
USW00014763,2024;10;04;16,FM-15,343,67,63,180,5
USW00014763,2024;10;04;17,FM-15,343,64,70,200,3
USW00014763,2024;10;04;18,FM-15,343,58,87,0,0
USW00014763,2024;10;04;19,FM-15,343,55,90,0,0
USW00014763,2024;10;04;20,FM-15,343,54,93,0,0
USW00014763,2024;10;04;21,FM-15,343,52,97,0,0
USW00014763,2024;10;04;22,FM-16,343,52,97,0,0
USW00014763,2024;10;04;22,FM-16,343,52,97,0,0
USW00014763,2024;10;04;22,FM-16,343,51,100,0,0
USW00014763,2024;10;04;22,FM-16,343,52,97,0,0
USW00014763,2024;10;04;22,FM-16,343,52,97,0,0
USW00014763,2024;10;04;22,FM-16,343,52,100,0,0
USW00014763,2024;10;04;22,FM-15,343,52,97,0,0
USW00014763,2024;10;04;22,FM-16,343,51,96,0,0
USW00014763,2024;10;04;23,FM-16,343,51,100,0,0
USW00014763,2024;10;04;23,FM-16,343,52,97,0,0
USW00014763,2024;10;04;23,FM-16,343,53,96,340,3
USW00014763,2024;10;04;23,FM-16,343,53,96,0,0
USW00014763,2024;10;04;23,FM-15,343,53,96,0,0
USW00014763,2024;10;05;00,SOD,,,,,
USW00014763,2024;10;05;00,FM-16,343,53,96,350,3
USW00014763,2024;10;05;00,FM-16,343,53,96,0,0
USW00014763,2024;10;05;00,FM-16,343,53,96,0,0
USW00014763,2024;10;05;00,FM-15,343,54,97,0,0
USW00014763,2024;10;05;01,FM-15,343,55,93,0,0
USW00014763,2024;10;05;02,FM-16,343,55,93,0,0
USW00014763,2024;10;05;02,FM-16,343,55,96,250,8
USW00014763,2024;10;05;02,FM-16,343,56,97,250,8
USW00014763,2024;10;05;02,FM-16,343,57,93,240,5
USW00014763,2024;10;05;02,FM-15,343,56,97,250,3
USW00014763,2024;10;05;03,FM-16,343,56,93,0,0
USW00014763,2024;10;05;03,FM-16,343,57,93,230,3
USW00014763,2024;10;05;03,FM-15,343,57,96,220,3
USW00014763,2024;10;05;04,FM-15,343,56,93,280,13
USW00014763,2024;10;05;05,FM-16,343,56,93,300,10
USW00014763,2024;10;05;05,FM-16,343,56,93,300,9
USW00014763,2024;10;05;05,FM-15,343,55,93,0,0
USW00014763,2024;10;05;06,FM-15,343,54,93,310,6
USW00014763,2024;10;05;07,FM-15,343,56,81,330,6
USW00014763,2024;10;05;08,FM-16,343,60,75,40,7
USW00014763,2024;10;05;08,FM-16,343,59,68,20,8
USW00014763,2024;10;05;08,FM-15,343,58,72,30,8
USW00014763,2024;10;05;09,FM-15,343,65,56,VRB,9
USW00014763,2024;10;05;10,FM-15,343,66,49,320,10
USW00014763,2024;10;05;11,FM-15,343,67,44,300,13
USW00014763,2024;10;05;12,FM-15,343,66,45,310,11
USW00014763,2024;10;05;13,FM-15,343,67,39,320,10
USW00014763,2024;10;05;14,FM-15,343,66,43,350,10
USW00014763,2024;10;05;15,FM-15,343,65,45,320,8
USW00014763,2024;10;05;16,FM-15,343,63,48,VRB,3
USW00014763,2024;10;05;17,FM-15,343,55,67,0,0
USW00014763,2024;10;05;18,FM-15,343,51,77,0,0
USW00014763,2024;10;05;19,FM-15,343,50,77,0,0
USW00014763,2024;10;05;20,FM-15,343,47,86,0,0
USW00014763,2024;10;05;21,FM-15,343,45,90,0,0
USW00014763,2024;10;05;22,FM-15,343,44,89,0,0
USW00014763,2024;10;05;23,FM-15,343,45,90,0,0
USW00014763,2024;10;06;00,SOD,,,,,
USW00014763,2024;10;06;00,FM-16,343,43,93,0,0
USW00014763,2024;10;06;00,FM-16,343,43,93,0,0
USW00014763,2024;10;06;00,FM-16,343,42,96,0,0
USW00014763,2024;10;06;00,FM-16,343,42,92,0,0
USW00014763,2024;10;06;00,FM-16,343,41,93,0,0
USW00014763,2024;10;06;00,FM-15,343,41,96,0,0
USW00014763,2024;10;06;01,FM-16,343,41,93,0,0
USW00014763,2024;10;06;01,FM-16,343,41,93,0,0
USW00014763,2024;10;06;01,FM-16,343,41,93,0,0
USW00014763,2024;10;06;01,FM-16,343,41,93,0,0
USW00014763,2024;10;06;01,FM-16,343,39,100,0,0
USW00014763,2024;10;06;01,FM-15,343,41,93,0,0
USW00014763,2024;10;06;01,FM-16,343,42,92,0,0
USW00014763,2024;10;06;02,FM-15,343,38,97,0,0
USW00014763,2024;10;06;03,FM-16,343,38,97,0,0
USW00014763,2024;10;06;03,FM-16,343,39,93,0,0
USW00014763,2024;10;06;03,FM-16,343,39,93,0,0
USW00014763,2024;10;06;03,FM-15,343,40,93,0,0
USW00014763,2024;10;06;04,FM-16,343,38,97,0,0
USW00014763,2024;10;06;04,FM-16,343,38,97,0,0
USW00014763,2024;10;06;04,FM-16,343,39,93,0,0
USW00014763,2024;10;06;04,FM-16,343,38,97,0,0
USW00014763,2024;10;06;04,FM-16,343,38,97,0,0
USW00014763,2024;10;06;04,FM-16,343,38,93,0,0
USW00014763,2024;10;06;04,FM-15,343,38,97,0,0
USW00014763,2024;10;06;05,FM-16,343,38,93,0,0
USW00014763,2024;10;06;05,FM-16,343,37,93,0,0
USW00014763,2024;10;06;05,FM-15,343,37,96,0,0
USW00014763,2024;10;06;06,FM-16,343,37,93,0,0
USW00014763,2024;10;06;06,FM-16,343,37,96,0,0
USW00014763,2024;10;06;06,FM-16,343,37,100,0,0
USW00014763,2024;10;06;06,FM-16,343,38,97,0,0
USW00014763,2024;10;06;06,FM-16,343,37,100,0,0
USW00014763,2024;10;06;06,FM-16,343,39,93,0,0
USW00014763,2024;10;06;06,FM-15,343,39,96,0,0
USW00014763,2024;10;06;07,FM-16,343,40,97,0,0
USW00014763,2024;10;06;07,FM-15,343,46,86,0,0
USW00014763,2024;10;06;08,FM-15,343,52,72,0,0
USW00014763,2024;10;06;09,FM-15,343,59,58,340,3
USW00014763,2024;10;06;10,FM-15,343,62,48,210,8
USW00014763,2024;10;06;11,FM-15,343,64,45,VRB,3
USW00014763,2024;10;06;12,FM-15,343,66,43,VRB,8
USW00014763,2024;10;06;13,FM-15,343,66,43,210,8
USW00014763,2024;10;06;14,FM-15,343,66,45,180,6
USW00014763,2024;10;06;15,FM-15,343,66,43,200,6
USW00014763,2024;10;06;16,FM-15,343,62,48,180,6
USW00014763,2024;10;06;17,FM-15,343,55,69,150,7
USW00014763,2024;10;06;18,FM-15,343,59,58,VRB,5
USW00014763,2024;10;06;19,FM-15,343,58,65,150,11
USW00014763,2024;10;06;20,FM-15,343,56,75,140,11
USW00014763,2024;10;06;21,FM-15,343,55,80,140,8
USW00014763,2024;10;06;22,FM-15,343,55,80,130,7
USW00014763,2024;10;06;23,FM-15,343,55,80,120,6
USW00014763,2024;10;07;00,SOD,,,,,
USW00014763,2024;10;07;00,FM-16,343,55,80,120,7
USW00014763,2024;10;07;00,FM-15,343,56,81,100,6
USW00014763,2024;10;07;01,FM-15,343,57,87,VRB,6
USW00014763,2024;10;07;02,FM-15,343,58,87,0,0
USW00014763,2024;10;07;03,FM-15,343,57,90,0,0
USW00014763,2024;10;07;04,FM-16,343,58,87,,
USW00014763,2024;10;07;04,FM-15,343,58,87,180,9
USW00014763,2024;10;07;05,FM-16,343,57,93,200,6
USW00014763,2024;10;07;05,FM-15,343,58,90,200,6
USW00014763,2024;10;07;06,FM-16,343,58,90,VRB,6
USW00014763,2024;10;07;06,FM-15,343,58,93,210,7
USW00014763,2024;10;07;07,FM-16,343,59,88,230,7
USW00014763,2024;10;07;07,FM-15,343,59,90,220,6
USW00014763,2024;10;07;08,FM-16,343,60,86,230,7
USW00014763,2024;10;07;08,FM-15,343,60,86,230,6
USW00014763,2024;10;07;09,FM-16,343,64,73,310,9
USW00014763,2024;10;07;09,FM-15,343,63,73,300,14
USW00014763,2024;10;07;10,FM-15,343,65,66,310,11
USW00014763,2024;10;07;11,FM-15,343,64,52,280,16
USW00014763,2024;10;07;12,FM-15,343,67,45,290,18
USW00014763,2024;10;07;13,FM-15,343,64,45,310,11
USW00014763,2024;10;07;14,FM-15,343,64,43,300,15
USW00014763,2024;10;07;15,FM-15,343,60,53,290,10
USW00014763,2024;10;07;16,FM-15,343,58,60,280,13
USW00014763,2024;10;07;17,FM-15,343,56,62,300,10
USW00014763,2024;10;07;18,FM-15,343,54,72,290,8
USW00014763,2024;10;07;19,FM-15,343,52,75,300,8
USW00014763,2024;10;07;20,FM-15,343,49,80,270,5
USW00014763,2024;10;07;21,FM-15,343,49,77,280,8
USW00014763,2024;10;07;22,FM-15,223,47,83,250,7
USW00014763,2024;10;07;23,FM-15,343,47,83,250,7
USW00014763,2024;10;08;00,SOD,,,,,
USW00014763,2024;10;08;00,FM-15,343,46,86,260,6
USW00014763,2024;10;08;01,FM-15,343,46,86,220,5
USW00014763,2024;10;08;02,FM-15,343,45,90,260,3
USW00014763,2024;10;08;03,FM-15,343,41,93,240,6
USW00014763,2024;10;08;04,FM-15,343,43,93,0,0
USW00014763,2024;10;08;05,FM-15,343,42,92,260,8
USW00014763,2024;10;08;06,FM-15,343,45,90,250,7
USW00014763,2024;10;08;07,FM-15,343,49,83,290,9
USW00014763,2024;10;08;08,FM-15,343,52,69,260,10
USW00014763,2024;10;08;09,FM-15,343,55,55,320,6
USW00014763,2024;10;08;10,FM-15,343,55,51,300,7
USW00014763,2024;10;08;11,FM-15,343,58,50,280,8
USW00014763,2024;10;08;12,FM-15,343,60,46,270,13
USW00014763,2024;10;08;13,FM-15,343,59,46,280,9
USW00014763,2024;10;08;14,FM-15,343,58,46,VRB,7
USW00014763,2024;10;08;15,FM-15,343,59,44,VRB,6
USW00014763,2024;10;08;16,FM-15,343,53,61,0,0
USW00014763,2024;10;08;17,FM-15,343,51,66,0,0
USW00014763,2024;10;08;18,FM-15,343,48,71,200,3
USW00014763,2024;10;08;19,FM-15,343,47,69,0,0
USW00014763,2024;10;08;20,FM-15,343,44,79,0,0
USW00014763,2024;10;08;21,FM-15,343,41,89,0,0
USW00014763,2024;10;08;22,FM-15,343,41,89,0,0
USW00014763,2024;10;08;23,FM-15,343,43,89,0,0
USW00014763,2024;10;09;00,SOD,,,,,
USW00014763,2024;10;09;00,FM-15,343,42,92,0,0
USW00014763,2024;10;09;01,FM-16,343,42,92,0,0
USW00014763,2024;10;09;01,FM-16,343,41,96,240,3
USW00014763,2024;10;09;01,FM-16,343,41,93,290,5
USW00014763,2024;10;09;01,FM-15,343,40,97,290,5
USW00014763,2024;10;09;02,FM-15,343,39,96,0,0
USW00014763,2024;10;09;03,FM-15,343,39,93,0,0
USW00014763,2024;10;09;04,FM-16,343,36,97,0,0
USW00014763,2024;10;09;04,FM-16,343,36,100,0,0
USW00014763,2024;10;09;04,FM-16,343,37,93,0,0
USW00014763,2024;10;09;04,FM-15,343,37,96,0,0
USW00014763,2024;10;09;04,FM-16,343,38,93,0,0
USW00014763,2024;10;09;05,FM-16,343,37,93,270,3
USW00014763,2024;10;09;05,FM-16,343,35,89,0,0
USW00014763,2024;10;09;05,FM-16,343,34,92,30,3
USW00014763,2024;10;09;05,FM-15,343,35,96,0,0
USW00014763,2024;10;09;06,FM-16,343,34,97,0,0
USW00014763,2024;10;09;06,FM-16,343,36,89,0,0
USW00014763,2024;10;09;06,FM-16,343,35,96,0,0
USW00014763,2024;10;09;06,FM-16,343,35,100,0,0
USW00014763,2024;10;09;06,FM-15,343,36,100,0,0
USW00014763,2024;10;09;07,FM-16,343,39,96,250,3
USW00014763,2024;10;09;07,FM-16,343,40,100,0,0
USW00014763,2024;10;09;07,FM-15,343,48,80,230,5
USW00014763,2024;10;09;08,FM-16,343,49,77,280,6
USW00014763,2024;10;09;08,FM-15,343,50,71,270,9
USW00014763,2024;10;09;09,FM-16,343,51,71,260,8
USW00014763,2024;10;09;09,FM-15,343,53,64,290,11
USW00014763,2024;10;09;10,FM-15,343,54,51,240,17
USW00014763,2024;10;09;11,FM-15,343,55,45,300,13
USW00014763,2024;10;09;12,FM-15,343,55,47,290,9
USW00014763,2024;10;09;13,FM-15,343,56,47,300,13
USW00014763,2024;10;09;14,FM-15,343,56,47,290,9
USW00014763,2024;10;09;15,FM-15,343,52,59,0,0
USW00014763,2024;10;09;16,FM-15,343,51,61,330,5
USW00014763,2024;10;09;17,FM-15,343,47,74,0,0
USW00014763,2024;10;09;18,FM-15,343,47,71,0,0
USW00014763,2024;10;09;19,FM-16,343,45,81,290,17
USW00014763,2024;10;09;19,FM-15,343,45,83,290,15
USW00014763,2024;10;09;20,FM-16,343,44,85,VRB,14
USW00014763,2024;10;09;20,FM-16,343,44,85,270,10
USW00014763,2024;10;09;20,FM-16,343,44,89,260,7
USW00014763,2024;10;09;20,FM-15,343,43,89,250,8
USW00014763,2024;10;09;21,FM-15,343,41,96,0,0
USW00014763,2024;10;09;22,FM-16,343,43,87,270,8
USW00014763,2024;10;09;22,FM-15,343,43,89,270,8
USW00014763,2024;10;09;23,FM-15,343,42,89,VRB,11
USW00014763,2024;10;10;00,SOD,,,,,
USW00014763,2024;10;10;00,FM-16,343,42,89,300,8
USW00014763,2024;10;10;00,FM-15,343,42,85,300,10
USW00014763,2024;10;10;01,FM-16,343,42,89,310,10
USW00014763,2024;10;10;01,FM-15,343,42,89,VRB,6
USW00014763,2024;10;10;02,FM-15,343,41,89,300,8
USW00014763,2024;10;10;03,FM-16,343,41,86,290,10
USW00014763,2024;10;10;03,FM-15,343,41,86,300,9
USW00014763,2024;10;10;04,FM-15,343,40,89,310,13
USW00014763,2024;10;10;05,FM-15,343,40,86,300,13
USW00014763,2024;10;10;06,FM-15,343,40,86,300,10
USW00014763,2024;10;10;07,FM-15,343,40,86,310,5
USW00014763,2024;10;10;08,FM-16,343,43,76,290,8
USW00014763,2024;10;10;08,FM-15,343,42,79,300,8
USW00014763,2024;10;10;09,FM-15,343,45,71,310,9
USW00014763,2024;10;10;10,FM-16,343,46,71,290,13
USW00014763,2024;10;10;10,FM-15,343,47,66,310,10
USW00014763,2024;10;10;11,FM-16,343,46,71,270,11
USW00014763,2024;10;10;11,FM-15,343,47,69,270,11
USW00014763,2024;10;10;12,FM-16,343,49,64,270,14
USW00014763,2024;10;10;12,FM-16,343,50,61,310,14
USW00014763,2024;10;10;12,FM-15,343,49,61,290,15
USW00014763,2024;10;10;13,FM-15,343,50,59,280,16
USW00014763,2024;10;10;14,FM-15,343,52,55,VRB,16
USW00014763,2024;10;10;15,FM-15,343,51,54,290,10
USW00014763,2024;10;10;16,FM-15,343,49,59,290,14
USW00014763,2024;10;10;17,FM-15,343,48,61,VRB,11
USW00014763,2024;10;10;18,FM-15,343,46,68,310,14
USW00014763,2024;10;10;19,FM-15,343,46,66,310,11
USW00014763,2024;10;10;20,FM-16,343,45,68,310,10
USW00014763,2024;10;10;20,FM-15,343,45,68,320,13
USW00014763,2024;10;10;21,FM-16,343,45,68,300,11
USW00014763,2024;10;10;21,FM-15,343,44,71,310,15
USW00014763,2024;10;10;22,FM-15,343,44,71,300,13
USW00014763,2024;10;10;23,FM-15,343,44,73,300,16
USW00014763,2024;10;11;00,SOD,,,,,
USW00014763,2024;10;11;00,FM-15,343,44,73,320,13
USW00014763,2024;10;11;01,FM-15,343,43,74,280,15
USW00014763,2024;10;11;02,FM-15,343,42,79,280,8
USW00014763,2024;10;11;03,FM-15,343,39,89,300,7
USW00014763,2024;10;11;04,FM-15,343,42,82,250,8
USW00014763,2024;10;11;05,FM-15,343,42,85,250,9
USW00014763,2024;10;11;06,FM-16,343,43,86,240,10
USW00014763,2024;10;11;06,FM-15,343,44,83,270,9
USW00014763,2024;10;11;07,FM-15,343,47,77,270,9
USW00014763,2024;10;11;08,FM-16,343,48,76,270,9
USW00014763,2024;10;11;08,FM-15,343,48,77,250,10
USW00014763,2024;10;11;09,FM-15,343,51,66,VRB,7
USW00014763,2024;10;11;10,FM-15,343,54,62,300,7
USW00014763,2024;10;11;11,FM-15,343,57,51,270,11
USW00014763,2024;10;11;12,FM-15,343,58,50,VRB,9
USW00014763,2024;10;11;13,FM-15,343,60,38,290,16
USW00014763,2024;10;11;14,FM-15,343,60,42,290,10
USW00014763,2024;10;11;15,FM-15,343,60,44,280,8
USW00014763,2024;10;11;16,FM-15,343,56,53,280,6
USW00014763,2024;10;11;17,FM-15,343,52,64,0,0
USW00014763,2024;10;11;18,FM-15,343,47,74,0,0
USW00014763,2024;10;11;19,FM-15,343,46,83,0,0
USW00014763,2024;10;11;20,FM-15,343,44,85,0,0
USW00014763,2024;10;11;21,FM-15,343,44,85,270,3
USW00014763,2024;10;11;22,FM-15,343,47,77,260,8
USW00014763,2024;10;11;23,FM-15,343,47,74,220,7
USW00014763,2024;10;12;00,SOD,,,,,
USW00014763,2024;10;12;00,FM-15,343,48,74,270,6
USW00014763,2024;10;12;01,FM-15,343,60,52,260,16
USW00014763,2024;10;12;02,FM-15,343,61,48,270,17
USW00014763,2024;10;12;03,FM-15,343,60,53,270,16
USW00014763,2024;10;12;04,FM-15,343,59,58,280,15
USW00014763,2024;10;12;05,FM-15,343,58,65,290,18
USW00014763,2024;10;12;06,FM-15,343,58,67,280,18
USW00014763,2024;10;12;07,FM-15,343,59,64,300,18
USW00014763,2024;10;12;08,FM-15,343,61,58,280,22
USW00014763,2024;10;12;09,FM-15,343,61,39,310,16
USW00014763,2024;10;12;10,FM-15,343,61,34,300,20
USW00014763,2024;10;12;11,FM-15,343,62,35,290,13
USW00014763,2024;10;12;12,FM-15,343,62,28,280,22
USW00014763,2024;10;12;13,FM-15,343,62,26,280,20
USW00014763,2024;10;12;14,FM-15,343,62,28,310,14
USW00014763,2024;10;12;15,FM-15,343,59,35,270,17
USW00014763,2024;10;12;16,FM-15,343,56,37,290,9
USW00014763,2024;10;12;17,FM-15,343,53,45,270,9
USW00014763,2024;10;12;18,FM-15,343,51,48,VRB,5
USW00014763,2024;10;12;19,FM-15,343,47,56,0,0
USW00014763,2024;10;12;20,FM-15,343,49,55,0,0
USW00014763,2024;10;12;21,FM-15,343,45,66,290,7
USW00014763,2024;10;12;22,FM-15,343,41,73,0,0
USW00014763,2024;10;12;23,FM-15,343,40,79,240,3
USW00014763,2024;10;13;00,SOD,,,,,
USW00014763,2024;10;13;00,FM-15,343,39,79,240,5
USW00014763,2024;10;13;01,FM-15,343,35,89,0,0
USW00014763,2024;10;13;02,FM-15,343,35,93,0,0
USW00014763,2024;10;13;03,FM-15,343,35,93,0,0
USW00014763,2024;10;13;04,FM-15,343,37,89,280,3
USW00014763,2024;10;13;05,FM-15,343,39,93,260,3
USW00014763,2024;10;13;06,FM-15,343,39,93,0,0
USW00014763,2024;10;13;07,FM-15,343,39,96,20,3
USW00014763,2024;10;13;08,FM-15,343,41,96,60,3
USW00014763,2024;10;13;09,FM-16,343,42,96,40,3
USW00014763,2024;10;13;09,FM-15,343,43,93,50,3
USW00014763,2024;10;13;10,FM-16,343,43,93,30,6
USW00014763,2024;10;13;10,FM-15,343,43,89,60,6
USW00014763,2024;10;13;11,FM-15,343,44,89,40,6
USW00014763,2024;10;13;12,FM-15,343,45,83,50,8
USW00014763,2024;10;13;13,FM-16,343,45,81,50,7
USW00014763,2024;10;13;13,FM-15,343,44,83,50,7
USW00014763,2024;10;13;14,FM-15,343,43,89,60,7
USW00014763,2024;10;13;15,FM-15,343,42,92,50,6
USW00014763,2024;10;13;16,FM-15,343,42,92,50,5
USW00014763,2024;10;13;17,FM-16,343,42,92,30,3
USW00014763,2024;10;13;17,FM-16,343,43,87,30,6
USW00014763,2024;10;13;17,FM-15,343,42,92,30,7
USW00014763,2024;10;13;18,FM-16,343,42,92,70,6
USW00014763,2024;10;13;18,FM-15,343,42,92,30,7
USW00014763,2024;10;13;19,FM-16,343,42,92,40,8
USW00014763,2024;10;13;19,FM-15,343,42,89,40,8
USW00014763,2024;10;13;20,FM-15,343,42,92,60,7
USW00014763,2024;10;13;21,FM-16,343,42,92,50,10
USW00014763,2024;10;13;21,FM-15,343,42,89,50,10
USW00014763,2024;10;13;22,FM-15,343,43,89,40,8
USW00014763,2024;10;13;23,FM-16,343,43,93,340,7
USW00014763,2024;10;13;23,FM-15,343,43,93,310,3
USW00014763,2024;10;14;00,SOD,,,,,
USW00014763,2024;10;14;00,FM-16,343,42,96,130,6
USW00014763,2024;10;14;00,FM-16,343,42,96,80,5
USW00014763,2024;10;14;00,FM-16,343,43,93,70,10
USW00014763,2024;10;14;00,FM-16,343,43,93,VRB,3
USW00014763,2024;10;14;00,FM-16,343,43,93,50,6
USW00014763,2024;10;14;00,FM-15,343,43,93,50,5
USW00014763,2024;10;14;01,FM-16,343,43,97,100,5
USW00014763,2024;10;14;01,FM-16,343,43,97,60,5
USW00014763,2024;10;14;01,FM-16,343,43,97,70,5
USW00014763,2024;10;14;01,FM-15,343,43,97,90,5
USW00014763,2024;10;14;02,FM-15,343,44,93,40,5
USW00014763,2024;10;14;03,FM-15,343,44,93,60,3
USW00014763,2024;10;14;04,FM-15,343,44,93,60,5
USW00014763,2024;10;14;05,FM-16,343,44,93,40,5
USW00014763,2024;10;14;05,FM-15,343,44,93,50,5
USW00014763,2024;10;14;06,FM-15,343,44,93,70,5
USW00014763,2024;10;14;07,FM-16,343,44,96,30,3
USW00014763,2024;10;14;07,FM-15,343,44,96,30,6
USW00014763,2024;10;14;08,FM-15,343,45,97,40,3
USW00014763,2024;10;14;09,FM-15,343,45,97,300,10
USW00014763,2024;10;14;10,FM-16,343,45,97,300,5
USW00014763,2024;10;14;10,FM-16,343,45,97,0,0
USW00014763,2024;10;14;10,FM-16,343,46,96,0,0
USW00014763,2024;10;14;10,FM-16,343,47,93,90,3
USW00014763,2024;10;14;10,FM-16,343,48,87,130,5
USW00014763,2024;10;14;10,FM-15,343,48,89,VRB,5
USW00014763,2024;10;14;11,FM-15,343,49,90,10,5
USW00014763,2024;10;14;12,FM-16,343,52,83,240,8
USW00014763,2024;10;14;12,FM-16,343,52,83,230,8
USW00014763,2024;10;14;12,FM-16,343,52,82,220,6
USW00014763,2024;10;14;12,FM-15,343,52,83,230,5
USW00014763,2024;10;14;13,FM-16,343,51,86,290,9
USW00014763,2024;10;14;13,FM-16,343,50,89,280,7
USW00014763,2024;10;14;13,FM-16,343,50,89,280,6
USW00014763,2024;10;14;13,FM-16,343,50,89,260,9
USW00014763,2024;10;14;13,FM-16,343,50,88,260,8
USW00014763,2024;10;14;13,FM-16,343,50,88,250,8
USW00014763,2024;10;14;13,FM-16,343,52,82,240,8
USW00014763,2024;10;14;13,FM-15,343,51,86,230,6
USW00014763,2024;10;14;14,FM-16,343,52,83,240,6
USW00014763,2024;10;14;14,FM-16,343,47,83,270,18
USW00014763,2024;10;14;14,FM-16,343,46,83,270,10
USW00014763,2024;10;14;14,FM-16,343,45,86,270,11
USW00014763,2024;10;14;14,FM-16,343,46,87,260,11
USW00014763,2024;10;14;14,FM-15,343,46,89,260,8
USW00014763,2024;10;14;15,FM-16,343,47,86,290,11
USW00014763,2024;10;14;15,FM-16,343,46,87,280,17
USW00014763,2024;10;14;15,FM-15,343,46,86,290,16
USW00014763,2024;10;14;16,FM-16,343,45,90,290,18
USW00014763,2024;10;14;16,FM-16,343,44,89,290,13
USW00014763,2024;10;14;16,FM-16,343,43,89,290,18
USW00014763,2024;10;14;16,FM-16,343,43,87,300,14
USW00014763,2024;10;14;16,FM-15,343,43,89,290,15
USW00014763,2024;10;14;17,FM-16,343,42,89,280,18
USW00014763,2024;10;14;17,FM-15,343,41,89,340,10
USW00014763,2024;10;14;18,FM-16,343,40,93,330,10
USW00014763,2024;10;14;18,FM-15,343,40,89,310,11
USW00014763,2024;10;14;19,FM-16,343,40,89,300,14
USW00014763,2024;10;14;19,FM-16,343,40,89,310,14
USW00014763,2024;10;14;19,FM-16,343,40,89,300,9
USW00014763,2024;10;14;19,FM-16,343,40,89,300,9
USW00014763,2024;10;14;19,FM-16,343,39,93,310,11
USW00014763,2024;10;14;19,FM-15,343,40,89,310,10
USW00014763,2024;10;14;20,FM-16,343,40,89,300,13
USW00014763,2024;10;14;20,FM-15,343,40,89,300,13
USW00014763,2024;10;14;21,FM-15,343,40,89,290,10
USW00014763,2024;10;14;22,FM-15,343,39,89,300,13
USW00014763,2024;10;14;23,FM-16,343,39,89,300,11
USW00014763,2024;10;14;23,FM-15,343,39,86,290,9
USW00014763,2024;10;15;00,SOD,,,,,
USW00014763,2024;10;15;00,FM-15,343,38,89,310,11
USW00014763,2024;10;15;01,FM-15,343,36,93,290,8
USW00014763,2024;10;15;02,FM-15,343,36,89,260,11
USW00014763,2024;10;15;03,FM-15,343,36,89,270,9
USW00014763,2024;10;15;04,FM-16,343,37,87,280,13
USW00014763,2024;10;15;04,FM-15,343,37,89,280,13
USW00014763,2024;10;15;05,FM-15,343,37,89,290,9
USW00014763,2024;10;15;06,FM-16,343,36,89,280,9
USW00014763,2024;10;15;06,FM-15,343,36,89,300,9
USW00014763,2024;10;15;07,FM-16,343,37,89,290,13
USW00014763,2024;10;15;07,FM-15,343,37,89,290,15
USW00014763,2024;10;15;08,FM-16,343,38,86,290,16
USW00014763,2024;10;15;08,FM-16,343,38,86,280,16
USW00014763,2024;10;15;08,FM-15,343,39,86,300,13
USW00014763,2024;10;15;09,FM-16,343,41,81,280,11
USW00014763,2024;10;15;09,FM-15,343,41,79,280,10
USW00014763,2024;10;15;10,FM-15,343,42,73,270,10
USW00014763,2024;10;15;11,FM-15,343,43,74,270,8
USW00014763,2024;10;15;12,FM-16,343,45,71,270,9
USW00014763,2024;10;15;12,FM-15,343,47,61,260,15
USW00014763,2024;10;15;13,FM-15,343,47,59,300,10
USW00014763,2024;10;15;14,FM-15,343,48,58,320,9
USW00014763,2024;10;15;15,FM-15,343,47,66,270,11
USW00014763,2024;10;15;16,FM-15,343,44,65,300,7
USW00014763,2024;10;15;17,FM-15,343,42,71,280,13
USW00014763,2024;10;15;18,FM-15,343,40,73,270,9
USW00014763,2024;10;15;19,FM-15,343,38,76,260,6
USW00014763,2024;10;15;20,FM-15,343,38,76,250,8
USW00014763,2024;10;15;21,FM-16,343,38,79,240,9
USW00014763,2024;10;15;21,FM-15,343,39,76,240,8
USW00014763,2024;10;15;22,FM-16,343,39,76,250,10
USW00014763,2024;10;15;22,FM-15,343,38,79,280,14
USW00014763,2024;10;15;23,FM-15,343,38,79,280,15
USW00014763,2024;10;16;00,SOD,,,,,
USW00014763,2024;10;16;00,FM-15,343,38,86,250,10
USW00014763,2024;10;16;01,FM-16,343,38,86,250,13
USW00014763,2024;10;16;01,FM-15,343,38,86,260,13
USW00014763,2024;10;16;02,FM-15,343,38,86,270,14
USW00014763,2024;10;16;03,FM-15,343,37,86,280,11
USW00014763,2024;10;16;04,FM-16,343,37,86,290,16
USW00014763,2024;10;16;04,FM-15,343,37,82,280,10
USW00014763,2024;10;16;05,FM-16,343,37,87,250,8
USW00014763,2024;10;16;05,FM-15,343,38,83,260,10
USW00014763,2024;10;16;06,FM-15,343,38,86,270,9
USW00014763,2024;10;16;07,FM-15,343,39,86,280,13
USW00014763,2024;10;16;08,FM-16,343,40,83,VRB,9
USW00014763,2024;10;16;08,FM-16,343,41,79,300,13
USW00014763,2024;10;16;08,FM-15,343,43,76,290,15
USW00014763,2024;10;16;09,FM-16,343,43,76,290,15
USW00014763,2024;10;16;09,FM-16,343,44,73,VRB,13
USW00014763,2024;10;16;09,FM-16,343,44,71,300,14
USW00014763,2024;10;16;09,FM-16,343,43,71,310,10
USW00014763,2024;10;16;09,FM-15,343,44,68,300,15
USW00014763,2024;10;16;10,FM-16,343,44,68,VRB,11
USW00014763,2024;10;16;10,FM-16,343,45,66,290,14
USW00014763,2024;10;16;10,FM-15,343,44,65,290,16
USW00014763,2024;10;16;11,FM-15,343,45,63,300,13
USW00014763,2024;10;16;12,FM-16,343,46,63,300,9
USW00014763,2024;10;16;12,FM-15,343,46,63,300,9
USW00014763,2024;10;16;13,FM-15,343,49,56,320,11
USW00014763,2024;10;16;14,FM-15,343,48,56,310,14
USW00014763,2024;10;16;15,FM-15,343,47,56,300,9
USW00014763,2024;10;16;16,FM-15,343,45,58,310,6
USW00014763,2024;10;16;17,FM-15,343,42,65,260,8
USW00014763,2024;10;16;18,FM-15,343,41,67,280,7
USW00014763,2024;10;16;19,FM-15,343,38,76,280,7
USW00014763,2024;10;16;20,FM-15,343,38,76,260,6
USW00014763,2024;10;16;21,FM-15,343,37,79,270,6
USW00014763,2024;10;16;22,FM-15,343,35,82,290,5
USW00014763,2024;10;16;23,FM-15,343,32,88,0,0
USW00014763,2024;10;17;00,SOD,,,,,
USW00014763,2024;10;17;00,FM-15,343,32,88,0,0
USW00014763,2024;10;17;01,FM-15,343,31,89,0,0
USW00014763,2024;10;17;02,FM-15,343,29,92,340,3
USW00014763,2024;10;17;03,FM-16,343,28,92,0,0
USW00014763,2024;10;17;03,FM-16,343,28,93,0,0
USW00014763,2024;10;17;03,FM-15,343,28,92,330,3
USW00014763,2024;10;17;04,FM-16,343,27,92,0,0
USW00014763,2024;10;17;04,FM-16,343,29,92,0,0
USW00014763,2024;10;17;04,FM-16,343,28,92,0,0
USW00014763,2024;10;17;04,FM-16,343,27,92,110,3
USW00014763,2024;10;17;04,FM-16,343,27,92,0,0
USW00014763,2024;10;17;04,FM-16,343,28,92,0,0
USW00014763,2024;10;17;04,FM-16,343,29,92,0,0
USW00014763,2024;10;17;04,FM-16,343,28,93,0,0
USW00014763,2024;10;17;04,FM-15,343,29,92,0,0
USW00014763,2024;10;17;05,FM-16,343,28,96,0,0
USW00014763,2024;10;17;05,FM-16,343,28,92,0,0
USW00014763,2024;10;17;05,FM-16,343,27,93,320,3
USW00014763,2024;10;17;05,FM-15,343,27,92,0,0
USW00014763,2024;10;17;06,FM-16,343,27,92,290,3
USW00014763,2024;10;17;06,FM-16,343,27,92,0,0
USW00014763,2024;10;17;06,FM-16,343,27,96,0,0
USW00014763,2024;10;17;06,FM-16,343,27,92,0,0
USW00014763,2024;10;17;06,FM-16,343,27,92,280,3
USW00014763,2024;10;17;06,FM-16,343,28,92,0,0
USW00014763,2024;10;17;06,FM-16,343,28,93,0,0
USW00014763,2024;10;17;06,FM-15,343,29,96,0,0
USW00014763,2024;10;17;07,FM-16,343,29,96,0,0
USW00014763,2024;10;17;07,FM-16,343,30,100,0,0
USW00014763,2024;10;17;07,FM-16,343,31,96,0,0
USW00014763,2024;10;17;07,FM-15,343,32,92,0,0
USW00014763,2024;10;17;08,FM-16,343,32,100,0,0
USW00014763,2024;10;17;08,FM-16,343,32,100,0,0
USW00014763,2024;10;17;08,FM-16,343,34,97,0,0
USW00014763,2024;10;17;08,FM-16,343,35,93,0,0
USW00014763,2024;10;17;08,FM-15,343,37,86,0,0
USW00014763,2024;10;17;09,FM-15,343,45,66,0,0
USW00014763,2024;10;17;10,FM-15,343,51,52,VRB,3
USW00014763,2024;10;17;11,FM-15,343,51,46,280,5
USW00014763,2024;10;17;12,FM-15,343,54,42,0,0
USW00014763,2024;10;17;13,FM-15,343,55,42,310,10
USW00014763,2024;10;17;14,FM-15,343,55,44,300,9
USW00014763,2024;10;17;15,FM-15,343,53,48,290,10
USW00014763,2024;10;17;16,FM-15,343,49,56,280,6
USW00014763,2024;10;17;17,FM-15,343,47,56,320,6
USW00014763,2024;10;17;18,FM-15,343,45,61,290,7
USW00014763,2024;10;17;19,FM-15,343,43,65,0,0
USW00014763,2024;10;17;20,FM-15,343,41,67,250,5
USW00014763,2024;10;17;21,FM-15,343,41,67,260,5
USW00014763,2024;10;17;22,FM-15,343,35,89,50,5
USW00014763,2024;10;17;23,FM-15,343,33,89,130,3
USW00014763,2024;10;18;00,SOD,,,,,
USW00014763,2024;10;18;00,FM-15,343,33,89,0,0
USW00014763,2024;10;18;01,FM-15,343,32,92,0,0
USW00014763,2024;10;18;02,FM-15,343,33,89,0,0
USW00014763,2024;10;18;03,FM-15,343,32,88,0,0
USW00014763,2024;10;18;04,FM-15,343,30,88,0,0
USW00014763,2024;10;18;05,FM-15,343,32,88,250,3
USW00014763,2024;10;18;06,FM-15,343,33,92,0,0
USW00014763,2024;10;18;07,FM-15,343,40,79,0,0
USW00014763,2024;10;18;08,FM-15,343,48,56,290,3
USW00014763,2024;10;18;09,FM-15,343,53,48,VRB,3
USW00014763,2024;10;18;10,FM-15,343,57,42,280,8
USW00014763,2024;10;18;11,FM-15,343,60,39,300,7
USW00014763,2024;10;18;12,FM-15,343,62,38,300,11
USW00014763,2024;10;18;13,FM-15,343,63,34,300,8
USW00014763,2024;10;18;14,FM-15,343,64,32,330,8
USW00014763,2024;10;18;15,FM-15,343,62,35,330,6
USW00014763,2024;10;18;16,FM-15,343,58,41,0,0
USW00014763,2024;10;18;17,FM-15,343,51,59,0,0
USW00014763,2024;10;18;18,FM-15,343,46,66,0,0
USW00014763,2024;10;18;19,FM-15,343,45,68,230,5
USW00014763,2024;10;18;20,FM-15,343,41,76,0,0
USW00014763,2024;10;18;21,FM-15,343,40,79,0,0
USW00014763,2024;10;18;22,FM-15,343,38,86,0,0
USW00014763,2024;10;18;23,FM-15,343,37,86,0,0
USW00014763,2024;10;19;00,SOD,,,,,
USW00014763,2024;10;19;00,FM-15,343,36,89,0,0
USW00014763,2024;10;19;01,FM-15,343,35,89,0,0
USW00014763,2024;10;19;02,FM-15,343,31,96,0,0
USW00014763,2024;10;19;03,FM-15,343,34,92,0,0
USW00014763,2024;10;19;04,FM-15,343,32,92,0,0
USW00014763,2024;10;19;05,FM-15,343,32,88,0,0
USW00014763,2024;10;19;06,FM-15,343,33,96,0,0
USW00014763,2024;10;19;07,FM-15,343,40,86,0,0
USW00014763,2024;10;19;08,FM-15,343,48,71,0,0
USW00014763,2024;10;19;09,FM-15,343,57,58,220,7
USW00014763,2024;10;19;10,FM-15,343,60,47,VRB,7
USW00014763,2024;10;19;11,FM-15,343,63,35,210,5
USW00014763,2024;10;19;12,FM-15,343,66,33,250,7
USW00014763,2024;10;19;13,FM-15,343,66,30,260,6
USW00014763,2024;10;19;14,FM-15,343,66,29,280,7
USW00014763,2024;10;19;15,FM-15,343,64,26,260,5
USW00014763,2024;10;19;16,FM-15,343,57,39,250,5
USW00014763,2024;10;19;17,FM-15,343,50,48,0,0
USW00014763,2024;10;19;18,FM-15,343,44,63,0,0
USW00014763,2024;10;19;19,FM-15,343,43,63,0,0
USW00014763,2024;10;19;20,FM-15,343,40,70,0,0
USW00014763,2024;10;19;21,FM-15,343,40,70,0,0
USW00014763,2024;10;19;22,FM-15,343,37,79,0,0
USW00014763,2024;10;19;23,FM-15,343,37,82,0,0
USW00014763,2024;10;20;00,SOD,,,,,
USW00014763,2024;10;20;00,FM-15,343,35,89,0,0
USW00014763,2024;10;20;01,FM-15,343,34,89,0,0
USW00014763,2024;10;20;02,FM-15,343,34,89,0,0
USW00014763,2024;10;20;03,FM-15,343,32,92,0,0
USW00014763,2024;10;20;04,FM-15,343,31,92,0,0
USW00014763,2024;10;20;05,FM-16,343,31,92,0,0
USW00014763,2024;10;20;05,FM-15,343,31,92,0,0
USW00014763,2024;10;20;06,FM-16,343,30,92,0,0
USW00014763,2024;10;20;06,FM-15,343,32,92,0,0
USW00014763,2024;10;20;07,FM-15,343,39,86,0,0
USW00014763,2024;10;20;08,FM-15,343,49,71,0,0
USW00014763,2024;10;20;09,FM-15,343,60,41,,
USW00014763,2024;10;20;10,FM-15,343,65,34,260,7
USW00014763,2024;10;20;11,FM-15,343,66,30,290,10
USW00014763,2024;10;20;12,FM-15,343,69,26,280,9
USW00014763,2024;10;20;13,FM-15,343,70,27,290,8
USW00014763,2024;10;20;14,FM-15,343,69,26,260,9
USW00014763,2024;10;20;15,FM-15,343,67,32,250,6
USW00014763,2024;10;20;16,FM-15,343,61,41,0,0
USW00014763,2024;10;20;17,FM-15,343,53,57,210,3
USW00014763,2024;10;20;18,FM-15,343,53,52,240,7
USW00014763,2024;10;20;19,FM-15,343,47,69,230,5
USW00014763,2024;10;20;20,FM-15,343,46,73,250,7
USW00014763,2024;10;20;21,FM-15,343,42,82,VRB,3
USW00014763,2024;10;20;22,FM-15,343,41,82,0,0
USW00014763,2024;10;20;23,FM-15,343,42,85,0,0
USW00014763,2024;10;21;00,SOD,,,,,
USW00014763,2024;10;21;00,FM-15,343,40,89,30,3
USW00014763,2024;10;21;01,FM-15,343,41,86,0,0
USW00014763,2024;10;21;02,FM-15,343,40,89,0,0
USW00014763,2024;10;21;03,FM-15,343,38,93,0,0
USW00014763,2024;10;21;04,FM-15,343,38,93,0,0
USW00014763,2024;10;21;05,FM-15,343,39,89,VRB,3
USW00014763,2024;10;21;06,FM-15,343,41,89,0,0
USW00014763,2024;10;21;07,FM-15,343,49,77,360,3
USW00014763,2024;10;21;08,FM-15,343,57,62,0,0
USW00014763,2024;10;21;09,FM-15,343,67,36,220,7
USW00014763,2024;10;21;10,FM-15,343,69,35,210,6
USW00014763,2024;10;21;11,FM-15,343,72,33,260,8
USW00014763,2024;10;21;12,FM-15,343,74,34,270,13
USW00014763,2024;10;21;13,FM-15,343,76,35,250,14
USW00014763,2024;10;21;14,FM-15,343,76,36,260,15
USW00014763,2024;10;21;15,FM-15,343,74,40,280,8
USW00014763,2024;10;21;16,FM-15,343,70,46,260,6
USW00014763,2024;10;21;17,FM-15,343,66,52,230,6
USW00014763,2024;10;21;18,FM-15,343,60,65,230,5
USW00014763,2024;10;21;19,FM-15,343,56,72,0,0
USW00014763,2024;10;21;20,FM-15,343,57,72,0,0
USW00014763,2024;10;21;21,FM-15,343,54,77,0,0
USW00014763,2024;10;21;22,FM-15,343,53,80,0,0
USW00014763,2024;10;21;23,FM-15,343,51,86,0,0
USW00014763,2024;10;22;00,SOD,,,,,
USW00014763,2024;10;22;00,FM-15,343,49,90,0,0
USW00014763,2024;10;22;01,FM-15,343,48,89,0,0
USW00014763,2024;10;22;02,FM-15,343,46,96,0,0
USW00014763,2024;10;22;03,FM-16,343,45,97,0,0
USW00014763,2024;10;22;03,FM-15,343,46,96,300,3
USW00014763,2024;10;22;04,FM-15,343,45,93,0,0
USW00014763,2024;10;22;05,FM-15,343,45,93,260,3
USW00014763,2024;10;22;06,FM-16,343,43,97,0,0
USW00014763,2024;10;22;06,FM-16,343,43,97,0,0
USW00014763,2024;10;22;06,FM-16,343,44,93,0,0
USW00014763,2024;10;22;06,FM-15,343,46,93,0,0
USW00014763,2024;10;22;07,FM-15,343,53,83,0,0
USW00014763,2024;10;22;08,FM-15,343,60,70,0,0
USW00014763,2024;10;22;09,FM-15,343,66,54,0,0
USW00014763,2024;10;22;10,FM-15,343,72,46,0,0
USW00014763,2024;10;22;11,FM-15,343,75,45,0,0
USW00014763,2024;10;22;12,FM-15,343,77,42,230,8
USW00014763,2024;10;22;13,FM-15,343,77,42,170,9
USW00014763,2024;10;22;14,FM-15,343,77,42,190,5
USW00014763,2024;10;22;15,FM-15,343,76,43,190,6
USW00014763,2024;10;22;16,FM-15,343,69,57,180,3
USW00014763,2024;10;22;17,FM-15,343,64,63,0,0
USW00014763,2024;10;22;18,FM-15,343,60,72,0,0
USW00014763,2024;10;22;19,FM-15,343,60,72,0,0
USW00014763,2024;10;22;20,FM-15,343,55,80,0,0
USW00014763,2024;10;22;21,FM-15,343,55,83,0,0
USW00014763,2024;10;22;22,FM-15,343,54,83,0,0
USW00014763,2024;10;22;23,FM-15,343,52,89,0,0
USW00014763,2024;10;23;00,SOD,,,,,
USW00014763,2024;10;23;00,FM-15,343,51,92,0,0
USW00014763,2024;10;23;01,FM-16,343,49,97,0,0
USW00014763,2024;10;23;01,FM-16,343,50,93,340,3
USW00014763,2024;10;23;01,FM-15,343,49,93,0,0
USW00014763,2024;10;23;02,FM-15,343,50,93,0,0
USW00014763,2024;10;23;03,FM-16,343,47,97,0,0
USW00014763,2024;10;23;03,FM-16,343,48,93,0,0
USW00014763,2024;10;23;03,FM-15,343,49,93,0,0
USW00014763,2024;10;23;04,FM-16,343,48,93,0,0
USW00014763,2024;10;23;04,FM-16,343,47,97,0,0
USW00014763,2024;10;23;04,FM-16,343,48,93,0,0
USW00014763,2024;10;23;04,FM-16,343,48,93,0,0
USW00014763,2024;10;23;04,FM-16,343,46,93,0,0
USW00014763,2024;10;23;04,FM-15,343,47,93,0,0
USW00014763,2024;10;23;05,FM-16,343,46,96,0,0
USW00014763,2024;10;23;05,FM-16,343,47,97,0,0
USW00014763,2024;10;23;05,FM-16,343,46,96,0,0
USW00014763,2024;10;23;05,FM-16,343,46,93,0,0
USW00014763,2024;10;23;05,FM-15,343,46,96,0,0
USW00014763,2024;10;23;06,FM-15,343,46,96,0,0
USW00014763,2024;10;23;07,FM-16,343,46,96,0,0
USW00014763,2024;10;23;07,FM-16,343,49,97,20,3
USW00014763,2024;10;23;07,FM-16,343,48,96,40,5
USW00014763,2024;10;23;07,FM-16,343,49,97,40,5
USW00014763,2024;10;23;07,FM-16,343,49,97,40,5
USW00014763,2024;10;23;07,FM-16,343,49,97,50,5
USW00014763,2024;10;23;07,FM-16,343,50,96,0,0
USW00014763,2024;10;23;07,FM-15,343,51,96,0,0
USW00014763,2024;10;23;08,FM-15,343,59,72,340,3
USW00014763,2024;10;23;09,FM-15,343,67,44,230,10
USW00014763,2024;10;23;10,FM-15,343,70,41,220,10
USW00014763,2024;10;23;11,FM-15,343,72,26,220,11
USW00014763,2024;10;23;12,FM-15,343,73,27,200,14
USW00014763,2024;10;23;13,FM-15,343,74,26,210,17
USW00014763,2024;10;23;14,FM-15,343,73,28,200,15
USW00014763,2024;10;23;15,FM-15,343,72,33,,
USW00014763,2024;10;23;16,FM-15,343,69,41,180,9
USW00014763,2024;10;23;17,FM-15,343,67,44,170,9
USW00014763,2024;10;23;18,FM-15,343,66,49,190,7
USW00014763,2024;10;23;19,FM-15,343,64,63,200,7
USW00014763,2024;10;23;20,FM-15,343,63,73,170,3
USW00014763,2024;10;23;21,FM-15,343,59,72,0,0
USW00014763,2024;10;23;22,FM-15,343,60,72,250,7
USW00014763,2024;10;23;23,FM-15,343,62,62,290,7
USW00014763,2024;10;24;00,SOD,,,,,
USW00014763,2024;10;24;00,FM-15,343,59,75,280,8
USW00014763,2024;10;24;01,FM-15,343,58,84,280,5
USW00014763,2024;10;24;02,FM-16,343,58,84,290,3
USW00014763,2024;10;24;02,FM-16,343,57,90,290,5
USW00014763,2024;10;24;02,FM-15,343,57,87,290,7
USW00014763,2024;10;24;03,FM-16,343,57,87,290,13
USW00014763,2024;10;24;03,FM-15,343,56,84,280,11
USW00014763,2024;10;24;04,FM-16,343,55,80,280,11
USW00014763,2024;10;24;04,FM-15,343,54,80,300,7
USW00014763,2024;10;24;05,FM-16,343,52,83,300,9
USW00014763,2024;10;24;05,FM-15,343,52,83,300,10
USW00014763,2024;10;24;06,FM-16,343,52,82,VRB,3
USW00014763,2024;10;24;06,FM-15,343,52,80,0,0
USW00014763,2024;10;24;07,FM-15,343,52,80,290,8
USW00014763,2024;10;24;08,FM-16,343,54,77,290,15
USW00014763,2024;10;24;08,FM-15,343,56,72,300,10
USW00014763,2024;10;24;09,FM-16,343,54,77,310,11
USW00014763,2024;10;24;09,FM-15,343,54,75,300,10
USW00014763,2024;10;24;10,FM-15,343,55,69,320,14
USW00014763,2024;10;24;11,FM-15,343,55,64,300,17
USW00014763,2024;10;24;12,FM-16,343,57,55,320,11
USW00014763,2024;10;24;12,FM-15,343,57,55,360,11
USW00014763,2024;10;24;13,FM-15,343,58,51,340,13
USW00014763,2024;10;24;14,FM-15,343,57,51,330,11
USW00014763,2024;10;24;15,FM-15,343,55,53,340,8
USW00014763,2024;10;24;16,FM-15,343,52,53,330,8
USW00014763,2024;10;24;17,FM-15,343,50,61,330,6
USW00014763,2024;10;24;18,FM-15,343,48,68,330,8
USW00014763,2024;10;24;19,FM-15,343,46,73,290,7
USW00014763,2024;10;24;20,FM-15,343,45,74,VRB,7
USW00014763,2024;10;24;21,FM-15,343,41,79,280,7
USW00014763,2024;10;24;22,FM-15,343,41,79,270,8
USW00014763,2024;10;24;23,FM-15,343,40,79,280,7
USW00014763,2024;10;25;00,SOD,,,,,
USW00014763,2024;10;25;00,FM-15,343,40,79,300,8
USW00014763,2024;10;25;01,FM-15,343,38,83,280,8
USW00014763,2024;10;25;02,FM-15,343,37,86,290,7
USW00014763,2024;10;25;03,FM-15,343,37,86,0,0
USW00014763,2024;10;25;04,FM-15,343,35,89,260,3
USW00014763,2024;10;25;05,FM-15,343,33,92,0,0
USW00014763,2024;10;25;06,FM-15,343,31,96,0,0
USW00014763,2024;10;25;07,FM-16,343,32,96,0,0
USW00014763,2024;10;25;07,FM-16,343,33,92,0,0
USW00014763,2024;10;25;07,FM-16,343,35,93,0,0
USW00014763,2024;10;25;07,FM-15,343,39,86,0,0
USW00014763,2024;10;25;08,FM-15,343,43,76,240,6
USW00014763,2024;10;25;09,FM-15,343,47,66,0,0
USW00014763,2024;10;25;10,FM-15,343,50,59,VRB,3
USW00014763,2024;10;25;11,FM-15,343,54,51,300,6
USW00014763,2024;10;25;12,FM-15,343,54,47,310,7
USW00014763,2024;10;25;13,FM-15,343,55,42,200,3
USW00014763,2024;10;25;14,FM-15,343,56,37,230,7
USW00014763,2024;10;25;15,FM-15,343,53,43,270,5
USW00014763,2024;10;25;16,FM-15,343,51,52,0,0
USW00014763,2024;10;25;17,FM-15,343,47,59,270,5
USW00014763,2024;10;25;18,FM-15,343,44,68,0,0
USW00014763,2024;10;25;19,FM-15,343,46,63,0,0
USW00014763,2024;10;25;20,FM-15,343,43,74,0,0
USW00014763,2024;10;25;21,FM-15,343,39,82,260,5
USW00014763,2024;10;25;22,FM-15,343,41,79,240,5
USW00014763,2024;10;25;23,FM-15,343,44,79,260,3
USW00014763,2024;10;26;00,SOD,,,,,
USW00014763,2024;10;26;00,FM-15,343,46,73,0,0
USW00014763,2024;10;26;01,FM-15,343,45,74,270,3
USW00014763,2024;10;26;02,FM-15,343,46,73,250,6
USW00014763,2024;10;26;03,FM-16,343,46,73,240,5
USW00014763,2024;10;26;03,FM-15,343,50,57,230,6
USW00014763,2024;10;26;04,FM-15,343,51,56,230,7
USW00014763,2024;10;26;05,FM-15,343,51,64,280,10
USW00014763,2024;10;26;06,FM-15,343,50,66,290,11
USW00014763,2024;10;26;07,FM-15,343,50,68,280,13
USW00014763,2024;10;26;08,FM-15,343,52,59,300,10
USW00014763,2024;10;26;09,FM-15,343,51,59,290,17
USW00014763,2024;10;26;10,FM-15,343,52,53,280,23
USW00014763,2024;10;26;11,FM-15,343,55,44,290,25
USW00014763,2024;10;26;12,FM-15,343,54,42,280,23
USW00014763,2024;10;26;13,FM-15,343,56,34,300,18
USW00014763,2024;10;26;14,FM-15,343,54,30,290,22
USW00014763,2024;10;26;15,FM-15,343,52,32,290,14
USW00014763,2024;10;26;16,FM-15,343,49,33,270,20
USW00014763,2024;10;26;17,FM-15,343,47,37,280,18
USW00014763,2024;10;26;18,FM-15,343,46,40,290,11
USW00014763,2024;10;26;19,FM-15,343,44,47,280,9
USW00014763,2024;10;26;20,FM-15,343,43,49,280,10
USW00014763,2024;10;26;21,FM-15,343,41,55,270,9
USW00014763,2024;10;26;22,FM-15,343,42,58,290,16
USW00014763,2024;10;26;23,FM-15,343,40,65,270,10
USW00014763,2024;10;27;00,SOD,,,,,
USW00014763,2024;10;27;00,FM-15,343,37,73,270,8
USW00014763,2024;10;27;01,FM-15,343,36,73,260,3
USW00014763,2024;10;27;02,FM-15,343,34,76,0,0
USW00014763,2024;10;27;03,FM-15,343,32,79,0,0
USW00014763,2024;10;27;04,FM-15,343,31,82,280,5
USW00014763,2024;10;27;05,FM-15,343,32,79,250,6
USW00014763,2024;10;27;06,FM-15,343,32,79,240,6
USW00014763,2024;10;27;07,FM-15,343,35,72,260,6
USW00014763,2024;10;27;08,FM-15,343,40,58,290,7
USW00014763,2024;10;27;09,FM-15,343,42,40,280,9
USW00014763,2024;10;27;10,FM-15,343,45,39,260,13
USW00014763,2024;10;27;11,FM-15,343,47,36,270,14
USW00014763,2024;10;27;12,FM-15,343,49,36,260,17
USW00014763,2024;10;27;13,FM-15,343,49,36,230,13
USW00014763,2024;10;27;14,FM-15,343,50,35,270,10
USW00014763,2024;10;27;15,FM-15,343,48,39,300,11
USW00014763,2024;10;27;16,FM-15,343,45,44,310,5
USW00014763,2024;10;27;17,FM-15,343,42,53,0,0
USW00014763,2024;10;27;18,FM-15,343,43,51,220,3
USW00014763,2024;10;27;19,FM-15,343,42,58,230,5
USW00014763,2024;10;27;20,FM-15,343,39,65,230,6
USW00014763,2024;10;27;21,FM-15,343,38,68,220,5
USW00014763,2024;10;27;22,FM-15,343,36,70,230,7
USW00014763,2024;10;27;23,FM-15,343,39,60,220,5
USW00014763,2024;10;28;00,SOD,,,,,
USW00014763,2024;10;28;00,FM-15,343,34,76,0,0
USW00014763,2024;10;28;01,FM-15,343,35,72,230,3
USW00014763,2024;10;28;02,FM-15,343,34,79,0,0
USW00014763,2024;10;28;03,FM-15,343,32,85,0,0
USW00014763,2024;10;28;04,FM-15,343,31,89,0,0
USW00014763,2024;10;28;05,FM-15,343,32,85,350,5
USW00014763,2024;10;28;06,FM-15,343,33,85,360,3
USW00014763,2024;10;28;07,FM-15,343,36,79,0,0
USW00014763,2024;10;28;08,FM-15,343,40,73,50,3
USW00014763,2024;10;28;09,FM-15,343,44,65,0,0
USW00014763,2024;10;28;10,FM-15,343,47,61,VRB,5
USW00014763,2024;10;28;11,FM-15,343,50,54,290,3
USW00014763,2024;10;28;12,FM-15,343,51,50,240,6
USW00014763,2024;10;28;13,FM-15,343,52,49,,
USW00014763,2024;10;28;14,FM-15,343,51,48,270,6
USW00014763,2024;10;28;15,FM-15,343,50,50,0,0
USW00014763,2024;10;28;16,FM-15,343,45,61,0,0
USW00014763,2024;10;28;17,FM-15,343,42,65,VRB,3
USW00014763,2024;10;28;18,FM-15,343,40,68,60,6
USW00014763,2024;10;28;19,FM-15,343,39,70,0,0
USW00014763,2024;10;28;20,FM-15,343,36,79,0,0
USW00014763,2024;10;28;21,FM-15,343,36,76,0,0
USW00014763,2024;10;28;22,FM-15,343,33,82,0,0
USW00014763,2024;10;28;23,FM-16,343,35,78,0,0
USW00014763,2024;10;28;23,FM-15,343,38,70,0,0
USW00014763,2024;10;29;00,SOD,,,,,
USW00014763,2024;10;29;00,FM-16,343,35,78,60,3
USW00014763,2024;10;29;00,FM-15,343,35,78,0,0
USW00014763,2024;10;29;01,FM-16,343,36,76,0,0
USW00014763,2024;10;29;01,FM-15,343,37,76,0,0
USW00014763,2024;10;29;02,FM-15,343,37,79,80,3
USW00014763,2024;10;29;03,FM-16,343,37,79,0,0
USW00014763,2024;10;29;03,FM-15,343,38,83,0,0
USW00014763,2024;10;29;04,FM-15,343,39,82,0,0
USW00014763,2024;10;29;05,FM-16,343,40,83,40,6
USW00014763,2024;10;29;05,FM-16,343,40,83,70,5
USW00014763,2024;10;29;05,FM-15,343,41,82,70,5
USW00014763,2024;10;29;06,FM-16,343,41,86,110,5
USW00014763,2024;10;29;06,FM-16,343,41,82,60,5
USW00014763,2024;10;29;06,FM-15,343,41,86,120,5
USW00014763,2024;10;29;07,FM-15,343,44,85,140,9
USW00014763,2024;10;29;08,FM-15,343,44,83,130,11
USW00014763,2024;10;29;09,FM-16,343,46,79,120,9
USW00014763,2024;10;29;09,FM-15,343,46,77,130,10
USW00014763,2024;10;29;10,FM-15,343,45,83,140,16
USW00014763,2024;10;29;11,FM-16,343,44,85,140,15
USW00014763,2024;10;29;11,FM-16,343,44,89,140,14
USW00014763,2024;10;29;11,FM-15,343,45,86,140,14
USW00014763,2024;10;29;12,FM-16,343,46,83,140,11
USW00014763,2024;10;29;12,FM-16,343,46,79,130,8
USW00014763,2024;10;29;12,FM-15,343,47,74,140,11
USW00014763,2024;10;29;13,FM-15,343,48,71,130,10
USW00014763,2024;10;29;14,FM-15,343,50,68,150,13
USW00014763,2024;10;29;15,FM-15,343,50,68,130,15
USW00014763,2024;10;29;16,FM-15,343,50,71,130,14
USW00014763,2024;10;29;17,FM-15,343,50,74,130,13
USW00014763,2024;10;29;18,FM-15,343,49,80,130,11
USW00014763,2024;10;29;19,FM-15,343,48,86,VRB,10
USW00014763,2024;10;29;20,FM-16,343,48,89,130,8
USW00014763,2024;10;29;20,FM-16,343,48,89,140,8
USW00014763,2024;10;29;20,FM-16,343,48,93,150,10
USW00014763,2024;10;29;20,FM-15,343,49,90,VRB,6
USW00014763,2024;10;29;21,FM-16,343,50,88,VRB,8
USW00014763,2024;10;29;21,FM-15,343,50,89,VRB,7
USW00014763,2024;10;29;22,FM-15,343,50,93,110,6
USW00014763,2024;10;29;23,FM-15,343,51,92,0,0
USW00014763,2024;10;30;00,SOD,,,,,
USW00014763,2024;10;30;00,FM-15,343,52,93,130,5
USW00014763,2024;10;30;01,FM-15,343,53,93,160,7
USW00014763,2024;10;30;02,FM-15,343,54,93,190,8
USW00014763,2024;10;30;03,FM-15,343,54,93,210,6
USW00014763,2024;10;30;04,FM-16,343,54,90,180,9
USW00014763,2024;10;30;04,FM-15,343,52,97,0,0
USW00014763,2024;10;30;05,FM-16,343,50,96,0,0
USW00014763,2024;10;30;05,FM-16,343,51,92,0,0
USW00014763,2024;10;30;05,FM-15,343,51,96,0,0
USW00014763,2024;10;30;06,FM-16,343,51,92,0,0
USW00014763,2024;10;30;06,FM-16,343,50,96,0,0
USW00014763,2024;10;30;06,FM-15,343,51,92,0,0
USW00014763,2024;10;30;07,FM-16,343,50,96,0,0
USW00014763,2024;10;30;07,FM-16,343,50,96,60,3
USW00014763,2024;10;30;07,FM-16,343,50,96,0,0
USW00014763,2024;10;30;07,FM-16,343,51,96,30,3
USW00014763,2024;10;30;07,FM-15,343,53,93,0,0
USW00014763,2024;10;30;08,FM-15,343,57,83,0,0
USW00014763,2024;10;30;09,FM-15,343,61,72,VRB,3
USW00014763,2024;10;30;10,FM-15,343,65,66,0,0
USW00014763,2024;10;30;11,FM-15,343,69,59,240,7
USW00014763,2024;10;30;12,FM-15,343,70,57,230,10
USW00014763,2024;10;30;13,FM-15,343,72,55,220,3
USW00014763,2024;10;30;14,FM-15,343,73,51,VRB,6
USW00014763,2024;10;30;15,FM-15,343,70,57,190,8
USW00014763,2024;10;30;16,FM-15,343,68,55,210,8
USW00014763,2024;10;30;17,FM-15,343,63,68,0,0
USW00014763,2024;10;30;18,FM-15,343,61,72,0,0
USW00014763,2024;10;30;19,FM-15,343,66,61,220,7
USW00014763,2024;10;30;20,FM-15,343,67,59,210,13
USW00014763,2024;10;30;21,FM-15,343,63,65,240,6
USW00014763,2024;10;30;22,FM-15,343,63,65,240,7
USW00014763,2024;10;30;23,FM-15,343,60,72,250,8
USW00014763,2024;10;31;00,SOD,,,,,
USW00014763,2024;10;31;00,FM-15,343,63,63,230,6
USW00014763,2024;10;31;01,FM-15,343,55,80,10,3
USW00014763,2024;10;31;02,FM-15,343,52,86,0,0
USW00014763,2024;10;31;03,FM-15,343,50,86,0,0
USW00014763,2024;10;31;04,FM-15,343,50,93,0,0
USW00014763,2024;10;31;05,FM-15,343,50,93,0,0
USW00014763,2024;10;31;06,FM-16,343,49,93,0,0
USW00014763,2024;10;31;06,FM-16,343,48,94,0,0
USW00014763,2024;10;31;06,FM-15,343,50,89,0,0
USW00014763,2024;10;31;07,FM-15,343,51,92,0,0
USW00014763,2024;10;31;08,FM-15,343,57,81,0,0
USW00014763,2024;10;31;09,FM-15,343,65,66,0,0
USW00014763,2024;10;31;10,FM-15,343,72,46,270,8
USW00014763,2024;10;31;11,FM-15,343,73,48,240,8
USW00014763,2024;10;31;12,FM-15,343,74,46,190,6
USW00014763,2024;10;31;13,FM-15,343,73,44,180,10
USW00014763,2024;10;31;14,FM-15,343,74,43,180,11
USW00014763,2024;10;31;15,FM-15,343,72,50,200,8
USW00014763,2024;10;31;16,FM-15,343,71,51,210,9
USW00014763,2024;10;31;17,FM-15,343,71,51,210,7
USW00014763,2024;10;31;18,FM-15,343,70,53,210,7
USW00014763,2024;10;31;19,FM-15,343,69,57,220,8
USW00014763,2024;10;31;20,FM-15,343,69,57,210,7
USW00014763,2024;10;31;21,FM-15,343,69,59,220,10
USW00014763,2024;10;31;22,FM-15,343,69,59,220,13
USW00014763,2024;10;31;23,FM-15,343,68,61,230,14
USW00014763,2024;10;31;23,SOM,,,,,
USW00014763,2024;11;01;00,SOD,,,,,
USW00014763,2024;11;01;00,FM-15,343,68,61,220,11
USW00014763,2024;11;01;01,FM-15,343,68,63,210,15
USW00014763,2024;11;01;02,FM-15,343,67,66,220,15
USW00014763,2024;11;01;03,FM-15,343,68,63,210,14
USW00014763,2024;11;01;04,FM-15,343,66,68,230,11
USW00014763,2024;11;01;05,FM-15,343,66,68,220,9
USW00014763,2024;11;01;06,FM-15,343,65,70,230,11
USW00014763,2024;11;01;07,FM-15,343,66,68,220,10
USW00014763,2024;11;01;08,FM-15,343,66,68,210,9
USW00014763,2024;11;01;09,FM-15,343,68,65,280,15
USW00014763,2024;11;01;10,FM-15,343,70,49,280,10
USW00014763,2024;11;01;11,FM-15,343,72,40,280,24
USW00014763,2024;11;01;12,FM-15,343,64,52,320,18
USW00014763,2024;11;01;13,FM-15,343,63,48,310,17
USW00014763,2024;11;01;14,FM-15,343,59,51,320,23
USW00014763,2024;11;01;15,FM-15,343,56,55,300,15
USW00014763,2024;11;01;16,FM-15,343,53,59,VRB,16
USW00014763,2024;11;01;17,FM-15,343,52,59,300,8
USW00014763,2024;11;01;18,FM-15,343,52,57,320,11
USW00014763,2024;11;01;19,FM-15,343,51,61,330,10
USW00014763,2024;11;01;20,FM-15,343,51,61,VRB,7
USW00014763,2024;11;01;21,FM-15,343,50,59,300,10
USW00014763,2024;11;01;22,FM-15,343,49,64,300,10
USW00014763,2024;11;01;23,FM-15,343,48,66,280,11
USW00014763,2024;11;02;00,SOD,,,,,
USW00014763,2024;11;02;00,FM-15,343,48,63,320,8
USW00014763,2024;11;02;01,FM-16,343,48,66,290,8
USW00014763,2024;11;02;01,FM-15,343,47,69,300,8
USW00014763,2024;11;02;02,FM-15,343,45,71,300,10
USW00014763,2024;11;02;03,FM-16,343,45,71,280,13
USW00014763,2024;11;02;03,FM-16,343,45,71,290,14
USW00014763,2024;11;02;03,FM-15,343,44,73,300,11
USW00014763,2024;11;02;04,FM-16,343,44,71,280,9
USW00014763,2024;11;02;04,FM-16,343,45,71,280,8
USW00014763,2024;11;02;04,FM-15,343,44,71,290,10
USW00014763,2024;11;02;05,FM-15,343,43,74,300,3
USW00014763,2024;11;02;06,FM-15,343,44,73,300,6
USW00014763,2024;11;02;07,FM-15,343,45,71,280,6
USW00014763,2024;11;02;08,FM-15,343,44,76,300,14
USW00014763,2024;11;02;09,FM-15,343,45,77,290,9
USW00014763,2024;11;02;10,FM-15,343,44,83,300,10
USW00014763,2024;11;02;11,FM-16,343,45,77,320,11
USW00014763,2024;11;02;11,FM-15,343,45,71,330,10
USW00014763,2024;11;02;12,FM-16,343,44,73,330,13
USW00014763,2024;11;02;12,FM-16,343,45,71,310,8
USW00014763,2024;11;02;12,FM-16,343,45,71,330,6
USW00014763,2024;11;02;12,FM-15,343,45,71,310,10
USW00014763,2024;11;02;13,FM-16,343,45,71,310,9
USW00014763,2024;11;02;13,FM-15,343,46,63,320,8
USW00014763,2024;11;02;14,FM-15,343,46,61,310,8
USW00014763,2024;11;02;15,FM-15,343,45,63,310,8
USW00014763,2024;11;02;16,FM-15,343,42,62,270,8
USW00014763,2024;11;02;17,FM-15,343,42,62,280,11
USW00014763,2024;11;02;18,FM-15,343,40,65,300,9
USW00014763,2024;11;02;19,FM-15,343,39,67,300,7
USW00014763,2024;11;02;21,FM-15,343,38,68,300,10
USW00014763,2024;11;02;22,FM-15,343,37,70,300,7
USW00014763,2024;11;02;23,FM-15,343,36,73,VRB,3
USW00014763,2024;11;03;00,SOD,,,,,
USW00014763,2024;11;03;00,FM-15,343,35,72,320,5
USW00014763,2024;11;03;01,FM-16,343,35,76,320,5
USW00014763,2024;11;03;01,FM-15,343,34,79,320,6
USW00014763,2024;11;03;02,FM-16,343,33,75,320,6
USW00014763,2024;11;03;02,FM-15,343,33,72,320,3
USW00014763,2024;11;03;03,FM-15,343,31,76,0,0
USW00014763,2024;11;03;04,FM-15,343,29,82,0,0
USW00014763,2024;11;03;05,FM-15,343,29,82,240,3
USW00014763,2024;11;03;06,FM-15,343,29,78,290,5
USW00014763,2024;11;03;07,FM-15,343,33,72,280,3
USW00014763,2024;11;03;08,FM-15,343,36,64,VRB,3
USW00014763,2024;11;03;09,FM-15,343,39,57,300,6
USW00014763,2024;11;03;10,FM-15,343,43,47,360,6
USW00014763,2024;11;03;11,FM-15,343,44,41,VRB,9
USW00014763,2024;11;03;12,FM-15,343,47,33,280,7
USW00014763,2024;11;03;13,FM-15,343,48,28,330,8
USW00014763,2024;11;03;14,FM-15,343,48,28,310,9
USW00014763,2024;11;03;15,FM-15,343,46,30,310,7
USW00014763,2024;11;03;16,FM-15,343,39,45,300,3
USW00014763,2024;11;03;17,FM-15,343,37,54,220,5
USW00014763,2024;11;03;18,FM-15,343,35,59,0,0
USW00014763,2024;11;03;19,FM-15,343,32,66,0,0
USW00014763,2024;11;03;20,FM-15,343,30,69,130,3
USW00014763,2024;11;03;21,FM-15,343,29,72,0,0
USW00014763,2024;11;03;22,FM-15,343,27,78,0,0
USW00014763,2024;11;03;23,FM-15,343,29,75,0,0
USW00014763,2024;11;04;00,SOD,,,,,
USW00014763,2024;11;04;00,FM-15,343,28,75,0,0
USW00014763,2024;11;04;01,FM-15,343,25,85,0,0
USW00014763,2024;11;04;02,FM-15,343,26,84,0,0
USW00014763,2024;11;04;03,FM-15,343,27,81,250,3
USW00014763,2024;11;04;04,FM-15,343,25,88,0,0
USW00014763,2024;11;04;05,FM-15,343,28,85,0,0
USW00014763,2024;11;04;06,FM-15,343,30,85,20,3
USW00014763,2024;11;04;07,FM-15,343,31,79,0,0
USW00014763,2024;11;04;08,FM-15,343,37,65,VRB,3
USW00014763,2024;11;04;09,FM-15,343,41,62,340,5
USW00014763,2024;11;04;10,FM-15,343,50,39,VRB,8
USW00014763,2024;11;04;11,FM-15,343,49,44,180,7
USW00014763,2024;11;04;12,FM-15,343,49,48,190,10
USW00014763,2024;11;04;13,FM-15,343,49,50,180,10
USW00014763,2024;11;04;14,FM-15,343,49,50,VRB,3
USW00014763,2024;11;04;15,FM-15,343,48,52,130,8
USW00014763,2024;11;04;16,FM-15,343,48,56,110,7
USW00014763,2024;11;04;17,FM-15,343,48,63,0,0
USW00014763,2024;11;04;18,FM-15,343,48,66,160,3
USW00014763,2024;11;04;19,FM-15,343,45,74,VRB,5
USW00014763,2024;11;04;20,FM-16,343,46,73,VRB,3
USW00014763,2024;11;04;20,FM-16,343,46,73,VRB,5
USW00014763,2024;11;04;20,FM-15,343,45,77,120,5
USW00014763,2024;11;04;21,FM-16,343,47,77,0,0
USW00014763,2024;11;04;21,FM-15,343,48,77,170,10
USW00014763,2024;11;04;22,FM-15,343,48,83,180,7
USW00014763,2024;11;04;23,FM-15,343,49,83,190,7
USW00014763,2024;11;05;00,SOD,,,,,
USW00014763,2024;11;05;00,FM-16,343,50,80,190,10
USW00014763,2024;11;05;00,FM-16,343,50,82,190,9
USW00014763,2024;11;05;00,FM-15,343,51,80,200,8
USW00014763,2024;11;05;01,FM-16,343,51,83,200,8
USW00014763,2024;11;05;01,FM-15,343,52,80,VRB,7
USW00014763,2024;11;05;02,FM-15,343,52,83,220,11
USW00014763,2024;11;05;03,FM-15,343,52,83,220,13
USW00014763,2024;11;05;04,FM-16,343,52,83,220,11
USW00014763,2024;11;05;04,FM-15,343,52,83,VRB,6
USW00014763,2024;11;05;05,FM-15,343,52,83,VRB,6
USW00014763,2024;11;05;06,FM-15,343,53,77,VRB,6
USW00014763,2024;11;05;07,FM-15,343,54,77,230,6
USW00014763,2024;11;05;08,FM-15,343,55,77,0,0
USW00014763,2024;11;05;09,FM-15,343,59,69,240,9
USW00014763,2024;11;05;10,FM-15,343,63,63,230,6
USW00014763,2024;11;05;11,FM-15,343,65,61,230,9
USW00014763,2024;11;05;12,FM-15,343,68,55,180,9
USW00014763,2024;11;05;13,FM-15,343,70,53,230,7
USW00014763,2024;11;05;14,FM-15,343,69,55,170,8
USW00014763,2024;11;05;15,FM-15,343,69,53,230,9
USW00014763,2024;11;05;16,FM-15,343,67,55,VRB,3
USW00014763,2024;11;05;17,FM-15,343,65,59,,
USW00014763,2024;11;05;18,FM-15,343,65,61,190,5
USW00014763,2024;11;05;19,FM-15,343,63,68,200,6
USW00014763,2024;11;05;20,FM-15,343,64,68,VRB,5
USW00014763,2024;11;05;21,FM-15,343,63,73,210,9
USW00014763,2024;11;05;22,FM-15,343,63,73,220,11
USW00014763,2024;11;05;23,FM-15,343,63,76,220,16
USW00014763,2024;11;06;00,SOD,,,,,
USW00014763,2024;11;06;00,FM-15,343,62,78,220,14
USW00014763,2024;11;06;01,FM-15,343,62,78,220,17
USW00014763,2024;11;06;02,FM-15,343,62,80,210,16
USW00014763,2024;11;06;03,FM-15,343,62,80,210,17
USW00014763,2024;11;06;04,FM-15,343,61,84,220,11
USW00014763,2024;11;06;05,FM-15,343,61,84,,
USW00014763,2024;11;06;06,FM-15,343,61,84,VRB,8
USW00014763,2024;11;06;07,FM-15,343,63,78,VRB,6
USW00014763,2024;11;06;08,FM-15,343,64,75,230,11
USW00014763,2024;11;06;09,FM-15,343,66,73,230,11
USW00014763,2024;11;06;10,FM-15,343,69,66,200,8
USW00014763,2024;11;06;11,FM-15,343,70,64,210,11
USW00014763,2024;11;06;12,FM-15,343,72,59,220,10
USW00014763,2024;11;06;13,FM-15,343,73,55,260,11
USW00014763,2024;11;06;14,FM-15,343,72,57,240,10
USW00014763,2024;11;06;15,FM-15,343,71,57,280,15
USW00014763,2024;11;06;16,FM-15,343,70,59,260,15
USW00014763,2024;11;06;17,FM-15,343,68,63,250,8
USW00014763,2024;11;06;18,FM-15,343,67,71,320,10
USW00014763,2024;11;06;19,FM-15,343,65,68,310,13
USW00014763,2024;11;06;20,FM-15,343,64,65,300,11
USW00014763,2024;11;06;21,FM-15,343,62,67,290,7
USW00014763,2024;11;06;22,FM-15,343,60,72,300,9
USW00014763,2024;11;06;23,FM-15,343,58,78,230,5
USW00014763,2024;11;07;00,SOD,,,,,
USW00014763,2024;11;07;00,FM-15,343,57,81,250,6
USW00014763,2024;11;07;01,FM-15,343,55,87,220,3
USW00014763,2024;11;07;02,FM-15,343,55,87,250,6
USW00014763,2024;11;07;03,FM-15,343,49,90,0,0
USW00014763,2024;11;07;04,FM-15,343,54,90,240,6
USW00014763,2024;11;07;05,FM-15,343,54,87,260,6
USW00014763,2024;11;07;06,FM-15,343,55,83,280,8
USW00014763,2024;11;07;07,FM-15,343,55,77,270,8
USW00014763,2024;11;07;08,FM-15,343,56,67,300,14
USW00014763,2024;11;07;09,FM-15,343,57,62,300,17
USW00014763,2024;11;07;10,FM-15,343,56,62,300,22
USW00014763,2024;11;07;11,FM-15,343,56,60,290,14
USW00014763,2024;11;07;12,FM-15,343,57,58,280,15
USW00014763,2024;11;07;13,FM-15,343,57,53,280,18
USW00014763,2024;11;07;14,FM-15,343,55,57,290,13
USW00014763,2024;11;07;15,FM-15,343,53,55,280,17
USW00014763,2024;11;07;16,FM-15,343,50,59,290,10
USW00014763,2024;11;07;17,FM-15,343,48,63,270,9
USW00014763,2024;11;07;18,FM-15,343,47,63,VRB,5
USW00014763,2024;11;07;19,FM-15,343,47,59,VRB,6
USW00014763,2024;11;07;20,FM-15,343,42,73,0,0
USW00014763,2024;11;07;21,FM-15,343,39,82,120,3
USW00014763,2024;11;07;22,FM-15,343,38,83,0,0
USW00014763,2024;11;07;23,FM-15,343,41,76,210,5
USW00014763,2024;11;08;00,SOD,,,,,
USW00014763,2024;11;08;00,FM-15,343,38,83,0,0
USW00014763,2024;11;08;01,FM-15,343,37,86,0,0
USW00014763,2024;11;08;02,FM-15,343,40,83,210,3
USW00014763,2024;11;08;03,FM-15,343,37,89,0,0
USW00014763,2024;11;08;04,FM-15,343,41,79,240,6
USW00014763,2024;11;08;05,FM-15,343,42,76,210,7
USW00014763,2024;11;08;06,FM-15,343,43,74,220,7
USW00014763,2024;11;08;07,FM-15,343,45,68,230,7
USW00014763,2024;11;08;08,FM-15,343,48,63,230,8
USW00014763,2024;11;08;09,FM-15,343,52,53,280,18
USW00014763,2024;11;08;10,FM-15,343,53,52,270,13
USW00014763,2024;11;08;11,FM-15,343,55,49,290,17
USW00014763,2024;11;08;12,FM-15,343,56,46,310,21
USW00014763,2024;11;08;13,FM-15,343,56,47,290,14
USW00014763,2024;11;08;14,FM-15,343,55,51,VRB,13
USW00014763,2024;11;08;15,FM-15,343,53,51,300,20
USW00014763,2024;11;08;16,FM-15,343,50,61,300,18
USW00014763,2024;11;08;17,FM-15,343,50,59,VRB,17
USW00014763,2024;11;08;18,FM-15,343,49,61,290,17
USW00014763,2024;11;08;19,FM-15,343,47,69,300,24
USW00014763,2024;11;08;20,FM-16,343,43,81,320,18
USW00014763,2024;11;08;20,FM-15,343,43,82,330,13
USW00014763,2024;11;08;21,FM-16,343,42,82,310,10
USW00014763,2024;11;08;21,FM-15,343,42,79,320,13
USW00014763,2024;11;08;22,FM-15,343,41,67,300,11
USW00014763,2024;11;08;23,FM-15,343,39,65,300,13
USW00014763,2024;11;09;00,SOD,,,,,
USW00014763,2024;11;09;00,FM-15,343,38,57,330,11
USW00014763,2024;11;09;01,FM-15,343,37,59,300,11
USW00014763,2024;11;09;02,FM-15,343,36,59,310,13
USW00014763,2024;11;09;03,FM-15,343,34,64,310,7
USW00014763,2024;11;09;04,FM-15,343,33,66,300,9
USW00014763,2024;11;09;05,FM-15,343,33,64,290,10
USW00014763,2024;11;09;06,FM-15,343,32,69,290,8
USW00014763,2024;11;09;07,FM-15,343,34,67,VRB,5
USW00014763,2024;11;09;08,FM-15,343,39,55,VRB,6
USW00014763,2024;11;09;09,FM-15,343,41,45,360,9
USW00014763,2024;11;09;10,FM-15,343,44,38,330,10
USW00014763,2024;11;09;11,FM-15,343,45,39,340,9
USW00014763,2024;11;09;12,FM-15,343,46,34,320,10
USW00014763,2024;11;09;13,FM-15,343,46,31,320,13
USW00014763,2024;11;09;14,FM-15,343,45,33,290,13
USW00014763,2024;11;09;15,FM-15,343,45,35,300,5
USW00014763,2024;11;09;16,FM-15,343,41,43,300,6
USW00014763,2024;11;09;17,FM-15,343,39,48,250,6
USW00014763,2024;11;09;18,FM-15,343,37,54,250,5
USW00014763,2024;11;09;19,FM-15,343,37,54,290,10
USW00014763,2024;11;09;20,FM-15,343,34,64,270,3
USW00014763,2024;11;09;21,FM-15,343,33,66,0,0
USW00014763,2024;11;09;22,FM-15,343,32,66,0,0
USW00014763,2024;11;09;23,FM-15,343,30,72,0,0
USW00014763,2024;11;10;00,SOD,,,,,
USW00014763,2024;11;10;00,FM-15,343,29,75,230,3
USW00014763,2024;11;10;01,FM-15,343,28,78,0,0
USW00014763,2024;11;10;02,FM-15,343,26,81,0,0
USW00014763,2024;11;10;03,FM-15,343,24,91,0,0
USW00014763,2024;11;10;04,FM-15,343,25,85,250,3
USW00014763,2024;11;10;05,FM-15,343,25,85,0,0
USW00014763,2024;11;10;06,FM-15,343,25,85,0,0
USW00014763,2024;11;10;07,FM-15,343,28,85,0,0
USW00014763,2024;11;10;08,FM-15,343,34,76,0,0
USW00014763,2024;11;10;09,FM-15,343,42,55,10,3
USW00014763,2024;11;10;10,FM-15,343,50,38,220,8
USW00014763,2024;11;10;11,FM-15,343,50,36,230,7
USW00014763,2024;11;10;12,FM-15,343,51,33,190,6
USW00014763,2024;11;10;13,FM-15,343,51,29,230,9
USW00014763,2024;11;10;14,FM-15,343,52,30,220,10
USW00014763,2024;11;10;15,FM-15,343,51,31,220,6
USW00014763,2024;11;10;16,FM-15,343,50,38,200,8
USW00014763,2024;11;10;17,FM-15,343,50,41,190,10
USW00014763,2024;11;10;18,FM-15,343,46,63,,
USW00014763,2024;11;10;19,FM-15,343,45,68,VRB,3
USW00014763,2024;11;10;20,FM-15,343,43,80,180,5
USW00014763,2024;11;10;21,FM-15,343,42,89,VRB,5
USW00014763,2024;11;10;22,FM-16,343,43,86,0,0
USW00014763,2024;11;10;22,FM-15,343,43,89,0,0
USW00014763,2024;11;10;23,FM-15,343,48,86,,
USW00014763,2024;11;11;00,SOD,,,,,
USW00014763,2024;11;11;00,FM-16,343,48,86,200,8
USW00014763,2024;11;11;00,FM-15,343,48,89,VRB,7
USW00014763,2024;11;11;01,FM-16,343,49,86,VRB,11
USW00014763,2024;11;11;01,FM-15,343,48,89,230,9
USW00014763,2024;11;11;02,FM-15,343,48,93,VRB,5
USW00014763,2024;11;11;03,FM-15,343,49,90,20,6
USW00014763,2024;11;11;04,FM-15,343,49,93,240,10
USW00014763,2024;11;11;05,FM-15,343,49,93,240,10
USW00014763,2024;11;11;06,FM-15,343,50,89,240,7
USW00014763,2024;11;11;07,FM-15,343,50,89,230,3
USW00014763,2024;11;11;08,FM-16,343,52,86,230,9
USW00014763,2024;11;11;08,FM-16,343,54,82,230,8
USW00014763,2024;11;11;08,FM-15,343,53,86,230,8
USW00014763,2024;11;11;09,FM-16,343,53,86,230,10
USW00014763,2024;11;11;09,FM-15,343,57,72,240,13
USW00014763,2024;11;11;10,FM-15,343,59,62,250,18
USW00014763,2024;11;11;11,FM-15,343,58,56,250,18
USW00014763,2024;11;11;12,FM-15,343,58,58,290,14
USW00014763,2024;11;11;13,FM-15,343,57,60,270,11
USW00014763,2024;11;11;14,FM-15,343,56,62,260,9
USW00014763,2024;11;11;15,FM-15,343,55,64,290,10
USW00014763,2024;11;11;16,FM-15,343,54,67,230,5
USW00014763,2024;11;11;17,FM-15,343,53,69,250,5
USW00014763,2024;11;11;18,FM-15,343,54,64,260,7
USW00014763,2024;11;11;19,FM-15,343,54,57,240,14
USW00014763,2024;11;11;20,FM-15,343,53,57,230,9
USW00014763,2024;11;11;21,FM-15,343,53,57,280,16
USW00014763,2024;11;11;22,FM-15,343,52,59,280,11
USW00014763,2024;11;11;23,FM-15,343,49,66,250,8
USW00014763,2024;11;12;00,SOD,,,,,
USW00014763,2024;11;12;00,FM-15,343,50,66,270,17
USW00014763,2024;11;12;01,FM-16,343,48,71,280,13
USW00014763,2024;11;12;01,FM-15,343,48,71,280,11
USW00014763,2024;11;12;02,FM-15,343,45,80,290,20
USW00014763,2024;11;12;03,FM-16,343,44,79,280,15
USW00014763,2024;11;12;03,FM-16,343,45,77,280,17
USW00014763,2024;11;12;03,FM-15,343,45,77,290,14
USW00014763,2024;11;12;04,FM-15,343,43,86,300,14
USW00014763,2024;11;12;05,FM-15,343,44,79,290,13
USW00014763,2024;11;12;06,FM-15,343,43,74,VRB,10
USW00014763,2024;11;12;07,FM-16,343,41,73,VRB,11
USW00014763,2024;11;12;07,FM-15,343,42,65,310,11
USW00014763,2024;11;12;08,FM-15,343,42,60,310,13
USW00014763,2024;11;12;09,FM-15,343,42,58,VRB,13
USW00014763,2024;11;12;10,FM-15,343,41,57,340,13
USW00014763,2024;11;12;11,FM-15,343,43,53,360,16
USW00014763,2024;11;12;12,FM-15,343,41,57,320,13
USW00014763,2024;11;12;13,FM-15,343,41,57,330,15
USW00014763,2024;11;12;14,FM-15,343,39,55,330,21
USW00014763,2024;11;12;15,FM-15,343,39,55,360,13
USW00014763,2024;11;12;16,FM-15,343,39,50,350,11
USW00014763,2024;11;12;17,FM-15,343,38,52,330,10
USW00014763,2024;11;12;18,FM-15,343,37,52,310,8
USW00014763,2024;11;12;19,FM-15,343,36,50,340,11
USW00014763,2024;11;12;20,FM-15,343,34,54,330,9
USW00014763,2024;11;12;21,FM-15,343,33,54,330,8
USW00014763,2024;11;12;22,FM-15,343,32,56,320,5
USW00014763,2024;11;12;23,FM-15,343,32,56,360,7
USW00014763,2024;11;13;00,SOD,,,,,
USW00014763,2024;11;13;00,FM-15,343,31,54,350,6
USW00014763,2024;11;13;01,FM-15,343,30,56,VRB,3
USW00014763,2024;11;13;02,FM-15,343,29,58,290,8
USW00014763,2024;11;13;03,FM-15,343,30,56,VRB,3
USW00014763,2024;11;13;04,FM-15,343,28,63,0,0
USW00014763,2024;11;13;05,FM-15,343,27,69,330,5
USW00014763,2024;11;13;06,FM-15,343,25,72,280,5
USW00014763,2024;11;13;07,FM-15,343,31,61,350,3
USW00014763,2024;11;13;08,FM-15,343,33,54,20,6
USW00014763,2024;11;13;09,FM-15,343,37,44,VRB,3
USW00014763,2024;11;13;10,FM-15,343,39,36,10,8
USW00014763,2024;11;13;11,FM-15,343,43,29,10,8
USW00014763,2024;11;13;12,FM-15,343,44,26,,
USW00014763,2024;11;13;13,FM-15,343,45,34,310,7
USW00014763,2024;11;13;14,FM-15,343,43,38,290,9
USW00014763,2024;11;13;15,FM-15,343,40,45,280,6
USW00014763,2024;11;13;16,FM-15,343,36,52,240,6
USW00014763,2024;11;13;17,FM-15,343,33,56,260,3
USW00014763,2024;11;13;18,FM-15,343,33,58,220,5
USW00014763,2024;11;13;19,FM-15,343,29,69,0,0
USW00014763,2024;11;13;20,FM-15,343,28,69,0,0
USW00014763,2024;11;13;21,FM-15,343,27,75,0,0
USW00014763,2024;11;13;22,FM-15,343,26,75,0,0
USW00014763,2024;11;13;23,FM-15,343,23,85,0,0
USW00014763,2024;11;14;00,SOD,,,,,
USW00014763,2024;11;14;00,FM-15,343,24,81,90,5
USW00014763,2024;11;14;01,FM-15,343,25,69,60,3
USW00014763,2024;11;14;02,FM-15,343,24,71,60,6
USW00014763,2024;11;14;03,FM-15,343,28,56,0,0
USW00014763,2024;11;14;04,FM-15,343,26,57,0,0
USW00014763,2024;11;14;05,FM-15,343,24,65,0,0
USW00014763,2024;11;14;06,FM-15,343,23,72,0,0
USW00014763,2024;11;14;07,FM-15,343,26,71,30,5
USW00014763,2024;11;14;08,FM-15,343,33,49,60,3
USW00014763,2024;11;14;09,FM-15,343,38,29,60,7
USW00014763,2024;11;14;10,FM-15,343,40,20,VRB,8
USW00014763,2024;11;14;11,FM-15,343,43,16,,
USW00014763,2024;11;14;12,FM-15,343,43,15,,
USW00014763,2024;11;14;13,FM-15,343,45,14,70,3
USW00014763,2024;11;14;14,FM-15,343,43,14,VRB,3
USW00014763,2024;11;14;15,FM-15,343,40,32,0,0
USW00014763,2024;11;14;16,FM-15,343,38,29,220,5
USW00014763,2024;11;14;17,FM-15,343,36,42,270,3
USW00014763,2024;11;14;18,FM-15,343,35,38,0,0
USW00014763,2024;11;14;19,FM-15,343,34,48,240,6
USW00014763,2024;11;14;20,FM-15,343,32,50,0,0
USW00014763,2024;11;14;21,FM-15,343,31,59,0,0
USW00014763,2024;11;14;22,FM-15,343,32,56,0,0
USW00014763,2024;11;14;23,FM-15,343,31,61,0,0
USW00014763,2024;11;15;00,SOD,,,,,
USW00014763,2024;11;15;00,FM-15,343,29,66,0,0
USW00014763,2024;11;15;01,FM-15,343,31,59,0,0
USW00014763,2024;11;15;02,FM-15,343,30,64,0,0
USW00014763,2024;11;15;03,FM-15,343,29,63,0,0
USW00014763,2024;11;15;04,FM-15,343,28,63,0,0
USW00014763,2024;11;15;05,FM-15,343,26,71,0,0
USW00014763,2024;11;15;06,FM-15,343,27,63,0,0
USW00014763,2024;11;15;07,FM-15,343,28,69,0,0
USW00014763,2024;11;15;08,FM-15,343,37,46,260,6
USW00014763,2024;11;15;09,FM-15,343,42,36,300,10
USW00014763,2024;11;15;10,FM-15,343,45,30,300,10
USW00014763,2024;11;15;11,FM-15,343,48,19,330,13
USW00014763,2024;11;15;12,FM-15,343,49,21,340,10
USW00014763,2024;11;15;13,FM-15,343,50,20,320,15
USW00014763,2024;11;15;14,FM-15,343,49,22,330,9
USW00014763,2024;11;15;15,FM-15,343,46,24,320,6
USW00014763,2024;11;15;16,FM-15,343,43,28,310,6
USW00014763,2024;11;15;17,FM-15,343,43,31,290,6
USW00014763,2024;11;15;18,FM-15,343,41,36,280,5
USW00014763,2024;11;15;19,FM-15,343,42,40,VRB,3
USW00014763,2024;11;15;20,FM-15,343,40,36,0,0
USW00014763,2024;11;15;21,FM-15,343,38,41,220,5
USW00014763,2024;11;15;22,FM-15,343,39,41,VRB,3
USW00014763,2024;11;15;23,FM-15,343,37,46,300,13
USW00014763,2024;11;16;00,SOD,,,,,
USW00014763,2024;11;16;00,FM-15,343,36,46,310,9
USW00014763,2024;11;16;01,FM-15,343,35,48,310,7
USW00014763,2024;11;16;02,FM-15,343,33,54,290,8
USW00014763,2024;11;16;03,FM-15,343,36,46,300,13
USW00014763,2024;11;16;04,FM-15,343,36,46,270,16
USW00014763,2024;11;16;05,FM-15,343,35,48,260,8
USW00014763,2024;11;16;06,FM-15,343,36,48,260,8
USW00014763,2024;11;16;07,FM-15,343,38,46,VRB,6
USW00014763,2024;11;16;08,FM-15,343,42,41,290,10
USW00014763,2024;11;16;09,FM-15,343,45,39,290,16
USW00014763,2024;11;16;10,FM-15,343,48,33,300,13
USW00014763,2024;11;16;11,FM-15,343,50,29,300,11
USW00014763,2024;11;16;12,FM-15,343,51,29,310,13
USW00014763,2024;11;16;13,FM-15,343,52,28,290,11
USW00014763,2024;11;16;14,FM-15,343,52,28,300,13
USW00014763,2024;11;16;15,FM-15,343,51,29,290,10
USW00014763,2024;11;16;16,FM-15,343,49,36,260,14
USW00014763,2024;11;16;17,FM-15,343,47,39,260,14
USW00014763,2024;11;16;18,FM-15,343,46,40,VRB,13
USW00014763,2024;11;16;19,FM-15,343,45,44,290,11
USW00014763,2024;11;16;20,FM-15,343,43,49,320,20
USW00014763,2024;11;16;21,FM-15,343,42,53,300,18
USW00014763,2024;11;16;22,FM-15,343,41,55,310,16
USW00014763,2024;11;16;23,FM-15,343,40,60,300,10
USW00014763,2024;11;17;00,SOD,,,,,
USW00014763,2024;11;17;00,FM-15,343,39,67,300,11
USW00014763,2024;11;17;01,FM-15,343,38,73,300,11
USW00014763,2024;11;17;02,FM-15,343,39,76,290,13
USW00014763,2024;11;17;03,FM-15,343,37,82,300,3
USW00014763,2024;11;17;04,FM-15,343,36,86,0,0
USW00014763,2024;11;17;05,FM-15,343,33,89,0,0
USW00014763,2024;11;17;06,FM-15,343,34,89,210,6
USW00014763,2024;11;17;07,FM-15,343,38,76,240,5
USW00014763,2024;11;17;08,FM-15,343,42,60,280,10
USW00014763,2024;11;17;09,FM-15,343,47,41,280,11
USW00014763,2024;11;17;10,FM-15,343,49,39,290,8
USW00014763,2024;11;17;11,FM-15,343,51,39,290,13
USW00014763,2024;11;17;12,FM-15,343,52,35,290,7
USW00014763,2024;11;17;13,FM-15,343,52,34,230,6
USW00014763,2024;11;17;14,FM-15,343,51,33,240,8
USW00014763,2024;11;17;15,FM-15,343,49,36,0,0
USW00014763,2024;11;17;16,FM-15,343,43,47,290,5
USW00014763,2024;11;17;17,FM-15,343,44,47,0,0
USW00014763,2024;11;17;18,FM-15,343,40,58,140,3
USW00014763,2024;11;17;19,FM-15,343,41,55,0,0
USW00014763,2024;11;17;20,FM-15,343,39,62,0,0
USW00014763,2024;11;17;21,FM-15,343,38,65,0,0
USW00014763,2024;11;17;22,FM-15,343,39,62,0,0
USW00014763,2024;11;17;23,FM-15,343,35,72,0,0
USW00014763,2024;11;18;00,SOD,,,,,
USW00014763,2024;11;18;00,FM-15,343,36,73,0,0
USW00014763,2024;11;18;01,FM-15,343,37,70,0,0
USW00014763,2024;11;18;02,FM-15,343,36,73,170,6
USW00014763,2024;11;18;03,FM-15,343,47,48,VRB,7
USW00014763,2024;11;18;04,FM-16,343,47,50,190,5
USW00014763,2024;11;18;04,FM-15,343,47,52,240,7
USW00014763,2024;11;18;05,FM-16,343,47,59,0,0
USW00014763,2024;11;18;05,FM-15,343,46,63,0,0
USW00014763,2024;11;18;06,FM-15,343,45,74,130,3
USW00014763,2024;11;18;07,FM-16,343,45,74,310,3
USW00014763,2024;11;18;07,FM-15,343,46,77,300,7
USW00014763,2024;11;18;08,FM-16,343,46,77,290,6
USW00014763,2024;11;18;08,FM-15,343,46,79,300,8
USW00014763,2024;11;18;09,FM-15,343,47,80,290,15
USW00014763,2024;11;18;10,FM-16,343,48,77,300,11
USW00014763,2024;11;18;10,FM-15,343,50,71,VRB,11
USW00014763,2024;11;18;11,FM-15,343,53,59,310,14
USW00014763,2024;11;18;12,FM-15,343,54,55,280,18
USW00014763,2024;11;18;13,FM-15,343,54,53,290,14
USW00014763,2024;11;18;14,FM-15,343,54,49,280,18
USW00014763,2024;11;18;15,FM-15,343,52,53,300,15
USW00014763,2024;11;18;16,FM-15,343,50,54,290,16
USW00014763,2024;11;18;17,FM-15,343,49,55,290,16
USW00014763,2024;11;18;18,FM-15,343,48,56,290,20
USW00014763,2024;11;18;19,FM-15,343,47,61,280,16
USW00014763,2024;11;18;20,FM-15,343,47,63,300,10
USW00014763,2024;11;18;21,FM-15,343,47,61,320,6
USW00014763,2024;11;18;22,FM-15,343,45,63,310,9
USW00014763,2024;11;18;23,FM-15,343,44,63,VRB,5
USW00014763,2024;11;19;00,SOD,,,,,
USW00014763,2024;11;19;00,FM-15,343,43,60,300,3
USW00014763,2024;11;19;01,FM-15,343,41,65,300,11
USW00014763,2024;11;19;02,FM-15,343,40,68,300,10
USW00014763,2024;11;19;03,FM-15,343,38,73,290,6
USW00014763,2024;11;19;04,FM-15,343,35,78,270,7
USW00014763,2024;11;19;05,FM-15,343,34,82,240,5
USW00014763,2024;11;19;06,FM-15,343,32,85,260,3
USW00014763,2024;11;19;07,FM-15,343,37,79,260,5
USW00014763,2024;11;19;08,FM-15,343,42,71,270,5
USW00014763,2024;11;19;09,FM-15,343,47,56,360,9
USW00014763,2024;11;19;10,FM-15,343,48,54,320,11
USW00014763,2024;11;19;11,FM-15,343,50,52,310,10
USW00014763,2024;11;19;12,FM-15,343,51,48,340,8
USW00014763,2024;11;19;13,FM-15,343,51,50,290,8
USW00014763,2024;11;19;14,FM-15,343,51,50,290,10
USW00014763,2024;11;19;15,FM-15,343,49,52,290,8
USW00014763,2024;11;19;16,FM-15,343,45,58,280,3
USW00014763,2024;11;19;17,FM-15,343,39,70,280,5
USW00014763,2024;11;19;18,FM-15,343,38,76,0,0
USW00014763,2024;11;19;19,FM-15,343,37,76,250,7
USW00014763,2024;11;19;20,FM-15,343,38,76,40,3
USW00014763,2024;11;19;21,FM-15,343,40,73,230,6
USW00014763,2024;11;19;22,FM-15,343,38,79,0,0
USW00014763,2024;11;19;23,FM-15,343,40,79,0,0
USW00014763,2024;11;20;00,SOD,,,,,
USW00014763,2024;11;20;00,FM-15,343,41,76,0,0
USW00014763,2024;11;20;01,FM-15,343,42,73,0,0
USW00014763,2024;11;20;02,FM-15,343,40,77,0,0
USW00014763,2024;11;20;03,FM-15,343,40,79,0,0
USW00014763,2024;11;20;04,FM-15,343,39,79,0,0
USW00014763,2024;11;20;05,FM-15,343,40,79,0,0
USW00014763,2024;11;20;06,FM-15,343,41,76,0,0
USW00014763,2024;11;20;07,FM-15,343,42,73,10,3
USW00014763,2024;11;20;08,FM-15,343,44,68,0,0
USW00014763,2024;11;20;09,FM-15,343,47,63,0,0
USW00014763,2024;11;20;10,FM-15,343,54,47,0,0
USW00014763,2024;11;20;11,FM-15,343,57,41,0,0
USW00014763,2024;11;20;12,FM-15,343,60,36,0,0
USW00014763,2024;11;20;13,FM-15,343,59,39,260,6
USW00014763,2024;11;20;14,FM-15,343,59,39,250,9
USW00014763,2024;11;20;15,FM-15,343,56,46,250,5
USW00014763,2024;11;20;16,FM-16,343,54,49,160,5
USW00014763,2024;11;20;16,FM-16,343,54,49,0,0
USW00014763,2024;11;20;16,FM-15,343,54,49,0,0
USW00014763,2024;11;20;17,FM-16,343,48,58,110,5
USW00014763,2024;11;20;17,FM-15,343,47,61,120,7
USW00014763,2024;11;20;18,FM-15,343,50,54,0,0
USW00014763,2024;11;20;19,FM-15,343,49,56,0,0
USW00014763,2024;11;20;20,FM-15,343,49,59,VRB,6
USW00014763,2024;11;20;21,FM-15,343,47,63,120,6
USW00014763,2024;11;20;22,FM-15,343,46,71,110,9
USW00014763,2024;11;20;23,FM-15,343,44,76,130,9
USW00014763,2024;11;21;00,SOD,,,,,
USW00014763,2024;11;21;00,FM-16,343,43,80,120,14
USW00014763,2024;11;21;00,FM-15,343,43,80,70,8
USW00014763,2024;11;21;01,FM-15,343,42,82,VRB,8
USW00014763,2024;11;21;02,FM-15,343,42,85,100,6
USW00014763,2024;11;21;03,FM-16,343,42,82,90,7
USW00014763,2024;11;21;03,FM-15,343,42,85,60,5
USW00014763,2024;11;21;04,FM-15,343,41,93,0,0
USW00014763,2024;11;21;05,FM-16,343,41,93,30,5
USW00014763,2024;11;21;05,FM-16,343,41,93,50,7
USW00014763,2024;11;21;05,FM-16,343,41,96,70,6
USW00014763,2024;11;21;05,FM-15,343,41,96,VRB,5
USW00014763,2024;11;21;06,FM-16,343,41,96,250,3
USW00014763,2024;11;21;06,FM-16,343,41,93,230,3
USW00014763,2024;11;21;06,FM-15,343,41,96,0,0
USW00014763,2024;11;21;07,FM-16,343,41,100,0,0
USW00014763,2024;11;21;07,FM-16,343,41,96,40,5
USW00014763,2024;11;21;07,FM-16,343,41,96,0,0
USW00014763,2024;11;21;07,FM-16,343,41,96,0,0
USW00014763,2024;11;21;07,FM-16,343,41,93,20,5
USW00014763,2024;11;21;07,FM-15,343,41,96,0,0
USW00014763,2024;11;21;08,FM-16,343,41,96,30,3
USW00014763,2024;11;21;08,FM-16,343,42,92,30,3
USW00014763,2024;11;21;08,FM-15,343,42,92,40,7
USW00014763,2024;11;21;09,FM-15,343,42,92,40,7
USW00014763,2024;11;21;10,FM-16,343,42,92,70,3
USW00014763,2024;11;21;10,FM-15,343,42,89,60,7
USW00014763,2024;11;21;11,FM-16,343,42,89,60,9
USW00014763,2024;11;21;11,FM-15,343,42,89,70,6
USW00014763,2024;11;21;12,FM-16,343,41,93,80,8
USW00014763,2024;11;21;12,FM-15,343,41,89,70,8
USW00014763,2024;11;21;13,FM-16,343,41,89,70,5
USW00014763,2024;11;21;13,FM-16,343,41,89,60,8
USW00014763,2024;11;21;13,FM-15,343,41,89,60,6
USW00014763,2024;11;21;14,FM-16,343,40,89,60,9
USW00014763,2024;11;21;14,FM-15,343,39,93,40,8
USW00014763,2024;11;21;15,FM-16,343,39,89,360,3
USW00014763,2024;11;21;15,FM-15,343,38,89,360,6
USW00014763,2024;11;21;16,FM-16,343,38,93,340,3
USW00014763,2024;11;21;16,FM-16,343,38,93,10,5
USW00014763,2024;11;21;16,FM-15,343,38,93,360,3
USW00014763,2024;11;21;17,FM-16,343,38,97,0,0
USW00014763,2024;11;21;17,FM-16,343,38,97,0,0
USW00014763,2024;11;21;17,FM-15,343,38,97,20,3
USW00014763,2024;11;21;18,FM-16,343,38,97,20,6
USW00014763,2024;11;21;18,FM-16,343,38,97,30,6
USW00014763,2024;11;21;18,FM-16,343,38,97,30,6
USW00014763,2024;11;21;18,FM-15,343,38,93,30,8
USW00014763,2024;11;21;19,FM-16,343,38,93,20,6
USW00014763,2024;11;21;19,FM-15,343,37,93,30,9
USW00014763,2024;11;21;20,FM-15,343,37,93,30,6
USW00014763,2024;11;21;21,FM-15,343,37,93,30,7
USW00014763,2024;11;21;22,FM-16,343,37,96,30,6
USW00014763,2024;11;21;22,FM-15,343,38,93,20,6
USW00014763,2024;11;21;23,FM-16,343,38,93,20,7
USW00014763,2024;11;21;23,FM-15,343,38,93,30,9
USW00014763,2024;11;22;00,SOD,,,,,
USW00014763,2024;11;22;00,FM-15,343,39,93,20,7
USW00014763,2024;11;22;01,FM-16,343,41,89,50,10
USW00014763,2024;11;22;01,FM-15,343,41,89,40,13
USW00014763,2024;11;22;02,FM-15,343,41,89,60,16
USW00014763,2024;11;22;03,FM-15,343,41,89,50,17
USW00014763,2024;11;22;04,FM-16,343,41,89,50,14
USW00014763,2024;11;22;04,FM-15,343,42,89,70,13
USW00014763,2024;11;22;05,FM-16,343,37,87,140,6
USW00014763,2024;11;22;05,FM-15,343,38,86,140,9
USW00014763,2024;11;22;06,FM-15,343,35,85,90,10
USW00014763,2024;11;22;07,FM-15,343,35,89,70,11
USW00014763,2024;11;22;08,FM-15,343,35,89,120,6
USW00014763,2024;11;22;09,FM-16,343,35,85,110,11
USW00014763,2024;11;22;09,FM-15,343,35,89,VRB,7
USW00014763,2024;11;22;10,FM-16,343,36,89,90,8
USW00014763,2024;11;22;10,FM-15,343,36,89,VRB,6
USW00014763,2024;11;22;11,FM-16,343,37,87,130,13
USW00014763,2024;11;22;11,FM-15,343,37,82,VRB,11
USW00014763,2024;11;22;12,FM-16,343,37,86,140,14
USW00014763,2024;11;22;12,FM-15,343,37,86,VRB,7
USW00014763,2024;11;22;13,FM-16,343,38,83,VRB,13
USW00014763,2024;11;22;13,FM-16,343,39,79,130,16
USW00014763,2024;11;22;13,FM-16,343,37,81,120,9
USW00014763,2024;11;22;13,FM-15,343,38,79,VRB,11
USW00014763,2024;11;22;14,FM-16,343,38,79,120,11
USW00014763,2024;11;22;14,FM-15,343,38,83,120,9
USW00014763,2024;11;22;15,FM-16,343,38,83,110,6
USW00014763,2024;11;22;15,FM-16,343,38,83,VRB,3
USW00014763,2024;11;22;15,FM-15,343,38,83,90,7
USW00014763,2024;11;22;16,FM-15,343,38,83,80,5
USW00014763,2024;11;22;17,FM-15,343,37,86,50,6
USW00014763,2024;11;22;18,FM-15,343,35,85,60,8
USW00014763,2024;11;22;19,FM-16,343,36,87,40,5
USW00014763,2024;11;22;19,FM-15,343,36,86,40,6
USW00014763,2024;11;22;20,FM-16,343,36,86,50,5
USW00014763,2024;11;22;20,FM-15,343,36,89,VRB,5
USW00014763,2024;11;22;21,FM-16,343,36,89,60,3
USW00014763,2024;11;22;21,FM-16,343,36,93,0,0
USW00014763,2024;11;22;21,FM-15,343,36,89,0,0
USW00014763,2024;11;22;22,FM-16,343,36,89,290,3
USW00014763,2024;11;22;22,FM-16,343,37,87,20,3
USW00014763,2024;11;22;22,FM-15,343,37,89,20,3
USW00014763,2024;11;22;23,FM-16,343,37,89,0,0
USW00014763,2024;11;22;23,FM-16,343,37,93,350,3
USW00014763,2024;11;22;23,FM-15,343,37,93,350,3
USW00014763,2024;11;23;00,SOD,,,,,
USW00014763,2024;11;23;00,FM-15,343,38,86,VRB,5
USW00014763,2024;11;23;01,FM-16,343,37,86,40,5
USW00014763,2024;11;23;01,FM-16,343,36,89,60,8
USW00014763,2024;11;23;01,FM-15,343,36,89,40,5
USW00014763,2024;11;23;02,FM-16,343,37,86,40,6
USW00014763,2024;11;23;02,FM-15,343,36,89,240,3
USW00014763,2024;11;23;03,FM-16,343,37,93,0,0
USW00014763,2024;11;23;03,FM-15,343,37,93,0,0
USW00014763,2024;11;23;04,FM-16,343,36,93,0,0
USW00014763,2024;11;23;04,FM-15,343,38,86,310,7
USW00014763,2024;11;23;05,FM-15,343,37,89,310,7
USW00014763,2024;11;23;06,FM-16,343,37,89,300,9
USW00014763,2024;11;23;06,FM-16,343,38,86,310,11
USW00014763,2024;11;23;06,FM-15,343,38,86,300,9
USW00014763,2024;11;23;07,FM-16,343,38,89,320,8
USW00014763,2024;11;23;07,FM-16,343,38,89,VRB,5
USW00014763,2024;11;23;07,FM-16,343,37,93,310,7
USW00014763,2024;11;23;07,FM-15,343,38,89,300,7
USW00014763,2024;11;23;08,FM-15,343,38,89,300,8
USW00014763,2024;11;23;09,FM-16,343,38,89,290,13
USW00014763,2024;11;23;09,FM-15,343,37,89,300,10
USW00014763,2024;11;23;10,FM-15,343,38,89,290,14
USW00014763,2024;11;23;11,FM-15,343,40,86,320,15
USW00014763,2024;11;23;12,FM-16,343,40,86,VRB,9
USW00014763,2024;11;23;12,FM-15,343,40,86,300,22
USW00014763,2024;11;23;13,FM-16,343,40,83,310,22
USW00014763,2024;11;23;13,FM-15,343,40,83,290,20
USW00014763,2024;11;23;14,FM-15,343,42,73,300,23
USW00014763,2024;11;23;15,FM-16,343,42,71,300,20
USW00014763,2024;11;23;15,FM-15,343,42,68,300,14
USW00014763,2024;11;23;16,FM-15,343,41,70,280,11
USW00014763,2024;11;23;17,FM-16,343,41,70,290,21
USW00014763,2024;11;23;17,FM-16,343,41,70,280,20
USW00014763,2024;11;23;17,FM-15,343,40,73,290,15
USW00014763,2024;11;23;18,FM-16,343,40,73,290,14
USW00014763,2024;11;23;18,FM-15,343,40,73,VRB,8
USW00014763,2024;11;23;19,FM-15,343,40,73,VRB,9
USW00014763,2024;11;23;20,FM-16,343,39,73,300,16
USW00014763,2024;11;23;20,FM-16,343,39,76,280,14
USW00014763,2024;11;23;20,FM-15,343,39,76,290,14
USW00014763,2024;11;23;21,FM-16,343,39,76,290,11
USW00014763,2024;11;23;21,FM-16,343,39,81,290,17
USW00014763,2024;11;23;21,FM-15,343,39,79,280,17
USW00014763,2024;11;23;22,FM-16,343,38,89,290,15
USW00014763,2024;11;23;22,FM-15,343,39,86,280,13
USW00014763,2024;11;23;23,FM-16,343,39,93,280,16
USW00014763,2024;11;23;23,FM-15,343,40,89,280,21
USW00014763,2024;11;24;00,SOD,,,,,
USW00014763,2024;11;24;00,FM-16,343,40,86,280,21
USW00014763,2024;11;24;00,FM-15,343,39,82,300,20
USW00014763,2024;11;24;01,FM-16,343,39,76,290,17
USW00014763,2024;11;24;01,FM-15,343,39,70,300,22
USW00014763,2024;11;24;02,FM-15,343,39,65,310,20
USW00014763,2024;11;24;03,FM-15,343,39,62,290,20
USW00014763,2024;11;24;04,FM-15,343,38,62,290,21
USW00014763,2024;11;24;05,FM-15,343,38,65,300,18
USW00014763,2024;11;24;06,FM-15,343,38,60,300,24
USW00014763,2024;11;24;07,FM-15,343,39,53,290,29
USW00014763,2024;11;24;08,FM-15,343,39,53,300,17
USW00014763,2024;11;24;09,FM-15,343,40,53,300,15
USW00014763,2024;11;24;10,FM-15,343,41,53,290,21
USW00014763,2024;11;24;11,FM-15,343,40,55,300,17
USW00014763,2024;11;24;12,FM-15,343,40,58,290,17
USW00014763,2024;11;24;13,FM-15,343,40,60,270,18
USW00014763,2024;11;24;14,FM-15,343,39,65,280,16
USW00014763,2024;11;24;15,FM-15,343,38,68,280,21
USW00014763,2024;11;24;16,FM-16,343,38,70,270,18
USW00014763,2024;11;24;16,FM-16,343,37,70,280,17
USW00014763,2024;11;24;16,FM-15,343,37,73,270,22
USW00014763,2024;11;24;17,FM-16,343,37,73,290,20
USW00014763,2024;11;24;17,FM-15,343,37,73,300,18
USW00014763,2024;11;24;18,FM-16,343,36,81,VRB,14
USW00014763,2024;11;24;18,FM-15,343,36,79,300,13
USW00014763,2024;11;24;19,FM-16,343,35,82,290,18
USW00014763,2024;11;24;19,FM-15,343,35,82,280,18
USW00014763,2024;11;24;20,FM-16,343,36,79,290,10
USW00014763,2024;11;24;20,FM-15,343,36,79,280,9
USW00014763,2024;11;24;21,FM-15,343,35,78,290,10
USW00014763,2024;11;24;22,FM-16,343,34,79,280,13
USW00014763,2024;11;24;22,FM-15,343,34,79,VRB,5
USW00014763,2024;11;24;23,FM-15,343,33,75,280,8
USW00014763,2024;11;25;00,SOD,,,,,
USW00014763,2024;11;25;00,FM-15,343,33,70,280,11
USW00014763,2024;11;25;01,FM-15,343,32,69,,
USW00014763,2024;11;25;02,FM-15,343,32,66,VRB,5
USW00014763,2024;11;25;03,FM-15,343,31,67,VRB,3
USW00014763,2024;11;25;04,FM-15,343,31,67,VRB,5
USW00014763,2024;11;25;05,FM-15,343,30,69,VRB,5
USW00014763,2024;11;25;06,FM-15,343,29,69,150,3
USW00014763,2024;11;25;07,FM-15,343,31,69,VRB,3
USW00014763,2024;11;25;08,FM-15,343,33,64,VRB,8
USW00014763,2024;11;25;09,FM-15,343,36,57,300,16
USW00014763,2024;11;25;10,FM-15,343,38,55,280,18
USW00014763,2024;11;25;11,FM-15,343,40,53,290,15
USW00014763,2024;11;25;12,FM-15,343,42,49,280,14
USW00014763,2024;11;25;13,FM-15,343,43,47,290,10
USW00014763,2024;11;25;14,FM-15,343,42,49,280,8
USW00014763,2024;11;25;15,FM-15,343,39,53,260,5
USW00014763,2024;11;25;16,FM-15,343,37,59,0,0
USW00014763,2024;11;25;17,FM-15,343,37,59,240,3
USW00014763,2024;11;25;18,FM-15,343,33,75,230,3
USW00014763,2024;11;25;19,FM-15,343,33,70,0,0
USW00014763,2024;11;25;20,FM-15,343,31,76,0,0
USW00014763,2024;11;25;21,FM-15,343,30,79,0,0
USW00014763,2024;11;25;22,FM-15,343,28,85,220,3
USW00014763,2024;11;25;23,FM-15,343,30,85,40,3
USW00014763,2024;11;26;00,SOD,,,,,
USW00014763,2024;11;26;00,FM-15,343,31,82,0,0
USW00014763,2024;11;26;01,FM-15,343,32,82,360,3
USW00014763,2024;11;26;02,FM-15,343,33,78,0,0
USW00014763,2024;11;26;03,FM-16,343,33,78,0,0
USW00014763,2024;11;26;03,FM-15,343,34,76,0,0
USW00014763,2024;11;26;04,FM-16,343,35,72,0,0
USW00014763,2024;11;26;04,FM-16,343,35,76,0,0
USW00014763,2024;11;26;04,FM-15,343,35,76,0,0
USW00014763,2024;11;26;05,FM-16,343,36,73,0,0
USW00014763,2024;11;26;05,FM-16,343,36,81,0,0
USW00014763,2024;11;26;05,FM-16,343,36,81,0,0
USW00014763,2024;11;26;05,FM-15,343,36,79,70,3
USW00014763,2024;11;26;06,FM-15,343,38,70,50,6
USW00014763,2024;11;26;07,FM-16,343,39,67,360,3
USW00014763,2024;11;26;07,FM-15,343,39,67,0,0
USW00014763,2024;11;26;08,FM-16,343,36,93,0,0
USW00014763,2024;11;26;08,FM-15,343,36,97,0,0
USW00014763,2024;11;26;09,FM-16,343,37,93,60,5
USW00014763,2024;11;26;09,FM-16,343,37,93,20,3
USW00014763,2024;11;26;09,FM-15,343,37,93,40,6
USW00014763,2024;11;26;10,FM-16,343,37,93,350,3
USW00014763,2024;11;26;10,FM-15,343,38,93,20,5
USW00014763,2024;11;26;11,FM-16,343,38,97,0,0
USW00014763,2024;11;26;11,FM-16,343,38,97,60,5
USW00014763,2024;11;26;11,FM-16,343,39,93,0,0
USW00014763,2024;11;26;11,FM-16,343,39,93,0,0
USW00014763,2024;11;26;11,FM-15,343,39,93,0,0
USW00014763,2024;11;26;12,FM-16,343,39,93,40,3
USW00014763,2024;11;26;12,FM-16,343,39,96,0,0
USW00014763,2024;11;26;12,FM-16,343,39,93,0,0
USW00014763,2024;11;26;12,FM-15,343,39,96,0,0
USW00014763,2024;11;26;13,FM-16,343,39,96,0,0
USW00014763,2024;11;26;13,FM-16,343,40,93,0,0
USW00014763,2024;11;26;13,FM-15,343,40,93,50,3
USW00014763,2024;11;26;14,FM-16,343,40,93,0,0
USW00014763,2024;11;26;14,FM-16,343,42,92,300,3
USW00014763,2024;11;26;14,FM-16,343,44,93,310,8
USW00014763,2024;11;26;14,FM-15,343,44,89,300,8
USW00014763,2024;11;26;15,FM-16,343,43,87,310,7
USW00014763,2024;11;26;15,FM-15,343,43,86,300,10
USW00014763,2024;11;26;16,FM-16,343,42,82,290,11
USW00014763,2024;11;26;16,FM-15,343,42,76,290,13
USW00014763,2024;11;26;17,FM-15,343,40,77,270,8
USW00014763,2024;11;26;18,FM-15,343,38,83,270,9
USW00014763,2024;11;26;19,FM-15,343,38,79,270,7
USW00014763,2024;11;26;20,FM-15,343,38,79,270,8
USW00014763,2024;11;26;21,FM-15,343,38,79,260,8
USW00014763,2024;11;26;22,FM-15,343,38,76,280,8
USW00014763,2024;11;26;23,FM-15,343,36,79,230,6
USW00014763,2024;11;27;00,SOD,,,,,
USW00014763,2024;11;27;00,FM-15,343,36,73,250,8
USW00014763,2024;11;27;01,FM-15,343,38,68,230,8
USW00014763,2024;11;27;02,FM-15,343,37,67,230,8
USW00014763,2024;11;27;03,FM-15,343,37,67,240,8
USW00014763,2024;11;27;04,FM-15,343,37,67,240,9
USW00014763,2024;11;27;05,FM-15,343,37,67,260,9
USW00014763,2024;11;27;06,FM-15,343,36,70,250,6
USW00014763,2024;11;27;07,FM-15,343,37,70,260,10
USW00014763,2024;11;27;08,FM-15,343,39,67,270,9
USW00014763,2024;11;27;09,FM-16,343,38,70,300,7
USW00014763,2024;11;27;09,FM-15,343,37,67,300,10
USW00014763,2024;11;27;10,FM-16,343,37,67,290,10
USW00014763,2024;11;27;10,FM-15,343,38,62,270,8
USW00014763,2024;11;27;11,FM-15,343,40,58,280,11
USW00014763,2024;11;27;12,FM-15,343,41,55,260,11
USW00014763,2024;11;27;13,FM-15,343,42,49,260,9
USW00014763,2024;11;27;14,FM-15,343,41,49,260,9
USW00014763,2024;11;27;15,FM-15,343,39,53,270,7
USW00014763,2024;11;27;16,FM-15,343,33,72,0,0
USW00014763,2024;11;27;17,FM-15,343,32,73,0,0
USW00014763,2024;11;27;18,FM-15,343,30,79,0,0
USW00014763,2024;11;27;19,FM-15,343,28,85,0,0
USW00014763,2024;11;27;20,FM-15,343,27,89,0,0
USW00014763,2024;11;27;21,FM-15,343,28,85,0,0
USW00014763,2024;11;27;22,FM-15,343,28,88,0,0
USW00014763,2024;11;27;23,FM-15,343,30,85,0,0
USW00014763,2024;11;28;00,SOD,,,,,
USW00014763,2024;11;28;00,FM-15,343,30,88,0,0
USW00014763,2024;11;28;01,FM-15,343,30,88,0,0
USW00014763,2024;11;28;02,FM-16,343,30,93,0,0
USW00014763,2024;11;28;02,FM-15,343,31,89,0,0
USW00014763,2024;11;28;03,FM-16,343,31,89,0,0
USW00014763,2024;11;28;03,FM-16,343,31,89,60,3
USW00014763,2024;11;28;03,FM-16,343,30,93,40,5
USW00014763,2024;11;28;03,FM-15,343,31,92,50,3
USW00014763,2024;11;28;04,FM-16,343,31,96,0,0
USW00014763,2024;11;28;04,FM-16,343,32,92,0,0
USW00014763,2024;11;28;04,FM-16,343,32,93,0,0
USW00014763,2024;11;28;04,FM-15,343,32,92,0,0
USW00014763,2024;11;28;05,FM-16,343,32,92,0,0
USW00014763,2024;11;28;05,FM-16,343,32,92,0,0
USW00014763,2024;11;28;05,FM-16,343,32,96,0,0
USW00014763,2024;11;28;05,FM-16,343,32,96,0,0
USW00014763,2024;11;28;05,FM-16,343,32,96,0,0
USW00014763,2024;11;28;05,FM-16,343,34,87,0,0
USW00014763,2024;11;28;05,FM-15,343,33,92,0,0
USW00014763,2024;11;28;06,FM-16,343,33,92,60,3
USW00014763,2024;11;28;06,FM-16,343,32,96,50,3
USW00014763,2024;11;28;06,FM-15,343,33,92,60,3
USW00014763,2024;11;28;07,FM-16,343,32,96,50,5
USW00014763,2024;11;28;07,FM-16,343,32,96,50,3
USW00014763,2024;11;28;07,FM-16,343,32,96,30,3
USW00014763,2024;11;28;07,FM-15,343,32,96,30,3
USW00014763,2024;11;28;08,FM-16,343,32,100,40,3
USW00014763,2024;11;28;08,FM-16,343,33,92,50,6
USW00014763,2024;11;28;08,FM-16,343,33,92,50,6
USW00014763,2024;11;28;08,FM-15,343,33,96,60,5
USW00014763,2024;11;28;09,FM-16,343,33,92,60,7
USW00014763,2024;11;28;09,FM-16,343,33,92,60,9
USW00014763,2024;11;28;09,FM-16,343,33,92,60,8
USW00014763,2024;11;28;09,FM-15,343,33,92,60,8
USW00014763,2024;11;28;10,FM-16,343,33,92,60,8
USW00014763,2024;11;28;10,FM-16,343,33,92,60,10
USW00014763,2024;11;28;10,FM-16,343,33,92,60,8
USW00014763,2024;11;28;10,FM-16,343,33,92,60,7
USW00014763,2024;11;28;10,FM-15,343,33,92,50,10
USW00014763,2024;11;28;11,FM-16,343,33,92,60,8
USW00014763,2024;11;28;11,FM-16,343,33,92,50,8
USW00014763,2024;11;28;11,FM-16,343,33,92,70,6
USW00014763,2024;11;28;11,FM-16,343,33,92,50,10
USW00014763,2024;11;28;11,FM-16,343,34,87,50,9
USW00014763,2024;11;28;11,FM-15,343,33,92,50,10
USW00014763,2024;11;28;12,FM-16,343,33,92,40,10
USW00014763,2024;11;28;12,FM-16,343,33,96,60,10
USW00014763,2024;11;28;12,FM-15,343,34,92,60,9
USW00014763,2024;11;28;13,FM-15,343,35,93,30,8
USW00014763,2024;11;28;14,FM-15,343,36,89,20,9
USW00014763,2024;11;28;15,FM-16,343,34,92,300,7
USW00014763,2024;11;28;15,FM-16,343,34,92,300,6
USW00014763,2024;11;28;15,FM-16,343,34,93,280,6
USW00014763,2024;11;28;15,FM-15,343,34,92,270,6
USW00014763,2024;11;28;16,FM-16,343,33,92,250,6
USW00014763,2024;11;28;16,FM-16,343,33,92,260,5
USW00014763,2024;11;28;16,FM-16,343,33,92,270,7
USW00014763,2024;11;28;16,FM-15,343,34,89,290,8
USW00014763,2024;11;28;17,FM-16,343,34,89,290,8
USW00014763,2024;11;28;17,FM-16,343,34,89,290,11
USW00014763,2024;11;28;17,FM-16,343,34,87,300,7
USW00014763,2024;11;28;17,FM-15,343,33,92,300,8
USW00014763,2024;11;28;18,FM-16,343,33,92,290,9
USW00014763,2024;11;28;18,FM-16,343,33,92,280,14
USW00014763,2024;11;28;18,FM-16,343,32,93,280,15
USW00014763,2024;11;28;18,FM-15,343,32,96,280,16
USW00014763,2024;11;28;19,FM-16,343,32,92,280,14
USW00014763,2024;11;28;19,FM-15,343,32,92,290,11
USW00014763,2024;11;28;20,FM-16,343,33,89,300,10
USW00014763,2024;11;28;20,FM-16,343,33,92,290,10
USW00014763,2024;11;28;20,FM-15,343,33,92,300,9
USW00014763,2024;11;28;21,FM-16,343,33,92,310,9
USW00014763,2024;11;28;21,FM-16,343,33,92,290,10
USW00014763,2024;11;28;21,FM-16,343,34,87,270,11
USW00014763,2024;11;28;21,FM-15,343,33,92,260,11
USW00014763,2024;11;28;22,FM-16,343,33,92,270,10
USW00014763,2024;11;28;22,FM-16,343,33,92,VRB,14
USW00014763,2024;11;28;22,FM-16,343,33,92,290,9
USW00014763,2024;11;28;22,FM-15,343,33,92,290,13
USW00014763,2024;11;28;23,FM-16,343,33,92,280,16
USW00014763,2024;11;28;23,FM-16,343,34,85,300,9
USW00014763,2024;11;28;23,FM-15,343,34,85,300,13
USW00014763,2024;11;29;00,SOD,,,,,
USW00014763,2024;11;29;00,FM-16,343,34,87,280,13
USW00014763,2024;11;29;00,FM-15,343,33,89,280,11
USW00014763,2024;11;29;01,FM-16,343,33,89,280,11
USW00014763,2024;11;29;01,FM-16,343,33,89,270,9
USW00014763,2024;11;29;01,FM-15,343,33,89,290,11
USW00014763,2024;11;29;02,FM-16,343,33,89,270,8
USW00014763,2024;11;29;02,FM-15,343,33,89,280,7
USW00014763,2024;11;29;03,FM-15,343,33,89,290,9
USW00014763,2024;11;29;04,FM-16,343,33,89,270,8
USW00014763,2024;11;29;04,FM-16,343,33,89,240,7
USW00014763,2024;11;29;04,FM-15,343,33,89,270,8
USW00014763,2024;11;29;05,FM-16,343,33,85,270,10
USW00014763,2024;11;29;05,FM-15,343,33,82,270,10
USW00014763,2024;11;29;06,FM-16,343,33,85,270,7
USW00014763,2024;11;29;06,FM-15,343,33,78,250,7
USW00014763,2024;11;29;07,FM-15,343,32,82,260,8
USW00014763,2024;11;29;08,FM-15,343,33,72,230,6
USW00014763,2024;11;29;09,FM-15,343,35,67,270,8
USW00014763,2024;11;29;10,FM-15,343,37,59,280,10
USW00014763,2024;11;29;11,FM-15,343,37,57,250,10
USW00014763,2024;11;29;12,FM-15,343,36,64,250,5
USW00014763,2024;11;29;13,FM-15,343,36,64,240,10
USW00014763,2024;11;29;14,FM-16,343,35,72,200,3
USW00014763,2024;11;29;14,FM-16,343,35,76,VRB,5
USW00014763,2024;11;29;14,FM-15,343,35,72,210,5
USW00014763,2024;11;29;15,FM-15,343,35,72,230,7
USW00014763,2024;11;29;16,FM-15,343,34,76,VRB,3
USW00014763,2024;11;29;17,FM-16,343,33,85,310,11
USW00014763,2024;11;29;17,FM-16,343,32,88,290,8
USW00014763,2024;11;29;17,FM-16,343,31,96,290,3
USW00014763,2024;11;29;17,FM-16,343,31,96,0,0
USW00014763,2024;11;29;17,FM-16,343,30,93,0,0
USW00014763,2024;11;29;17,FM-15,343,31,92,0,0
USW00014763,2024;11;29;18,FM-16,343,31,89,220,6
USW00014763,2024;11;29;18,FM-16,343,32,88,240,8
USW00014763,2024;11;29;18,FM-16,343,31,92,230,7
USW00014763,2024;11;29;18,FM-16,343,31,92,250,8
USW00014763,2024;11;29;18,FM-16,343,31,92,240,7
USW00014763,2024;11;29;18,FM-16,343,30,93,240,7
USW00014763,2024;11;29;18,FM-15,343,31,92,250,7
USW00014763,2024;11;29;19,FM-16,343,31,92,250,8
USW00014763,2024;11;29;19,FM-16,343,31,89,260,9
USW00014763,2024;11;29;19,FM-16,343,31,89,270,7
USW00014763,2024;11;29;19,FM-16,343,30,93,240,7
USW00014763,2024;11;29;19,FM-15,343,31,85,240,8
USW00014763,2024;11;29;20,FM-16,343,31,85,250,6
USW00014763,2024;11;29;20,FM-16,343,31,85,250,7
USW00014763,2024;11;29;20,FM-16,343,30,88,250,6
USW00014763,2024;11;29;20,FM-16,343,30,88,230,5
USW00014763,2024;11;29;20,FM-15,343,30,88,230,3
USW00014763,2024;11;29;21,FM-15,343,30,85,220,3
USW00014763,2024;11;29;22,FM-15,343,28,81,270,8
USW00014763,2024;11;29;23,FM-15,343,28,75,240,8
USW00014763,2024;11;30;00,SOD,,,,,
USW00014763,2024;11;30;00,FM-15,343,27,75,VRB,6
USW00014763,2024;11;30;01,FM-15,343,26,71,260,7
USW00014763,2024;11;30;02,FM-15,343,25,75,240,5
USW00014763,2024;11;30;03,FM-15,343,26,69,230,3
USW00014763,2024;11;30;04,FM-15,343,25,69,260,9
USW00014763,2024;11;30;05,FM-15,343,24,71,230,6
USW00014763,2024;11;30;06,FM-15,343,24,71,250,10
USW00014763,2024;11;30;07,FM-15,343,25,69,240,8
USW00014763,2024;11;30;08,FM-15,343,26,69,270,11
USW00014763,2024;11;30;09,FM-16,343,27,66,270,13
USW00014763,2024;11;30;09,FM-15,343,27,69,260,8
USW00014763,2024;11;30;10,FM-15,343,28,66,270,9
USW00014763,2024;11;30;11,FM-16,343,28,63,270,9
USW00014763,2024;11;30;11,FM-15,343,29,66,260,11
USW00014763,2024;11;30;12,FM-16,343,29,63,280,8
USW00014763,2024;11;30;12,FM-16,343,30,64,250,13
USW00014763,2024;11;30;12,FM-15,343,30,61,260,9
USW00014763,2024;11;30;13,FM-15,343,29,63,260,13
USW00014763,2024;11;30;14,FM-15,343,29,63,270,10
USW00014763,2024;11;30;15,FM-15,343,29,63,260,11
USW00014763,2024;11;30;16,FM-15,343,28,63,260,15
USW00014763,2024;11;30;17,FM-15,343,27,63,250,10
USW00014763,2024;11;30;18,FM-15,343,27,66,240,5
USW00014763,2024;11;30;19,FM-15,343,27,63,250,8
USW00014763,2024;11;30;20,FM-15,343,25,69,240,8
USW00014763,2024;11;30;21,FM-15,343,25,66,260,8
USW00014763,2024;11;30;22,FM-15,343,25,69,250,8
USW00014763,2024;11;30;23,FM-15,343,26,63,270,9
USW00014763,2024;11;30;23,SOM,,,,,
USW00014763,2024;12;01;00,SOD,,,,,
USW00014763,2024;12;01;00,FM-15,343,25,63,270,9
USW00014763,2024;12;01;01,FM-15,343,24,65,260,10
USW00014763,2024;12;01;02,FM-15,343,24,65,260,9
USW00014763,2024;12;01;03,FM-15,343,22,71,220,7
USW00014763,2024;12;01;04,FM-15,343,21,71,220,7
USW00014763,2024;12;01;05,FM-15,343,19,74,160,3
USW00014763,2024;12;01;06,FM-15,343,17,80,260,3
USW00014763,2024;12;01;07,FM-15,343,19,77,270,3
USW00014763,2024;12;01;08,FM-15,343,20,78,0,0
USW00014763,2024;12;01;09,FM-15,343,23,65,240,11
USW00014763,2024;12;01;10,FM-15,343,24,65,210,3
USW00014763,2024;12;01;11,FM-15,343,26,60,210,8
USW00014763,2024;12;01;12,FM-15,343,27,61,260,7
USW00014763,2024;12;01;13,FM-15,343,28,58,260,11
USW00014763,2024;12;01;14,FM-15,343,28,58,290,7
USW00014763,2024;12;01;15,FM-15,343,27,63,270,8
USW00014763,2024;12;01;16,FM-15,343,27,58,260,10
USW00014763,2024;12;01;17,FM-15,343,26,63,240,6
USW00014763,2024;12;01;18,FM-15,343,27,61,250,8
USW00014763,2024;12;01;19,FM-15,343,26,60,VRB,3
USW00014763,2024;12;01;20,FM-15,343,25,63,210,5
USW00014763,2024;12;01;21,FM-15,343,24,62,230,5
USW00014763,2024;12;01;22,FM-15,343,25,60,230,8
USW00014763,2024;12;01;23,FM-15,343,24,62,180,3
USW00014763,2024;12;02;00,SOD,,,,,
USW00014763,2024;12;02;00,FM-15,343,22,71,0,0
USW00014763,2024;12;02;01,FM-16,343,24,68,200,6
USW00014763,2024;12;02;01,FM-15,343,25,66,250,7
USW00014763,2024;12;02;02,FM-15,343,25,69,220,5
USW00014763,2024;12;02;03,FM-15,343,25,69,260,6
USW00014763,2024;12;02;04,FM-16,343,24,68,250,3
USW00014763,2024;12;02;04,FM-16,343,23,72,0,0
USW00014763,2024;12;02;04,FM-15,343,23,72,240,5
USW00014763,2024;12;02;05,FM-16,343,23,72,240,6
USW00014763,2024;12;02;05,FM-16,343,22,75,130,5
USW00014763,2024;12;02;05,FM-15,343,24,71,0,0
USW00014763,2024;12;02;06,FM-15,343,24,71,0,0
USW00014763,2024;12;02;07,FM-16,343,22,75,210,3
USW00014763,2024;12;02;07,FM-15,343,23,74,230,3
USW00014763,2024;12;02;08,FM-16,343,24,71,220,5
USW00014763,2024;12;02;08,FM-16,343,24,71,230,6
USW00014763,2024;12;02;08,FM-16,343,24,71,230,5
USW00014763,2024;12;02;08,FM-15,343,26,71,250,5
USW00014763,2024;12;02;09,FM-16,343,26,69,250,7
USW00014763,2024;12;02;09,FM-15,343,27,69,270,10
USW00014763,2024;12;02;10,FM-15,343,28,66,290,10
USW00014763,2024;12;02;11,FM-15,343,30,61,330,10
USW00014763,2024;12;02;12,FM-16,343,29,63,320,9
USW00014763,2024;12;02;12,FM-15,343,29,63,300,8
USW00014763,2024;12;02;13,FM-16,343,29,61,310,10
USW00014763,2024;12;02;13,FM-15,343,29,61,320,9
USW00014763,2024;12;02;14,FM-16,343,29,61,340,10
USW00014763,2024;12;02;14,FM-16,343,28,64,340,6
USW00014763,2024;12;02;14,FM-15,343,29,63,300,6
USW00014763,2024;12;02;15,FM-15,343,28,63,300,8
USW00014763,2024;12;02;16,FM-15,343,27,66,290,3
USW00014763,2024;12;02;17,FM-15,343,28,60,0,0
USW00014763,2024;12;02;18,FM-15,343,28,60,230,5
USW00014763,2024;12;02;19,FM-16,343,27,75,260,8
USW00014763,2024;12;02;19,FM-15,343,27,75,270,8
USW00014763,2024;12;02;20,FM-15,343,26,75,290,9
USW00014763,2024;12;02;21,FM-15,343,24,75,250,6
USW00014763,2024;12;02;22,FM-15,343,24,75,270,6
USW00014763,2024;12;02;23,FM-15,343,22,78,VRB,5
USW00014763,2024;12;03;00,SOD,,,,,
USW00014763,2024;12;03;00,FM-15,343,21,81,0,0
USW00014763,2024;12;03;01,FM-15,343,19,84,270,7
USW00014763,2024;12;03;02,FM-15,343,19,84,0,0
USW00014763,2024;12;03;03,FM-15,343,19,84,250,5
USW00014763,2024;12;03;04,FM-15,343,16,92,250,5
USW00014763,2024;12;03;05,FM-15,343,19,84,0,0
USW00014763,2024;12;03;06,FM-15,343,22,78,0,0
USW00014763,2024;12;03;07,FM-15,343,24,75,240,5
USW00014763,2024;12;03;08,FM-15,343,24,71,300,6
USW00014763,2024;12;03;09,FM-15,343,25,75,240,3
USW00014763,2024;12;03;10,FM-16,343,28,66,VRB,5
USW00014763,2024;12;03;10,FM-15,343,27,66,290,10
USW00014763,2024;12;03;11,FM-15,343,28,66,280,6
USW00014763,2024;12;03;12,FM-15,343,30,61,260,10
USW00014763,2024;12;03;13,FM-15,343,30,64,240,6
USW00014763,2024;12;03;14,FM-16,343,29,72,220,7
USW00014763,2024;12;03;14,FM-16,343,28,78,240,8
USW00014763,2024;12;03;14,FM-16,343,28,81,240,7
USW00014763,2024;12;03;14,FM-16,343,27,93,230,6
USW00014763,2024;12;03;14,FM-15,343,27,89,220,6
USW00014763,2024;12;03;15,FM-16,343,27,89,240,6
USW00014763,2024;12;03;15,FM-16,343,27,89,250,6
USW00014763,2024;12;03;15,FM-16,343,27,89,260,5
USW00014763,2024;12;03;15,FM-15,343,27,89,240,5
USW00014763,2024;12;03;16,FM-16,343,27,89,240,3
USW00014763,2024;12;03;16,FM-16,343,27,89,240,3
USW00014763,2024;12;03;16,FM-16,343,27,93,240,5
USW00014763,2024;12;03;16,FM-15,343,27,89,250,5
USW00014763,2024;12;03;17,FM-16,343,27,89,240,3
USW00014763,2024;12;03;17,FM-16,343,27,89,250,3
USW00014763,2024;12;03;17,FM-15,343,26,88,260,7
USW00014763,2024;12;03;18,FM-16,343,27,85,280,11
USW00014763,2024;12;03;18,FM-16,343,26,88,300,11
USW00014763,2024;12;03;18,FM-16,343,26,84,290,13
USW00014763,2024;12;03;18,FM-16,343,26,81,300,15
USW00014763,2024;12;03;18,FM-16,343,27,80,290,11
USW00014763,2024;12;03;18,FM-15,343,26,78,300,15
USW00014763,2024;12;03;19,FM-16,343,27,74,280,10
USW00014763,2024;12;03;19,FM-15,343,26,78,280,11
USW00014763,2024;12;03;20,FM-16,343,24,75,270,11
USW00014763,2024;12;03;20,FM-15,343,24,75,270,9
USW00014763,2024;12;03;21,FM-16,343,21,80,260,5
USW00014763,2024;12;03;21,FM-15,343,21,78,250,5
USW00014763,2024;12;03;22,FM-16,343,20,81,250,7
USW00014763,2024;12;03;22,FM-15,343,19,81,260,6
USW00014763,2024;12;03;23,FM-15,343,19,81,230,5
USW00014763,2024;12;04;00,SOD,,,,,
USW00014763,2024;12;04;00,FM-15,343,19,81,230,6
USW00014763,2024;12;04;01,FM-15,343,18,81,220,5
USW00014763,2024;12;04;02,FM-15,343,17,88,210,5
USW00014763,2024;12;04;03,FM-15,343,13,92,0,0
USW00014763,2024;12;04;04,FM-15,343,12,92,260,3
USW00014763,2024;12;04;05,FM-16,343,13,84,260,5
USW00014763,2024;12;04;05,FM-16,343,12,87,250,5
USW00014763,2024;12;04;05,FM-15,343,11,81,0,0
USW00014763,2024;12;04;06,FM-16,343,11,84,0,0
USW00014763,2024;12;04;06,FM-16,343,11,84,0,0
USW00014763,2024;12;04;06,FM-16,343,11,84,0,0
USW00014763,2024;12;04;06,FM-16,343,11,84,0,0
USW00014763,2024;12;04;06,FM-16,343,12,84,0,0
USW00014763,2024;12;04;06,FM-15,343,10,87,0,0
USW00014763,2024;12;04;07,FM-16,343,9,84,0,0
USW00014763,2024;12;04;07,FM-16,343,9,88,0,0
USW00014763,2024;12;04;07,FM-16,343,9,92,0,0
USW00014763,2024;12;04;07,FM-15,343,10,84,0,0
USW00014763,2024;12;04;08,FM-16,343,10,92,0,0
USW00014763,2024;12;04;08,FM-16,343,11,88,0,0
USW00014763,2024;12;04;08,FM-15,343,14,88,0,0
USW00014763,2024;12;04;09,FM-16,343,16,84,0,0
USW00014763,2024;12;04;09,FM-16,343,16,88,0,0
USW00014763,2024;12;04;09,FM-16,343,17,88,0,0
USW00014763,2024;12;04;09,FM-16,343,18,88,0,0
USW00014763,2024;12;04;09,FM-15,343,19,92,0,0
USW00014763,2024;12;04;10,FM-15,343,24,77,0,0
USW00014763,2024;12;04;11,FM-15,343,28,66,210,7
USW00014763,2024;12;04;12,FM-15,343,31,61,190,13
USW00014763,2024;12;04;13,FM-15,343,31,59,200,9
USW00014763,2024;12;04;14,FM-15,343,31,59,VRB,7
USW00014763,2024;12;04;15,FM-15,343,31,61,140,9
USW00014763,2024;12;04;16,FM-15,343,31,61,120,6
USW00014763,2024;12;04;17,FM-15,343,31,59,VRB,7
USW00014763,2024;12;04;18,FM-16,343,30,69,190,10
USW00014763,2024;12;04;18,FM-15,343,30,72,200,9
USW00014763,2024;12;04;19,FM-16,343,30,72,,
USW00014763,2024;12;04;19,FM-16,343,30,72,200,11
USW00014763,2024;12;04;19,FM-15,343,30,72,VRB,6
USW00014763,2024;12;04;20,FM-16,343,30,75,VRB,3
USW00014763,2024;12;04;20,FM-16,343,30,79,,
USW00014763,2024;12;04;20,FM-16,343,29,82,130,9
USW00014763,2024;12;04;20,FM-16,343,29,85,VRB,3
USW00014763,2024;12;04;20,FM-15,343,29,85,200,6
USW00014763,2024;12;04;21,FM-16,343,29,85,VRB,7
USW00014763,2024;12;04;21,FM-16,343,29,89,,
USW00014763,2024;12;04;21,FM-16,343,29,85,,
USW00014763,2024;12;04;21,FM-15,343,30,82,210,8
USW00014763,2024;12;04;22,FM-16,343,30,82,190,10
USW00014763,2024;12;04;22,FM-16,343,30,82,190,10
USW00014763,2024;12;04;22,FM-16,343,30,82,180,11
USW00014763,2024;12;04;22,FM-16,343,30,82,VRB,10
USW00014763,2024;12;04;22,FM-16,343,30,80,180,11
USW00014763,2024;12;04;22,FM-15,343,30,82,190,13
USW00014763,2024;12;04;23,FM-16,343,29,85,190,10
USW00014763,2024;12;04;23,FM-16,343,30,82,180,9
USW00014763,2024;12;04;23,FM-16,343,29,89,170,9
USW00014763,2024;12;04;23,FM-16,343,29,89,180,6
USW00014763,2024;12;04;23,FM-15,343,29,89,170,3
USW00014763,2024;12;05;00,SOD,,,,,
USW00014763,2024;12;05;00,FM-16,343,29,89,200,7
USW00014763,2024;12;05;00,FM-16,343,29,89,190,7
USW00014763,2024;12;05;00,FM-16,343,30,85,190,9
USW00014763,2024;12;05;00,FM-15,343,30,85,200,9
USW00014763,2024;12;05;01,FM-15,343,30,85,190,9
USW00014763,2024;12;05;02,FM-16,343,30,85,190,13
USW00014763,2024;12;05;02,FM-16,343,30,85,190,9
USW00014763,2024;12;05;02,FM-15,343,30,85,VRB,6
USW00014763,2024;12;05;03,FM-16,343,30,85,190,8
USW00014763,2024;12;05;03,FM-16,343,30,85,VRB,5
USW00014763,2024;12;05;03,FM-16,343,30,85,VRB,10
USW00014763,2024;12;05;03,FM-15,343,30,85,VRB,8
USW00014763,2024;12;05;04,FM-16,343,30,85,VRB,5
USW00014763,2024;12;05;04,FM-16,343,30,85,200,8
USW00014763,2024;12;05;04,FM-16,343,30,86,200,5
USW00014763,2024;12;05;04,FM-15,343,30,88,190,5
USW00014763,2024;12;05;05,FM-16,343,31,85,220,3
USW00014763,2024;12;05;05,FM-15,343,30,92,130,3
USW00014763,2024;12;05;06,FM-16,343,30,88,VRB,6
USW00014763,2024;12;05;06,FM-16,343,30,88,VRB,5
USW00014763,2024;12;05;06,FM-16,343,31,85,210,6
USW00014763,2024;12;05;06,FM-16,343,30,93,200,5
USW00014763,2024;12;05;06,FM-15,343,31,89,200,9
USW00014763,2024;12;05;07,FM-16,343,31,89,VRB,3
USW00014763,2024;12;05;07,FM-16,343,31,89,200,6
USW00014763,2024;12;05;07,FM-16,343,31,89,VRB,5
USW00014763,2024;12;05;07,FM-15,343,31,89,VRB,6
USW00014763,2024;12;05;08,FM-16,343,31,89,260,7
USW00014763,2024;12;05;08,FM-16,343,31,89,280,7
USW00014763,2024;12;05;08,FM-16,343,31,89,220,6
USW00014763,2024;12;05;08,FM-16,343,31,89,VRB,7
USW00014763,2024;12;05;08,FM-16,343,31,92,VRB,5
USW00014763,2024;12;05;08,FM-15,343,31,92,160,3
USW00014763,2024;12;05;08,FM-16,223,31,89,200,6
USW00014763,2024;12;05;09,FM-16,343,32,85,220,10
USW00014763,2024;12;05;09,FM-16,343,32,87,230,9
USW00014763,2024;12;05;09,FM-15,343,32,85,220,8
USW00014763,2024;12;05;10,FM-16,343,32,85,230,7
USW00014763,2024;12;05;10,FM-16,343,32,85,220,9
USW00014763,2024;12;05;10,FM-16,343,32,88,230,6
USW00014763,2024;12;05;10,FM-15,343,34,82,250,8
USW00014763,2024;12;05;11,FM-15,343,34,76,260,14
USW00014763,2024;12;05;12,FM-16,343,34,76,270,11
USW00014763,2024;12;05;12,FM-16,343,33,78,250,9
USW00014763,2024;12;05;12,FM-16,343,32,85,260,17
USW00014763,2024;12;05;12,FM-16,343,32,85,260,15
USW00014763,2024;12;05;12,FM-16,343,32,88,260,13
USW00014763,2024;12;05;12,FM-15,343,32,85,270,15
USW00014763,2024;12;05;13,FM-16,343,32,85,270,16
USW00014763,2024;12;05;13,FM-16,343,32,85,270,13
USW00014763,2024;12;05;13,FM-16,343,32,85,260,15
USW00014763,2024;12;05;13,FM-16,343,32,85,260,14
USW00014763,2024;12;05;13,FM-16,343,32,80,280,16
USW00014763,2024;12;05;13,FM-15,343,31,85,280,15
USW00014763,2024;12;05;14,FM-16,343,31,85,290,16
USW00014763,2024;12;05;14,FM-16,343,31,82,280,14
USW00014763,2024;12;05;14,FM-16,343,31,85,290,14
USW00014763,2024;12;05;14,FM-16,343,31,82,280,18
USW00014763,2024;12;05;14,FM-16,343,32,75,280,18
USW00014763,2024;12;05;14,FM-15,343,32,75,280,20
USW00014763,2024;12;05;15,FM-16,343,31,69,300,25
USW00014763,2024;12;05;15,FM-16,343,32,64,290,23
USW00014763,2024;12;05;15,FM-15,343,32,66,300,20
USW00014763,2024;12;05;16,FM-15,343,32,64,290,16
USW00014763,2024;12;05;17,FM-15,343,31,59,280,20
USW00014763,2024;12;05;18,FM-15,343,30,61,270,17
USW00014763,2024;12;05;19,FM-15,343,30,61,260,18
USW00014763,2024;12;05;20,FM-15,343,29,66,270,24
USW00014763,2024;12;05;21,FM-16,343,29,69,270,22
USW00014763,2024;12;05;21,FM-15,343,29,69,280,17
USW00014763,2024;12;05;22,FM-15,343,29,69,280,28
USW00014763,2024;12;05;23,FM-16,343,27,69,290,23
USW00014763,2024;12;05;23,FM-15,343,27,69,280,24
USW00014763,2024;12;06;00,SOD,,,,,
USW00014763,2024;12;06;00,FM-16,343,26,71,280,21
USW00014763,2024;12;06;00,FM-15,343,26,69,290,28
USW00014763,2024;12;06;01,FM-15,343,25,69,290,25
USW00014763,2024;12;06;02,FM-16,343,25,69,290,20
USW00014763,2024;12;06;02,FM-15,343,24,71,280,26
USW00014763,2024;12;06;03,FM-16,343,24,68,300,14
USW00014763,2024;12;06;03,FM-15,343,23,68,300,17
USW00014763,2024;12;06;04,FM-16,343,23,68,280,18
USW00014763,2024;12;06;04,FM-15,343,22,68,280,15
USW00014763,2024;12;06;05,FM-16,343,21,68,300,17
USW00014763,2024;12;06;05,FM-15,343,20,68,300,11
USW00014763,2024;12;06;06,FM-15,343,20,68,300,14
USW00014763,2024;12;06;07,FM-16,343,19,65,290,18
USW00014763,2024;12;06;07,FM-15,343,19,65,290,15
USW00014763,2024;12;06;08,FM-15,343,19,65,290,15
USW00014763,2024;12;06;09,FM-16,343,19,68,VRB,7
USW00014763,2024;12;06;09,FM-15,343,20,65,300,18
USW00014763,2024;12;06;10,FM-16,343,21,59,300,15
USW00014763,2024;12;06;10,FM-15,343,21,57,290,13
USW00014763,2024;12;06;11,FM-15,343,23,50,320,15
USW00014763,2024;12;06;12,FM-15,343,24,48,310,17
USW00014763,2024;12;06;13,FM-15,343,23,53,VRB,8
USW00014763,2024;12;06;14,FM-15,343,23,57,280,15
USW00014763,2024;12;06;15,FM-15,343,24,52,290,16
USW00014763,2024;12;06;16,FM-15,343,23,55,280,14
USW00014763,2024;12;06;17,FM-15,343,22,57,270,13
USW00014763,2024;12;06;18,FM-15,343,22,57,280,11
USW00014763,2024;12;06;19,FM-16,343,21,63,280,9
USW00014763,2024;12;06;19,FM-15,343,21,65,270,8
USW00014763,2024;12;06;20,FM-16,343,22,68,270,9
USW00014763,2024;12;06;20,FM-15,343,21,71,260,8
USW00014763,2024;12;06;21,FM-15,343,22,71,230,7
USW00014763,2024;12;06;22,FM-15,343,22,71,240,6
USW00014763,2024;12;06;23,FM-15,343,23,65,230,8
USW00014763,2024;12;07;00,SOD,,,,,
USW00014763,2024;12;07;00,FM-15,343,23,63,210,6
USW00014763,2024;12;07;01,FM-15,343,23,63,210,7
USW00014763,2024;12;07;02,FM-16,343,23,63,220,8
USW00014763,2024;12;07;02,FM-15,343,23,63,210,8
USW00014763,2024;12;07;03,FM-15,343,23,63,230,7
USW00014763,2024;12;07;04,FM-16,343,23,65,230,7
USW00014763,2024;12;07;04,FM-16,343,22,71,220,6
USW00014763,2024;12;07;04,FM-15,343,22,71,210,5
USW00014763,2024;12;07;05,FM-16,343,21,78,240,7
USW00014763,2024;12;07;05,FM-15,343,21,81,240,5
USW00014763,2024;12;07;06,FM-16,343,21,81,0,0
USW00014763,2024;12;07;06,FM-15,343,21,88,0,0
USW00014763,2024;12;07;07,FM-15,343,21,85,0,0
USW00014763,2024;12;07;08,FM-15,343,24,71,220,6
USW00014763,2024;12;07;09,FM-16,343,24,75,240,6
USW00014763,2024;12;07;09,FM-16,343,24,75,210,5
USW00014763,2024;12;07;09,FM-16,343,25,80,230,6
USW00014763,2024;12;07;09,FM-15,343,25,78,230,6
USW00014763,2024;12;07;10,FM-16,343,26,75,210,6
USW00014763,2024;12;07;10,FM-16,343,28,69,210,7
USW00014763,2024;12;07;10,FM-15,343,28,66,220,8
USW00014763,2024;12;07;11,FM-16,343,28,69,230,7
USW00014763,2024;12;07;11,FM-15,343,29,66,260,10
USW00014763,2024;12;07;12,FM-16,343,28,69,260,9
USW00014763,2024;12;07;12,FM-15,343,29,69,260,9
USW00014763,2024;12;07;13,FM-16,343,29,72,250,9
USW00014763,2024;12;07;13,FM-16,343,29,72,250,6
USW00014763,2024;12;07;13,FM-16,343,28,74,260,7
USW00014763,2024;12;07;13,FM-15,343,29,75,250,6
USW00014763,2024;12;07;14,FM-16,343,29,72,260,8
USW00014763,2024;12;07;14,FM-15,343,30,69,240,8
USW00014763,2024;12;07;15,FM-15,343,30,66,0,0
USW00014763,2024;12;07;16,FM-15,343,29,69,240,5
USW00014763,2024;12;07;17,FM-15,343,28,66,190,3
USW00014763,2024;12;07;18,FM-15,343,27,69,0,0
USW00014763,2024;12;07;19,FM-15,343,29,63,200,7
USW00014763,2024;12;07;20,FM-15,343,28,69,190,5
USW00014763,2024;12;07;21,FM-15,343,29,66,200,8
USW00014763,2024;12;07;22,FM-15,343,28,72,200,9
USW00014763,2024;12;07;23,FM-16,343,28,75,200,8
USW00014763,2024;12;07;23,FM-16,343,28,75,200,9
USW00014763,2024;12;07;23,FM-16,343,28,75,200,9
USW00014763,2024;12;07;23,FM-16,343,28,75,200,10
USW00014763,2024;12;07;23,FM-15,343,27,78,210,8
USW00014763,2024;12;08;00,SOD,,,,,
USW00014763,2024;12;08;00,FM-16,343,27,81,200,13
USW00014763,2024;12;08;00,FM-16,343,27,85,200,10
USW00014763,2024;12;08;00,FM-16,343,27,85,180,10
USW00014763,2024;12;08;00,FM-15,343,27,85,200,14
USW00014763,2024;12;08;01,FM-16,343,27,85,VRB,13
USW00014763,2024;12;08;01,FM-16,343,27,85,190,10
USW00014763,2024;12;08;01,FM-16,343,27,85,200,11
USW00014763,2024;12;08;01,FM-16,343,27,86,200,6
USW00014763,2024;12;08;01,FM-15,343,27,85,200,9
USW00014763,2024;12;08;02,FM-16,343,27,85,200,9
USW00014763,2024;12;08;02,FM-15,343,27,85,230,9
USW00014763,2024;12;08;03,FM-16,343,28,81,230,9
USW00014763,2024;12;08;03,FM-16,343,28,81,210,11
USW00014763,2024;12;08;03,FM-16,343,28,81,210,6
USW00014763,2024;12;08;03,FM-16,343,29,75,,
USW00014763,2024;12;08;03,FM-15,343,29,72,250,8
USW00014763,2024;12;08;04,FM-15,343,31,61,VRB,9
USW00014763,2024;12;08;05,FM-15,343,32,56,240,10
USW00014763,2024;12;08;06,FM-15,343,32,54,240,9
USW00014763,2024;12;08;07,FM-15,343,33,54,230,13
USW00014763,2024;12;08;08,FM-15,343,33,54,230,9
USW00014763,2024;12;08;09,FM-15,343,35,54,240,10
USW00014763,2024;12;08;10,FM-15,343,37,52,240,10
USW00014763,2024;12;08;11,FM-15,343,38,55,230,10
USW00014763,2024;12;08;12,FM-15,343,39,55,240,9
USW00014763,2024;12;08;13,FM-16,343,40,58,250,14
USW00014763,2024;12;08;13,FM-15,343,40,60,250,11
USW00014763,2024;12;08;14,FM-16,343,40,63,240,11
USW00014763,2024;12;08;14,FM-15,343,40,65,250,13
USW00014763,2024;12;08;15,FM-15,343,40,68,280,11
USW00014763,2024;12;08;16,FM-16,343,40,68,290,10
USW00014763,2024;12;08;16,FM-16,343,39,70,270,11
USW00014763,2024;12;08;16,FM-15,343,40,70,270,13
USW00014763,2024;12;08;17,FM-16,343,39,70,280,14
USW00014763,2024;12;08;17,FM-15,343,40,70,270,17
USW00014763,2024;12;08;18,FM-16,343,40,70,280,16
USW00014763,2024;12;08;18,FM-16,343,40,70,280,14
USW00014763,2024;12;08;18,FM-16,343,40,70,280,20
USW00014763,2024;12;08;18,FM-15,343,39,73,280,15
USW00014763,2024;12;08;19,FM-15,343,39,73,270,13
USW00014763,2024;12;08;20,FM-15,343,39,76,270,10
USW00014763,2024;12;08;21,FM-16,343,39,76,280,11
USW00014763,2024;12;08;21,FM-16,343,39,76,270,10
USW00014763,2024;12;08;21,FM-15,343,38,76,280,9
USW00014763,2024;12;08;22,FM-15,343,38,76,290,8
USW00014763,2024;12;08;23,FM-16,343,37,75,310,9
USW00014763,2024;12;08;23,FM-15,343,38,76,310,7
USW00014763,2024;12;09;00,SOD,,,,,
USW00014763,2024;12;09;00,FM-16,343,38,76,310,7
USW00014763,2024;12;09;00,FM-15,343,36,82,300,8
USW00014763,2024;12;09;01,FM-15,343,37,79,310,7
USW00014763,2024;12;09;02,FM-16,343,36,82,280,6
USW00014763,2024;12;09;02,FM-15,343,36,82,0,0
USW00014763,2024;12;09;03,FM-15,343,34,85,240,5
USW00014763,2024;12;09;04,FM-16,343,32,88,130,6
USW00014763,2024;12;09;04,FM-15,343,32,88,270,3
USW00014763,2024;12;09;05,FM-15,343,33,89,0,0
USW00014763,2024;12;09;06,FM-15,343,32,92,260,3
USW00014763,2024;12;09;07,FM-15,343,32,88,0,0
USW00014763,2024;12;09;08,FM-15,343,34,85,0,0
USW00014763,2024;12;09;09,FM-15,343,38,76,40,6
USW00014763,2024;12;09;10,FM-15,343,41,70,0,0
USW00014763,2024;12;09;11,FM-15,343,41,65,130,5
USW00014763,2024;12;09;12,FM-15,343,41,70,100,3
USW00014763,2024;12;09;13,FM-15,343,38,86,80,5
USW00014763,2024;12;09;14,FM-15,343,37,89,110,6
USW00014763,2024;12;09;15,FM-16,343,37,86,50,6
USW00014763,2024;12;09;15,FM-16,343,36,93,40,6
USW00014763,2024;12;09;15,FM-15,343,36,93,60,5
USW00014763,2024;12;09;16,FM-15,343,36,89,60,7
USW00014763,2024;12;09;17,FM-15,343,37,89,80,6
USW00014763,2024;12;09;18,FM-15,343,36,93,70,7
USW00014763,2024;12;09;19,FM-15,343,36,93,30,6
USW00014763,2024;12;09;20,FM-15,343,35,96,50,5
USW00014763,2024;12;09;21,FM-16,343,35,96,30,5
USW00014763,2024;12;09;21,FM-16,343,35,96,40,5
USW00014763,2024;12;09;21,FM-15,343,35,96,20,3
USW00014763,2024;12;09;22,FM-15,343,35,96,30,6
USW00014763,2024;12;09;23,FM-16,343,35,96,30,6
USW00014763,2024;12;09;23,FM-15,343,35,96,30,3
USW00014763,2024;12;10;00,SOD,,,,,
USW00014763,2024;12;10;00,FM-15,343,35,96,30,3
USW00014763,2024;12;10;01,FM-15,343,35,93,40,3
USW00014763,2024;12;10;02,FM-15,343,35,93,40,5
USW00014763,2024;12;10;03,FM-16,343,35,93,50,5
USW00014763,2024;12;10;03,FM-15,343,35,93,40,5
USW00014763,2024;12;10;04,FM-16,343,35,93,60,5
USW00014763,2024;12;10;04,FM-15,343,35,93,50,6
USW00014763,2024;12;10;05,FM-16,343,35,93,50,7
USW00014763,2024;12;10;05,FM-15,343,35,93,50,7
USW00014763,2024;12;10;06,FM-15,343,35,89,70,7
USW00014763,2024;12;10;07,FM-16,343,35,89,60,6
USW00014763,2024;12;10;07,FM-15,343,35,89,70,6
USW00014763,2024;12;10;08,FM-15,343,35,89,80,3
USW00014763,2024;12;10;09,FM-15,343,35,89,60,8
USW00014763,2024;12;10;10,FM-15,343,35,93,70,6
USW00014763,2024;12;10;11,FM-15,343,35,93,50,9
USW00014763,2024;12;10;12,FM-15,343,35,93,60,7
USW00014763,2024;12;10;13,FM-16,343,35,93,50,7
USW00014763,2024;12;10;13,FM-16,343,36,93,60,8
USW00014763,2024;12;10;13,FM-15,343,35,93,60,6
USW00014763,2024;12;10;14,FM-16,343,35,93,40,8
USW00014763,2024;12;10;14,FM-15,343,35,93,60,5
USW00014763,2024;12;10;15,FM-16,343,35,93,60,7
USW00014763,2024;12;10;15,FM-15,343,34,97,70,6
USW00014763,2024;12;10;16,FM-16,343,34,97,50,7
USW00014763,2024;12;10;16,FM-16,343,34,97,60,7
USW00014763,2024;12;10;16,FM-15,343,34,97,60,5
USW00014763,2024;12;10;17,FM-16,343,34,97,60,5
USW00014763,2024;12;10;17,FM-15,343,35,93,50,6
USW00014763,2024;12;10;18,FM-15,343,35,93,100,5
USW00014763,2024;12;10;19,FM-15,343,35,93,VRB,5
USW00014763,2024;12;10;20,FM-15,343,36,93,80,5
USW00014763,2024;12;10;21,FM-15,343,35,96,90,5
USW00014763,2024;12;10;22,FM-15,343,37,89,110,7
USW00014763,2024;12;10;23,FM-16,343,37,93,90,6
USW00014763,2024;12;10;23,FM-16,343,37,93,90,6
USW00014763,2024;12;10;23,FM-16,343,37,93,110,7
USW00014763,2024;12;10;23,FM-15,343,36,97,VRB,5
USW00014763,2024;12;11;00,SOD,,,,,
USW00014763,2024;12;11;00,FM-15,343,36,97,70,7
USW00014763,2024;12;11;01,FM-16,343,36,97,70,6
USW00014763,2024;12;11;01,FM-16,343,37,93,80,7
USW00014763,2024;12;11;01,FM-16,343,37,96,50,5
USW00014763,2024;12;11;01,FM-16,343,36,100,50,5
USW00014763,2024;12;11;01,FM-15,343,36,97,50,5
USW00014763,2024;12;11;02,FM-16,343,36,97,60,5
USW00014763,2024;12;11;02,FM-15,343,37,93,40,6
USW00014763,2024;12;11;03,FM-16,343,37,96,40,7
USW00014763,2024;12;11;03,FM-16,343,37,100,0,0
USW00014763,2024;12;11;03,FM-15,343,38,97,10,3
USW00014763,2024;12;11;04,FM-16,343,38,93,30,7
USW00014763,2024;12;11;04,FM-15,343,38,97,30,6
USW00014763,2024;12;11;05,FM-15,343,38,97,40,5
USW00014763,2024;12;11;06,FM-16,343,39,93,40,5
USW00014763,2024;12;11;06,FM-16,343,38,97,0,0
USW00014763,2024;12;11;06,FM-16,343,37,100,0,0
USW00014763,2024;12;11;06,FM-15,343,39,96,0,0
USW00014763,2024;12;11;07,FM-16,343,38,100,40,3
USW00014763,2024;12;11;07,FM-16,343,38,97,50,3
USW00014763,2024;12;11;07,FM-16,343,39,93,40,5
USW00014763,2024;12;11;07,FM-16,343,39,93,50,5
USW00014763,2024;12;11;07,FM-16,343,39,96,30,3
USW00014763,2024;12;11;07,FM-16,343,39,93,0,0
USW00014763,2024;12;11;07,FM-15,343,39,96,50,5
USW00014763,2024;12;11;07,FM-16,343,39,96,50,5
USW00014763,2024;12;11;08,FM-16,343,40,93,50,7
USW00014763,2024;12;11;08,FM-16,343,40,93,60,7
USW00014763,2024;12;11;08,FM-16,343,40,97,60,6
USW00014763,2024;12;11;08,FM-16,343,41,93,VRB,3
USW00014763,2024;12;11;08,FM-15,343,41,96,100,3
USW00014763,2024;12;11;09,FM-16,343,44,96,VRB,6
USW00014763,2024;12;11;09,FM-16,343,52,88,140,11
USW00014763,2024;12;11;09,FM-15,343,51,92,150,14
USW00014763,2024;12;11;10,FM-16,343,52,93,150,13
USW00014763,2024;12;11;10,FM-16,343,52,93,140,9
USW00014763,2024;12;11;10,FM-15,343,52,97,130,8
USW00014763,2024;12;11;11,FM-16,343,50,100,100,6
USW00014763,2024;12;11;11,FM-16,343,48,96,90,5
USW00014763,2024;12;11;11,FM-16,343,51,96,120,6
USW00014763,2024;12;11;11,FM-15,343,53,96,VRB,5
USW00014763,2024;12;11;12,FM-16,343,54,93,VRB,8
USW00014763,2024;12;11;12,FM-16,343,55,93,VRB,7
USW00014763,2024;12;11;12,FM-16,343,55,93,170,10
USW00014763,2024;12;11;12,FM-16,343,55,94,VRB,11
USW00014763,2024;12;11;12,FM-15,343,56,90,170,10
USW00014763,2024;12;11;13,FM-16,343,56,93,160,11
USW00014763,2024;12;11;13,FM-16,343,56,93,170,10
USW00014763,2024;12;11;13,FM-16,343,56,93,170,9
USW00014763,2024;12;11;13,FM-15,343,56,93,VRB,7
USW00014763,2024;12;11;14,FM-15,343,56,93,130,8
USW00014763,2024;12;11;15,FM-16,343,57,93,140,8
USW00014763,2024;12;11;15,FM-16,343,57,93,130,7
USW00014763,2024;12;11;15,FM-16,343,57,94,150,10
USW00014763,2024;12;11;15,FM-15,343,57,90,160,10
USW00014763,2024;12;11;16,FM-16,343,58,90,VRB,6
USW00014763,2024;12;11;16,FM-16,343,54,93,270,8
USW00014763,2024;12;11;16,FM-16,343,53,89,250,14
USW00014763,2024;12;11;16,FM-16,343,52,94,240,14
USW00014763,2024;12;11;16,FM-16,343,52,88,220,10
USW00014763,2024;12;11;16,FM-15,343,51,92,220,11
USW00014763,2024;12;11;17,FM-16,343,51,92,240,13
USW00014763,2024;12;11;17,FM-16,343,51,92,240,10
USW00014763,2024;12;11;17,FM-15,343,50,93,170,3
USW00014763,2024;12;11;18,FM-16,343,50,96,280,3
USW00014763,2024;12;11;18,FM-16,343,49,97,250,9
USW00014763,2024;12;11;18,FM-16,343,47,93,290,11
USW00014763,2024;12;11;18,FM-16,343,46,93,280,14
USW00014763,2024;12;11;18,FM-16,343,45,90,270,13
USW00014763,2024;12;11;18,FM-16,343,45,93,290,16
USW00014763,2024;12;11;18,FM-15,343,44,89,270,13
USW00014763,2024;12;11;19,FM-16,343,44,89,270,10
USW00014763,2024;12;11;19,FM-16,343,41,93,270,11
USW00014763,2024;12;11;19,FM-16,343,39,87,VRB,9
USW00014763,2024;12;11;19,FM-15,343,40,86,VRB,7
USW00014763,2024;12;11;20,FM-15,343,38,89,280,15
USW00014763,2024;12;11;21,FM-15,343,35,85,VRB,13
USW00014763,2024;12;11;22,FM-16,343,34,87,280,14
USW00014763,2024;12;11;22,FM-15,343,34,85,VRB,11
USW00014763,2024;12;11;23,FM-16,343,33,89,280,17
USW00014763,2024;12;11;23,FM-16,343,33,89,270,16
USW00014763,2024;12;11;23,FM-15,343,33,89,280,15
USW00014763,2024;12;12;00,SOD,,,,,
USW00014763,2024;12;12;00,FM-16,343,33,89,290,16
USW00014763,2024;12;12;00,FM-16,343,33,89,280,16
USW00014763,2024;12;12;00,FM-16,343,32,93,260,8
USW00014763,2024;12;12;00,FM-15,343,32,92,290,10
USW00014763,2024;12;12;01,FM-16,343,32,92,280,14
USW00014763,2024;12;12;01,FM-16,343,32,88,280,9
USW00014763,2024;12;12;01,FM-15,343,32,88,290,15
USW00014763,2024;12;12;02,FM-16,343,33,85,280,17
USW00014763,2024;12;12;02,FM-16,343,32,88,280,13
USW00014763,2024;12;12;02,FM-15,343,32,82,280,16
USW00014763,2024;12;12;03,FM-15,343,32,75,270,10
USW00014763,2024;12;12;04,FM-15,343,32,75,250,9
USW00014763,2024;12;12;05,FM-15,343,31,69,270,14
USW00014763,2024;12;12;06,FM-15,343,30,69,250,11
USW00014763,2024;12;12;07,FM-15,343,29,69,240,9
USW00014763,2024;12;12;08,FM-15,343,31,61,230,9
USW00014763,2024;12;12;09,FM-15,343,32,59,230,13
USW00014763,2024;12;12;10,FM-15,343,33,58,240,15
USW00014763,2024;12;12;11,FM-15,343,33,56,250,15
USW00014763,2024;12;12;12,FM-16,343,32,69,290,11
USW00014763,2024;12;12;12,FM-15,343,31,67,290,14
USW00014763,2024;12;12;13,FM-15,343,32,56,280,17
USW00014763,2024;12;12;14,FM-15,343,30,47,290,21
USW00014763,2024;12;12;15,FM-15,343,27,53,290,14
USW00014763,2024;12;12;16,FM-15,343,25,50,270,18
USW00014763,2024;12;12;17,FM-15,343,24,57,280,15
USW00014763,2024;12;12;18,FM-15,343,23,55,270,10
USW00014763,2024;12;12;19,FM-15,343,23,55,270,13
USW00014763,2024;12;12;20,FM-15,343,22,55,250,11
USW00014763,2024;12;12;21,FM-15,343,21,57,250,10
USW00014763,2024;12;12;22,FM-15,343,20,57,250,8
USW00014763,2024;12;12;23,FM-15,343,20,57,240,7
USW00014763,2024;12;13;00,SOD,,,,,
USW00014763,2024;12;13;00,FM-15,343,21,54,220,6
USW00014763,2024;12;13;01,FM-15,343,21,57,240,5
USW00014763,2024;12;13;02,FM-15,343,21,59,250,6
USW00014763,2024;12;13;03,FM-15,343,21,59,230,3
USW00014763,2024;12;13;04,FM-15,343,18,65,250,3
USW00014763,2024;12;13;05,FM-15,343,18,65,230,3
USW00014763,2024;12;13;06,FM-15,343,18,62,260,8
USW00014763,2024;12;13;07,FM-15,343,19,62,270,7
USW00014763,2024;12;13;08,FM-15,343,20,57,270,10
USW00014763,2024;12;13;09,FM-15,343,22,55,280,13
USW00014763,2024;12;13;10,FM-15,343,22,55,290,13
USW00014763,2024;12;13;11,FM-15,343,24,50,290,14
USW00014763,2024;12;13;12,FM-15,343,25,53,280,15
USW00014763,2024;12;13;13,FM-15,343,23,53,300,16
USW00014763,2024;12;13;14,FM-15,343,23,53,310,13
USW00014763,2024;12;13;15,FM-15,343,22,55,310,13
USW00014763,2024;12;13;16,FM-15,343,21,54,300,8
USW00014763,2024;12;13;17,FM-15,343,20,60,290,3
USW00014763,2024;12;13;18,FM-15,343,19,65,300,5
USW00014763,2024;12;13;19,FM-15,343,19,65,VRB,3
USW00014763,2024;12;13;20,FM-15,343,19,68,310,9
USW00014763,2024;12;13;21,FM-15,343,19,71,320,8
USW00014763,2024;12;13;22,FM-15,343,20,68,290,7
USW00014763,2024;12;13;23,FM-15,343,17,77,0,0
USW00014763,2024;12;14;00,SOD,,,,,
USW00014763,2024;12;14;00,FM-15,343,18,74,0,0
USW00014763,2024;12;14;01,FM-15,343,18,77,0,0
USW00014763,2024;12;14;02,FM-15,343,16,80,290,7
USW00014763,2024;12;14;03,FM-15,343,16,80,290,7
USW00014763,2024;12;14;04,FM-15,343,15,80,290,6
USW00014763,2024;12;14;05,FM-15,343,15,80,230,6
USW00014763,2024;12;14;06,FM-15,343,15,77,250,5
USW00014763,2024;12;14;07,FM-15,343,15,80,240,3
USW00014763,2024;12;14;08,FM-15,343,19,74,250,5
USW00014763,2024;12;14;09,FM-15,343,22,68,VRB,3
USW00014763,2024;12;14;10,FM-15,343,24,60,0,0
USW00014763,2024;12;14;11,FM-15,343,26,57,260,5
USW00014763,2024;12;14;12,FM-15,343,27,55,,
USW00014763,2024;12;14;13,FM-15,343,28,53,280,6
USW00014763,2024;12;14;14,FM-15,343,27,55,290,7
USW00014763,2024;12;14;15,FM-15,343,25,60,280,8
USW00014763,2024;12;14;16,FM-15,343,22,63,270,6
USW00014763,2024;12;14;17,FM-15,343,21,65,240,6
USW00014763,2024;12;14;18,FM-15,343,19,68,220,3
USW00014763,2024;12;14;19,FM-15,343,17,74,0,0
USW00014763,2024;12;14;20,FM-15,343,14,80,250,3
USW00014763,2024;12;14;21,FM-15,343,13,84,0,0
USW00014763,2024;12;14;22,FM-15,343,14,80,0,0
USW00014763,2024;12;14;23,FM-15,343,14,80,0,0
USW00014763,2024;12;15;00,SOD,,,,,
USW00014763,2024;12;15;00,FM-15,343,12,84,0,0
USW00014763,2024;12;15;01,FM-15,343,12,84,0,0
USW00014763,2024;12;15;02,FM-15,343,11,84,0,0
USW00014763,2024;12;15;03,FM-15,343,10,87,0,0
USW00014763,2024;12;15;04,FM-15,343,10,84,0,0
USW00014763,2024;12;15;05,FM-15,343,12,80,0,0
USW00014763,2024;12;15;06,FM-15,343,10,80,0,0
USW00014763,2024;12;15;07,FM-15,343,11,84,0,0
USW00014763,2024;12;15;08,FM-15,343,15,88,0,0
USW00014763,2024;12;15;09,FM-15,343,19,77,0,0
USW00014763,2024;12;15;10,FM-15,343,24,65,20,3
USW00014763,2024;12;15;11,FM-15,343,27,58,0,0
USW00014763,2024;12;15;12,FM-15,343,29,58,0,0
USW00014763,2024;12;15;13,FM-15,343,30,58,130,5
USW00014763,2024;12;15;14,FM-15,343,31,59,90,3
USW00014763,2024;12;15;15,FM-15,343,31,61,80,3
USW00014763,2024;12;15;16,FM-15,343,30,61,150,8
USW00014763,2024;12;15;17,FM-15,343,30,64,130,6
USW00014763,2024;12;15;18,FM-15,343,28,63,0,0
USW00014763,2024;12;15;19,FM-15,343,28,66,VRB,5
USW00014763,2024;12;15;20,FM-15,343,30,72,0,0
USW00014763,2024;12;15;21,FM-15,343,30,72,120,6
USW00014763,2024;12;15;22,FM-15,343,30,72,140,6
USW00014763,2024;12;15;23,FM-15,343,30,75,140,7
USW00014763,2024;12;16;00,SOD,,,,,
USW00014763,2024;12;16;00,FM-15,343,29,78,40,7
USW00014763,2024;12;16;01,FM-16,343,28,85,20,6
USW00014763,2024;12;16;01,FM-16,343,28,85,40,6
USW00014763,2024;12;16;01,FM-16,343,28,85,40,5
USW00014763,2024;12;16;01,FM-16,343,28,88,60,3
USW00014763,2024;12;16;01,FM-16,343,28,86,50,3
USW00014763,2024;12;16;01,FM-15,343,28,88,40,5
USW00014763,2024;12;16;02,FM-16,343,28,88,50,6
USW00014763,2024;12;16;02,FM-15,343,28,92,50,7
USW00014763,2024;12;16;03,FM-16,343,28,92,40,6
USW00014763,2024;12;16;03,FM-16,343,28,92,40,5
USW00014763,2024;12;16;03,FM-16,343,29,89,50,6
USW00014763,2024;12;16;03,FM-16,343,28,92,50,5
USW00014763,2024;12;16;03,FM-15,343,29,92,60,3
USW00014763,2024;12;16;04,FM-16,343,29,92,40,5
USW00014763,2024;12;16;04,FM-16,343,29,92,50,6
USW00014763,2024;12;16;04,FM-16,343,29,92,50,6
USW00014763,2024;12;16;04,FM-15,343,29,92,30,5
USW00014763,2024;12;16;05,FM-16,343,29,92,30,5
USW00014763,2024;12;16;05,FM-16,343,29,92,50,5
USW00014763,2024;12;16;05,FM-15,343,29,92,30,5
USW00014763,2024;12;16;06,FM-15,343,30,92,60,3
USW00014763,2024;12;16;07,FM-16,343,30,92,60,5
USW00014763,2024;12;16;07,FM-15,343,30,92,0,0
USW00014763,2024;12;16;08,FM-15,343,31,92,30,3
USW00014763,2024;12;16;09,FM-15,343,32,92,40,5
USW00014763,2024;12;16;10,FM-15,343,33,92,40,7
USW00014763,2024;12;16;11,FM-15,343,34,92,30,6
USW00014763,2024;12;16;12,FM-16,343,35,93,50,6
USW00014763,2024;12;16;12,FM-15,343,35,93,30,5
USW00014763,2024;12;16;13,FM-16,343,35,93,40,7
USW00014763,2024;12;16;13,FM-16,343,35,93,30,6
USW00014763,2024;12;16;13,FM-15,343,36,93,0,0
USW00014763,2024;12;16;14,FM-16,343,36,93,40,3
USW00014763,2024;12;16;14,FM-16,343,36,93,0,0
USW00014763,2024;12;16;14,FM-16,343,36,97,60,5
USW00014763,2024;12;16;14,FM-16,343,36,97,0,0
USW00014763,2024;12;16;14,FM-15,343,37,93,0,0
USW00014763,2024;12;16;15,FM-16,343,37,93,0,0
USW00014763,2024;12;16;15,FM-16,343,37,93,110,6
USW00014763,2024;12;16;15,FM-16,343,37,89,120,6
USW00014763,2024;12;16;15,FM-16,343,37,87,110,5
USW00014763,2024;12;16;15,FM-16,343,37,93,110,6
USW00014763,2024;12;16;15,FM-15,343,37,93,120,6
USW00014763,2024;12;16;16,FM-16,343,37,93,120,7
USW00014763,2024;12;16;16,FM-16,343,37,89,120,8
USW00014763,2024;12;16;16,FM-15,343,37,93,130,10
USW00014763,2024;12;16;17,FM-15,343,38,93,120,10
USW00014763,2024;12;16;18,FM-15,343,41,86,110,8
USW00014763,2024;12;16;19,FM-15,343,41,86,170,6
USW00014763,2024;12;16;20,FM-15,343,42,85,180,10
USW00014763,2024;12;16;21,FM-15,343,43,89,VRB,9
USW00014763,2024;12;16;22,FM-16,343,44,89,130,11
USW00014763,2024;12;16;22,FM-15,343,44,93,150,14
USW00014763,2024;12;16;23,FM-16,343,45,90,VRB,10
USW00014763,2024;12;16;23,FM-15,343,44,96,VRB,5
USW00014763,2024;12;17;00,SOD,,,,,
USW00014763,2024;12;17;00,FM-16,343,46,93,210,9
USW00014763,2024;12;17;00,FM-15,343,47,90,200,9
USW00014763,2024;12;17;00,FM-16,343,47,90,200,10
USW00014763,2024;12;17;01,FM-16,343,46,93,190,13
USW00014763,2024;12;17;01,FM-15,343,47,93,180,11
USW00014763,2024;12;17;02,FM-16,343,47,93,200,10
USW00014763,2024;12;17;02,FM-15,343,48,89,200,9
USW00014763,2024;12;17;03,FM-16,343,48,89,VRB,6
USW00014763,2024;12;17;03,FM-16,343,48,86,200,9
USW00014763,2024;12;17;03,FM-15,343,47,90,210,13
USW00014763,2024;12;17;04,FM-16,343,47,86,210,15
USW00014763,2024;12;17;04,FM-15,343,46,93,210,11
USW00014763,2024;12;17;05,FM-16,343,46,89,220,11
USW00014763,2024;12;17;05,FM-16,343,46,89,230,13
USW00014763,2024;12;17;05,FM-15,343,46,89,240,7
USW00014763,2024;12;17;06,FM-16,343,46,89,VRB,6
USW00014763,2024;12;17;06,FM-16,343,45,90,240,11
USW00014763,2024;12;17;06,FM-15,343,44,93,230,11
USW00014763,2024;12;17;07,FM-15,343,44,93,240,10
USW00014763,2024;12;17;08,FM-16,343,45,93,230,7
USW00014763,2024;12;17;08,FM-15,343,45,93,230,7
USW00014763,2024;12;17;09,FM-16,343,47,90,240,9
USW00014763,2024;12;17;09,FM-15,343,45,93,250,9
USW00014763,2024;12;17;10,FM-16,343,45,93,220,7
USW00014763,2024;12;17;10,FM-15,343,45,90,220,10
USW00014763,2024;12;17;11,FM-16,343,46,87,230,7
USW00014763,2024;12;17;11,FM-15,343,47,86,220,7
USW00014763,2024;12;17;11,FM-16,343,47,86,230,10
USW00014763,2024;12;17;12,FM-16,343,47,86,230,9
USW00014763,2024;12;17;12,FM-16,343,48,82,210,8
USW00014763,2024;12;17;12,FM-15,343,48,80,220,8
USW00014763,2024;12;17;13,FM-15,343,51,66,260,11
USW00014763,2024;12;17;14,FM-15,343,52,61,310,8
USW00014763,2024;12;17;15,FM-15,343,46,71,270,8
USW00014763,2024;12;17;16,FM-15,343,44,71,310,11
USW00014763,2024;12;17;17,FM-15,343,41,70,,
USW00014763,2024;12;17;18,FM-15,343,39,70,240,3
USW00014763,2024;12;17;19,FM-15,343,40,68,290,8
USW00014763,2024;12;17;20,FM-15,343,39,70,280,7
USW00014763,2024;12;17;21,FM-15,343,39,70,260,7
USW00014763,2024;12;17;22,FM-15,343,39,70,270,7
USW00014763,2024;12;17;23,FM-15,343,37,73,270,6
USW00014763,2024;12;18;00,SOD,,,,,
USW00014763,2024;12;18;00,FM-15,343,38,73,240,6
USW00014763,2024;12;18;01,FM-15,343,37,79,240,3
USW00014763,2024;12;18;02,FM-15,343,37,79,230,6
USW00014763,2024;12;18;03,FM-15,343,37,82,260,6
USW00014763,2024;12;18;04,FM-16,343,37,82,VRB,5
USW00014763,2024;12;18;04,FM-15,343,37,82,,
USW00014763,2024;12;18;05,FM-16,343,36,82,260,6
USW00014763,2024;12;18;05,FM-15,343,35,85,0,0
USW00014763,2024;12;18;06,FM-16,343,36,81,250,3
USW00014763,2024;12;18;06,FM-15,343,34,85,250,5
USW00014763,2024;12;18;07,FM-15,343,33,89,0,0
USW00014763,2024;12;18;08,FM-15,343,35,85,0,0
USW00014763,2024;12;18;09,FM-15,343,40,73,0,0
USW00014763,2024;12;18;10,FM-15,343,41,67,0,0
USW00014763,2024;12;18;11,FM-15,343,41,65,240,9
USW00014763,2024;12;18;12,FM-15,343,43,60,VRB,6
USW00014763,2024;12;18;13,FM-15,343,43,63,220,5
USW00014763,2024;12;18;14,FM-15,343,43,65,0,0
USW00014763,2024;12;18;15,FM-15,343,43,65,210,5
USW00014763,2024;12;18;16,FM-15,343,41,73,240,3
USW00014763,2024;12;18;17,FM-15,343,40,83,290,6
USW00014763,2024;12;18;18,FM-16,343,39,86,VRB,7
USW00014763,2024;12;18;18,FM-16,343,38,86,240,8
USW00014763,2024;12;18;18,FM-16,343,36,93,270,6
USW00014763,2024;12;18;18,FM-15,343,36,93,270,6
USW00014763,2024;12;18;18,FM-16,343,36,89,260,6
USW00014763,2024;12;18;19,FM-16,343,35,93,250,5
USW00014763,2024;12;18;19,FM-16,343,34,97,0,0
USW00014763,2024;12;18;19,FM-15,343,34,92,0,0
USW00014763,2024;12;18;20,FM-16,343,34,97,0,0
USW00014763,2024;12;18;20,FM-16,343,34,97,0,0
USW00014763,2024;12;18;20,FM-16,343,33,96,0,0
USW00014763,2024;12;18;20,FM-16,343,34,93,0,0
USW00014763,2024;12;18;20,FM-15,343,33,96,0,0
USW00014763,2024;12;18;21,FM-16,343,33,96,0,0
USW00014763,2024;12;18;21,FM-16,343,33,96,0,0
USW00014763,2024;12;18;21,FM-16,343,33,96,0,0
USW00014763,2024;12;18;21,FM-15,343,33,96,0,0
USW00014763,2024;12;18;22,FM-16,343,33,96,0,0
USW00014763,2024;12;18;22,FM-16,343,33,96,0,0
USW00014763,2024;12;18;22,FM-16,343,33,96,0,0
USW00014763,2024;12;18;22,FM-16,343,33,96,0,0
USW00014763,2024;12;18;22,FM-16,343,34,93,0,0
USW00014763,2024;12;18;22,FM-16,343,34,93,0,0
USW00014763,2024;12;18;22,FM-15,343,33,96,0,0
USW00014763,2024;12;18;23,FM-16,343,33,96,0,0
USW00014763,2024;12;18;23,FM-16,343,33,96,0,0
USW00014763,2024;12;18;23,FM-16,343,33,96,230,3
USW00014763,2024;12;18;23,FM-16,343,34,93,230,3
USW00014763,2024;12;18;23,FM-15,343,33,96,230,3
USW00014763,2024;12;19;00,SOD,,,,,
USW00014763,2024;12;19;00,FM-16,343,33,96,290,6
USW00014763,2024;12;19;00,FM-16,343,33,96,270,6
USW00014763,2024;12;19;00,FM-15,343,34,97,280,6
USW00014763,2024;12;19;01,FM-15,343,35,89,290,14
USW00014763,2024;12;19;02,FM-15,343,35,85,300,10
USW00014763,2024;12;19;03,FM-16,343,35,85,290,14
USW00014763,2024;12;19;03,FM-16,343,34,87,290,16
USW00014763,2024;12;19;03,FM-15,343,34,85,300,18
USW00014763,2024;12;19;04,FM-16,343,34,85,300,14
USW00014763,2024;12;19;04,FM-16,343,34,85,310,11
USW00014763,2024;12;19;04,FM-16,343,34,85,300,11
USW00014763,2024;12;19;04,FM-15,343,34,85,310,11
USW00014763,2024;12;19;05,FM-15,343,33,85,290,15
USW00014763,2024;12;19;06,FM-16,343,33,82,300,15
USW00014763,2024;12;19;06,FM-16,343,34,75,300,13
USW00014763,2024;12;19;06,FM-15,343,33,78,290,11
USW00014763,2024;12;19;07,FM-15,343,32,73,300,15
USW00014763,2024;12;19;08,FM-15,343,33,66,340,10
USW00014763,2024;12;19;09,FM-15,343,34,64,300,10
USW00014763,2024;12;19;10,FM-15,343,33,66,VRB,10
USW00014763,2024;12;19;11,FM-16,343,33,72,290,11
USW00014763,2024;12;19;11,FM-16,343,34,64,310,13
USW00014763,2024;12;19;11,FM-15,343,33,64,310,11
USW00014763,2024;12;19;12,FM-15,343,33,61,290,17
USW00014763,2024;12;19;13,FM-15,343,33,58,280,15
USW00014763,2024;12;19;14,FM-15,343,33,58,270,13
USW00014763,2024;12;19;15,FM-15,343,32,61,290,9
USW00014763,2024;12;19;16,FM-15,343,30,66,310,10
USW00014763,2024;12;19;17,FM-15,343,29,63,320,6
USW00014763,2024;12;19;18,FM-15,343,28,63,240,3
USW00014763,2024;12;19;19,FM-15,343,27,69,260,5
USW00014763,2024;12;19;20,FM-15,343,27,69,260,5
USW00014763,2024;12;19;22,FM-15,343,27,72,0,0
USW00014763,2024;12;19;23,FM-15,343,27,72,0,0
USW00014763,2024;12;20;00,SOD,,,,,
USW00014763,2024;12;20;00,FM-15,343,27,75,10,3
USW00014763,2024;12;20;01,FM-15,343,27,78,50,3
USW00014763,2024;12;20;02,FM-15,343,27,78,0,0
USW00014763,2024;12;20;03,FM-16,343,27,78,0,0
USW00014763,2024;12;20;03,FM-15,343,27,78,60,5
USW00014763,2024;12;20;04,FM-16,343,27,78,70,5
USW00014763,2024;12;20;04,FM-15,343,27,75,80,6
USW00014763,2024;12;20;05,FM-15,343,27,78,90,3
USW00014763,2024;12;20;06,FM-16,343,27,78,80,5
USW00014763,2024;12;20;06,FM-15,343,27,78,70,3
USW00014763,2024;12;20;07,FM-16,343,27,78,90,5
USW00014763,2024;12;20;07,FM-15,343,27,75,70,6
USW00014763,2024;12;20;08,FM-15,343,27,72,60,9
USW00014763,2024;12;20;09,FM-15,343,27,75,50,8
USW00014763,2024;12;20;10,FM-15,343,27,75,50,6
USW00014763,2024;12;20;11,FM-15,343,27,78,60,6
USW00014763,2024;12;20;12,FM-16,343,27,78,50,10
USW00014763,2024;12;20;12,FM-15,343,27,81,50,7
USW00014763,2024;12;20;13,FM-16,343,27,81,60,7
USW00014763,2024;12;20;13,FM-15,343,27,81,60,7
USW00014763,2024;12;20;13,FM-16,343,27,85,60,9
USW00014763,2024;12;20;14,FM-16,343,27,85,50,8
USW00014763,2024;12;20;14,FM-16,343,27,81,50,9
USW00014763,2024;12;20;14,FM-15,343,27,85,50,6
USW00014763,2024;12;20;15,FM-16,343,27,85,30,7
USW00014763,2024;12;20;15,FM-16,343,27,85,30,7
USW00014763,2024;12;20;15,FM-15,343,27,85,30,5
USW00014763,2024;12;20;16,FM-16,343,28,78,40,8
USW00014763,2024;12;20;16,FM-16,343,28,78,50,7
USW00014763,2024;12;20;16,FM-16,343,27,80,40,9
USW00014763,2024;12;20;16,FM-15,343,27,81,30,6
USW00014763,2024;12;20;17,FM-16,343,27,85,30,5
USW00014763,2024;12;20;17,FM-15,343,27,85,20,3
USW00014763,2024;12;20;18,FM-16,343,27,85,20,5
USW00014763,2024;12;20;18,FM-15,343,27,85,40,6
USW00014763,2024;12;20;19,FM-15,343,27,85,40,8
USW00014763,2024;12;20;20,FM-16,343,27,85,30,5
USW00014763,2024;12;20;20,FM-16,343,27,85,30,7
USW00014763,2024;12;20;20,FM-16,343,27,86,30,6
USW00014763,2024;12;20;20,FM-15,343,27,85,30,5
USW00014763,2024;12;20;21,FM-16,343,26,88,30,6
USW00014763,2024;12;20;21,FM-16,343,26,88,30,5
USW00014763,2024;12;20;21,FM-15,343,26,88,30,5
USW00014763,2024;12;20;22,FM-16,343,27,85,0,0
USW00014763,2024;12;20;22,FM-16,343,27,86,0,0
USW00014763,2024;12;20;22,FM-15,343,27,85,0,0
USW00014763,2024;12;20;23,FM-16,343,27,85,0,0
USW00014763,2024;12;20;23,FM-15,343,26,84,0,0
USW00014763,2024;12;21;00,SOD,,,,,
USW00014763,2024;12;21;00,FM-15,343,26,84,330,5
USW00014763,2024;12;21;01,FM-16,343,25,88,310,7
USW00014763,2024;12;21;01,FM-16,343,25,85,300,6
USW00014763,2024;12;21;01,FM-15,343,25,85,300,8
USW00014763,2024;12;21;02,FM-16,343,24,88,310,8
USW00014763,2024;12;21;02,FM-16,343,24,88,270,6
USW00014763,2024;12;21;02,FM-15,343,24,84,260,7
USW00014763,2024;12;21;03,FM-16,343,24,84,260,7
USW00014763,2024;12;21;03,FM-16,343,24,84,280,6
USW00014763,2024;12;21;03,FM-16,343,23,88,260,7
USW00014763,2024;12;21;03,FM-16,343,23,88,250,8
USW00014763,2024;12;21;03,FM-15,343,23,85,300,9
USW00014763,2024;12;21;04,FM-16,343,23,85,300,8
USW00014763,2024;12;21;04,FM-15,343,22,82,300,11
USW00014763,2024;12;21;05,FM-15,343,20,81,310,7
USW00014763,2024;12;21;06,FM-15,343,19,81,290,10
USW00014763,2024;12;21;07,FM-15,343,19,74,310,11
USW00014763,2024;12;21;08,FM-15,343,19,71,320,11
USW00014763,2024;12;21;09,FM-16,343,19,71,320,10
USW00014763,2024;12;21;09,FM-16,343,19,73,320,8
USW00014763,2024;12;21;09,FM-15,343,19,74,340,7
USW00014763,2024;12;21;10,FM-16,343,19,74,320,11
USW00014763,2024;12;21;10,FM-15,343,19,74,320,10
USW00014763,2024;12;21;11,FM-16,343,19,81,310,10
USW00014763,2024;12;21;11,FM-16,343,19,81,290,10
USW00014763,2024;12;21;11,FM-16,343,18,77,290,15
USW00014763,2024;12;21;11,FM-15,343,18,77,290,16
USW00014763,2024;12;21;12,FM-16,343,18,74,VRB,16
USW00014763,2024;12;21;12,FM-16,343,18,71,280,14
USW00014763,2024;12;21;12,FM-16,343,18,73,300,17
USW00014763,2024;12;21;12,FM-15,343,18,71,300,13
USW00014763,2024;12;21;13,FM-16,343,18,68,300,11
USW00014763,2024;12;21;13,FM-16,343,18,74,280,16
USW00014763,2024;12;21;13,FM-16,343,18,71,280,10
USW00014763,2024;12;21;13,FM-16,343,18,73,290,14
USW00014763,2024;12;21;13,FM-15,343,18,74,300,16
USW00014763,2024;12;21;14,FM-16,343,17,74,300,13
USW00014763,2024;12;21;14,FM-16,343,17,70,280,15
USW00014763,2024;12;21;14,FM-15,343,17,70,280,14
USW00014763,2024;12;21;15,FM-16,343,17,68,280,16
USW00014763,2024;12;21;15,FM-16,343,17,68,280,14
USW00014763,2024;12;21;15,FM-15,343,16,67,290,16
USW00014763,2024;12;21;16,FM-16,343,16,67,300,14
USW00014763,2024;12;21;16,FM-15,343,16,65,VRB,5
USW00014763,2024;12;21;17,FM-15,343,14,64,300,17
USW00014763,2024;12;21;18,FM-15,343,12,64,290,10
USW00014763,2024;12;21;19,FM-15,343,11,64,290,13
USW00014763,2024;12;21;20,FM-15,343,10,67,290,15
USW00014763,2024;12;21;21,FM-15,343,9,66,300,10
USW00014763,2024;12;21;22,FM-15,343,8,69,290,11
USW00014763,2024;12;21;23,FM-15,343,7,70,280,13
USW00014763,2024;12;22;00,SOD,,,,,
USW00014763,2024;12;22;00,FM-15,343,6,73,270,10
USW00014763,2024;12;22;01,FM-15,343,5,76,290,13
USW00014763,2024;12;22;02,FM-15,343,4,73,290,14
USW00014763,2024;12;22;03,FM-15,343,3,76,300,13
USW00014763,2024;12;22;04,FM-15,343,2,76,300,21
USW00014763,2024;12;22;05,FM-15,343,1,75,310,11
USW00014763,2024;12;22;06,FM-15,343,0,76,0,0
USW00014763,2024;12;22;07,FM-16,343,0,76,0,0
USW00014763,2024;12;22;07,FM-15,343,1,72,360,5
USW00014763,2024;12;22;08,FM-16,343,1,72,310,7
USW00014763,2024;12;22;08,FM-16,343,1,71,330,6
USW00014763,2024;12;22;08,FM-15,343,1,72,330,8
USW00014763,2024;12;22;09,FM-15,343,2,69,310,8
USW00014763,2024;12;22;10,FM-15,343,4,66,320,13
USW00014763,2024;12;22;11,FM-16,343,5,63,320,5
USW00014763,2024;12;22;11,FM-15,343,5,63,310,10
USW00014763,2024;12;22;12,FM-15,343,6,63,330,9
USW00014763,2024;12;22;13,FM-15,343,7,60,330,10
USW00014763,2024;12;22;14,FM-15,343,7,57,320,9
USW00014763,2024;12;22;15,FM-15,343,6,60,0,0
USW00014763,2024;12;22;16,FM-15,343,5,57,320,5
USW00014763,2024;12;22;17,FM-15,343,2,63,VRB,3
USW00014763,2024;12;22;18,FM-15,343,4,60,0,0
USW00014763,2024;12;22;19,FM-15,343,2,65,310,5
USW00014763,2024;12;22;20,FM-15,343,1,72,0,0
USW00014763,2024;12;22;21,FM-15,343,-3,75,270,5
USW00014763,2024;12;22;22,FM-15,343,0,72,0,0
USW00014763,2024;12;22;23,FM-15,343,-2,79,0,0
USW00014763,2024;12;23;00,SOD,,,,,
USW00014763,2024;12;23;00,FM-15,343,-3,79,0,0
USW00014763,2024;12;23;01,FM-15,343,-4,75,0,0
USW00014763,2024;12;23;02,FM-15,343,-4,75,0,0
USW00014763,2024;12;23;03,FM-15,343,-5,83,0,0
USW00014763,2024;12;23;04,FM-15,343,-5,79,0,0
USW00014763,2024;12;23;05,FM-15,343,-6,83,0,0
USW00014763,2024;12;23;06,FM-15,343,-7,82,360,5
USW00014763,2024;12;23;07,FM-15,343,-5,83,0,0
USW00014763,2024;12;23;08,FM-15,343,0,79,0,0
USW00014763,2024;12;23;09,FM-15,343,4,80,0,0
USW00014763,2024;12;23;10,FM-15,343,11,67,40,3
USW00014763,2024;12;23;11,FM-15,343,13,56,0,0
USW00014763,2024;12;23;12,FM-15,343,16,47,210,7
USW00014763,2024;12;23;13,FM-15,343,19,45,160,5
USW00014763,2024;12;23;14,FM-15,343,20,41,200,6
USW00014763,2024;12;23;15,FM-15,343,20,36,210,7
USW00014763,2024;12;23;16,FM-15,343,19,37,VRB,3
USW00014763,2024;12;23;17,FM-15,343,19,39,170,3
USW00014763,2024;12;23;18,FM-15,343,17,45,120,5
USW00014763,2024;12;23;19,FM-15,343,19,41,130,5
USW00014763,2024;12;23;20,FM-15,343,19,43,0,0
USW00014763,2024;12;23;21,FM-15,343,20,45,190,9
USW00014763,2024;12;23;22,FM-15,343,20,50,VRB,3
USW00014763,2024;12;23;23,FM-15,343,21,52,200,7
USW00014763,2024;12;24;00,SOD,,,,,
USW00014763,2024;12;24;00,FM-15,343,22,57,180,6
USW00014763,2024;12;24;01,FM-15,343,22,63,190,6
USW00014763,2024;12;24;02,FM-15,343,23,63,200,7
USW00014763,2024;12;24;03,FM-15,343,24,60,190,6
USW00014763,2024;12;24;04,FM-16,343,23,68,220,9
USW00014763,2024;12;24;04,FM-16,343,23,74,210,10
USW00014763,2024;12;24;04,FM-15,343,22,75,210,9
USW00014763,2024;12;24;05,FM-15,343,22,82,230,8
USW00014763,2024;12;24;06,FM-16,343,22,82,220,5
USW00014763,2024;12;24;06,FM-16,343,22,82,240,8
USW00014763,2024;12;24;06,FM-16,343,22,82,220,8
USW00014763,2024;12;24;06,FM-16,343,22,82,230,9
USW00014763,2024;12;24;06,FM-16,343,22,82,230,8
USW00014763,2024;12;24;06,FM-15,343,22,82,220,8
USW00014763,2024;12;24;07,FM-16,343,22,82,VRB,7
USW00014763,2024;12;24;07,FM-15,343,22,82,0,0
USW00014763,2024;12;24;08,FM-15,343,22,85,230,7
USW00014763,2024;12;24;09,FM-16,343,23,81,260,6
USW00014763,2024;12;24;09,FM-15,343,23,81,240,5
USW00014763,2024;12;24;10,FM-15,343,23,85,240,5
USW00014763,2024;12;24;11,FM-16,343,24,81,0,0
USW00014763,2024;12;24;11,FM-15,343,25,81,0,0
USW00014763,2024;12;24;12,FM-15,343,25,81,250,3
USW00014763,2024;12;24;13,FM-15,343,27,78,310,6
USW00014763,2024;12;24;14,FM-15,343,27,78,320,6
USW00014763,2024;12;24;15,FM-15,343,26,84,290,5
USW00014763,2024;12;24;16,FM-16,343,26,84,310,5
USW00014763,2024;12;24;16,FM-15,343,26,88,330,3
USW00014763,2024;12;24;17,FM-16,343,26,88,280,5
USW00014763,2024;12;24;17,FM-16,343,27,86,280,6
USW00014763,2024;12;24;17,FM-15,343,26,88,290,6
USW00014763,2024;12;24;18,FM-15,343,26,84,VRB,3
USW00014763,2024;12;24;19,FM-15,343,26,81,290,6
USW00014763,2024;12;24;20,FM-15,343,26,78,300,6
USW00014763,2024;12;24;21,FM-15,343,25,81,310,5
USW00014763,2024;12;24;22,FM-15,343,25,81,300,3
USW00014763,2024;12;24;23,FM-15,343,25,81,0,0
USW00014763,2024;12;25;00,SOD,,,,,
USW00014763,2024;12;25;00,FM-15,343,25,78,280,6
USW00014763,2024;12;25;01,FM-16,343,24,77,0,0
USW00014763,2024;12;25;01,FM-15,343,23,78,0,0
USW00014763,2024;12;25;02,FM-15,343,20,91,230,3
USW00014763,2024;12;25;03,FM-15,343,18,93,300,6
USW00014763,2024;12;25;04,FM-15,343,19,87,260,5
USW00014763,2024;12;25;05,FM-16,343,20,92,270,5
USW00014763,2024;12;25;05,FM-15,343,21,85,280,5
USW00014763,2024;12;25;06,FM-15,343,23,72,340,9
USW00014763,2024;12;25;07,FM-15,343,21,74,310,11
USW00014763,2024;12;25;08,FM-16,343,20,78,VRB,7
USW00014763,2024;12;25;08,FM-15,343,20,78,310,11
USW00014763,2024;12;25;09,FM-16,343,21,74,340,6
USW00014763,2024;12;25;09,FM-15,343,21,74,330,8
USW00014763,2024;12;25;10,FM-15,343,22,71,300,10
USW00014763,2024;12;25;11,FM-15,343,23,68,320,9
USW00014763,2024;12;25;12,FM-15,343,23,68,310,9
USW00014763,2024;12;25;13,FM-15,343,25,60,360,5
USW00014763,2024;12;25;14,FM-15,343,24,62,310,10
USW00014763,2024;12;25;15,FM-15,343,22,68,280,6
USW00014763,2024;12;25;16,FM-15,343,19,71,240,5
USW00014763,2024;12;25;17,FM-15,343,17,75,230,6
USW00014763,2024;12;25;18,FM-15,343,16,77,0,0
USW00014763,2024;12;25;19,FM-15,343,13,81,0,0
USW00014763,2024;12;25;20,FM-15,343,12,84,250,6
USW00014763,2024;12;25;21,FM-15,343,8,83,0,0
USW00014763,2024;12;25;22,FM-15,343,9,84,0,0
USW00014763,2024;12;25;23,FM-15,343,6,83,0,0
USW00014763,2024;12;26;00,SOD,,,,,
USW00014763,2024;12;26;00,FM-15,343,6,83,0,0
USW00014763,2024;12;26;01,FM-15,343,5,83,0,0
USW00014763,2024;12;26;02,FM-15,343,3,83,0,0
USW00014763,2024;12;26;03,FM-15,343,28,29,0,0
USW00014763,2024;12;26;04,FM-15,343,2,83,0,0
USW00014763,2024;12;26;05,FM-15,343,3,83,0,0
USW00014763,2024;12;26;06,FM-15,343,2,80,0,0
USW00014763,2024;12;26;07,FM-15,343,2,80,,*
USW00014763,2024;12;26;08,FM-15,343,6,87,0,0
USW00014763,2024;12;26;09,FM-15,343,13,84,0,0
USW00014763,2024;12;26;10,FM-15,343,19,81,0,0
USW00014763,2024;12;26;11,FM-15,343,24,65,0,0
USW00014763,2024;12;26;12,FM-15,343,28,56,270,5
USW00014763,2024;12;26;13,FM-15,343,30,49,260,6
USW00014763,2024;12;26;14,FM-15,343,29,54,250,6
USW00014763,2024;12;26;15,FM-15,343,27,55,240,7
USW00014763,2024;12;26;16,FM-15,343,23,63,240,6
USW00014763,2024;12;26;17,FM-15,343,18,71,260,5
USW00014763,2024;12;26;18,FM-15,343,17,77,0,0
USW00014763,2024;12;26;19,FM-15,343,16,77,0,0
USW00014763,2024;12;26;20,FM-15,343,13,81,0,0
USW00014763,2024;12;26;21,FM-15,343,14,80,0,0
USW00014763,2024;12;26;22,FM-15,343,10,87,0,0
USW00014763,2024;12;26;23,FM-15,343,8,87,290,3
USW00014763,2024;12;27;00,SOD,,,,,
USW00014763,2024;12;27;00,FM-15,343,8,83,0,0
USW00014763,2024;12;27;01,FM-15,343,7,80,0,0
USW00014763,2024;12;27;02,FM-15,343,6,87,0,0
USW00014763,2024;12;27;03,FM-15,343,6,83,0,0
USW00014763,2024;12;27;04,FM-15,343,7,84,0,0
USW00014763,2024;12;27;05,FM-15,343,4,83,0,0
USW00014763,2024;12;27;06,FM-15,343,5,83,0,0
USW00014763,2024;12;27;07,FM-15,343,5,87,0,0
USW00014763,2024;12;27;08,FM-15,343,12,87,0,0
USW00014763,2024;12;27;09,FM-15,343,20,81,0,0
USW00014763,2024;12;27;10,FM-15,343,25,69,0,0
USW00014763,2024;12;27;11,FM-15,343,30,61,0,0
USW00014763,2024;12;27;12,FM-15,343,32,52,0,0
USW00014763,2024;12;27;13,FM-15,343,35,48,0,0
USW00014763,2024;12;27;14,FM-15,343,34,50,0,0
USW00014763,2024;12;27;15,FM-15,343,33,56,0,0
USW00014763,2024;12;27;16,FM-15,343,30,61,250,5
USW00014763,2024;12;27;17,FM-15,343,27,69,0,0
USW00014763,2024;12;27;18,FM-15,343,25,73,,*
USW00014763,2024;12;27;19,FM-15,343,25,75,0,0
USW00014763,2024;12;27;20,FM-15,343,26,71,0,0
USW00014763,2024;12;27;21,FM-15,343,25,75,0,0
USW00014763,2024;12;27;22,FM-15,343,25,78,0,0
USW00014763,2024;12;27;23,FM-15,343,25,78,0,0
USW00014763,2024;12;28;00,SOD,,,,,
USW00014763,2024;12;28;00,FM-15,343,26,78,0,0
USW00014763,2024;12;28;01,FM-15,343,27,78,0,0
USW00014763,2024;12;28;02,FM-15,343,29,89,0,0
USW00014763,2024;12;28;03,FM-16,343,28,93,60,3
USW00014763,2024;12;28;03,FM-15,343,29,89,50,3
USW00014763,2024;12;28;04,FM-15,343,30,88,0,0
USW00014763,2024;12;28;05,FM-15,343,30,92,0,0
USW00014763,2024;12;28;06,FM-16,343,30,93,0,0
USW00014763,2024;12;28;06,FM-15,343,31,92,0,0
USW00014763,2024;12;28;07,FM-16,343,31,92,350,5
USW00014763,2024;12;28;07,FM-16,343,31,96,0,0
USW00014763,2024;12;28;07,FM-16,343,31,96,0,0
USW00014763,2024;12;28;07,FM-16,343,31,92,0,0
USW00014763,2024;12;28;07,FM-15,343,31,92,0,0
USW00014763,2024;12;28;08,FM-15,343,32,92,0,0
USW00014763,2024;12;28;09,FM-15,343,33,92,0,0
USW00014763,2024;12;28;10,FM-16,343,33,96,30,3
USW00014763,2024;12;28;10,FM-15,343,33,96,0,0
USW00014763,2024;12;28;11,FM-16,343,36,93,190,3
USW00014763,2024;12;28;11,FM-16,343,38,89,180,3
USW00014763,2024;12;28;11,FM-15,343,40,93,170,5
USW00014763,2024;12;28;12,FM-16,343,37,96,10,5
USW00014763,2024;12;28;12,FM-16,343,35,89,20,3
USW00014763,2024;12;28;12,FM-15,343,35,93,360,3
USW00014763,2024;12;28;13,FM-16,343,37,93,0,0
USW00014763,2024;12;28;13,FM-15,343,37,96,0,0
USW00014763,2024;12;28;14,FM-16,343,41,93,0,0
USW00014763,2024;12;28;14,FM-16,343,38,97,350,3
USW00014763,2024;12;28;14,FM-15,343,38,93,0,0
USW00014763,2024;12;28;15,FM-16,343,39,93,VRB,3
USW00014763,2024;12;28;15,FM-16,343,38,97,0,0
USW00014763,2024;12;28;15,FM-16,343,41,93,VRB,6
USW00014763,2024;12;28;15,FM-15,343,42,96,0,0
USW00014763,2024;12;28;16,FM-16,343,40,97,0,0
USW00014763,2024;12;28;16,FM-16,343,39,96,50,3
USW00014763,2024;12;28;16,FM-16,343,37,96,330,3
USW00014763,2024;12;28;16,FM-16,343,37,100,0,0
USW00014763,2024;12;28;16,FM-15,343,36,100,0,0
USW00014763,2024;12;28;17,FM-16,343,37,100,0,0
USW00014763,2024;12;28;17,FM-16,343,37,96,0,0
USW00014763,2024;12;28;17,FM-15,343,37,100,0,0
USW00014763,2024;12;28;18,FM-15,343,37,96,0,0
USW00014763,2024;12;28;19,FM-15,343,36,100,0,0
USW00014763,2024;12;28;20,FM-15,343,36,100,0,0
USW00014763,2024;12;28;21,FM-15,343,36,97,0,0
USW00014763,2024;12;28;22,FM-15,343,36,97,0,0
USW00014763,2024;12;28;23,FM-15,343,35,100,0,0
USW00014763,2024;12;29;00,SOD,,,,,
USW00014763,2024;12;29;00,FM-15,343,35,96,0,0
USW00014763,2024;12;29;01,FM-15,343,35,100,0,0
USW00014763,2024;12;29;02,FM-15,343,35,96,0,0
USW00014763,2024;12;29;03,FM-15,343,35,96,0,0
USW00014763,2024;12;29;04,FM-15,343,34,100,0,0
USW00014763,2024;12;29;05,FM-15,343,34,100,0,0
USW00014763,2024;12;29;06,FM-15,343,33,100,0,0
USW00014763,2024;12;29;07,FM-15,343,33,100,0,0
USW00014763,2024;12;29;08,FM-15,343,35,96,0,0
USW00014763,2024;12;29;09,FM-16,343,35,96,0,0
USW00014763,2024;12;29;09,FM-15,343,36,97,0,0
USW00014763,2024;12;29;10,FM-16,343,37,93,0,0
USW00014763,2024;12;29;10,FM-16,343,37,93,0,0
USW00014763,2024;12;29;10,FM-16,343,37,96,0,0
USW00014763,2024;12;29;10,FM-16,343,37,96,0,0
USW00014763,2024;12;29;10,FM-16,343,37,93,0,0
USW00014763,2024;12;29;10,FM-15,343,37,96,0,0
USW00014763,2024;12;29;11,FM-16,343,38,93,0,0
USW00014763,2024;12;29;11,FM-15,343,38,93,10,3
USW00014763,2024;12;29;12,FM-16,343,38,97,0,0
USW00014763,2024;12;29;12,FM-16,343,39,96,VRB,3
USW00014763,2024;12;29;12,FM-16,343,39,96,30,5
USW00014763,2024;12;29;12,FM-15,343,39,96,0,0
USW00014763,2024;12;29;13,FM-16,343,40,97,0,0
USW00014763,2024;12;29;13,FM-16,343,40,97,0,0
USW00014763,2024;12;29;13,FM-16,343,40,97,0,0
USW00014763,2024;12;29;13,FM-16,343,41,93,0,0
USW00014763,2024;12;29;13,FM-15,343,41,96,0,0
USW00014763,2024;12;29;14,FM-16,343,42,92,0,0
USW00014763,2024;12;29;14,FM-16,343,44,96,,
USW00014763,2024;12;29;14,FM-16,343,46,93,VRB,10
USW00014763,2024;12;29;14,FM-16,343,52,94,180,14
USW00014763,2024;12;29;14,FM-15,343,52,93,180,13
USW00014763,2024;12;29;15,FM-16,343,52,93,180,13
USW00014763,2024;12;29;15,FM-16,343,54,88,VRB,11
USW00014763,2024;12;29;15,FM-15,343,53,89,190,11
USW00014763,2024;12;29;16,FM-16,343,54,87,VRB,5
USW00014763,2024;12;29;16,FM-16,343,54,88,190,8
USW00014763,2024;12;29;16,FM-15,343,54,87,VRB,8
USW00014763,2024;12;29;17,FM-15,343,54,83,180,17
USW00014763,2024;12;29;18,FM-16,343,54,83,200,17
USW00014763,2024;12;29;18,FM-16,343,54,82,180,16
USW00014763,2024;12;29;18,FM-15,343,54,83,190,15
USW00014763,2024;12;29;19,FM-16,343,54,82,VRB,10
USW00014763,2024;12;29;19,FM-15,343,54,83,VRB,11
USW00014763,2024;12;29;20,FM-15,343,55,80,VRB,10
USW00014763,2024;12;29;21,FM-16,343,55,80,VRB,5
USW00014763,2024;12;29;21,FM-16,343,55,80,,
USW00014763,2024;12;29;21,FM-15,343,54,83,140,7
USW00014763,2024;12;29;22,FM-16,343,54,88,VRB,8
USW00014763,2024;12;29;22,FM-15,343,54,87,VRB,7
USW00014763,2024;12;29;23,FM-16,343,54,87,VRB,11
USW00014763,2024;12;29;23,FM-16,343,53,93,140,10
USW00014763,2024;12;29;23,FM-16,343,54,94,VRB,25
USW00014763,2024;12;29;23,FM-15,343,53,93,VRB,5
USW00014763,2024;12;30;00,SOD,,,,,
USW00014763,2024;12;30;00,FM-15,343,54,90,VRB,10
USW00014763,2024;12;30;01,FM-16,343,54,90,VRB,9
USW00014763,2024;12;30;01,FM-16,343,54,90,140,8
USW00014763,2024;12;30;01,FM-16,343,54,90,110,10
USW00014763,2024;12;30;01,FM-15,343,54,90,VRB,15
USW00014763,2024;12;30;02,FM-16,343,54,90,130,13
USW00014763,2024;12;30;02,FM-16,343,54,93,0,0
USW00014763,2024;12;30;02,FM-15,343,54,90,0,0
USW00014763,2024;12;30;03,FM-16,343,54,93,,
USW00014763,2024;12;30;03,FM-16,343,54,90,130,10
USW00014763,2024;12;30;03,FM-15,343,54,90,130,10
USW00014763,2024;12;30;04,FM-16,343,53,93,130,10
USW00014763,2024;12;30;04,FM-16,343,53,93,150,9
USW00014763,2024;12;30;04,FM-16,343,53,93,130,8
USW00014763,2024;12;30;04,FM-15,343,53,93,130,11
USW00014763,2024;12;30;05,FM-15,343,55,83,VRB,13
USW00014763,2024;12;30;06,FM-16,343,54,87,0,0
USW00014763,2024;12;30;06,FM-16,343,54,88,0,0
USW00014763,2024;12;30;06,FM-15,343,54,87,,
USW00014763,2024;12;30;07,FM-16,343,54,87,VRB,7
USW00014763,2024;12;30;07,FM-16,343,53,93,200,7
USW00014763,2024;12;30;07,FM-15,343,53,93,200,7
USW00014763,2024;12;30;08,FM-16,343,53,93,VRB,6
USW00014763,2024;12;30;08,FM-16,343,53,93,200,9
USW00014763,2024;12;30;08,FM-16,343,53,93,200,7
USW00014763,2024;12;30;08,FM-15,343,53,93,200,11
USW00014763,2024;12;30;09,FM-16,343,53,89,220,9
USW00014763,2024;12;30;09,FM-16,343,53,86,200,13
USW00014763,2024;12;30;09,FM-16,343,53,86,210,9
USW00014763,2024;12;30;09,FM-16,343,54,82,210,8
USW00014763,2024;12;30;09,FM-15,343,53,86,210,10
USW00014763,2024;12;30;10,FM-15,343,52,75,230,16
USW00014763,2024;12;30;11,FM-15,343,52,61,220,13
USW00014763,2024;12;30;12,FM-15,343,52,59,220,15
USW00014763,2024;12;30;13,FM-15,343,50,59,230,13
USW00014763,2024;12;30;14,FM-15,343,49,50,250,13
USW00014763,2024;12;30;15,FM-15,343,48,52,230,7
USW00014763,2024;12;30;16,FM-15,343,47,56,240,10
USW00014763,2024;12;30;17,FM-15,343,45,61,230,7
USW00014763,2024;12;30;18,FM-15,223,45,61,220,6
USW00014763,2024;12;30;19,FM-15,343,44,65,220,7
USW00014763,2024;12;30;20,FM-15,343,44,65,240,8
USW00014763,2024;12;30;21,FM-15,343,41,79,250,8
USW00014763,2024;12;30;22,FM-15,343,42,71,250,9
USW00014763,2024;12;30;23,FM-15,343,41,67,260,13
USW00014763,2024;12;31;00,SOD,,,,,
USW00014763,2024;12;31;00,FM-15,343,41,67,240,9
USW00014763,2024;12;31;01,FM-15,343,41,67,260,16
USW00014763,2024;12;31;02,FM-15,343,39,70,250,8
USW00014763,2024;12;31;03,FM-15,343,38,70,210,3
USW00014763,2024;12;31;04,FM-15,343,38,68,240,7
USW00014763,2024;12;31;05,FM-15,343,36,70,260,8
USW00014763,2024;12;31;06,FM-15,343,37,67,250,6
USW00014763,2024;12;31;07,FM-15,343,36,70,220,6
USW00014763,2024;12;31;08,FM-15,343,38,73,0,0
USW00014763,2024;12;31;09,FM-15,343,42,62,260,3
USW00014763,2024;12;31;10,FM-15,343,43,58,0,0
USW00014763,2024;12;31;11,FM-15,343,46,50,0,0
USW00014763,2024;12;31;12,FM-15,343,46,50,0,0
USW00014763,2024;12;31;13,FM-15,343,47,48,0,0
USW00014763,2024;12;31;14,FM-15,343,47,48,140,6
USW00014763,2024;12;31;15,FM-15,343,45,56,130,7
USW00014763,2024;12;31;16,FM-15,343,44,55,140,6
USW00014763,2024;12;31;17,FM-15,343,43,58,150,6
USW00014763,2024;12;31;18,FM-15,343,41,65,100,3
USW00014763,2024;12;31;19,FM-15,343,40,68,70,5
USW00014763,2024;12;31;20,FM-15,343,40,68,70,6
USW00014763,2024;12;31;21,FM-15,343,40,65,60,6
USW00014763,2024;12;31;22,FM-15,343,40,63,VRB,8
USW00014763,2024;12;31;23,FM-15,343,41,60,60,9
USW00014763,2024;12;31;23,SOM,,,,,
USW00014763,2025;01;01;00,SOD,,,,,
USW00014763,2025;01;01;00,FM-15,343,38,83,0,0
USW00014763,2025;01;01;01,FM-15,343,36,89,50,10
USW00014763,2025;01;01;02,FM-16,343,36,89,60,9
USW00014763,2025;01;01;02,FM-16,343,38,86,VRB,6
USW00014763,2025;01;01;02,FM-16,343,39,81,VRB,9
USW00014763,2025;01;01;02,FM-15,343,39,82,VRB,10
USW00014763,2025;01;01;03,FM-15,343,38,89,70,8
USW00014763,2025;01;01;04,FM-16,343,38,93,0,0
USW00014763,2025;01;01;04,FM-16,343,37,93,50,5
USW00014763,2025;01;01;04,FM-15,343,37,93,40,6
USW00014763,2025;01;01;05,FM-16,343,37,93,30,3
USW00014763,2025;01;01;05,FM-16,343,37,93,30,3
USW00014763,2025;01;01;05,FM-16,343,37,93,30,3
USW00014763,2025;01;01;05,FM-16,343,37,93,30,3
USW00014763,2025;01;01;05,FM-15,343,37,93,30,3
USW00014763,2025;01;01;06,FM-15,343,37,93,0,0
USW00014763,2025;01;01;07,FM-15,343,37,93,0,0
USW00014763,2025;01;01;08,FM-16,343,37,96,0,0
USW00014763,2025;01;01;08,FM-15,343,38,93,0,0
USW00014763,2025;01;01;09,FM-16,343,38,93,0,0
USW00014763,2025;01;01;09,FM-16,343,39,89,0,0
USW00014763,2025;01;01;09,FM-16,343,39,93,0,0
USW00014763,2025;01;01;09,FM-16,343,39,93,0,0
USW00014763,2025;01;01;09,FM-15,343,39,93,80,3
USW00014763,2025;01;01;10,FM-16,343,39,93,0,0
USW00014763,2025;01;01;10,FM-15,343,40,89,0,0
USW00014763,2025;01;01;11,FM-16,343,41,89,0,0
USW00014763,2025;01;01;11,FM-15,343,41,89,0,0
USW00014763,2025;01;01;12,FM-15,343,41,89,230,5
USW00014763,2025;01;01;13,FM-15,343,41,93,270,11
USW00014763,2025;01;01;14,FM-16,343,40,97,280,9
USW00014763,2025;01;01;14,FM-16,343,40,93,270,9
USW00014763,2025;01;01;14,FM-15,343,40,93,300,14
USW00014763,2025;01;01;15,FM-16,343,40,86,300,14
USW00014763,2025;01;01;15,FM-16,343,40,86,300,16
USW00014763,2025;01;01;15,FM-16,343,39,87,300,13
USW00014763,2025;01;01;15,FM-15,343,38,89,300,11
USW00014763,2025;01;01;16,FM-15,343,36,86,280,14
USW00014763,2025;01;01;17,FM-16,343,36,86,280,21
USW00014763,2025;01;01;17,FM-16,343,34,89,260,16
USW00014763,2025;01;01;17,FM-16,343,34,89,270,13
USW00014763,2025;01;01;17,FM-16,343,33,92,270,15
USW00014763,2025;01;01;17,FM-15,343,33,92,270,16
USW00014763,2025;01;01;18,FM-16,343,34,87,270,16
USW00014763,2025;01;01;18,FM-15,343,33,92,280,15
USW00014763,2025;01;01;19,FM-15,343,33,89,270,18
USW00014763,2025;01;01;20,FM-16,343,33,89,280,14
USW00014763,2025;01;01;20,FM-16,343,34,87,270,18
USW00014763,2025;01;01;20,FM-15,343,33,89,270,17
USW00014763,2025;01;01;21,FM-15,343,32,88,280,17
USW00014763,2025;01;01;22,FM-16,343,32,88,270,17
USW00014763,2025;01;01;22,FM-15,343,32,85,280,18
USW00014763,2025;01;01;23,FM-15,343,31,85,270,24
USW00014763,2025;01;02;00,SOD,,,,,
USW00014763,2025;01;02;00,FM-16,343,31,79,290,18
USW00014763,2025;01;02;00,FM-16,343,31,76,290,22
USW00014763,2025;01;02;00,FM-15,343,31,76,280,20
USW00014763,2025;01;02;01,FM-15,343,31,69,270,21
USW00014763,2025;01;02;02,FM-15,343,32,66,280,24
USW00014763,2025;01;02;03,FM-15,343,31,69,290,25
USW00014763,2025;01;02;04,FM-15,343,31,69,290,23
USW00014763,2025;01;02;05,FM-15,343,31,72,280,22
USW00014763,2025;01;02;06,FM-15,343,31,67,280,28
USW00014763,2025;01;02;07,FM-15,343,31,67,280,20
USW00014763,2025;01;02;08,FM-15,343,31,64,280,23
USW00014763,2025;01;02;09,FM-15,343,32,61,280,17
USW00014763,2025;01;02;10,FM-15,343,33,64,280,25
USW00014763,2025;01;02;11,FM-16,343,32,69,270,23
USW00014763,2025;01;02;11,FM-16,343,31,79,290,21
USW00014763,2025;01;02;11,FM-16,343,31,82,280,17
USW00014763,2025;01;02;11,FM-16,343,31,82,280,17
USW00014763,2025;01;02;11,FM-16,343,31,82,290,15
USW00014763,2025;01;02;11,FM-16,343,30,86,300,17
USW00014763,2025;01;02;11,FM-15,343,31,82,290,16
USW00014763,2025;01;02;12,FM-16,343,30,88,300,17
USW00014763,2025;01;02;12,FM-16,343,31,85,290,20
USW00014763,2025;01;02;12,FM-16,343,31,85,280,17
USW00014763,2025;01;02;12,FM-15,343,31,85,280,17
USW00014763,2025;01;02;13,FM-16,343,32,82,270,23
USW00014763,2025;01;02;13,FM-16,343,32,79,270,18
USW00014763,2025;01;02;13,FM-16,343,32,75,280,28
USW00014763,2025;01;02;13,FM-15,343,32,75,280,17
USW00014763,2025;01;02;14,FM-16,343,32,75,280,15
USW00014763,2025;01;02;14,FM-16,343,31,79,300,11
USW00014763,2025;01;02;14,FM-15,343,32,75,280,15
USW00014763,2025;01;02;15,FM-15,343,32,59,270,23
USW00014763,2025;01;02;16,FM-15,343,31,61,290,20
USW00014763,2025;01;02;17,FM-15,343,31,61,270,23
USW00014763,2025;01;02;18,FM-15,343,30,58,260,17
USW00014763,2025;01;02;19,FM-15,343,30,56,270,21
USW00014763,2025;01;02;20,FM-15,343,28,63,270,22
USW00014763,2025;01;02;21,FM-15,343,28,60,260,17
USW00014763,2025;01;02;22,FM-15,343,28,60,280,13
USW00014763,2025;01;02;23,FM-15,343,28,60,270,16
USW00014763,2025;01;03;00,SOD,,,,,
USW00014763,2025;01;03;00,FM-15,343,28,63,280,14
USW00014763,2025;01;03;01,FM-15,343,28,60,270,17
USW00014763,2025;01;03;02,FM-15,343,27,63,270,13
USW00014763,2025;01;03;03,FM-15,343,27,63,280,11
USW00014763,2025;01;03;04,FM-15,343,27,63,270,11
USW00014763,2025;01;03;05,FM-15,343,27,63,260,15
USW00014763,2025;01;03;06,FM-15,343,27,63,260,16
USW00014763,2025;01;03;07,FM-15,343,27,61,260,15
USW00014763,2025;01;03;08,FM-15,343,27,61,260,16
USW00014763,2025;01;03;09,FM-15,343,27,61,270,21
USW00014763,2025;01;03;10,FM-15,343,28,56,280,15
USW00014763,2025;01;03;11,FM-15,343,29,56,270,23
USW00014763,2025;01;03;12,FM-15,343,29,56,260,15
USW00014763,2025;01;03;13,FM-15,343,29,54,260,15
USW00014763,2025;01;03;14,FM-15,343,29,56,260,13
USW00014763,2025;01;03;15,FM-15,343,28,58,260,17
USW00014763,2025;01;03;16,FM-15,343,28,58,260,17
USW00014763,2025;01;03;17,FM-15,343,26,60,260,17
USW00014763,2025;01;03;18,FM-15,343,25,60,260,15
USW00014763,2025;01;03;19,FM-15,343,24,60,270,9
USW00014763,2025;01;03;20,FM-15,343,23,60,260,10
USW00014763,2025;01;03;21,FM-15,343,23,63,260,9
USW00014763,2025;01;03;22,FM-15,343,24,62,260,10
USW00014763,2025;01;03;23,FM-15,343,24,71,280,11
USW00014763,2025;01;04;00,SOD,,,,,
USW00014763,2025;01;04;00,FM-16,343,24,71,290,15
USW00014763,2025;01;04;00,FM-16,343,21,80,290,15
USW00014763,2025;01;04;00,FM-15,343,22,78,290,17
USW00014763,2025;01;04;01,FM-16,343,22,82,300,11
USW00014763,2025;01;04;01,FM-16,343,21,80,300,9
USW00014763,2025;01;04;01,FM-15,343,22,78,300,13
USW00014763,2025;01;04;02,FM-16,343,21,81,290,16
USW00014763,2025;01;04;02,FM-16,343,21,81,290,17
USW00014763,2025;01;04;02,FM-16,343,21,81,290,14
USW00014763,2025;01;04;02,FM-16,343,21,80,290,25
USW00014763,2025;01;04;02,FM-15,343,21,78,300,24
USW00014763,2025;01;04;02,FM-16,343,22,71,300,18
USW00014763,2025;01;04;03,FM-16,343,22,71,280,18
USW00014763,2025;01;04;03,FM-16,343,21,74,280,18
USW00014763,2025;01;04;03,FM-16,343,21,71,280,15
USW00014763,2025;01;04;03,FM-15,343,19,71,290,23
USW00014763,2025;01;04;04,FM-16,343,19,71,280,20
USW00014763,2025;01;04;04,FM-16,343,19,71,290,15
USW00014763,2025;01;04;04,FM-15,343,19,71,290,21
USW00014763,2025;01;04;05,FM-16,343,19,71,290,23
USW00014763,2025;01;04;05,FM-16,343,19,71,290,15
USW00014763,2025;01;04;05,FM-16,343,19,71,280,18
USW00014763,2025;01;04;05,FM-16,343,19,73,280,24
USW00014763,2025;01;04;05,FM-15,343,19,74,280,17
USW00014763,2025;01;04;06,FM-16,343,19,71,290,29
USW00014763,2025;01;04;06,FM-16,343,19,71,290,24
USW00014763,2025;01;04;06,FM-16,343,19,68,300,17
USW00014763,2025;01;04;06,FM-16,343,18,68,300,29
USW00014763,2025;01;04;06,FM-15,343,18,68,300,17
USW00014763,2025;01;04;07,FM-16,343,19,65,310,21
USW00014763,2025;01;04;07,FM-16,343,18,71,300,23
USW00014763,2025;01;04;07,FM-16,343,18,68,300,23
USW00014763,2025;01;04;07,FM-16,343,18,68,300,25
USW00014763,2025;01;04;07,FM-16,343,18,68,300,16
USW00014763,2025;01;04;07,FM-15,343,18,68,300,14
USW00014763,2025;01;04;08,FM-16,343,18,68,290,25
USW00014763,2025;01;04;08,FM-16,343,18,68,300,22
USW00014763,2025;01;04;08,FM-16,343,18,68,300,22
USW00014763,2025;01;04;08,FM-15,343,18,68,300,17
USW00014763,2025;01;04;09,FM-16,343,19,63,300,16
USW00014763,2025;01;04;09,FM-15,343,19,65,310,21
USW00014763,2025;01;04;10,FM-16,343,19,65,290,18
USW00014763,2025;01;04;10,FM-16,343,19,68,280,24
USW00014763,2025;01;04;10,FM-15,343,19,68,290,24
USW00014763,2025;01;04;11,FM-16,343,20,65,290,25
USW00014763,2025;01;04;11,FM-16,343,20,65,280,22
USW00014763,2025;01;04;11,FM-16,343,20,68,290,18
USW00014763,2025;01;04;11,FM-15,343,21,62,280,14
USW00014763,2025;01;04;12,FM-16,343,21,65,280,15
USW00014763,2025;01;04;12,FM-15,343,22,60,280,24
USW00014763,2025;01;04;13,FM-15,343,23,60,280,20
USW00014763,2025;01;04;14,FM-15,343,23,60,290,17
USW00014763,2025;01;04;15,FM-15,343,24,57,290,14
USW00014763,2025;01;04;16,FM-15,343,23,63,270,17
USW00014763,2025;01;04;17,FM-15,343,23,65,280,11
USW00014763,2025;01;04;18,FM-15,343,24,62,270,11
USW00014763,2025;01;04;19,FM-15,343,24,60,270,16
USW00014763,2025;01;04;20,FM-15,343,24,60,260,15
USW00014763,2025;01;04;21,FM-15,343,24,62,260,14
USW00014763,2025;01;04;22,FM-15,343,23,65,260,11
USW00014763,2025;01;04;23,FM-16,343,23,65,270,13
USW00014763,2025;01;04;23,FM-15,343,23,65,270,15
USW00014763,2025;01;05;00,SOD,,,,,
USW00014763,2025;01;05;00,FM-16,343,23,65,260,16
USW00014763,2025;01;05;00,FM-15,343,23,65,280,8
USW00014763,2025;01;05;01,FM-16,343,23,65,270,13
USW00014763,2025;01;05;01,FM-15,343,23,65,260,11
USW00014763,2025;01;05;02,FM-15,343,23,65,240,11
USW00014763,2025;01;05;03,FM-16,343,23,63,270,17
USW00014763,2025;01;05;03,FM-15,343,23,65,270,14
USW00014763,2025;01;05;04,FM-15,343,23,65,280,18
USW00014763,2025;01;05;05,FM-15,343,23,65,270,21
USW00014763,2025;01;05;06,FM-15,343,22,66,250,18
USW00014763,2025;01;05;07,FM-15,343,22,66,270,16
USW00014763,2025;01;05;08,FM-15,343,23,65,270,15
USW00014763,2025;01;05;09,FM-15,343,24,62,290,18
USW00014763,2025;01;05;10,FM-15,343,24,65,280,16
USW00014763,2025;01;05;11,FM-15,343,24,68,280,17
USW00014763,2025;01;05;12,FM-16,343,24,65,290,17
USW00014763,2025;01;05;12,FM-15,343,24,68,280,20
USW00014763,2025;01;05;13,FM-16,343,24,65,270,20
USW00014763,2025;01;05;13,FM-16,343,25,66,290,18
USW00014763,2025;01;05;13,FM-15,343,24,68,290,18
USW00014763,2025;01;05;14,FM-16,343,24,68,280,15
USW00014763,2025;01;05;14,FM-15,343,25,66,290,17
USW00014763,2025;01;05;15,FM-16,343,24,71,280,16
USW00014763,2025;01;05;15,FM-16,343,24,71,290,11
USW00014763,2025;01;05;15,FM-16,343,25,69,270,15
USW00014763,2025;01;05;15,FM-15,343,24,71,270,16
USW00014763,2025;01;05;16,FM-16,343,24,71,280,15
USW00014763,2025;01;05;16,FM-16,343,24,68,280,14
USW00014763,2025;01;05;16,FM-16,343,25,69,280,15
USW00014763,2025;01;05;16,FM-15,343,24,68,290,13
USW00014763,2025;01;05;17,FM-16,343,24,68,290,14
USW00014763,2025;01;05;17,FM-16,343,25,69,290,9
USW00014763,2025;01;05;17,FM-15,343,24,71,VRB,7
USW00014763,2025;01;05;18,FM-16,343,24,71,VRB,3
USW00014763,2025;01;05;18,FM-15,343,24,71,300,10
USW00014763,2025;01;05;19,FM-16,343,23,80,310,17
USW00014763,2025;01;05;19,FM-15,343,23,78,330,16
USW00014763,2025;01;05;20,FM-16,343,23,74,290,10
USW00014763,2025;01;05;20,FM-15,343,23,72,320,11
USW00014763,2025;01;05;21,FM-15,343,22,75,340,10
USW00014763,2025;01;05;22,FM-15,343,21,74,290,9
USW00014763,2025;01;05;23,FM-15,343,20,71,VRB,8
USW00014763,2025;01;06;00,SOD,,,,,
USW00014763,2025;01;06;00,FM-15,343,19,68,340,8
USW00014763,2025;01;06;01,FM-15,343,18,71,300,6
USW00014763,2025;01;06;02,FM-15,343,17,70,320,6
USW00014763,2025;01;06;03,FM-15,343,17,70,320,7
USW00014763,2025;01;06;04,FM-15,343,16,74,300,6
USW00014763,2025;01;06;05,FM-15,343,16,74,270,5
USW00014763,2025;01;06;06,FM-16,343,16,74,300,5
USW00014763,2025;01;06;06,FM-15,343,16,74,330,3
USW00014763,2025;01;06;07,FM-15,343,16,74,320,5
USW00014763,2025;01;06;08,FM-16,343,16,77,310,8
USW00014763,2025;01;06;08,FM-15,343,16,77,300,10
USW00014763,2025;01;06;09,FM-16,343,17,74,VRB,6
USW00014763,2025;01;06;09,FM-15,343,16,77,290,6
USW00014763,2025;01;06;10,FM-16,343,17,74,320,7
USW00014763,2025;01;06;10,FM-16,343,17,74,280,8
USW00014763,2025;01;06;10,FM-15,343,17,70,290,9
USW00014763,2025;01;06;11,FM-15,343,17,70,300,10
USW00014763,2025;01;06;12,FM-15,343,19,65,320,7
USW00014763,2025;01;06;13,FM-15,343,18,65,310,9
USW00014763,2025;01;06;14,FM-15,343,18,65,300,10
USW00014763,2025;01;06;15,FM-15,343,17,68,280,8
USW00014763,2025;01;06;16,FM-15,343,15,64,300,13
USW00014763,2025;01;06;17,FM-15,343,14,67,310,13
USW00014763,2025;01;06;18,FM-15,343,13,64,320,13
USW00014763,2025;01;06;19,FM-15,343,11,70,310,11
USW00014763,2025;01;06;20,FM-15,343,11,67,300,7
USW00014763,2025;01;06;21,FM-15,343,10,69,320,9
USW00014763,2025;01;06;22,FM-16,343,9,73,310,8
USW00014763,2025;01;06;22,FM-15,343,9,77,320,9
USW00014763,2025;01;06;23,FM-15,343,10,73,310,10
USW00014763,2025;01;07;00,SOD,,,,,
USW00014763,2025;01;07;00,FM-15,343,10,76,300,18
USW00014763,2025;01;07;01,FM-15,343,10,76,290,13
USW00014763,2025;01;07;02,FM-15,343,11,73,VRB,7
USW00014763,2025;01;07;03,FM-15,343,11,73,VRB,10
USW00014763,2025;01;07;04,FM-15,343,12,70,290,16
USW00014763,2025;01;07;05,FM-15,343,12,70,300,21
USW00014763,2025;01;07;06,FM-15,343,11,70,290,16
USW00014763,2025;01;07;07,FM-15,343,13,64,290,26
USW00014763,2025;01;07;08,FM-16,343,13,67,300,24
USW00014763,2025;01;07;08,FM-16,343,13,67,290,18
USW00014763,2025;01;07;08,FM-15,343,13,70,290,21
USW00014763,2025;01;07;09,FM-16,343,14,67,290,21
USW00014763,2025;01;07;09,FM-16,343,14,64,VRB,16
USW00014763,2025;01;07;09,FM-15,343,14,64,310,15
USW00014763,2025;01;07;10,FM-15,343,15,61,310,21
USW00014763,2025;01;07;11,FM-15,343,16,62,VRB,13
USW00014763,2025;01;07;12,FM-15,343,18,62,300,26
USW00014763,2025;01;07;13,FM-15,343,19,62,300,22
USW00014763,2025;01;07;14,FM-15,343,19,65,300,20
USW00014763,2025;01;07;15,FM-15,343,19,68,300,20
USW00014763,2025;01;07;16,FM-16,343,19,68,300,14
USW00014763,2025;01;07;16,FM-16,343,19,68,310,16
USW00014763,2025;01;07;16,FM-15,343,19,71,310,18
USW00014763,2025;01;07;17,FM-15,343,20,68,320,16
USW00014763,2025;01;07;18,FM-15,343,20,68,300,18
USW00014763,2025;01;07;19,FM-15,343,20,68,300,18
USW00014763,2025;01;07;20,FM-15,343,20,68,310,22
USW00014763,2025;01;07;21,FM-15,343,20,68,310,20
USW00014763,2025;01;07;22,FM-15,343,20,71,300,11
USW00014763,2025;01;07;23,FM-15,343,19,71,300,14
USW00014763,2025;01;08;00,SOD,,,,,
USW00014763,2025;01;08;00,FM-15,343,18,65,290,24
USW00014763,2025;01;08;01,FM-16,343,16,67,300,13
USW00014763,2025;01;08;01,FM-15,343,16,67,310,14
USW00014763,2025;01;08;02,FM-15,343,16,65,310,18
USW00014763,2025;01;08;03,FM-15,343,15,67,VRB,10
USW00014763,2025;01;08;04,FM-15,343,16,67,300,20
USW00014763,2025;01;08;05,FM-16,343,16,67,280,18
USW00014763,2025;01;08;05,FM-15,343,16,71,280,23
USW00014763,2025;01;08;06,FM-15,343,16,67,290,30
USW00014763,2025;01;08;07,FM-16,343,16,67,290,24
USW00014763,2025;01;08;07,FM-16,343,16,67,300,16
USW00014763,2025;01;08;07,FM-15,343,16,67,290,14
USW00014763,2025;01;08;08,FM-16,343,15,67,290,17
USW00014763,2025;01;08;08,FM-15,343,15,67,300,25
USW00014763,2025;01;08;09,FM-16,343,16,62,310,20
USW00014763,2025;01;08;09,FM-15,343,16,62,310,23
USW00014763,2025;01;08;10,FM-15,343,17,62,290,17
USW00014763,2025;01;08;11,FM-15,343,17,64,290,28
USW00014763,2025;01;08;12,FM-15,343,17,59,290,20
USW00014763,2025;01;08;13,FM-16,343,17,62,280,18
USW00014763,2025;01;08;13,FM-15,343,17,59,280,21
USW00014763,2025;01;08;14,FM-16,343,17,59,280,26
USW00014763,2025;01;08;14,FM-16,343,16,62,300,17
USW00014763,2025;01;08;14,FM-15,343,16,62,290,18
USW00014763,2025;01;08;15,FM-16,343,16,65,300,21
USW00014763,2025;01;08;15,FM-15,343,16,65,290,18
USW00014763,2025;01;08;16,FM-15,343,16,65,VRB,17
USW00014763,2025;01;08;17,FM-15,343,14,71,300,14
USW00014763,2025;01;08;18,FM-15,343,13,70,290,15
USW00014763,2025;01;08;19,FM-15,343,13,64,300,15
USW00014763,2025;01;08;20,FM-15,343,13,70,310,17
USW00014763,2025;01;08;21,FM-15,343,14,67,VRB,13
USW00014763,2025;01;08;22,FM-15,343,15,70,290,21
USW00014763,2025;01;08;23,FM-15,343,15,64,300,20
USW00014763,2025;01;09;00,SOD,,,,,
USW00014763,2025;01;09;00,FM-15,343,15,64,VRB,13
USW00014763,2025;01;09;01,FM-15,343,15,64,270,10
USW00014763,2025;01;09;02,FM-15,343,15,67,VRB,11
USW00014763,2025;01;09;03,FM-15,343,15,67,310,20
USW00014763,2025;01;09;04,FM-15,343,15,70,300,17
USW00014763,2025;01;09;05,FM-16,343,14,71,VRB,15
USW00014763,2025;01;09;05,FM-16,343,14,73,330,11
USW00014763,2025;01;09;05,FM-15,343,14,73,VRB,13
USW00014763,2025;01;09;06,FM-15,343,14,71,300,18
USW00014763,2025;01;09;07,FM-15,343,14,71,VRB,9
USW00014763,2025;01;09;08,FM-16,343,14,71,VRB,11
USW00014763,2025;01;09;08,FM-15,343,14,73,310,16
USW00014763,2025;01;09;09,FM-16,343,14,71,VRB,9
USW00014763,2025;01;09;09,FM-15,343,14,71,290,21
USW00014763,2025;01;09;10,FM-15,343,15,67,VRB,6
USW00014763,2025;01;09;11,FM-15,343,16,65,VRB,15
USW00014763,2025;01;09;12,FM-16,343,16,65,320,8
USW00014763,2025;01;09;12,FM-16,343,18,68,300,21
USW00014763,2025;01;09;12,FM-15,343,18,65,VRB,18
USW00014763,2025;01;09;13,FM-15,343,18,65,VRB,10
USW00014763,2025;01;09;14,FM-15,343,18,65,VRB,7
USW00014763,2025;01;09;15,FM-15,343,18,68,VRB,5
USW00014763,2025;01;09;16,FM-15,343,18,68,330,10
USW00014763,2025;01;09;17,FM-15,343,18,68,,
USW00014763,2025;01;09;18,FM-15,343,18,71,VRB,3
USW00014763,2025;01;09;19,FM-15,343,18,74,VRB,9
USW00014763,2025;01;09;20,FM-15,343,19,74,VRB,6
USW00014763,2025;01;09;21,FM-15,343,20,74,290,16
USW00014763,2025;01;09;22,FM-15,343,20,74,310,16
USW00014763,2025;01;09;23,FM-15,343,21,71,310,8
USW00014763,2025;01;10;00,SOD,,,,,
USW00014763,2025;01;10;00,FM-15,343,21,71,300,20
USW00014763,2025;01;10;01,FM-15,343,21,71,300,20
USW00014763,2025;01;10;02,FM-15,343,20,71,290,25
USW00014763,2025;01;10;03,FM-15,343,20,71,300,23
USW00014763,2025;01;10;04,FM-15,343,19,71,300,21
USW00014763,2025;01;10;05,FM-15,343,19,71,300,22
USW00014763,2025;01;10;06,FM-15,343,19,77,300,24
USW00014763,2025;01;10;07,FM-16,343,19,77,300,29
USW00014763,2025;01;10;07,FM-15,343,19,77,300,25
USW00014763,2025;01;10;08,FM-16,343,20,74,300,21
USW00014763,2025;01;10;08,FM-15,343,20,74,290,15
USW00014763,2025;01;10;09,FM-15,343,20,74,290,11
USW00014763,2025;01;10;10,FM-15,343,22,68,VRB,8
USW00014763,2025;01;10;11,FM-16,343,24,65,310,9
USW00014763,2025;01;10;11,FM-15,343,25,66,310,9
USW00014763,2025;01;10;12,FM-15,343,27,61,290,10
USW00014763,2025;01;10;13,FM-15,343,29,58,310,14
USW00014763,2025;01;10;14,FM-15,343,30,56,VRB,7
USW00014763,2025;01;10;15,FM-15,343,28,58,280,10
USW00014763,2025;01;10;16,FM-15,343,25,60,280,7
USW00014763,2025;01;10;17,FM-15,343,25,60,0,0
USW00014763,2025;01;10;18,FM-15,343,25,63,VRB,6
USW00014763,2025;01;10;19,FM-15,343,24,65,280,6
USW00014763,2025;01;10;20,FM-15,343,24,65,300,7
USW00014763,2025;01;10;21,FM-15,343,24,65,270,9
USW00014763,2025;01;10;22,FM-15,343,24,68,290,6
USW00014763,2025;01;10;23,FM-15,343,24,65,260,3
USW00014763,2025;01;11;00,SOD,,,,,
USW00014763,2025;01;11;00,FM-15,343,24,68,0,0
USW00014763,2025;01;11;01,FM-15,343,23,72,0,0
USW00014763,2025;01;11;02,FM-15,343,23,72,0,0
USW00014763,2025;01;11;03,FM-15,343,23,74,0,0
USW00014763,2025;01;11;04,FM-16,343,23,74,0,0
USW00014763,2025;01;11;04,FM-15,343,23,74,270,3
USW00014763,2025;01;11;05,FM-16,343,22,82,260,3
USW00014763,2025;01;11;05,FM-16,343,22,85,0,0
USW00014763,2025;01;11;05,FM-16,343,21,93,0,0
USW00014763,2025;01;11;05,FM-15,343,22,89,0,0
USW00014763,2025;01;11;06,FM-16,343,22,89,0,0
USW00014763,2025;01;11;06,FM-16,343,22,89,0,0
USW00014763,2025;01;11;06,FM-16,343,21,93,0,0
USW00014763,2025;01;11;06,FM-15,343,22,89,0,0
USW00014763,2025;01;11;07,FM-16,343,22,89,0,0
USW00014763,2025;01;11;07,FM-16,343,22,89,0,0
USW00014763,2025;01;11;07,FM-16,343,22,92,0,0
USW00014763,2025;01;11;07,FM-16,343,22,92,0,0
USW00014763,2025;01;11;07,FM-15,343,23,88,0,0
USW00014763,2025;01;11;08,FM-16,343,23,88,0,0
USW00014763,2025;01;11;08,FM-16,343,25,80,0,0
USW00014763,2025;01;11;08,FM-15,343,24,84,360,3
USW00014763,2025;01;11;09,FM-16,343,25,81,0,0
USW00014763,2025;01;11;09,FM-16,343,25,80,30,3
USW00014763,2025;01;11;09,FM-16,343,25,80,30,3
USW00014763,2025;01;11;09,FM-15,343,25,85,40,3
USW00014763,2025;01;11;10,FM-16,343,25,81,50,5
USW00014763,2025;01;11;10,FM-16,343,27,80,30,5
USW00014763,2025;01;11;10,FM-15,343,26,81,360,3
USW00014763,2025;01;11;11,FM-16,343,26,81,40,5
USW00014763,2025;01;11;11,FM-16,343,27,78,0,0
USW00014763,2025;01;11;11,FM-16,343,27,78,340,5
USW00014763,2025;01;11;11,FM-16,343,27,78,10,5
USW00014763,2025;01;11;11,FM-16,343,27,78,20,3
USW00014763,2025;01;11;11,FM-16,343,27,78,10,3
USW00014763,2025;01;11;11,FM-16,343,27,80,330,5
USW00014763,2025;01;11;11,FM-16,343,27,80,330,5
USW00014763,2025;01;11;11,FM-15,343,27,78,320,5
USW00014763,2025;01;11;12,FM-16,343,27,78,300,6
USW00014763,2025;01;11;12,FM-16,343,27,78,290,7
USW00014763,2025;01;11;12,FM-15,343,27,78,290,10
USW00014763,2025;01;11;13,FM-16,343,26,81,290,9
USW00014763,2025;01;11;13,FM-15,343,26,81,290,10
USW00014763,2025;01;11;14,FM-16,343,26,78,290,10
USW00014763,2025;01;11;14,FM-16,343,26,78,300,10
USW00014763,2025;01;11;14,FM-15,343,26,78,310,8
USW00014763,2025;01;11;15,FM-16,343,25,81,290,11
USW00014763,2025;01;11;15,FM-16,343,25,78,310,9
USW00014763,2025;01;11;15,FM-16,343,25,74,310,10
USW00014763,2025;01;11;15,FM-15,343,25,75,300,10
USW00014763,2025;01;11;16,FM-16,343,25,75,300,11
USW00014763,2025;01;11;16,FM-15,343,24,77,310,14
USW00014763,2025;01;11;17,FM-16,343,24,84,310,8
USW00014763,2025;01;11;17,FM-16,343,25,80,300,11
USW00014763,2025;01;11;17,FM-15,343,24,84,310,13
USW00014763,2025;01;11;18,FM-16,343,24,77,300,15
USW00014763,2025;01;11;18,FM-15,343,23,81,300,15
USW00014763,2025;01;11;19,FM-15,343,24,77,300,14
USW00014763,2025;01;11;20,FM-15,343,23,81,300,11
USW00014763,2025;01;11;21,FM-15,343,23,78,290,14
USW00014763,2025;01;11;22,FM-16,343,23,78,300,11
USW00014763,2025;01;11;22,FM-16,343,23,78,300,11
USW00014763,2025;01;11;22,FM-16,343,23,78,300,11
USW00014763,2025;01;11;22,FM-15,343,22,82,290,14
USW00014763,2025;01;11;23,FM-15,343,22,78,300,8
USW00014763,2025;01;12;00,SOD,,,,,
USW00014763,2025;01;12;00,FM-15,343,23,72,320,11
USW00014763,2025;01;12;01,FM-15,343,23,72,300,11
USW00014763,2025;01;12;02,FM-15,343,23,72,320,7
USW00014763,2025;01;12;03,FM-15,343,23,74,310,8
USW00014763,2025;01;12;04,FM-15,343,24,71,320,11
USW00014763,2025;01;12;05,FM-15,343,24,71,310,9
USW00014763,2025;01;12;06,FM-15,343,24,75,290,9
USW00014763,2025;01;12;07,FM-16,343,23,80,300,8
USW00014763,2025;01;12;07,FM-15,343,23,78,300,8
USW00014763,2025;01;12;08,FM-15,343,24,75,VRB,5
USW00014763,2025;01;12;09,FM-15,343,26,71,310,8
USW00014763,2025;01;12;10,FM-15,343,29,63,290,11
USW00014763,2025;01;12;11,FM-15,343,30,61,300,8
USW00014763,2025;01;12;12,FM-15,343,32,59,300,11
USW00014763,2025;01;12;13,FM-15,343,33,54,310,8
USW00014763,2025;01;12;14,FM-15,343,33,54,290,8
USW00014763,2025;01;12;15,FM-15,343,32,54,310,7
USW00014763,2025;01;12;16,FM-15,343,28,63,0,0
USW00014763,2025;01;12;17,FM-15,343,25,72,220,5
USW00014763,2025;01;12;18,FM-15,343,28,66,260,6
USW00014763,2025;01;12;19,FM-15,343,28,66,0,0
USW00014763,2025;01;12;20,FM-15,343,29,63,260,5
USW00014763,2025;01;12;21,FM-15,343,28,72,0,0
USW00014763,2025;01;12;22,FM-15,343,26,75,280,3
USW00014763,2025;01;12;23,FM-15,343,28,72,250,3
USW00014763,2025;01;13;00,SOD,,,,,
USW00014763,2025;01;13;00,FM-15,343,28,69,260,3
USW00014763,2025;01;13;01,FM-15,343,27,72,0,0
USW00014763,2025;01;13;02,FM-15,343,25,81,0,0
USW00014763,2025;01;13;03,FM-15,343,24,77,0,0
USW00014763,2025;01;13;04,FM-15,343,20,89,0,0
USW00014763,2025;01;13;05,FM-15,343,18,88,0,0
USW00014763,2025;01;13;06,FM-15,343,17,88,0,0
USW00014763,2025;01;13;07,FM-15,343,20,89,0,0
USW00014763,2025;01;13;08,FM-15,343,22,85,0,0
USW00014763,2025;01;13;09,FM-15,343,26,81,0,0
USW00014763,2025;01;13;10,FM-15,343,28,75,0,0
USW00014763,2025;01;13;11,FM-15,343,32,66,0,0
USW00014763,2025;01;13;12,FM-15,343,32,64,240,5
USW00014763,2025;01;13;13,FM-15,343,33,61,230,7
USW00014763,2025;01;13;14,FM-15,343,33,64,230,5
USW00014763,2025;01;13;15,FM-15,343,33,66,230,6
USW00014763,2025;01;13;16,FM-16,343,30,80,320,20
USW00014763,2025;01;13;16,FM-16,343,30,80,310,16
USW00014763,2025;01;13;16,FM-15,343,30,79,320,14
USW00014763,2025;01;13;16,FM-16,343,28,85,320,13
USW00014763,2025;01;13;17,FM-16,343,28,85,300,10
USW00014763,2025;01;13;17,FM-16,343,28,85,300,11
USW00014763,2025;01;13;17,FM-16,343,28,85,300,8
USW00014763,2025;01;13;17,FM-16,343,28,85,300,8
USW00014763,2025;01;13;17,FM-15,343,27,85,310,7
USW00014763,2025;01;13;18,FM-15,343,25,81,250,5
USW00014763,2025;01;13;19,FM-15,343,27,78,270,9
USW00014763,2025;01;13;20,FM-15,343,28,69,280,8
USW00014763,2025;01;13;21,FM-15,343,25,72,260,8
USW00014763,2025;01;13;22,FM-15,343,26,69,260,8
USW00014763,2025;01;13;23,FM-15,343,25,69,280,9
USW00014763,2025;01;14;00,SOD,,,,,
USW00014763,2025;01;14;00,FM-15,343,24,68,280,9
USW00014763,2025;01;14;01,FM-15,343,25,63,270,10
USW00014763,2025;01;14;02,FM-15,343,24,62,280,9
USW00014763,2025;01;14;03,FM-15,343,24,60,280,13
USW00014763,2025;01;14;04,FM-15,343,24,57,290,13
USW00014763,2025;01;14;05,FM-15,343,23,63,280,15
USW00014763,2025;01;14;06,FM-15,343,22,57,300,16
USW00014763,2025;01;14;07,FM-15,343,21,57,280,9
USW00014763,2025;01;14;08,FM-15,343,21,54,,
USW00014763,2025;01;14;09,FM-15,343,21,54,290,24
USW00014763,2025;01;14;10,FM-15,343,22,55,280,25
USW00014763,2025;01;14;11,FM-15,343,22,55,290,18
USW00014763,2025;01;14;12,FM-15,343,22,55,280,20
USW00014763,2025;01;14;13,FM-15,343,22,55,280,25
USW00014763,2025;01;14;14,FM-15,343,22,60,290,18
USW00014763,2025;01;14;15,FM-16,343,21,65,290,14
USW00014763,2025;01;14;15,FM-16,343,21,65,290,13
USW00014763,2025;01;14;15,FM-15,343,22,57,280,15
USW00014763,2025;01;14;16,FM-15,343,21,54,280,13
USW00014763,2025;01;14;17,FM-15,343,20,52,280,15
USW00014763,2025;01;14;18,FM-15,343,19,54,280,14
USW00014763,2025;01;14;19,FM-15,343,19,54,290,11
USW00014763,2025;01;14;20,FM-15,343,19,57,280,11
USW00014763,2025;01;14;21,FM-16,343,18,65,290,13
USW00014763,2025;01;14;21,FM-16,343,18,68,280,14
USW00014763,2025;01;14;21,FM-15,343,17,74,280,8
USW00014763,2025;01;14;22,FM-16,343,18,73,VRB,10
USW00014763,2025;01;14;22,FM-15,343,17,77,290,10
USW00014763,2025;01;14;23,FM-16,343,17,74,VRB,6
USW00014763,2025;01;14;23,FM-16,343,17,74,VRB,10
USW00014763,2025;01;14;23,FM-15,343,18,65,VRB,14
USW00014763,2025;01;15;00,SOD,,,,,
USW00014763,2025;01;15;00,FM-16,343,18,65,300,11
USW00014763,2025;01;15;00,FM-16,343,17,70,290,16
USW00014763,2025;01;15;00,FM-15,343,17,70,280,9
USW00014763,2025;01;15;01,FM-15,343,17,70,280,13
USW00014763,2025;01;15;02,FM-16,343,16,74,VRB,6
USW00014763,2025;01;15;02,FM-15,343,16,77,270,11
USW00014763,2025;01;15;03,FM-16,343,16,77,280,13
USW00014763,2025;01;15;03,FM-16,343,17,74,290,9
USW00014763,2025;01;15;03,FM-16,343,17,74,290,8
USW00014763,2025;01;15;03,FM-15,343,17,74,290,9
USW00014763,2025;01;15;04,FM-15,343,17,74,VRB,10
USW00014763,2025;01;15;05,FM-15,343,16,74,300,18
USW00014763,2025;01;15;06,FM-15,343,15,74,300,14
USW00014763,2025;01;15;07,FM-15,343,14,71,300,13
USW00014763,2025;01;15;08,FM-16,343,14,67,280,10
USW00014763,2025;01;15;08,FM-15,343,15,67,290,14
USW00014763,2025;01;15;09,FM-15,343,16,65,300,10
USW00014763,2025;01;15;10,FM-15,343,18,59,290,13
USW00014763,2025;01;15;11,FM-15,343,20,55,300,14
USW00014763,2025;01;15;12,FM-15,343,21,50,310,11
USW00014763,2025;01;15;13,FM-15,343,21,50,300,15
USW00014763,2025;01;15;14,FM-15,343,20,65,290,17
USW00014763,2025;01;15;15,FM-16,343,20,65,280,16
USW00014763,2025;01;15;15,FM-16,343,20,65,VRB,11
USW00014763,2025;01;15;15,FM-16,343,19,68,320,8
USW00014763,2025;01;15;15,FM-15,343,20,62,310,14
USW00014763,2025;01;15;16,FM-15,343,20,62,290,10
USW00014763,2025;01;15;17,FM-15,343,19,65,270,16
USW00014763,2025;01;15;18,FM-15,343,20,57,280,14
USW00014763,2025;01;15;19,FM-15,343,18,65,290,13
USW00014763,2025;01;15;20,FM-15,343,17,70,280,9
USW00014763,2025;01;15;21,FM-15,343,16,74,280,13
USW00014763,2025;01;15;22,FM-15,343,17,74,270,8
USW00014763,2025;01;15;23,FM-16,343,18,74,260,9
USW00014763,2025;01;15;23,FM-16,343,18,73,270,8
USW00014763,2025;01;15;23,FM-15,343,18,74,270,8
USW00014763,2025;01;16;00,SOD,,,,,
USW00014763,2025;01;16;00,FM-15,343,18,74,270,6
USW00014763,2025;01;16;01,FM-15,343,19,74,250,8
USW00014763,2025;01;16;02,FM-16,343,19,77,260,8
USW00014763,2025;01;16;02,FM-16,343,19,77,240,6
USW00014763,2025;01;16;02,FM-16,343,18,81,250,6
USW00014763,2025;01;16;02,FM-16,343,18,79,250,6
USW00014763,2025;01;16;02,FM-15,343,18,81,260,6
USW00014763,2025;01;16;03,FM-16,343,18,81,260,7
USW00014763,2025;01;16;03,FM-16,343,19,81,250,9
USW00014763,2025;01;16;03,FM-15,343,19,81,270,8
USW00014763,2025;01;16;04,FM-16,343,18,84,270,7
USW00014763,2025;01;16;04,FM-16,343,17,84,240,6
USW00014763,2025;01;16;04,FM-16,343,18,84,240,8
USW00014763,2025;01;16;04,FM-15,343,18,84,240,6
USW00014763,2025;01;16;05,FM-16,343,18,79,220,3
USW00014763,2025;01;16;05,FM-15,343,17,84,230,3
USW00014763,2025;01;16;06,FM-16,343,16,88,240,3
USW00014763,2025;01;16;06,FM-15,343,16,88,0,0
USW00014763,2025;01;16;07,FM-15,343,16,84,0,0
USW00014763,2025;01;16;08,FM-15,343,19,74,30,5
USW00014763,2025;01;16;09,FM-15,343,19,77,0,0
USW00014763,2025;01;16;10,FM-15,343,21,65,240,7
USW00014763,2025;01;16;11,FM-15,343,21,65,190,6
USW00014763,2025;01;16;12,FM-15,343,23,63,VRB,3
USW00014763,2025;01;16;13,FM-15,343,24,57,190,6
USW00014763,2025;01;16;14,FM-15,343,24,55,210,8
USW00014763,2025;01;16;15,FM-15,343,23,57,VRB,7
USW00014763,2025;01;16;16,FM-15,343,23,60,160,5
USW00014763,2025;01;16;17,FM-16,343,23,63,220,8
USW00014763,2025;01;16;17,FM-16,343,21,80,230,8
USW00014763,2025;01;16;17,FM-15,343,21,78,230,8
USW00014763,2025;01;16;18,FM-16,343,21,78,220,9
USW00014763,2025;01;16;18,FM-16,343,21,78,200,5
USW00014763,2025;01;16;18,FM-15,343,21,78,VRB,6
USW00014763,2025;01;16;19,FM-16,343,20,81,230,3
USW00014763,2025;01;16;19,FM-15,343,20,81,240,6
USW00014763,2025;01;16;20,FM-16,343,20,81,230,7
USW00014763,2025;01;16;20,FM-16,343,20,81,240,7
USW00014763,2025;01;16;20,FM-16,343,20,81,250,7
USW00014763,2025;01;16;20,FM-16,343,20,81,260,5
USW00014763,2025;01;16;20,FM-16,343,19,86,250,5
USW00014763,2025;01;16;20,FM-15,343,19,84,250,6
USW00014763,2025;01;16;21,FM-16,343,19,84,250,6
USW00014763,2025;01;16;21,FM-16,343,19,84,240,6
USW00014763,2025;01;16;21,FM-15,343,19,84,250,6
USW00014763,2025;01;16;22,FM-16,343,19,84,240,6
USW00014763,2025;01;16;22,FM-16,343,19,84,240,7
USW00014763,2025;01;16;22,FM-15,343,19,84,240,6
USW00014763,2025;01;16;23,FM-16,343,16,88,270,3
USW00014763,2025;01;16;23,FM-15,343,17,88,0,0
USW00014763,2025;01;17;00,SOD,,,,,
USW00014763,2025;01;17;00,FM-16,343,17,88,250,5
USW00014763,2025;01;17;00,FM-16,343,18,88,240,3
USW00014763,2025;01;17;00,FM-15,343,18,88,260,3
USW00014763,2025;01;17;01,FM-16,343,17,92,0,0
USW00014763,2025;01;17;01,FM-15,343,18,84,0,0
USW00014763,2025;01;17;02,FM-15,343,17,84,310,5
USW00014763,2025;01;17;03,FM-15,343,17,80,310,8
USW00014763,2025;01;17;04,FM-16,343,18,79,300,6
USW00014763,2025;01;17;04,FM-15,343,18,81,300,7
USW00014763,2025;01;17;05,FM-16,343,18,84,300,9
USW00014763,2025;01;17;05,FM-16,343,15,88,280,6
USW00014763,2025;01;17;05,FM-15,343,17,84,280,6
USW00014763,2025;01;17;06,FM-15,343,20,81,270,5
USW00014763,2025;01;17;07,FM-15,343,21,81,VRB,3
USW00014763,2025;01;17;08,FM-15,343,22,82,VRB,5
USW00014763,2025;01;17;09,FM-16,343,23,81,240,5
USW00014763,2025;01;17;09,FM-16,343,23,80,250,6
USW00014763,2025;01;17;09,FM-15,343,23,81,250,5
USW00014763,2025;01;17;10,FM-16,343,24,77,260,6
USW00014763,2025;01;17;10,FM-16,343,24,81,260,6
USW00014763,2025;01;17;10,FM-15,343,26,78,250,7
USW00014763,2025;01;17;11,FM-16,343,27,78,250,9
USW00014763,2025;01;17;11,FM-15,343,27,78,280,9
USW00014763,2025;01;17;12,FM-16,343,27,78,280,10
USW00014763,2025;01;17;12,FM-15,343,28,78,270,8
USW00014763,2025;01;17;13,FM-15,343,30,72,270,11
USW00014763,2025;01;17;14,FM-15,343,30,72,220,5
USW00014763,2025;01;17;15,FM-15,343,30,75,230,7
USW00014763,2025;01;17;16,FM-15,343,29,78,0,0
USW00014763,2025;01;17;17,FM-15,343,29,78,0,0
USW00014763,2025;01;17;18,FM-15,343,29,78,0,0
USW00014763,2025;01;17;19,FM-15,343,29,78,0,0
USW00014763,2025;01;17;20,FM-15,343,29,75,220,5
USW00014763,2025;01;17;21,FM-15,343,25,81,VRB,3
USW00014763,2025;01;17;22,FM-15,343,27,81,0,0
USW00014763,2025;01;17;23,FM-15,343,29,69,160,7
USW00014763,2025;01;18;00,SOD,,,,,
USW00014763,2025;01;18;00,FM-15,343,27,75,0,0
USW00014763,2025;01;18;01,FM-15,343,28,72,190,7
USW00014763,2025;01;18;02,FM-15,343,30,66,190,7
USW00014763,2025;01;18;03,FM-15,343,30,64,170,8
USW00014763,2025;01;18;04,FM-15,343,29,66,190,7
USW00014763,2025;01;18;05,FM-15,343,30,64,VRB,8
USW00014763,2025;01;18;06,FM-15,343,30,64,180,14
USW00014763,2025;01;18;07,FM-15,343,30,69,VRB,7
USW00014763,2025;01;18;08,FM-15,343,32,69,190,14
USW00014763,2025;01;18;09,FM-15,343,34,70,170,14
USW00014763,2025;01;18;10,FM-15,343,36,70,180,16
USW00014763,2025;01;18;11,FM-15,343,37,70,180,17
USW00014763,2025;01;18;12,FM-15,343,38,70,180,14
USW00014763,2025;01;18;13,FM-15,343,38,76,210,14
USW00014763,2025;01;18;14,FM-16,343,38,79,190,11
USW00014763,2025;01;18;14,FM-16,343,37,86,190,10
USW00014763,2025;01;18;14,FM-15,343,37,86,200,10
USW00014763,2025;01;18;15,FM-16,343,37,86,200,8
USW00014763,2025;01;18;15,FM-16,343,37,86,VRB,11
USW00014763,2025;01;18;15,FM-15,343,37,89,170,7
USW00014763,2025;01;18;16,FM-16,343,37,89,160,6
USW00014763,2025;01;18;16,FM-15,343,36,89,VRB,6
USW00014763,2025;01;18;17,FM-16,343,36,89,VRB,6
USW00014763,2025;01;18;17,FM-16,343,36,89,VRB,5
USW00014763,2025;01;18;17,FM-15,343,36,89,0,0
USW00014763,2025;01;18;18,FM-16,343,35,93,20,3
USW00014763,2025;01;18;18,FM-15,343,34,97,360,3
USW00014763,2025;01;18;19,FM-16,343,34,100,0,0
USW00014763,2025;01;18;19,FM-16,343,34,97,0,0
USW00014763,2025;01;18;19,FM-15,343,34,97,340,3
USW00014763,2025;01;18;19,FM-16,343,34,97,0,0
USW00014763,2025;01;18;20,FM-16,343,34,97,0,0
USW00014763,2025;01;18;20,FM-15,343,34,97,0,0
USW00014763,2025;01;18;21,FM-16,343,34,97,0,0
USW00014763,2025;01;18;21,FM-16,343,34,100,0,0
USW00014763,2025;01;18;21,FM-15,343,34,97,0,0
USW00014763,2025;01;18;22,FM-16,343,34,92,0,0
USW00014763,2025;01;18;22,FM-16,343,33,96,0,0
USW00014763,2025;01;18;22,FM-15,343,33,100,0,0
USW00014763,2025;01;18;23,FM-16,343,35,93,250,6
USW00014763,2025;01;18;23,FM-16,343,35,93,240,7
USW00014763,2025;01;18;23,FM-15,343,36,89,240,6
USW00014763,2025;01;19;00,SOD,,,,,
USW00014763,2025;01;19;00,FM-16,343,36,87,300,6
USW00014763,2025;01;19;00,FM-15,343,35,89,310,8
USW00014763,2025;01;19;01,FM-15,343,35,85,320,10
USW00014763,2025;01;19;02,FM-16,343,35,82,320,9
USW00014763,2025;01;19;02,FM-15,343,34,85,290,11
USW00014763,2025;01;19;03,FM-16,343,34,85,310,11
USW00014763,2025;01;19;03,FM-15,343,33,82,300,17
USW00014763,2025;01;19;04,FM-16,343,32,82,300,16
USW00014763,2025;01;19;04,FM-16,343,32,82,300,13
USW00014763,2025;01;19;04,FM-15,343,31,85,310,11
USW00014763,2025;01;19;05,FM-15,343,30,85,300,10
USW00014763,2025;01;19;06,FM-15,343,29,78,290,15
USW00014763,2025;01;19;07,FM-16,343,28,81,290,13
USW00014763,2025;01;19;07,FM-15,343,29,75,300,11
USW00014763,2025;01;19;08,FM-16,343,28,78,300,6
USW00014763,2025;01;19;08,FM-16,343,28,78,320,7
USW00014763,2025;01;19;08,FM-15,343,29,75,300,8
USW00014763,2025;01;19;09,FM-15,343,29,75,280,3
USW00014763,2025;01;19;10,FM-15,343,29,75,330,7
USW00014763,2025;01;19;11,FM-15,343,30,72,310,8
USW00014763,2025;01;19;12,FM-15,343,30,72,320,7
USW00014763,2025;01;19;13,FM-15,343,30,72,VRB,5
USW00014763,2025;01;19;14,FM-16,343,29,78,310,7
USW00014763,2025;01;19;14,FM-16,343,29,82,330,6
USW00014763,2025;01;19;14,FM-15,343,28,85,340,5
USW00014763,2025;01;19;15,FM-16,343,28,88,0,0
USW00014763,2025;01;19;15,FM-16,343,28,88,0,0
USW00014763,2025;01;19;15,FM-15,343,28,88,310,5
USW00014763,2025;01;19;16,FM-16,343,27,92,320,3
USW00014763,2025;01;19;16,FM-16,343,27,92,330,3
USW00014763,2025;01;19;16,FM-15,343,26,88,330,7
USW00014763,2025;01;19;17,FM-16,343,26,88,330,9
USW00014763,2025;01;19;17,FM-15,343,25,85,320,8
USW00014763,2025;01;19;18,FM-15,343,23,85,320,8
USW00014763,2025;01;19;19,FM-16,343,22,92,320,6
USW00014763,2025;01;19;19,FM-16,343,22,92,340,3
USW00014763,2025;01;19;19,FM-16,343,22,92,300,5
USW00014763,2025;01;19;19,FM-16,343,22,89,300,7
USW00014763,2025;01;19;19,FM-15,343,22,85,310,10
USW00014763,2025;01;19;20,FM-16,343,21,85,310,11
USW00014763,2025;01;19;20,FM-16,343,19,81,300,10
USW00014763,2025;01;19;20,FM-16,343,18,86,300,10
USW00014763,2025;01;19;20,FM-15,343,18,84,300,9
USW00014763,2025;01;19;21,FM-16,343,18,84,310,9
USW00014763,2025;01;19;21,FM-16,343,16,84,310,10
USW00014763,2025;01;19;21,FM-16,343,16,86,300,10
USW00014763,2025;01;19;21,FM-15,343,16,84,300,10
USW00014763,2025;01;19;22,FM-16,343,16,80,300,11
USW00014763,2025;01;19;22,FM-15,343,14,80,310,11
USW00014763,2025;01;19;23,FM-16,343,14,77,310,15
USW00014763,2025;01;19;23,FM-16,343,14,77,310,11
USW00014763,2025;01;19;23,FM-16,343,13,77,310,13
USW00014763,2025;01;19;23,FM-16,343,13,77,320,10
USW00014763,2025;01;19;23,FM-15,343,13,77,320,10
USW00014763,2025;01;20;00,SOD,,,,,
USW00014763,2025;01;20;00,FM-16,343,13,77,VRB,10
USW00014763,2025;01;20;00,FM-16,343,13,74,320,13
USW00014763,2025;01;20;00,FM-15,343,13,74,330,14
USW00014763,2025;01;20;01,FM-16,343,13,74,330,16
USW00014763,2025;01;20;01,FM-16,343,13,74,320,15
USW00014763,2025;01;20;01,FM-15,343,13,74,330,14
USW00014763,2025;01;20;02,FM-16,343,13,74,310,11
USW00014763,2025;01;20;02,FM-16,343,13,74,320,10
USW00014763,2025;01;20;02,FM-15,343,13,70,330,14
USW00014763,2025;01;20;03,FM-16,343,12,73,300,9
USW00014763,2025;01;20;03,FM-15,343,12,73,320,11
USW00014763,2025;01;20;04,FM-16,343,11,77,320,8
USW00014763,2025;01;20;04,FM-16,343,12,73,300,10
USW00014763,2025;01;20;04,FM-15,343,12,77,VRB,9
USW00014763,2025;01;20;05,FM-16,343,12,80,310,6
USW00014763,2025;01;20;05,FM-16,343,12,79,320,3
USW00014763,2025;01;20;05,FM-15,343,12,77,0,0
USW00014763,2025;01;20;06,FM-16,343,11,81,280,8
USW00014763,2025;01;20;06,FM-16,343,11,77,VRB,8
USW00014763,2025;01;20;06,FM-15,343,9,77,280,6
USW00014763,2025;01;20;07,FM-15,343,7,76,250,6
USW00014763,2025;01;20;08,FM-16,343,6,79,240,5
USW00014763,2025;01;20;08,FM-16,343,6,76,270,6
USW00014763,2025;01;20;08,FM-15,343,7,73,250,6
USW00014763,2025;01;20;09,FM-15,343,9,66,280,6
USW00014763,2025;01;20;10,FM-15,343,12,61,270,10
USW00014763,2025;01;20;11,FM-15,343,12,61,280,11
USW00014763,2025;01;20;12,FM-15,343,13,59,300,16
USW00014763,2025;01;20;13,FM-15,343,13,56,300,15
USW00014763,2025;01;20;14,FM-15,343,14,49,280,14
USW00014763,2025;01;20;15,FM-15,343,14,49,280,13
USW00014763,2025;01;20;16,FM-15,343,12,51,280,14
USW00014763,2025;01;20;17,FM-15,343,10,53,270,9
USW00014763,2025;01;20;18,FM-15,343,8,57,270,6
USW00014763,2025;01;20;19,FM-15,343,6,66,230,5
USW00014763,2025;01;20;20,FM-15,343,7,63,240,5
USW00014763,2025;01;20;21,FM-15,343,6,66,220,6
USW00014763,2025;01;20;22,FM-15,343,1,75,230,5
USW00014763,2025;01;20;23,FM-15,343,2,76,230,3
USW00014763,2025;01;21;00,SOD,,,,,
USW00014763,2025;01;21;00,FM-15,343,3,72,240,7
USW00014763,2025;01;21;01,FM-15,343,6,60,270,8
USW00014763,2025;01;21;02,FM-15,343,5,63,220,6
USW00014763,2025;01;21;03,FM-15,343,2,69,220,7
USW00014763,2025;01;21;04,FM-15,343,-1,72,230,6
USW00014763,2025;01;21;05,FM-15,343,3,66,220,6
USW00014763,2025;01;21;06,FM-15,343,-5,79,260,7
USW00014763,2025;01;21;07,FM-15,343,-3,75,260,8
USW00014763,2025;01;21;08,FM-15,343,4,66,230,9
USW00014763,2025;01;21;09,FM-15,343,8,52,230,8
USW00014763,2025;01;21;10,FM-15,343,9,50,240,9
USW00014763,2025;01;21;11,FM-15,343,10,45,290,11
USW00014763,2025;01;21;12,FM-15,343,11,46,250,9
USW00014763,2025;01;21;13,FM-15,343,11,46,260,8
USW00014763,2025;01;21;14,FM-15,343,11,46,270,10
USW00014763,2025;01;21;15,FM-15,343,11,46,230,7
USW00014763,2025;01;21;16,FM-15,343,9,48,240,7
USW00014763,2025;01;21;17,FM-15,343,8,52,240,3
USW00014763,2025;01;21;18,FM-15,343,3,66,230,6
USW00014763,2025;01;21;19,FM-15,343,0,76,0,0
USW00014763,2025;01;21;20,FM-15,343,-2,72,0,0
USW00014763,2025;01;21;21,FM-15,343,-4,75,0,0
USW00014763,2025;01;21;22,FM-15,343,-6,83,0,0
USW00014763,2025;01;21;23,FM-16,343,-8,77,0,0
USW00014763,2025;01;21;23,FM-15,343,-8,78,0,0
USW00014763,2025;01;22;00,SOD,,,,,
USW00014763,2025;01;22;00,FM-16,343,-9,82,0,0
USW00014763,2025;01;22;00,FM-16,343,-7,75,0,0
USW00014763,2025;01;22;00,FM-16,343,-9,82,0,0
USW00014763,2025;01;22;00,FM-16,343,-9,75,0,0
USW00014763,2025;01;22;00,FM-15,343,-9,75,0,0
USW00014763,2025;01;22;01,FM-15,343,-9,71,0,0
USW00014763,2025;01;22;02,FM-16,343,-10,78,0,0
USW00014763,2025;01;22;02,FM-16,343,-11,70,0,0
USW00014763,2025;01;22;02,FM-15,343,-11,74,0,0
USW00014763,2025;01;22;03,FM-16,343,-10,74,0,0
USW00014763,2025;01;22;03,FM-16,343,-11,78,0,0
USW00014763,2025;01;22;03,FM-16,343,-11,74,0,0
USW00014763,2025;01;22;03,FM-15,343,-12,73,0,0
USW00014763,2025;01;22;04,FM-16,343,-12,73,0,0
USW00014763,2025;01;22;04,FM-16,343,-13,74,0,0
USW00014763,2025;01;22;04,FM-16,343,-11,78,0,0
USW00014763,2025;01;22;04,FM-16,343,-11,63,0,0
USW00014763,2025;01;22;04,FM-15,343,-12,70,0,0
USW00014763,2025;01;22;05,FM-16,343,-12,78,0,0
USW00014763,2025;01;22;05,FM-16,343,-14,74,0,0
USW00014763,2025;01;22;05,FM-16,343,-14,78,0,0
USW00014763,2025;01;22;05,FM-16,343,-15,76,300,3
USW00014763,2025;01;22;05,FM-15,343,-15,74,0,0
USW00014763,2025;01;22;06,FM-16,343,-13,78,0,0
USW00014763,2025;01;22;06,FM-15,343,-15,74,0,0
USW00014763,2025;01;22;07,FM-15,343,-13,82,0,0
USW00014763,2025;01;22;08,FM-15,343,-5,87,0,0
USW00014763,2025;01;22;09,FM-15,343,3,69,290,6
USW00014763,2025;01;22;10,FM-15,343,7,57,VRB,6
USW00014763,2025;01;22;11,FM-15,343,9,55,240,6
USW00014763,2025;01;22;12,FM-15,343,11,51,260,8
USW00014763,2025;01;22;13,FM-15,343,12,48,300,8
USW00014763,2025;01;22;14,FM-15,343,13,38,310,5
USW00014763,2025;01;22;15,FM-15,343,13,36,240,5
USW00014763,2025;01;22;16,FM-15,343,10,45,220,5
USW00014763,2025;01;22;17,FM-15,343,9,46,210,5
USW00014763,2025;01;22;18,FM-15,343,7,57,0,0
USW00014763,2025;01;22;19,FM-15,343,6,66,0,0
USW00014763,2025;01;22;20,FM-15,343,7,63,0,0
USW00014763,2025;01;22;21,FM-15,343,5,69,340,3
USW00014763,2025;01;22;22,FM-15,343,4,69,0,0
USW00014763,2025;01;22;23,FM-15,343,4,69,0,0
USW00014763,2025;01;23;00,SOD,,,,,
USW00014763,2025;01;23;00,FM-15,223,5,72,0,0
USW00014763,2025;01;23;01,FM-15,223,6,69,350,3
USW00014763,2025;01;23;02,FM-15,223,7,57,230,3
USW00014763,2025;01;23;03,FM-15,223,7,60,0,0
USW00014763,2025;01;23;04,FM-15,223,10,48,180,8
USW00014763,2025;01;23;05,FM-15,223,10,50,170,8
USW00014763,2025;01;23;06,FM-15,223,11,46,190,6
USW00014763,2025;01;23;07,FM-15,223,11,44,190,3
USW00014763,2025;01;23;08,FM-15,223,10,53,VRB,3
USW00014763,2025;01;23;10,FM-15,223,19,37,,
USW00014763,2025;01;23;11,FM-15,223,20,38,170,8
USW00014763,2025;01;23;12,FM-15,223,21,36,160,14
USW00014763,2025;01;23;13,FM-15,223,22,35,210,9
USW00014763,2025;01;23;14,FM-15,223,23,35,200,11
USW00014763,2025;01;23;16,FM-15,223,21,38,220,3
USW00014763,2025;01;23;17,FM-15,223,18,39,0,0
USW00014763,2025;01;23;18,FM-15,223,12,56,0,0
USW00014763,2025;01;23;19,FM-15,223,9,61,0,0
USW00014763,2025;01;23;20,FM-15,223,9,61,0,0
USW00014763,2025;01;23;21,FM-15,223,7,66,0,0
USW00014763,2025;01;23;22,FM-15,223,6,69,0,0
USW00014763,2025;01;23;23,FM-15,223,8,63,250,7
USW00014763,2025;01;24;00,SOD,,,,,
USW00014763,2025;01;24;00,FM-15,223,3,72,0,0
USW00014763,2025;01;24;01,FM-15,223,3,79,0,0
USW00014763,2025;01;24;02,FM-15,223,2,83,0,0
USW00014763,2025;01;24;03,FM-16,343,2,83,0,0
USW00014763,2025;01;24;03,FM-15,223,4,80,0,0
USW00014763,2025;01;24;04,FM-15,223,6,79,0,0
USW00014763,2025;01;24;05,FM-16,343,7,80,0,0
USW00014763,2025;01;24;05,FM-15,223,6,79,270,5
USW00014763,2025;01;24;06,FM-16,343,7,76,0,0
USW00014763,2025;01;24;06,FM-15,223,8,76,0,0
USW00014763,2025;01;24;07,FM-15,223,9,77,240,5
USW00014763,2025;01;24;08,FM-16,343,16,67,220,6
USW00014763,2025;01;24;08,FM-16,343,18,68,230,9
USW00014763,2025;01;24;08,FM-15,223,18,68,240,9
USW00014763,2025;01;24;09,FM-16,343,18,68,240,9
USW00014763,2025;01;24;09,FM-16,343,18,74,230,8
USW00014763,2025;01;24;09,FM-16,343,19,71,250,8
USW00014763,2025;01;24;09,FM-15,223,19,71,270,9
USW00014763,2025;01;24;10,FM-15,223,20,68,290,11
USW00014763,2025;01;24;11,FM-15,223,22,66,290,8
USW00014763,2025;01;24;12,FM-15,223,23,63,290,10
USW00014763,2025;01;24;13,FM-16,343,23,57,310,11
USW00014763,2025;01;24;13,FM-15,223,23,60,VRB,6
USW00014763,2025;01;24;14,FM-15,223,24,55,300,10
USW00014763,2025;01;24;15,FM-15,223,24,50,260,13
USW00014763,2025;01;24;16,FM-15,223,22,57,280,15
USW00014763,2025;01;24;16,FM-16,343,22,60,270,10
USW00014763,2025;01;24;17,FM-16,343,21,62,300,7
USW00014763,2025;01;24;17,FM-16,343,21,59,300,6
USW00014763,2025;01;24;17,FM-15,223,19,59,310,5
USW00014763,2025;01;24;18,FM-15,223,18,62,290,6
USW00014763,2025;01;24;19,FM-15,223,17,64,220,5
USW00014763,2025;01;24;20,FM-15,223,17,68,260,5
USW00014763,2025;01;24;21,FM-15,223,16,71,270,7
USW00014763,2025;01;24;22,FM-15,223,16,74,270,6
USW00014763,2025;01;24;23,FM-15,343,14,73,260,6
USW00014763,2025;01;25;00,SOD,,,,,
USW00014763,2025;01;25;00,FM-15,343,13,77,270,6
USW00014763,2025;01;25;01,FM-15,343,7,87,250,6
USW00014763,2025;01;25;02,FM-15,343,7,87,250,7
USW00014763,2025;01;25;03,FM-16,343,7,87,240,5
USW00014763,2025;01;25;03,FM-16,343,12,79,220,5
USW00014763,2025;01;25;03,FM-15,343,12,80,220,3
USW00014763,2025;01;25;04,FM-15,343,6,83,270,5
USW00014763,2025;01;25;05,FM-15,343,7,84,0,0
USW00014763,2025;01;25;06,FM-15,343,7,87,0,0
USW00014763,2025;01;25;07,FM-15,343,7,84,0,0
USW00014763,2025;01;25;08,FM-15,343,12,73,250,7
USW00014763,2025;01;25;09,FM-15,343,19,54,290,10
USW00014763,2025;01;25;10,FM-15,343,20,52,280,11
USW00014763,2025;01;25;11,FM-15,343,21,52,270,8
USW00014763,2025;01;25;12,FM-15,343,22,52,230,9
USW00014763,2025;01;25;13,FM-15,343,23,53,220,6
USW00014763,2025;01;25;14,FM-15,343,23,50,220,7
USW00014763,2025;01;25;15,FM-15,343,23,50,220,9
USW00014763,2025;01;25;16,FM-15,343,22,50,230,9
USW00014763,2025;01;25;17,FM-15,343,22,50,220,8
USW00014763,2025;01;25;18,FM-15,343,22,50,230,7
USW00014763,2025;01;25;19,FM-15,343,22,50,230,8
USW00014763,2025;01;25;20,FM-15,343,22,52,230,9
USW00014763,2025;01;25;21,FM-15,343,22,52,230,8
USW00014763,2025;01;25;22,FM-15,343,22,52,240,8
USW00014763,2025;01;25;23,FM-15,343,22,55,250,9
USW00014763,2025;01;26;00,SOD,,,,,
USW00014763,2025;01;26;00,FM-15,343,23,55,230,11
USW00014763,2025;01;26;01,FM-15,343,23,57,240,11
USW00014763,2025;01;26;02,FM-15,343,23,57,250,9
USW00014763,2025;01;26;03,FM-15,343,22,63,280,3
USW00014763,2025;01;26;04,FM-15,343,21,65,0,0
USW00014763,2025;01;26;05,FM-15,343,25,69,230,8
USW00014763,2025;01;26;06,FM-15,343,27,66,220,9
USW00014763,2025;01;26;07,FM-15,343,26,66,230,11
USW00014763,2025;01;26;08,FM-15,343,27,66,230,7
USW00014763,2025;01;26;09,FM-16,343,27,66,230,8
USW00014763,2025;01;26;09,FM-16,343,27,66,220,9
USW00014763,2025;01;26;09,FM-15,343,28,69,240,10
USW00014763,2025;01;26;10,FM-15,343,30,66,270,8
USW00014763,2025;01;26;11,FM-15,343,31,59,280,13
USW00014763,2025;01;26;12,FM-15,343,32,50,270,14
USW00014763,2025;01;26;13,FM-15,343,32,52,280,18
USW00014763,2025;01;26;14,FM-15,343,31,52,300,14
USW00014763,2025;01;26;15,FM-15,343,30,61,310,15
USW00014763,2025;01;26;16,FM-15,343,29,58,290,10
USW00014763,2025;01;26;17,FM-15,343,29,51,280,14
USW00014763,2025;01;26;18,FM-15,343,28,47,270,15
USW00014763,2025;01;26;19,FM-15,343,27,49,270,11
USW00014763,2025;01;26;20,FM-15,343,26,51,260,10
USW00014763,2025;01;26;21,FM-15,343,25,53,240,7
USW00014763,2025;01;26;22,FM-15,343,23,57,270,6
USW00014763,2025;01;26;23,FM-15,343,21,62,210,5
USW00014763,2025;01;27;00,SOD,,,,,
USW00014763,2025;01;27;00,FM-15,223,17,68,250,5
USW00014763,2025;01;27;01,FM-15,223,16,71,230,5
USW00014763,2025;01;27;02,FM-15,223,16,67,240,5
USW00014763,2025;01;27;03,FM-15,223,18,65,260,6
USW00014763,2025;01;27;04,FM-15,223,20,60,260,11
USW00014763,2025;01;27;05,FM-15,223,20,60,240,10
USW00014763,2025;01;27;06,FM-15,223,20,60,240,9
USW00014763,2025;01;27;07,FM-15,223,20,60,240,5
USW00014763,2025;01;27;08,FM-15,223,23,55,220,8
USW00014763,2025;01;27;09,FM-15,223,25,53,220,8
USW00014763,2025;01;27;10,FM-15,223,27,49,220,14
USW00014763,2025;01;27;11,FM-15,223,30,45,230,11
USW00014763,2025;01;27;12,FM-15,223,32,43,220,10
USW00014763,2025;01;27;13,FM-15,223,32,43,220,11
USW00014763,2025;01;27;14,FM-15,223,34,38,220,16
USW00014763,2025;01;27;15,FM-15,223,33,40,210,14
USW00014763,2025;01;27;16,FM-15,223,32,43,200,10
USW00014763,2025;01;27;17,FM-15,223,30,45,210,13
USW00014763,2025;01;27;18,FM-15,223,30,43,210,11
USW00014763,2025;01;27;19,FM-15,223,29,43,220,10
USW00014763,2025;01;27;20,FM-15,223,29,41,240,15
USW00014763,2025;01;27;21,FM-15,223,30,39,220,20
USW00014763,2025;01;27;22,FM-15,223,30,39,220,15
USW00014763,2025;01;27;23,FM-15,223,30,41,230,13
USW00014763,2025;01;28;00,SOD,,,,,
USW00014763,2025;01;28;00,FM-15,223,30,39,230,11
USW00014763,2025;01;28;01,FM-15,223,30,41,220,8
USW00014763,2025;01;28;02,FM-15,223,30,41,230,8
USW00014763,2025;01;28;03,FM-15,223,29,45,250,8
USW00014763,2025;01;28;04,FM-15,223,31,47,250,18
USW00014763,2025;01;28;05,FM-15,223,31,52,250,15
USW00014763,2025;01;28;06,FM-15,223,31,59,280,21
USW00014763,2025;01;28;07,FM-16,343,30,64,290,17
USW00014763,2025;01;28;07,FM-15,223,30,66,300,14
USW00014763,2025;01;28;07,FM-16,343,30,66,300,14
USW00014763,2025;01;28;08,FM-16,343,28,78,300,18
USW00014763,2025;01;28;08,FM-16,343,28,78,290,16
USW00014763,2025;01;28;08,FM-16,343,28,78,300,17
USW00014763,2025;01;28;08,FM-16,343,27,81,290,15
USW00014763,2025;01;28;08,FM-16,343,27,78,290,21
USW00014763,2025;01;28;08,FM-16,343,27,75,290,21
USW00014763,2025;01;28;08,FM-15,223,27,72,310,17
USW00014763,2025;01;28;09,FM-16,343,26,69,300,15
USW00014763,2025;01;28;09,FM-16,343,26,63,VRB,20
USW00014763,2025;01;28;09,FM-16,343,27,64,300,22
USW00014763,2025;01;28;09,FM-15,223,26,66,280,21
USW00014763,2025;01;28;10,FM-16,343,25,69,290,22
USW00014763,2025;01;28;10,FM-16,343,24,62,300,25
USW00014763,2025;01;28;10,FM-16,343,23,60,290,26
USW00014763,2025;01;28;10,FM-16,343,23,55,290,23
USW00014763,2025;01;28;10,FM-16,343,24,46,280,21
USW00014763,2025;01;28;10,FM-16,343,23,44,290,33
USW00014763,2025;01;28;10,FM-16,343,21,42,280,29
USW00014763,2025;01;28;10,FM-15,223,22,42,290,28
USW00014763,2025;01;28;11,FM-16,343,22,38,310,17
USW00014763,2025;01;28;11,FM-15,223,22,44,300,23
USW00014763,2025;01;28;12,FM-15,223,21,43,300,24
USW00014763,2025;01;28;13,FM-15,223,21,45,300,16
USW00014763,2025;01;28;14,FM-15,223,20,43,310,14
USW00014763,2025;01;28;15,FM-15,223,20,43,300,21
USW00014763,2025;01;28;16,FM-15,223,19,43,290,9
USW00014763,2025;01;28;17,FM-15,223,16,51,280,5
USW00014763,2025;01;28;18,FM-15,223,15,53,260,3
USW00014763,2025;01;28;19,FM-15,223,16,56,0,0
USW00014763,2025;01;28;20,FM-15,223,17,62,0,0
USW00014763,2025;01;28;21,FM-16,343,18,53,120,5
USW00014763,2025;01;28;21,FM-15,223,17,59,100,3
USW00014763,2025;01;28;22,FM-16,343,17,64,0,0
USW00014763,2025;01;28;22,FM-16,343,16,74,60,3
USW00014763,2025;01;28;22,FM-15,223,15,84,0,0
USW00014763,2025;01;28;23,FM-16,343,16,84,20,6
USW00014763,2025;01;28;23,FM-15,223,16,84,VRB,5
USW00014763,2025;01;29;00,SOD,,,,,
USW00014763,2025;01;29;00,FM-16,343,16,84,VRB,3
USW00014763,2025;01;29;00,FM-15,223,16,88,60,3
USW00014763,2025;01;29;01,FM-16,343,17,84,VRB,5
USW00014763,2025;01;29;01,FM-16,343,17,84,60,7
USW00014763,2025;01;29;01,FM-16,343,17,84,VRB,7
USW00014763,2025;01;29;01,FM-16,343,17,84,60,7
USW00014763,2025;01;29;01,FM-15,223,17,88,40,6
USW00014763,2025;01;29;02,FM-15,223,18,84,60,6
USW00014763,2025;01;29;03,FM-15,223,18,84,0,0
USW00014763,2025;01;29;04,FM-15,223,18,88,0,0
USW00014763,2025;01;29;05,FM-15,223,19,84,0,0
USW00014763,2025;01;29;06,FM-15,223,19,84,0,0
USW00014763,2025;01;29;07,FM-15,223,20,85,VRB,3
USW00014763,2025;01;29;08,FM-15,223,32,66,VRB,9
USW00014763,2025;01;29;09,FM-15,223,34,61,210,10
USW00014763,2025;01;29;10,FM-15,223,36,59,220,11
USW00014763,2025;01;29;11,FM-16,343,36,64,270,20
USW00014763,2025;01;29;11,FM-16,343,34,79,270,15
USW00014763,2025;01;29;11,FM-16,343,34,87,270,9
USW00014763,2025;01;29;11,FM-15,223,33,89,260,7
USW00014763,2025;01;29;11,FM-16,343,34,85,260,8
USW00014763,2025;01;29;12,FM-16,343,34,85,260,6
USW00014763,2025;01;29;12,FM-16,343,36,76,240,10
USW00014763,2025;01;29;12,FM-15,223,37,70,270,37
USW00014763,2025;01;29;13,FM-16,343,34,85,280,18
USW00014763,2025;01;29;13,FM-16,343,34,82,280,22
USW00014763,2025;01;29;13,FM-16,343,34,82,280,21
USW00014763,2025;01;29;13,FM-15,223,35,76,290,13
USW00014763,2025;01;29;14,FM-16,343,35,72,280,17
USW00014763,2025;01;29;14,FM-15,223,32,69,300,26
USW00014763,2025;01;29;15,FM-16,343,31,76,300,22
USW00014763,2025;01;29;15,FM-16,343,31,76,290,22
USW00014763,2025;01;29;15,FM-16,343,31,76,290,21
USW00014763,2025;01;29;15,FM-16,343,31,72,300,24
USW00014763,2025;01;29;15,FM-16,343,30,69,280,29
USW00014763,2025;01;29;15,FM-16,343,30,64,290,29
USW00014763,2025;01;29;15,FM-16,343,30,59,300,26
USW00014763,2025;01;29;15,FM-15,223,30,58,290,21
USW00014763,2025;01;29;16,FM-15,223,28,58,290,21
USW00014763,2025;01;29;17,FM-15,223,27,58,290,22
USW00014763,2025;01;29;18,FM-16,343,26,69,290,21
USW00014763,2025;01;29;18,FM-16,343,26,66,310,17
USW00014763,2025;01;29;18,FM-15,223,26,63,290,18
USW00014763,2025;01;29;19,FM-16,343,25,66,300,22
USW00014763,2025;01;29;19,FM-16,343,24,62,300,30
USW00014763,2025;01;29;19,FM-16,343,23,58,300,39
USW00014763,2025;01;29;19,FM-15,223,23,60,300,31
USW00014763,2025;01;29;20,FM-16,343,23,57,300,36
USW00014763,2025;01;29;20,FM-16,343,22,63,300,33
USW00014763,2025;01;29;20,FM-16,343,22,60,290,28
USW00014763,2025;01;29;20,FM-15,223,22,57,280,30
USW00014763,2025;01;29;21,FM-16,343,20,55,290,32
USW00014763,2025;01;29;21,FM-16,343,21,50,290,30
USW00014763,2025;01;29;21,FM-15,223,20,50,290,26
USW00014763,2025;01;29;22,FM-15,223,19,54,290,25
USW00014763,2025;01;29;23,FM-15,343,18,57,290,18
USW00014763,2025;01;30;00,SOD,,,,,
USW00014763,2025;01;30;00,FM-15,343,17,68,300,18
USW00014763,2025;01;30;00,FM-16,343,17,68,290,20
USW00014763,2025;01;30;01,FM-16,343,17,74,290,22
USW00014763,2025;01;30;01,FM-16,343,16,80,290,25
USW00014763,2025;01;30;01,FM-16,343,16,77,290,23
USW00014763,2025;01;30;01,FM-15,343,16,77,280,21
USW00014763,2025;01;30;02,FM-16,343,16,77,290,18
USW00014763,2025;01;30;02,FM-16,343,16,71,290,18
USW00014763,2025;01;30;02,FM-15,343,15,70,280,18
USW00014763,2025;01;30;03,FM-16,343,15,64,300,16
USW00014763,2025;01;30;03,FM-15,343,14,61,310,14
USW00014763,2025;01;30;04,FM-15,343,13,56,300,17
USW00014763,2025;01;30;05,FM-15,343,12,58,300,15
USW00014763,2025;01;30;06,FM-15,343,11,61,290,17
USW00014763,2025;01;30;07,FM-15,343,12,58,280,21
USW00014763,2025;01;30;08,FM-15,343,13,59,300,17
USW00014763,2025;01;30;09,FM-15,343,15,56,290,16
USW00014763,2025;01;30;10,FM-15,343,17,49,310,17
USW00014763,2025;01;30;11,FM-15,343,19,49,280,22
USW00014763,2025;01;30;12,FM-15,343,21,47,280,18
USW00014763,2025;01;30;13,FM-15,343,22,48,290,16
USW00014763,2025;01;30;14,FM-15,343,23,46,320,11
USW00014763,2025;01;30;15,FM-15,343,22,48,300,8
USW00014763,2025;01;30;16,FM-15,343,21,50,240,3
USW00014763,2025;01;30;17,FM-15,343,19,54,210,3
USW00014763,2025;01;30;18,FM-15,343,17,59,0,0
USW00014763,2025;01;30;19,FM-15,343,16,62,0,0
USW00014763,2025;01;30;20,FM-15,343,16,65,360,3
USW00014763,2025;01;30;21,FM-15,343,15,67,0,0
USW00014763,2025;01;30;22,FM-15,343,13,74,0,0
USW00014763,2025;01;30;23,FM-15,343,13,70,0,0
USW00014763,2025;01;31;00,SOD,,,,,
USW00014763,2025;01;31;00,FM-15,343,11,77,0,0
USW00014763,2025;01;31;01,FM-15,343,11,77,0,0
USW00014763,2025;01;31;02,FM-15,343,12,77,0,0
USW00014763,2025;01;31;03,FM-15,343,14,73,VRB,3
USW00014763,2025;01;31;04,FM-15,343,17,74,0,0
USW00014763,2025;01;31;05,FM-15,343,20,78,10,3
USW00014763,2025;01;31;06,FM-15,343,20,81,0,0
USW00014763,2025;01;31;07,FM-15,343,22,82,0,0
USW00014763,2025;01;31;08,FM-15,343,26,78,340,3
USW00014763,2025;01;31;09,FM-15,343,29,75,40,5
USW00014763,2025;01;31;10,FM-15,343,32,75,0,0
USW00014763,2025;01;31;11,FM-15,343,33,85,0,0
USW00014763,2025;01;31;12,FM-16,343,33,85,0,0
USW00014763,2025;01;31;12,FM-16,343,33,85,0,0
USW00014763,2025;01;31;12,FM-15,343,34,85,0,0
USW00014763,2025;01;31;13,FM-16,343,33,89,50,5
USW00014763,2025;01;31;13,FM-15,343,34,85,0,0
USW00014763,2025;01;31;14,FM-15,343,34,89,0,0
USW00014763,2025;01;31;15,FM-16,343,34,89,0,0
USW00014763,2025;01;31;15,FM-15,343,34,92,0,0
USW00014763,2025;01;31;16,FM-16,343,34,89,0,0
USW00014763,2025;01;31;16,FM-16,343,34,92,0,0
USW00014763,2025;01;31;16,FM-16,343,34,93,0,0
USW00014763,2025;01;31;16,FM-15,343,33,96,0,0
USW00014763,2025;01;31;17,FM-16,343,33,96,0,0
USW00014763,2025;01;31;17,FM-16,343,33,96,0,0
USW00014763,2025;01;31;17,FM-16,343,33,96,0,0
USW00014763,2025;01;31;17,FM-16,343,33,92,0,0
USW00014763,2025;01;31;17,FM-16,343,33,96,0,0
USW00014763,2025;01;31;17,FM-16,343,33,96,0,0
USW00014763,2025;01;31;17,FM-15,343,33,96,0,0
USW00014763,2025;01;31;18,FM-16,343,33,92,0,0
USW00014763,2025;01;31;18,FM-16,343,33,92,0,0
USW00014763,2025;01;31;18,FM-16,343,33,92,0,0
USW00014763,2025;01;31;18,FM-16,343,33,96,0,0
USW00014763,2025;01;31;18,FM-15,343,33,96,0,0
USW00014763,2025;01;31;19,FM-16,343,33,96,0,0
USW00014763,2025;01;31;19,FM-15,343,32,96,0,0
USW00014763,2025;01;31;20,FM-16,343,32,100,0,0
USW00014763,2025;01;31;20,FM-16,343,32,100,0,0
USW00014763,2025;01;31;20,FM-15,343,32,96,140,3
USW00014763,2025;01;31;21,FM-16,343,33,92,0,0
USW00014763,2025;01;31;21,FM-16,343,32,96,0,0
USW00014763,2025;01;31;21,FM-16,343,32,96,0,0
USW00014763,2025;01;31;21,FM-16,343,32,93,0,0
USW00014763,2025;01;31;21,FM-15,343,32,96,0,0
USW00014763,2025;01;31;22,FM-16,343,32,96,0,0
USW00014763,2025;01;31;22,FM-16,343,32,100,0,0
USW00014763,2025;01;31;22,FM-16,343,32,96,0,0
USW00014763,2025;01;31;22,FM-15,343,32,96,0,0
USW00014763,2025;01;31;23,FM-16,343,33,92,0,0
USW00014763,2025;01;31;23,FM-16,343,33,92,0,0
USW00014763,2025;01;31;23,FM-15,343,32,100,240,5
USW00014763,2025;01;31;23,SOM,,,,,
USW00014763,2025;02;01;00,SOD,,,,,
USW00014763,2025;02;01;00,FM-15,343,33,96,320,3
USW00014763,2025;02;01;00,FM-16,343,33,96,310,3
USW00014763,2025;02;01;01,FM-16,343,33,96,270,3
USW00014763,2025;02;01;01,FM-16,343,33,96,270,5
USW00014763,2025;02;01;01,FM-15,343,33,92,290,6
USW00014763,2025;02;01;02,FM-15,343,33,89,300,5
USW00014763,2025;02;01;03,FM-16,343,32,88,290,13
USW00014763,2025;02;01;03,FM-16,343,30,86,300,14
USW00014763,2025;02;01;03,FM-15,343,30,88,310,16
USW00014763,2025;02;01;04,FM-16,343,28,86,320,10
USW00014763,2025;02;01;04,FM-15,343,29,85,300,10
USW00014763,2025;02;01;05,FM-16,343,27,81,300,7
USW00014763,2025;02;01;05,FM-15,343,26,84,310,10
USW00014763,2025;02;01;06,FM-15,343,25,78,360,8
USW00014763,2025;02;01;07,FM-15,343,23,74,10,10
USW00014763,2025;02;01;08,FM-16,343,22,71,10,15
USW00014763,2025;02;01;08,FM-15,343,21,71,10,9
USW00014763,2025;02;01;09,FM-16,343,19,68,10,7
USW00014763,2025;02;01;09,FM-15,343,20,68,VRB,10
USW00014763,2025;02;01;10,FM-16,343,18,68,320,14
USW00014763,2025;02;01;10,FM-15,343,18,68,320,15
USW00014763,2025;02;01;11,FM-16,343,19,65,VRB,10
USW00014763,2025;02;01;11,FM-15,343,19,68,330,10
USW00014763,2025;02;01;12,FM-16,343,19,68,340,11
USW00014763,2025;02;01;12,FM-16,343,19,71,330,9
USW00014763,2025;02;01;12,FM-16,343,19,68,340,9
USW00014763,2025;02;01;12,FM-15,343,18,71,350,9
USW00014763,2025;02;01;13,FM-16,343,18,74,VRB,8
USW00014763,2025;02;01;13,FM-16,343,18,71,320,8
USW00014763,2025;02;01;13,FM-16,343,18,68,310,10
USW00014763,2025;02;01;13,FM-16,343,19,68,VRB,6
USW00014763,2025;02;01;13,FM-15,343,18,65,340,13
USW00014763,2025;02;01;14,FM-16,343,18,74,310,8
USW00014763,2025;02;01;14,FM-15,343,17,74,280,11
USW00014763,2025;02;01;15,FM-16,343,17,74,280,6
USW00014763,2025;02;01;15,FM-16,343,17,70,290,9
USW00014763,2025;02;01;15,FM-16,343,16,77,290,8
USW00014763,2025;02;01;15,FM-16,343,16,79,280,9
USW00014763,2025;02;01;15,FM-15,343,16,77,290,11
USW00014763,2025;02;01;16,FM-16,343,15,77,300,9
USW00014763,2025;02;01;16,FM-16,343,15,77,290,13
USW00014763,2025;02;01;16,FM-15,343,14,77,300,15
USW00014763,2025;02;01;17,FM-16,343,13,77,300,10
USW00014763,2025;02;01;17,FM-16,343,13,74,300,11
USW00014763,2025;02;01;17,FM-15,343,13,74,310,7
USW00014763,2025;02;01;18,FM-15,343,11,73,310,9
USW00014763,2025;02;01;19,FM-15,343,10,73,190,5
USW00014763,2025;02;01;20,FM-15,343,8,76,310,8
USW00014763,2025;02;01;21,FM-15,343,8,76,300,9
USW00014763,2025;02;01;22,FM-16,343,7,76,300,8
USW00014763,2025;02;01;22,FM-15,343,6,83,290,3
USW00014763,2025;02;01;23,FM-15,343,6,76,290,7
USW00014763,2025;02;02;00,SOD,,,,,
USW00014763,2025;02;02;00,FM-15,343,5,76,300,6
USW00014763,2025;02;02;01,FM-15,343,4,76,220,3
USW00014763,2025;02;02;02,FM-15,343,2,80,0,0
USW00014763,2025;02;02;03,FM-15,343,2,80,0,0
USW00014763,2025;02;02;04,FM-15,343,-1,82,0,0
USW00014763,2025;02;02;05,FM-15,343,-1,82,0,0
USW00014763,2025;02;02;06,FM-15,343,-1,82,0,0
USW00014763,2025;02;02;07,FM-15,343,0,83,0,0
USW00014763,2025;02;02;08,FM-15,343,3,83,60,5
USW00014763,2025;02;02;09,FM-15,343,8,73,0,0
USW00014763,2025;02;02;10,FM-15,343,14,58,40,5
USW00014763,2025;02;02;11,FM-15,343,17,47,90,6
USW00014763,2025;02;02;12,FM-15,343,19,45,130,14
USW00014763,2025;02;02;13,FM-15,343,20,43,VRB,6
USW00014763,2025;02;02;14,FM-15,343,22,57,150,8
USW00014763,2025;02;02;15,FM-16,343,22,63,130,11
USW00014763,2025;02;02;15,FM-15,343,22,66,120,10
USW00014763,2025;02;02;16,FM-16,343,21,68,150,11
USW00014763,2025;02;02;16,FM-15,343,22,68,140,13
USW00014763,2025;02;02;17,FM-16,343,22,71,140,14
USW00014763,2025;02;02;17,FM-15,343,22,75,140,9
USW00014763,2025;02;02;18,FM-15,343,22,78,VRB,7
USW00014763,2025;02;02;19,FM-16,343,22,78,VRB,6
USW00014763,2025;02;02;19,FM-16,343,22,82,170,6
USW00014763,2025;02;02;19,FM-16,343,22,82,VRB,9
USW00014763,2025;02;02;19,FM-16,343,21,86,120,7
USW00014763,2025;02;02;19,FM-15,343,22,85,90,9
USW00014763,2025;02;02;19,FM-16,343,22,85,100,13
USW00014763,2025;02;02;20,FM-16,343,22,85,110,10
USW00014763,2025;02;02;20,FM-15,343,23,85,130,10
USW00014763,2025;02;02;20,FM-16,343,23,85,140,11
USW00014763,2025;02;02;21,FM-16,343,23,85,130,11
USW00014763,2025;02;02;21,FM-16,343,23,85,110,8
USW00014763,2025;02;02;21,FM-15,343,23,85,110,6
USW00014763,2025;02;02;22,FM-16,343,23,85,VRB,3
USW00014763,2025;02;02;22,FM-16,343,21,92,60,6
USW00014763,2025;02;02;22,FM-16,343,21,86,30,5
USW00014763,2025;02;02;22,FM-15,343,21,88,20,5
USW00014763,2025;02;02;22,FM-16,343,21,92,360,3
USW00014763,2025;02;02;23,FM-16,343,21,88,10,5
USW00014763,2025;02;02;23,FM-16,343,21,93,20,3
USW00014763,2025;02;02;23,FM-15,343,21,92,20,3
USW00014763,2025;02;03;00,SOD,,,,,
USW00014763,2025;02;03;00,FM-16,343,22,89,40,3
USW00014763,2025;02;03;00,FM-16,343,22,89,0,0
USW00014763,2025;02;03;00,FM-16,343,22,92,0,0
USW00014763,2025;02;03;00,FM-15,343,22,89,0,0
USW00014763,2025;02;03;01,FM-16,343,22,89,0,0
USW00014763,2025;02;03;01,FM-15,343,22,92,0,0
USW00014763,2025;02;03;02,FM-16,343,22,92,40,6
USW00014763,2025;02;03;02,FM-15,343,23,88,30,3
USW00014763,2025;02;03;03,FM-15,343,28,88,210,5
USW00014763,2025;02;03;04,FM-16,343,25,92,0,0
USW00014763,2025;02;03;04,FM-16,343,25,86,0,0
USW00014763,2025;02;03;04,FM-15,343,25,92,0,0
USW00014763,2025;02;03;05,FM-15,343,28,88,230,3
USW00014763,2025;02;03;06,FM-15,343,26,88,0,0
USW00014763,2025;02;03;07,FM-16,343,24,96,290,3
USW00014763,2025;02;03;07,FM-15,343,24,96,0,0
USW00014763,2025;02;03;08,FM-15,343,26,92,0,0
USW00014763,2025;02;03;09,FM-15,343,31,82,220,5
USW00014763,2025;02;03;10,FM-16,343,32,79,230,5
USW00014763,2025;02;03;10,FM-16,343,33,82,0,0
USW00014763,2025;02;03;10,FM-15,343,34,76,270,3
USW00014763,2025;02;03;11,FM-16,343,35,78,0,0
USW00014763,2025;02;03;11,FM-15,343,36,76,0,0
USW00014763,2025;02;03;12,FM-16,343,36,76,260,7
USW00014763,2025;02;03;12,FM-15,343,36,76,260,5
USW00014763,2025;02;03;13,FM-15,343,37,76,VRB,5
USW00014763,2025;02;03;14,FM-16,343,37,76,230,9
USW00014763,2025;02;03;14,FM-16,343,37,76,230,9
USW00014763,2025;02;03;14,FM-15,343,38,76,230,14
USW00014763,2025;02;03;15,FM-16,343,38,76,250,10
USW00014763,2025;02;03;15,FM-16,343,37,75,220,5
USW00014763,2025;02;03;15,FM-15,343,38,76,220,6
USW00014763,2025;02;03;16,FM-15,343,38,79,230,6
USW00014763,2025;02;03;17,FM-15,343,39,79,220,7
USW00014763,2025;02;03;18,FM-15,343,41,76,190,7
USW00014763,2025;02;03;19,FM-15,343,40,77,230,14
USW00014763,2025;02;03;20,FM-15,343,41,70,230,15
USW00014763,2025;02;03;21,FM-15,343,41,73,230,14
USW00014763,2025;02;03;22,FM-15,343,40,79,220,10
USW00014763,2025;02;03;23,FM-15,343,38,83,270,10
USW00014763,2025;02;04;00,SOD,,,,,
USW00014763,2025;02;04;00,FM-16,343,38,83,260,8
USW00014763,2025;02;04;00,FM-15,343,37,82,270,10
USW00014763,2025;02;04;01,FM-16,343,37,82,280,10
USW00014763,2025;02;04;01,FM-16,343,37,86,280,11
USW00014763,2025;02;04;01,FM-15,343,36,89,310,11
USW00014763,2025;02;04;02,FM-16,343,34,89,320,10
USW00014763,2025;02;04;02,FM-16,343,34,87,310,3
USW00014763,2025;02;04;02,FM-15,343,33,92,310,7
USW00014763,2025;02;04;03,FM-16,343,33,85,300,8
USW00014763,2025;02;04;03,FM-15,343,33,82,280,8
USW00014763,2025;02;04;04,FM-16,343,32,85,290,10
USW00014763,2025;02;04;04,FM-16,343,32,85,300,11
USW00014763,2025;02;04;04,FM-15,343,32,88,300,8
USW00014763,2025;02;04;05,FM-15,343,32,85,310,13
USW00014763,2025;02;04;06,FM-15,343,32,82,290,11
USW00014763,2025;02;04;07,FM-15,343,32,82,290,13
USW00014763,2025;02;04;08,FM-16,343,32,82,280,13
USW00014763,2025;02;04;08,FM-15,343,32,79,300,20
USW00014763,2025;02;04;09,FM-16,343,32,75,290,16
USW00014763,2025;02;04;09,FM-16,343,32,75,290,18
USW00014763,2025;02;04;09,FM-16,343,33,66,310,17
USW00014763,2025;02;04;09,FM-15,343,31,67,300,20
USW00014763,2025;02;04;10,FM-16,343,31,64,310,17
USW00014763,2025;02;04;10,FM-16,343,31,59,300,28
USW00014763,2025;02;04;10,FM-15,343,31,59,300,18
USW00014763,2025;02;04;11,FM-15,343,32,56,290,21
USW00014763,2025;02;04;12,FM-15,343,30,56,310,22
USW00014763,2025;02;04;13,FM-15,343,29,61,300,26
USW00014763,2025;02;04;14,FM-15,343,28,60,300,9
USW00014763,2025;02;04;15,FM-15,343,28,49,310,20
USW00014763,2025;02;04;16,FM-15,343,27,49,310,20
USW00014763,2025;02;04;17,FM-15,343,25,55,300,23
USW00014763,2025;02;04;18,FM-15,343,24,50,300,16
USW00014763,2025;02;04;19,FM-15,343,23,53,300,21
USW00014763,2025;02;04;20,FM-15,343,21,59,290,15
USW00014763,2025;02;04;21,FM-16,343,21,63,300,11
USW00014763,2025;02;04;21,FM-15,343,20,68,300,10
USW00014763,2025;02;04;22,FM-15,343,20,62,,
USW00014763,2025;02;04;23,FM-15,343,19,57,300,10
USW00014763,2025;02;05;00,SOD,,,,,
USW00014763,2025;02;05;00,FM-15,343,17,64,VRB,3
USW00014763,2025;02;05;01,FM-15,343,16,62,VRB,3
USW00014763,2025;02;05;02,FM-15,343,15,61,VRB,3
USW00014763,2025;02;05;03,FM-15,343,14,64,310,5
USW00014763,2025;02;05;04,FM-15,343,13,59,310,9
USW00014763,2025;02;05;05,FM-15,343,12,64,270,7
USW00014763,2025;02;05;06,FM-16,343,12,62,VRB,7
USW00014763,2025;02;05;06,FM-15,343,12,61,270,8
USW00014763,2025;02;05;07,FM-15,343,12,61,280,6
USW00014763,2025;02;05;08,FM-15,343,12,61,VRB,3
USW00014763,2025;02;05;09,FM-16,343,13,59,,
USW00014763,2025;02;05;09,FM-15,343,15,53,VRB,10
USW00014763,2025;02;05;10,FM-15,343,16,49,320,16
USW00014763,2025;02;05;11,FM-15,343,18,49,280,13
USW00014763,2025;02;05;12,FM-15,343,18,49,300,17
USW00014763,2025;02;05;13,FM-15,343,19,49,280,13
USW00014763,2025;02;05;14,FM-15,343,20,45,280,13
USW00014763,2025;02;05;15,FM-15,343,20,45,270,8
USW00014763,2025;02;05;16,FM-15,343,18,49,280,6
USW00014763,2025;02;05;17,FM-15,343,17,51,250,6
USW00014763,2025;02;05;18,FM-15,343,16,54,0,0
USW00014763,2025;02;05;19,FM-15,343,14,58,0,0
USW00014763,2025;02;05;20,FM-15,343,12,64,0,0
USW00014763,2025;02;05;21,FM-15,343,9,73,0,0
USW00014763,2025;02;05;22,FM-15,343,9,77,0,0
USW00014763,2025;02;05;23,FM-15,343,7,76,0,0
USW00014763,2025;02;06;00,SOD,,,,,
USW00014763,2025;02;06;00,FM-15,343,5,83,350,3
USW00014763,2025;02;06;01,FM-15,343,4,88,0,0
USW00014763,2025;02;06;02,FM-15,343,5,87,0,0
USW00014763,2025;02;06;03,FM-15,343,5,87,0,0
USW00014763,2025;02;06;04,FM-15,343,8,76,0,0
USW00014763,2025;02;06;05,FM-15,343,10,80,40,3
USW00014763,2025;02;06;06,FM-16,343,14,67,70,5
USW00014763,2025;02;06;06,FM-16,343,14,73,80,6
USW00014763,2025;02;06;06,FM-15,343,14,71,70,5
USW00014763,2025;02;06;07,FM-16,343,14,88,30,5
USW00014763,2025;02;06;07,FM-15,343,15,84,VRB,6
USW00014763,2025;02;06;08,FM-16,343,16,88,50,6
USW00014763,2025;02;06;08,FM-16,343,17,84,VRB,7
USW00014763,2025;02;06;08,FM-16,343,18,84,VRB,6
USW00014763,2025;02;06;08,FM-16,343,18,86,50,6
USW00014763,2025;02;06;08,FM-15,343,18,84,50,6
USW00014763,2025;02;06;09,FM-16,343,18,84,60,7
USW00014763,2025;02;06;09,FM-16,343,19,84,70,6
USW00014763,2025;02;06;09,FM-16,343,19,84,60,6
USW00014763,2025;02;06;09,FM-16,343,19,84,60,7
USW00014763,2025;02;06;09,FM-16,343,19,86,60,8
USW00014763,2025;02;06;09,FM-15,343,19,88,50,8
USW00014763,2025;02;06;10,FM-16,343,20,85,60,7
USW00014763,2025;02;06;10,FM-16,343,22,85,VRB,7
USW00014763,2025;02;06;10,FM-16,343,21,88,VRB,7
USW00014763,2025;02;06;10,FM-15,343,22,89,120,7
USW00014763,2025;02;06;11,FM-16,343,22,89,VRB,5
USW00014763,2025;02;06;11,FM-16,343,22,89,VRB,7
USW00014763,2025;02;06;11,FM-16,343,26,88,140,11
USW00014763,2025;02;06;11,FM-16,343,27,86,110,8
USW00014763,2025;02;06;11,FM-15,343,26,88,100,8
USW00014763,2025;02;06;12,FM-16,343,27,89,130,9
USW00014763,2025;02;06;12,FM-16,343,27,89,130,11
USW00014763,2025;02;06;12,FM-16,343,28,85,VRB,7
USW00014763,2025;02;06;12,FM-16,343,28,88,120,11
USW00014763,2025;02;06;12,FM-15,343,29,85,110,10
USW00014763,2025;02;06;13,FM-16,343,30,86,,
USW00014763,2025;02;06;13,FM-15,343,30,88,,
USW00014763,2025;02;06;14,FM-16,343,30,88,VRB,9
USW00014763,2025;02;06;14,FM-16,343,30,88,VRB,8
USW00014763,2025;02;06;14,FM-16,343,31,89,,
USW00014763,2025;02;06;14,FM-15,343,31,85,VRB,6
USW00014763,2025;02;06;15,FM-16,343,31,89,130,7
USW00014763,2025;02;06;15,FM-16,343,31,89,0,0
USW00014763,2025;02;06;15,FM-16,343,31,89,VRB,3
USW00014763,2025;02;06;15,FM-15,343,31,92,VRB,3
USW00014763,2025;02;06;16,FM-15,343,32,88,210,6
USW00014763,2025;02;06;17,FM-15,343,32,88,240,7
USW00014763,2025;02;06;18,FM-15,343,32,92,230,7
USW00014763,2025;02;06;19,FM-16,343,33,89,250,9
USW00014763,2025;02;06;19,FM-15,343,32,92,230,11
USW00014763,2025;02;06;20,FM-16,343,32,92,230,9
USW00014763,2025;02;06;20,FM-15,343,32,92,260,10
USW00014763,2025;02;06;21,FM-15,343,33,89,220,10
USW00014763,2025;02;06;22,FM-16,343,33,89,230,11
USW00014763,2025;02;06;22,FM-16,343,33,89,240,13
USW00014763,2025;02;06;22,FM-15,343,33,89,240,11
USW00014763,2025;02;06;23,FM-16,343,34,89,230,6
USW00014763,2025;02;06;23,FM-15,343,33,92,240,7
USW00014763,2025;02;07;00,SOD,,,,,
USW00014763,2025;02;07;00,FM-16,343,33,92,220,11
USW00014763,2025;02;07;00,FM-15,343,34,89,220,13
USW00014763,2025;02;07;01,FM-15,343,34,89,210,8
USW00014763,2025;02;07;02,FM-15,343,34,89,220,9
USW00014763,2025;02;07;03,FM-16,343,33,89,310,14
USW00014763,2025;02;07;03,FM-16,343,34,87,320,11
USW00014763,2025;02;07;03,FM-15,343,33,92,310,11
USW00014763,2025;02;07;04,FM-16,343,33,92,300,9
USW00014763,2025;02;07;04,FM-16,343,33,85,300,13
USW00014763,2025;02;07;04,FM-16,343,32,80,310,8
USW00014763,2025;02;07;04,FM-15,343,32,82,300,10
USW00014763,2025;02;07;05,FM-15,343,32,75,280,10
USW00014763,2025;02;07;06,FM-15,343,32,66,300,28
USW00014763,2025;02;07;07,FM-16,343,29,75,280,29
USW00014763,2025;02;07;07,FM-16,343,29,72,290,24
USW00014763,2025;02;07;07,FM-16,343,28,72,290,22
USW00014763,2025;02;07;07,FM-16,343,28,69,290,23
USW00014763,2025;02;07;07,FM-15,343,28,69,300,24
USW00014763,2025;02;07;08,FM-16,343,27,69,300,23
USW00014763,2025;02;07;08,FM-15,343,26,69,300,20
USW00014763,2025;02;07;09,FM-16,343,26,63,290,18
USW00014763,2025;02;07;09,FM-15,343,26,57,290,22
USW00014763,2025;02;07;10,FM-15,343,25,55,300,23
USW00014763,2025;02;07;11,FM-15,343,26,48,300,26
USW00014763,2025;02;07;12,FM-15,343,25,53,290,18
USW00014763,2025;02;07;13,FM-15,343,25,50,300,23
USW00014763,2025;02;07;14,FM-15,343,26,48,290,30
USW00014763,2025;02;07;15,FM-15,343,24,55,300,30
USW00014763,2025;02;07;16,FM-15,343,24,55,290,29
USW00014763,2025;02;07;17,FM-15,343,23,57,290,20
USW00014763,2025;02;07;18,FM-15,343,22,60,300,11
USW00014763,2025;02;07;19,FM-15,343,22,63,VRB,11
USW00014763,2025;02;07;20,FM-15,343,22,63,,
USW00014763,2025;02;07;21,FM-15,343,22,60,VRB,8
USW00014763,2025;02;07;22,FM-15,343,21,59,0,0
USW00014763,2025;02;07;23,FM-15,343,21,62,290,11
USW00014763,2025;02;08;00,SOD,,,,,
USW00014763,2025;02;08;00,FM-15,343,20,65,260,7
USW00014763,2025;02;08;01,FM-15,343,20,65,260,9
USW00014763,2025;02;08;02,FM-15,343,20,65,290,9
USW00014763,2025;02;08;03,FM-15,343,19,68,270,7
USW00014763,2025;02;08;04,FM-16,343,19,68,260,9
USW00014763,2025;02;08;04,FM-15,343,19,68,280,8
USW00014763,2025;02;08;05,FM-16,343,18,71,270,8
USW00014763,2025;02;08;05,FM-15,343,18,71,280,8
USW00014763,2025;02;08;06,FM-15,343,18,71,VRB,3
USW00014763,2025;02;08;07,FM-16,343,18,71,230,5
USW00014763,2025;02;08;07,FM-15,343,19,71,220,6
USW00014763,2025;02;08;08,FM-15,343,20,68,230,6
USW00014763,2025;02;08;09,FM-15,343,22,66,290,6
USW00014763,2025;02;08;10,FM-16,343,22,66,300,8
USW00014763,2025;02;08;10,FM-15,343,23,65,270,8
USW00014763,2025;02;08;11,FM-15,343,25,60,250,8
USW00014763,2025;02;08;12,FM-15,343,26,53,280,13
USW00014763,2025;02;08;13,FM-15,343,27,53,250,6
USW00014763,2025;02;08;14,FM-15,343,27,53,250,5
USW00014763,2025;02;08;15,FM-15,343,27,53,0,0
USW00014763,2025;02;08;16,FM-15,343,27,53,0,0
USW00014763,2025;02;08;17,FM-15,343,27,55,0,0
USW00014763,2025;02;08;18,FM-15,343,26,55,0,0
USW00014763,2025;02;08;19,FM-15,343,26,57,60,3
USW00014763,2025;02;08;20,FM-16,343,26,63,,
USW00014763,2025;02;08;20,FM-16,343,25,72,150,8
USW00014763,2025;02;08;20,FM-16,343,25,74,120,6
USW00014763,2025;02;08;20,FM-15,343,24,81,110,7
USW00014763,2025;02;08;21,FM-16,343,24,84,VRB,3
USW00014763,2025;02;08;21,FM-16,343,24,84,60,6
USW00014763,2025;02;08;21,FM-16,343,23,88,60,6
USW00014763,2025;02;08;21,FM-16,343,23,88,60,7
USW00014763,2025;02;08;21,FM-16,343,23,86,60,5
USW00014763,2025;02;08;21,FM-15,343,23,88,70,5
USW00014763,2025;02;08;22,FM-16,343,23,88,70,3
USW00014763,2025;02;08;22,FM-16,343,23,88,130,6
USW00014763,2025;02;08;22,FM-16,343,23,88,130,7
USW00014763,2025;02;08;22,FM-15,343,23,88,130,7
USW00014763,2025;02;08;23,FM-16,343,23,88,60,5
USW00014763,2025;02;08;23,FM-16,343,23,86,10,5
USW00014763,2025;02;08;23,FM-15,343,23,88,350,5
USW00014763,2025;02;09;00,SOD,,,,,
USW00014763,2025;02;09;00,FM-16,343,23,88,50,7
USW00014763,2025;02;09;00,FM-15,343,22,92,50,8
USW00014763,2025;02;09;01,FM-16,343,22,89,50,9
USW00014763,2025;02;09;01,FM-15,343,22,89,60,7
USW00014763,2025;02;09;02,FM-16,343,22,92,50,6
USW00014763,2025;02;09;02,FM-16,343,22,92,20,5
USW00014763,2025;02;09;02,FM-16,343,21,93,60,5
USW00014763,2025;02;09;02,FM-15,343,22,89,60,5
USW00014763,2025;02;09;03,FM-16,343,23,81,VRB,5
USW00014763,2025;02;09;03,FM-15,343,23,81,80,3
USW00014763,2025;02;09;04,FM-16,343,23,86,40,6
USW00014763,2025;02;09;04,FM-15,343,23,88,60,5
USW00014763,2025;02;09;05,FM-16,343,23,88,50,6
USW00014763,2025;02;09;05,FM-15,343,23,92,40,5
USW00014763,2025;02;09;06,FM-16,343,24,88,10,3
USW00014763,2025;02;09;06,FM-16,343,23,92,10,3
USW00014763,2025;02;09;06,FM-15,343,23,92,350,3
USW00014763,2025;02;09;07,FM-16,343,23,92,0,0
USW00014763,2025;02;09;07,FM-15,343,23,92,0,0
USW00014763,2025;02;09;08,FM-16,343,24,88,0,0
USW00014763,2025;02;09;08,FM-16,343,23,92,0,0
USW00014763,2025;02;09;08,FM-16,343,24,88,0,0
USW00014763,2025;02;09;08,FM-16,343,25,86,0,0
USW00014763,2025;02;09;08,FM-15,343,24,88,0,0
USW00014763,2025;02;09;09,FM-16,343,25,80,300,6
USW00014763,2025;02;09;09,FM-15,343,25,81,310,6
USW00014763,2025;02;09;10,FM-16,343,25,81,300,6
USW00014763,2025;02;09;10,FM-16,343,25,86,270,10
USW00014763,2025;02;09;10,FM-15,343,25,85,260,10
USW00014763,2025;02;09;11,FM-16,343,25,81,280,10
USW00014763,2025;02;09;11,FM-15,343,25,81,310,9
USW00014763,2025;02;09;12,FM-15,343,25,75,310,11
USW00014763,2025;02;09;13,FM-16,343,25,78,320,8
USW00014763,2025;02;09;13,FM-15,343,25,78,VRB,3
USW00014763,2025;02;09;14,FM-16,343,26,75,,
USW00014763,2025;02;09;14,FM-15,343,26,78,290,9
USW00014763,2025;02;09;15,FM-15,343,27,72,290,9
USW00014763,2025;02;09;16,FM-16,343,27,72,290,8
USW00014763,2025;02;09;16,FM-15,343,27,72,290,9
USW00014763,2025;02;09;17,FM-15,343,27,69,280,10
USW00014763,2025;02;09;18,FM-15,343,26,71,290,10
USW00014763,2025;02;09;19,FM-16,343,26,71,300,9
USW00014763,2025;02;09;19,FM-15,343,26,71,280,10
USW00014763,2025;02;09;20,FM-15,343,26,75,290,7
USW00014763,2025;02;09;21,FM-16,343,26,75,280,8
USW00014763,2025;02;09;21,FM-15,343,26,75,280,6
USW00014763,2025;02;09;22,FM-15,343,26,75,270,7
USW00014763,2025;02;09;23,FM-16,343,26,71,260,9
USW00014763,2025;02;09;23,FM-15,343,26,71,260,9
USW00014763,2025;02;10;00,SOD,,,,,
USW00014763,2025;02;10;00,FM-16,343,26,71,270,7
USW00014763,2025;02;10;00,FM-15,343,26,71,280,10
USW00014763,2025;02;10;01,FM-16,343,26,71,270,8
USW00014763,2025;02;10;01,FM-16,343,26,71,260,7
USW00014763,2025;02;10;01,FM-16,343,25,75,260,7
USW00014763,2025;02;10;01,FM-15,343,25,75,270,6
USW00014763,2025;02;10;02,FM-15,343,25,72,260,8
USW00014763,2025;02;10;03,FM-16,343,25,69,280,10
USW00014763,2025;02;10;03,FM-16,343,25,74,260,8
USW00014763,2025;02;10;03,FM-15,343,25,72,270,8
USW00014763,2025;02;10;04,FM-16,343,24,75,260,10
USW00014763,2025;02;10;04,FM-16,343,25,74,260,9
USW00014763,2025;02;10;04,FM-15,343,24,75,250,7
USW00014763,2025;02;10;05,FM-16,343,23,78,260,8
USW00014763,2025;02;10;05,FM-16,343,23,81,260,8
USW00014763,2025;02;10;05,FM-16,343,23,81,260,7
USW00014763,2025;02;10;05,FM-15,343,22,75,250,7
USW00014763,2025;02;10;06,FM-15,343,23,68,280,6
USW00014763,2025;02;10;07,FM-15,343,23,65,290,7
USW00014763,2025;02;10;08,FM-15,343,23,68,280,9
USW00014763,2025;02;10;09,FM-15,343,23,68,290,11
USW00014763,2025;02;10;10,FM-16,343,25,63,320,10
USW00014763,2025;02;10;10,FM-15,343,24,65,300,11
USW00014763,2025;02;10;11,FM-15,343,25,66,290,14
USW00014763,2025;02;10;12,FM-15,343,25,60,280,18
USW00014763,2025;02;10;13,FM-16,343,25,63,300,9
USW00014763,2025;02;10;13,FM-16,343,25,63,310,14
USW00014763,2025;02;10;13,FM-15,343,25,55,300,15
USW00014763,2025;02;10;14,FM-16,343,24,62,260,13
USW00014763,2025;02;10;14,FM-16,343,25,55,280,16
USW00014763,2025;02;10;14,FM-15,343,26,53,VRB,15
USW00014763,2025;02;10;15,FM-15,343,26,51,310,16
USW00014763,2025;02;10;16,FM-15,343,25,50,280,13
USW00014763,2025;02;10;17,FM-15,343,23,53,290,10
USW00014763,2025;02;10;18,FM-15,343,22,57,290,10
USW00014763,2025;02;10;19,FM-15,343,19,68,270,7
USW00014763,2025;02;10;20,FM-15,343,20,68,VRB,3
USW00014763,2025;02;10;21,FM-15,343,19,71,0,0
USW00014763,2025;02;10;22,FM-15,343,14,80,0,0
USW00014763,2025;02;10;23,FM-15,343,15,77,220,5
USW00014763,2025;02;11;00,SOD,,,,,
USW00014763,2025;02;11;00,FM-15,343,18,68,250,8
USW00014763,2025;02;11;01,FM-15,343,18,65,210,6
USW00014763,2025;02;11;02,FM-15,343,18,59,250,5
USW00014763,2025;02;11;03,FM-15,343,14,71,VRB,3
USW00014763,2025;02;11;04,FM-15,343,15,70,210,5
USW00014763,2025;02;11;05,FM-15,343,15,70,200,3
USW00014763,2025;02;11;06,FM-15,343,18,68,210,5
USW00014763,2025;02;11;07,FM-15,343,18,68,0,0
USW00014763,2025;02;11;08,FM-15,343,20,62,230,5
USW00014763,2025;02;11;09,FM-15,343,21,62,240,7
USW00014763,2025;02;11;10,FM-15,343,23,57,VRB,7
USW00014763,2025;02;11;11,FM-15,343,24,55,210,7
USW00014763,2025;02;11;12,FM-15,343,26,48,220,8
USW00014763,2025;02;11;13,FM-15,343,27,46,260,3
USW00014763,2025;02;11;14,FM-15,343,28,44,230,7
USW00014763,2025;02;11;15,FM-15,343,27,49,240,7
USW00014763,2025;02;11;16,FM-15,343,26,48,220,5
USW00014763,2025;02;11;17,FM-15,343,26,48,210,5
USW00014763,2025;02;11;18,FM-15,343,26,48,220,3
USW00014763,2025;02;11;19,FM-15,343,24,57,0,0
USW00014763,2025;02;11;20,FM-15,343,24,55,0,0
USW00014763,2025;02;11;21,FM-15,343,22,66,0,0
USW00014763,2025;02;11;22,FM-15,343,21,68,0,0
USW00014763,2025;02;11;23,FM-15,343,20,68,0,0
USW00014763,2025;02;12;00,SOD,,,,,
USW00014763,2025;02;12;00,FM-15,343,18,71,0,0
USW00014763,2025;02;12;01,FM-15,343,16,77,0,0
USW00014763,2025;02;12;02,FM-15,343,19,71,0,0
USW00014763,2025;02;12;03,FM-15,343,16,74,0,0
USW00014763,2025;02;12;04,FM-15,343,15,77,0,0
USW00014763,2025;02;12;05,FM-15,343,12,80,0,0
USW00014763,2025;02;12;06,FM-15,343,12,84,0,0
USW00014763,2025;02;12;07,FM-15,343,15,77,0,0
USW00014763,2025;02;12;08,FM-15,343,20,65,50,5
USW00014763,2025;02;12;09,FM-15,343,23,60,70,5
USW00014763,2025;02;12;10,FM-15,343,25,55,50,8
USW00014763,2025;02;12;11,FM-15,343,27,49,70,7
USW00014763,2025;02;12;12,FM-15,343,29,47,60,9
USW00014763,2025;02;12;13,FM-15,343,30,45,120,9
USW00014763,2025;02;12;14,FM-15,343,30,51,90,6
USW00014763,2025;02;12;15,FM-15,343,30,58,120,9
USW00014763,2025;02;12;16,FM-16,343,29,63,100,8
USW00014763,2025;02;12;16,FM-16,343,29,63,120,9
USW00014763,2025;02;12;16,FM-16,343,28,64,110,7
USW00014763,2025;02;12;16,FM-15,343,29,63,VRB,5
USW00014763,2025;02;12;17,FM-15,343,29,66,100,6
USW00014763,2025;02;12;18,FM-15,343,28,75,VRB,7
USW00014763,2025;02;12;19,FM-16,343,27,78,VRB,7
USW00014763,2025;02;12;19,FM-15,343,27,78,80,9
USW00014763,2025;02;12;20,FM-16,343,27,78,100,8
USW00014763,2025;02;12;20,FM-15,343,27,78,110,8
USW00014763,2025;02;12;21,FM-15,343,27,78,80,7
USW00014763,2025;02;12;22,FM-16,343,26,81,80,8
USW00014763,2025;02;12;22,FM-15,343,26,81,100,8
USW00014763,2025;02;12;23,FM-16,343,26,81,VRB,8
USW00014763,2025;02;12;23,FM-15,343,26,81,90,9
USW00014763,2025;02;13;00,SOD,,,,,
USW00014763,2025;02;13;00,FM-16,343,27,78,120,6
USW00014763,2025;02;13;00,FM-16,343,27,78,VRB,6
USW00014763,2025;02;13;00,FM-15,343,27,78,110,9
USW00014763,2025;02;13;01,FM-15,343,28,78,110,8
USW00014763,2025;02;13;02,FM-16,343,27,81,100,6
USW00014763,2025;02;13;02,FM-16,343,27,85,80,7
USW00014763,2025;02;13;02,FM-15,343,27,85,VRB,5
USW00014763,2025;02;13;03,FM-16,343,27,85,VRB,6
USW00014763,2025;02;13;03,FM-16,343,27,85,90,5
USW00014763,2025;02;13;03,FM-15,343,28,81,60,9
USW00014763,2025;02;13;04,FM-16,343,28,85,70,5
USW00014763,2025;02;13;04,FM-16,343,28,85,70,6
USW00014763,2025;02;13;04,FM-16,343,28,86,80,6
USW00014763,2025;02;13;04,FM-15,343,28,88,70,7
USW00014763,2025;02;13;05,FM-16,343,29,85,90,8
USW00014763,2025;02;13;05,FM-16,343,29,85,80,7
USW00014763,2025;02;13;05,FM-16,343,29,85,90,10
USW00014763,2025;02;13;05,FM-16,343,28,93,60,6
USW00014763,2025;02;13;05,FM-15,343,29,89,50,7
USW00014763,2025;02;13;06,FM-16,343,29,89,110,6
USW00014763,2025;02;13;06,FM-16,343,30,85,100,8
USW00014763,2025;02;13;06,FM-16,343,30,88,VRB,5
USW00014763,2025;02;13;06,FM-16,343,30,86,VRB,8
USW00014763,2025;02;13;06,FM-15,343,30,88,VRB,9
USW00014763,2025;02;13;07,FM-16,343,30,88,120,9
USW00014763,2025;02;13;07,FM-16,343,31,85,110,14
USW00014763,2025;02;13;07,FM-16,343,30,88,90,9
USW00014763,2025;02;13;07,FM-15,343,31,85,VRB,9
USW00014763,2025;02;13;08,FM-15,343,31,89,100,6
USW00014763,2025;02;13;09,FM-16,343,31,89,80,7
USW00014763,2025;02;13;09,FM-16,343,31,92,VRB,5
USW00014763,2025;02;13;09,FM-16,343,32,88,70,6
USW00014763,2025;02;13;09,FM-16,343,32,87,60,7
USW00014763,2025;02;13;09,FM-15,343,32,88,70,6
USW00014763,2025;02;13;10,FM-16,343,32,88,70,5
USW00014763,2025;02;13;10,FM-16,343,32,92,70,6
USW00014763,2025;02;13;10,FM-16,343,32,92,60,8
USW00014763,2025;02;13;10,FM-16,343,32,92,70,7
USW00014763,2025;02;13;10,FM-16,343,32,92,60,7
USW00014763,2025;02;13;10,FM-16,343,32,92,70,7
USW00014763,2025;02;13;10,FM-16,343,34,87,50,8
USW00014763,2025;02;13;10,FM-15,343,33,89,50,7
USW00014763,2025;02;13;11,FM-16,343,33,89,50,6
USW00014763,2025;02;13;11,FM-16,343,33,92,60,5
USW00014763,2025;02;13;11,FM-15,343,33,92,70,6
USW00014763,2025;02;13;12,FM-16,343,33,92,60,5
USW00014763,2025;02;13;12,FM-16,343,34,92,0,0
USW00014763,2025;02;13;12,FM-16,343,34,89,50,3
USW00014763,2025;02;13;12,FM-16,343,34,87,0,0
USW00014763,2025;02;13;12,FM-15,343,34,92,0,0
USW00014763,2025;02;13;13,FM-16,343,34,92,60,5
USW00014763,2025;02;13;13,FM-15,343,35,93,0,0
USW00014763,2025;02;13;14,FM-16,343,35,93,0,0
USW00014763,2025;02;13;14,FM-16,343,36,89,0,0
USW00014763,2025;02;13;14,FM-15,343,36,89,290,5
USW00014763,2025;02;13;15,FM-16,343,38,86,240,8
USW00014763,2025;02;13;15,FM-16,343,37,87,230,6
USW00014763,2025;02;13;15,FM-15,343,38,86,230,6
USW00014763,2025;02;13;16,FM-16,343,38,86,230,8
USW00014763,2025;02;13;16,FM-16,343,38,86,220,7
USW00014763,2025;02;13;16,FM-16,343,38,86,240,8
USW00014763,2025;02;13;16,FM-15,343,38,86,250,9
USW00014763,2025;02;13;17,FM-16,343,37,89,300,18
USW00014763,2025;02;13;17,FM-16,343,35,85,300,16
USW00014763,2025;02;13;17,FM-15,343,35,82,300,16
USW00014763,2025;02;13;18,FM-16,343,35,78,290,21
USW00014763,2025;02;13;18,FM-16,343,34,73,300,23
USW00014763,2025;02;13;18,FM-15,343,33,61,290,25
USW00014763,2025;02;13;19,FM-15,343,30,61,300,32
USW00014763,2025;02;13;20,FM-15,343,29,56,290,33
USW00014763,2025;02;13;21,FM-15,343,28,58,280,21
USW00014763,2025;02;13;22,FM-15,343,27,61,290,22
USW00014763,2025;02;13;23,FM-15,343,27,58,290,30
USW00014763,2025;02;14;00,SOD,,,,,
USW00014763,2025;02;14;00,FM-15,343,26,57,290,31
USW00014763,2025;02;14;01,FM-15,343,25,60,300,20
USW00014763,2025;02;14;02,FM-16,343,23,68,300,24
USW00014763,2025;02;14;02,FM-16,343,23,72,300,22
USW00014763,2025;02;14;02,FM-16,343,23,72,290,16
USW00014763,2025;02;14;02,FM-15,343,23,68,290,20
USW00014763,2025;02;14;03,FM-15,343,22,68,300,15
USW00014763,2025;02;14;04,FM-15,343,21,62,300,20
USW00014763,2025;02;14;05,FM-15,343,20,62,290,18
USW00014763,2025;02;14;06,FM-15,343,20,65,300,14
USW00014763,2025;02;14;07,FM-16,343,20,65,300,16
USW00014763,2025;02;14;07,FM-16,343,20,65,300,20
USW00014763,2025;02;14;07,FM-15,343,20,62,300,13
USW00014763,2025;02;14;08,FM-15,343,21,59,320,18
USW00014763,2025;02;14;09,FM-15,343,22,55,310,20
USW00014763,2025;02;14;10,FM-15,343,22,52,310,17
USW00014763,2025;02;14;11,FM-15,343,22,57,310,15
USW00014763,2025;02;14;12,FM-15,343,23,53,300,20
USW00014763,2025;02;14;13,FM-15,343,24,50,300,15
USW00014763,2025;02;14;14,FM-15,343,23,53,300,23
USW00014763,2025;02;14;15,FM-15,343,24,52,280,15
USW00014763,2025;02;14;16,FM-15,343,23,55,290,20
USW00014763,2025;02;14;17,FM-15,343,21,57,280,17
USW00014763,2025;02;14;18,FM-15,343,20,65,280,9
USW00014763,2025;02;14;19,FM-15,343,19,68,290,7
USW00014763,2025;02;14;20,FM-16,343,19,68,310,5
USW00014763,2025;02;14;20,FM-16,343,19,68,VRB,6
USW00014763,2025;02;14;20,FM-15,343,19,68,310,7
USW00014763,2025;02;14;21,FM-15,343,19,65,270,10
USW00014763,2025;02;14;22,FM-15,343,18,71,260,10
USW00014763,2025;02;14;23,FM-16,343,18,74,270,9
USW00014763,2025;02;14;23,FM-16,343,18,73,270,10
USW00014763,2025;02;14;23,FM-15,343,18,74,280,8
USW00014763,2025;02;15;00,SOD,,,,,
USW00014763,2025;02;15;00,FM-15,343,18,77,270,9
USW00014763,2025;02;15;01,FM-15,343,18,74,270,6
USW00014763,2025;02;15;02,FM-15,343,17,77,0,0
USW00014763,2025;02;15;03,FM-16,343,17,77,250,5
USW00014763,2025;02;15;03,FM-16,343,18,73,260,5
USW00014763,2025;02;15;03,FM-15,343,17,77,260,5
USW00014763,2025;02;15;04,FM-15,343,16,77,0,0
USW00014763,2025;02;15;05,FM-15,343,13,84,0,0
USW00014763,2025;02;15;06,FM-15,343,12,87,0,0
USW00014763,2025;02;15;07,FM-15,343,13,88,0,0
USW00014763,2025;02;15;08,FM-15,343,17,77,0,0
USW00014763,2025;02;15;09,FM-15,343,19,74,0,0
USW00014763,2025;02;15;10,FM-15,343,22,60,150,6
USW00014763,2025;02;15;11,FM-15,343,24,52,140,6
USW00014763,2025;02;15;12,FM-15,343,25,50,200,3
USW00014763,2025;02;15;13,FM-15,343,24,57,150,3
USW00014763,2025;02;15;14,FM-16,343,24,60,150,7
USW00014763,2025;02;15;14,FM-16,343,23,65,140,9
USW00014763,2025;02;15;14,FM-15,343,23,65,140,9
USW00014763,2025;02;15;15,FM-16,343,23,68,140,9
USW00014763,2025;02;15;15,FM-16,343,22,75,130,7
USW00014763,2025;02;15;15,FM-16,343,22,75,130,7
USW00014763,2025;02;15;15,FM-15,343,21,81,130,6
USW00014763,2025;02;15;16,FM-16,343,21,85,120,6
USW00014763,2025;02;15;16,FM-16,343,21,85,130,6
USW00014763,2025;02;15;16,FM-16,343,21,85,120,6
USW00014763,2025;02;15;16,FM-15,343,21,85,110,6
USW00014763,2025;02;15;17,FM-16,343,21,88,0,0
USW00014763,2025;02;15;17,FM-16,343,21,88,0,0
USW00014763,2025;02;15;17,FM-15,343,21,85,60,5
USW00014763,2025;02;15;18,FM-16,343,20,89,60,6
USW00014763,2025;02;15;18,FM-16,343,20,89,60,5
USW00014763,2025;02;15;18,FM-15,343,20,89,60,6
USW00014763,2025;02;15;19,FM-15,343,20,89,70,6
USW00014763,2025;02;15;20,FM-15,343,20,89,70,8
USW00014763,2025;02;15;21,FM-16,343,20,89,70,6
USW00014763,2025;02;15;21,FM-15,343,20,89,80,5
USW00014763,2025;02;15;22,FM-15,343,20,89,60,8
USW00014763,2025;02;15;23,FM-16,343,20,89,60,8
USW00014763,2025;02;15;23,FM-15,343,21,88,60,8
USW00014763,2025;02;16;00,SOD,,,,,
USW00014763,2025;02;16;00,FM-16,343,21,88,60,7
USW00014763,2025;02;16;00,FM-16,343,22,89,60,9
USW00014763,2025;02;16;00,FM-16,343,22,89,60,7
USW00014763,2025;02;16;00,FM-15,343,22,89,60,8
USW00014763,2025;02;16;01,FM-16,343,21,88,60,8
USW00014763,2025;02;16;01,FM-16,343,21,88,70,6
USW00014763,2025;02;16;01,FM-16,343,21,86,60,9
USW00014763,2025;02;16;01,FM-15,343,22,85,60,8
USW00014763,2025;02;16;02,FM-16,343,21,88,60,11
USW00014763,2025;02;16;02,FM-16,343,21,88,60,10
USW00014763,2025;02;16;02,FM-16,343,21,86,60,10
USW00014763,2025;02;16;02,FM-15,343,22,89,60,11
USW00014763,2025;02;16;03,FM-16,343,22,89,60,8
USW00014763,2025;02;16;03,FM-16,343,22,89,60,10
USW00014763,2025;02;16;03,FM-16,343,21,93,60,10
USW00014763,2025;02;16;03,FM-15,343,22,89,60,9
USW00014763,2025;02;16;04,FM-16,343,22,89,60,9
USW00014763,2025;02;16;04,FM-16,343,22,89,60,10
USW00014763,2025;02;16;04,FM-16,343,22,89,60,10
USW00014763,2025;02;16;04,FM-15,343,22,85,60,11
USW00014763,2025;02;16;05,FM-15,343,23,88,70,8
USW00014763,2025;02;16;06,FM-16,343,24,84,60,16
USW00014763,2025;02;16;06,FM-15,343,25,85,50,10
USW00014763,2025;02;16;07,FM-16,343,26,84,80,9
USW00014763,2025;02;16;07,FM-16,343,26,84,70,11
USW00014763,2025;02;16;07,FM-16,343,27,86,60,15
USW00014763,2025;02;16;07,FM-15,343,26,84,VRB,9
USW00014763,2025;02;16;08,FM-16,343,26,88,VRB,9
USW00014763,2025;02;16;08,FM-16,343,27,85,80,11
USW00014763,2025;02;16;08,FM-16,343,27,89,VRB,14
USW00014763,2025;02;16;08,FM-16,343,28,86,70,13
USW00014763,2025;02;16;08,FM-15,343,28,85,70,11
USW00014763,2025;02;16;09,FM-16,343,28,85,70,14
USW00014763,2025;02;16;09,FM-16,343,29,85,90,11
USW00014763,2025;02;16;09,FM-16,343,29,85,70,15
USW00014763,2025;02;16;09,FM-16,343,28,86,80,13
USW00014763,2025;02;16;09,FM-15,343,29,85,80,15
USW00014763,2025;02;16;10,FM-16,343,29,85,70,13
USW00014763,2025;02;16;10,FM-16,343,29,85,60,10
USW00014763,2025;02;16;10,FM-16,343,28,88,70,9
USW00014763,2025;02;16;10,FM-16,343,29,89,70,10
USW00014763,2025;02;16;10,FM-16,343,29,89,70,10
USW00014763,2025;02;16;10,FM-15,343,29,89,70,9
USW00014763,2025;02;16;11,FM-16,343,29,89,90,6
USW00014763,2025;02;16;11,FM-16,343,29,92,VRB,7
USW00014763,2025;02;16;11,FM-16,343,29,92,80,9
USW00014763,2025;02;16;11,FM-16,343,29,92,70,8
USW00014763,2025;02;16;11,FM-16,343,30,85,VRB,7
USW00014763,2025;02;16;11,FM-15,343,30,88,80,7
USW00014763,2025;02;16;11,FM-16,343,30,85,70,7
USW00014763,2025;02;16;12,FM-16,343,30,85,80,9
USW00014763,2025;02;16;12,FM-16,343,30,85,70,10
USW00014763,2025;02;16;12,FM-16,343,30,88,100,9
USW00014763,2025;02;16;12,FM-16,343,30,86,VRB,9
USW00014763,2025;02;16;12,FM-16,343,30,86,70,8
USW00014763,2025;02;16;12,FM-15,343,31,85,90,9
USW00014763,2025;02;16;13,FM-16,343,31,85,90,9
USW00014763,2025;02;16;13,FM-16,343,31,85,70,10
USW00014763,2025;02;16;13,FM-16,343,31,85,60,10
USW00014763,2025;02;16;13,FM-16,343,31,89,70,8
USW00014763,2025;02;16;13,FM-16,343,31,89,70,7
USW00014763,2025;02;16;13,FM-16,343,31,89,80,7
USW00014763,2025;02;16;13,FM-16,343,31,89,80,7
USW00014763,2025;02;16;13,FM-15,343,31,89,60,9
USW00014763,2025;02;16;14,FM-16,343,32,88,80,9
USW00014763,2025;02;16;14,FM-16,343,32,88,VRB,10
USW00014763,2025;02;16;14,FM-16,343,32,88,70,7
USW00014763,2025;02;16;14,FM-16,343,32,87,50,8
USW00014763,2025;02;16;14,FM-15,343,32,88,60,9
USW00014763,2025;02;16;15,FM-16,343,32,92,70,7
USW00014763,2025;02;16;15,FM-16,343,32,92,60,9
USW00014763,2025;02;16;15,FM-16,343,32,92,70,9
USW00014763,2025;02;16;15,FM-16,343,32,92,70,7
USW00014763,2025;02;16;15,FM-16,343,32,93,60,7
USW00014763,2025;02;16;15,FM-15,343,32,92,60,7
USW00014763,2025;02;16;15,FM-16,343,32,92,60,6
USW00014763,2025;02;16;16,FM-16,343,32,92,40,6
USW00014763,2025;02;16;16,FM-16,343,32,96,40,5
USW00014763,2025;02;16;16,FM-16,343,32,96,50,8
USW00014763,2025;02;16;16,FM-16,343,32,96,60,8
USW00014763,2025;02;16;16,FM-16,343,32,96,70,6
USW00014763,2025;02;16;16,FM-16,343,32,93,40,6
USW00014763,2025;02;16;16,FM-15,343,32,96,50,6
USW00014763,2025;02;16;17,FM-16,343,32,96,60,6
USW00014763,2025;02;16;17,FM-16,343,32,92,40,9
USW00014763,2025;02;16;17,FM-16,343,32,96,50,8
USW00014763,2025;02;16;17,FM-16,343,32,96,60,8
USW00014763,2025;02;16;17,FM-16,343,32,96,50,9
USW00014763,2025;02;16;17,FM-16,343,32,92,50,9
USW00014763,2025;02;16;17,FM-16,343,32,92,50,10
USW00014763,2025;02;16;17,FM-16,343,32,92,60,13
USW00014763,2025;02;16;17,FM-16,343,32,93,60,8
USW00014763,2025;02;16;17,FM-15,343,32,92,50,13
USW00014763,2025;02;16;18,FM-16,343,32,92,40,9
USW00014763,2025;02;16;18,FM-16,343,32,92,50,7
USW00014763,2025;02;16;18,FM-16,343,32,92,VRB,5
USW00014763,2025;02;16;18,FM-16,343,32,96,0,0
USW00014763,2025;02;16;18,FM-16,343,32,93,270,5
USW00014763,2025;02;16;18,FM-15,343,32,92,260,5
USW00014763,2025;02;16;19,FM-16,343,32,92,250,6
USW00014763,2025;02;16;19,FM-16,343,32,96,280,7
USW00014763,2025;02;16;19,FM-16,343,33,92,290,8
USW00014763,2025;02;16;19,FM-15,343,32,92,VRB,9
USW00014763,2025;02;16;20,FM-16,343,33,89,VRB,15
USW00014763,2025;02;16;20,FM-16,343,30,88,310,28
USW00014763,2025;02;16;20,FM-15,343,28,85,310,20
USW00014763,2025;02;16;21,FM-16,343,28,81,280,24
USW00014763,2025;02;16;21,FM-16,343,27,81,290,18
USW00014763,2025;02;16;21,FM-16,343,26,84,290,17
USW00014763,2025;02;16;21,FM-16,343,27,80,290,20
USW00014763,2025;02;16;21,FM-16,343,25,86,290,21
USW00014763,2025;02;16;21,FM-15,343,25,85,300,21
USW00014763,2025;02;16;22,FM-16,343,25,85,290,22
USW00014763,2025;02;16;22,FM-16,343,24,71,280,28
USW00014763,2025;02;16;22,FM-16,343,24,71,280,18
USW00014763,2025;02;16;22,FM-16,343,23,72,290,20
USW00014763,2025;02;16;22,FM-16,343,23,74,VRB,16
USW00014763,2025;02;16;22,FM-15,343,23,74,290,17
USW00014763,2025;02;16;23,FM-15,343,22,75,280,22
USW00014763,2025;02;17;00,SOD,,,,,
USW00014763,2025;02;17;00,FM-16,343,22,75,280,22
USW00014763,2025;02;17;00,FM-16,343,22,75,280,17
USW00014763,2025;02;17;00,FM-16,343,22,75,270,17
USW00014763,2025;02;17;00,FM-16,343,21,80,270,17
USW00014763,2025;02;17;00,FM-16,343,21,80,280,20
USW00014763,2025;02;17;00,FM-15,343,22,78,280,17
USW00014763,2025;02;17;01,FM-16,343,22,78,260,17
USW00014763,2025;02;17;01,FM-16,343,21,85,260,22
USW00014763,2025;02;17;01,FM-16,343,21,80,280,20
USW00014763,2025;02;17;01,FM-15,343,21,78,270,25
USW00014763,2025;02;17;01,FM-16,343,21,78,280,23
USW00014763,2025;02;17;02,FM-16,343,21,74,280,23
USW00014763,2025;02;17;02,FM-16,343,21,74,280,16
USW00014763,2025;02;17;02,FM-16,343,21,74,270,17
USW00014763,2025;02;17;02,FM-16,343,19,79,270,13
USW00014763,2025;02;17;02,FM-15,343,20,78,270,13
USW00014763,2025;02;17;02,FM-16,343,20,78,270,15
USW00014763,2025;02;17;03,FM-16,343,20,78,280,15
USW00014763,2025;02;17;03,FM-16,343,20,78,280,15
USW00014763,2025;02;17;03,FM-15,343,20,74,270,15
USW00014763,2025;02;17;03,FM-16,343,20,74,280,23
USW00014763,2025;02;17;04,FM-16,343,20,68,270,17
USW00014763,2025;02;17;04,FM-16,343,19,74,270,20
USW00014763,2025;02;17;04,FM-16,343,19,74,270,21
USW00014763,2025;02;17;04,FM-15,343,19,71,280,21
USW00014763,2025;02;17;05,FM-16,343,19,68,270,25
USW00014763,2025;02;17;05,FM-16,343,19,68,280,22
USW00014763,2025;02;17;05,FM-15,343,19,65,280,18
USW00014763,2025;02;17;06,FM-16,343,19,68,280,26
USW00014763,2025;02;17;06,FM-16,343,18,73,290,21
USW00014763,2025;02;17;06,FM-15,343,18,71,290,23
USW00014763,2025;02;17;07,FM-16,343,17,80,290,17
USW00014763,2025;02;17;07,FM-16,343,18,79,290,20
USW00014763,2025;02;17;07,FM-15,343,17,77,290,17
USW00014763,2025;02;17;08,FM-16,343,18,71,290,24
USW00014763,2025;02;17;08,FM-16,343,18,71,300,18
USW00014763,2025;02;17;08,FM-16,343,18,73,290,15
USW00014763,2025;02;17;08,FM-16,343,18,73,290,15
USW00014763,2025;02;17;08,FM-16,343,18,73,290,24
USW00014763,2025;02;17;08,FM-15,343,17,77,290,25
USW00014763,2025;02;17;09,FM-16,343,17,77,290,22
USW00014763,2025;02;17;09,FM-16,343,17,80,300,11
USW00014763,2025;02;17;09,FM-16,343,17,77,300,22
USW00014763,2025;02;17;09,FM-16,343,17,80,290,21
USW00014763,2025;02;17;09,FM-16,343,18,79,290,20
USW00014763,2025;02;17;09,FM-15,343,17,80,290,23
USW00014763,2025;02;17;10,FM-16,343,18,77,290,20
USW00014763,2025;02;17;10,FM-16,343,17,80,310,17
USW00014763,2025;02;17;10,FM-16,343,18,73,290,16
USW00014763,2025;02;17;10,FM-15,343,17,80,290,16
USW00014763,2025;02;17;11,FM-16,343,18,73,290,26
USW00014763,2025;02;17;11,FM-15,343,18,74,280,23
USW00014763,2025;02;17;12,FM-16,343,19,77,290,20
USW00014763,2025;02;17;12,FM-15,343,19,77,290,20
USW00014763,2025;02;17;13,FM-16,343,19,81,290,20
USW00014763,2025;02;17;13,FM-15,343,19,81,290,21
USW00014763,2025;02;17;14,FM-16,343,19,81,290,17
USW00014763,2025;02;17;14,FM-16,343,19,77,290,16
USW00014763,2025;02;17;14,FM-16,343,19,77,290,23
USW00014763,2025;02;17;14,FM-16,343,19,77,280,22
USW00014763,2025;02;17;14,FM-16,343,19,77,290,15
USW00014763,2025;02;17;14,FM-16,343,19,73,290,14
USW00014763,2025;02;17;14,FM-15,343,20,74,VRB,15
USW00014763,2025;02;17;15,FM-16,343,20,68,280,21
USW00014763,2025;02;17;15,FM-16,343,21,62,290,15
USW00014763,2025;02;17;15,FM-16,343,21,62,280,20
USW00014763,2025;02;17;15,FM-16,343,20,65,280,17
USW00014763,2025;02;17;15,FM-16,343,21,62,280,20
USW00014763,2025;02;17;15,FM-16,343,20,65,280,26
USW00014763,2025;02;17;15,FM-16,343,19,63,270,26
USW00014763,2025;02;17;15,FM-15,343,20,62,280,23
USW00014763,2025;02;17;16,FM-16,343,20,62,280,20
USW00014763,2025;02;17;16,FM-16,343,20,60,280,23
USW00014763,2025;02;17;16,FM-16,343,20,60,270,26
USW00014763,2025;02;17;16,FM-16,343,19,65,270,30
USW00014763,2025;02;17;16,FM-15,343,19,62,270,28
USW00014763,2025;02;17;17,FM-16,343,18,57,280,26
USW00014763,2025;02;17;17,FM-16,343,18,54,280,18
USW00014763,2025;02;17;17,FM-16,343,18,54,290,24
USW00014763,2025;02;17;17,FM-16,343,18,53,280,24
USW00014763,2025;02;17;17,FM-15,343,17,56,280,20
USW00014763,2025;02;17;18,FM-16,343,17,62,280,18
USW00014763,2025;02;17;18,FM-16,343,17,59,280,25
USW00014763,2025;02;17;18,FM-16,343,17,56,290,26
USW00014763,2025;02;17;18,FM-16,343,17,54,280,26
USW00014763,2025;02;17;18,FM-16,343,17,54,280,31
USW00014763,2025;02;17;18,FM-16,343,16,56,290,22
USW00014763,2025;02;17;18,FM-16,343,16,57,290,17
USW00014763,2025;02;17;18,FM-15,343,16,56,270,20
USW00014763,2025;02;17;19,FM-16,343,16,54,280,21
USW00014763,2025;02;17;19,FM-16,343,16,54,290,28
USW00014763,2025;02;17;19,FM-16,343,15,56,280,22
USW00014763,2025;02;17;19,FM-16,343,16,54,270,16
USW00014763,2025;02;17;19,FM-15,343,15,56,280,17
USW00014763,2025;02;17;20,FM-15,343,14,53,270,20
USW00014763,2025;02;17;21,FM-15,343,14,53,270,17
USW00014763,2025;02;17;22,FM-15,343,14,51,280,18
USW00014763,2025;02;17;23,FM-15,343,13,54,270,14
USW00014763,2025;02;18;00,SOD,,,,,
USW00014763,2025;02;18;00,FM-15,343,13,51,260,16
USW00014763,2025;02;18;01,FM-15,343,12,53,280,17
USW00014763,2025;02;18;02,FM-15,343,11,53,280,18
USW00014763,2025;02;18;03,FM-15,343,10,55,270,20
USW00014763,2025;02;18;04,FM-15,343,10,55,280,17
USW00014763,2025;02;18;05,FM-15,343,9,55,260,14
USW00014763,2025;02;18;06,FM-15,343,9,55,280,11
USW00014763,2025;02;18;07,FM-15,343,10,55,270,10
USW00014763,2025;02;18;08,FM-16,343,10,61,280,23
USW00014763,2025;02;18;08,FM-16,343,10,67,280,23
USW00014763,2025;02;18;08,FM-15,343,11,64,280,22
USW00014763,2025;02;18;09,FM-16,343,11,67,290,18
USW00014763,2025;02;18;09,FM-15,343,12,70,290,23
USW00014763,2025;02;18;10,FM-16,343,12,70,290,22
USW00014763,2025;02;18;10,FM-16,343,12,73,280,17
USW00014763,2025;02;18;10,FM-16,343,12,73,280,18
USW00014763,2025;02;18;10,FM-16,343,12,73,290,24
USW00014763,2025;02;18;10,FM-16,343,12,73,290,23
USW00014763,2025;02;18;10,FM-16,343,12,73,VRB,17
USW00014763,2025;02;18;10,FM-15,343,13,70,300,14
USW00014763,2025;02;18;11,FM-16,343,13,70,290,23
USW00014763,2025;02;18;11,FM-16,343,13,67,290,26
USW00014763,2025;02;18;11,FM-16,343,14,73,280,14
USW00014763,2025;02;18;11,FM-15,343,14,73,280,16
USW00014763,2025;02;18;12,FM-16,343,14,73,280,20
USW00014763,2025;02;18;12,FM-16,343,14,77,280,9
USW00014763,2025;02;18;12,FM-15,343,15,74,280,20
USW00014763,2025;02;18;13,FM-16,343,16,71,290,20
USW00014763,2025;02;18;13,FM-16,343,17,62,290,24
USW00014763,2025;02;18;13,FM-16,343,16,67,300,25
USW00014763,2025;02;18;13,FM-16,343,18,62,290,14
USW00014763,2025;02;18;13,FM-15,343,17,62,300,15
USW00014763,2025;02;18;13,FM-16,343,16,65,310,16
USW00014763,2025;02;18;14,FM-16,343,15,67,310,17
USW00014763,2025;02;18;14,FM-16,343,15,67,320,16
USW00014763,2025;02;18;14,FM-16,343,15,67,300,15
USW00014763,2025;02;18;14,FM-16,343,15,64,300,21
USW00014763,2025;02;18;14,FM-16,343,16,62,310,20
USW00014763,2025;02;18;14,FM-15,343,16,62,290,18
USW00014763,2025;02;18;15,FM-16,343,16,65,310,22
USW00014763,2025;02;18;15,FM-16,343,16,67,300,20
USW00014763,2025;02;18;15,FM-16,343,16,67,290,18
USW00014763,2025;02;18;15,FM-16,343,16,67,300,17
USW00014763,2025;02;18;15,FM-15,343,16,67,310,17
USW00014763,2025;02;18;16,FM-15,343,15,70,290,17
USW00014763,2025;02;18;17,FM-16,343,16,62,290,28
USW00014763,2025;02;18;17,FM-16,343,16,59,290,18
USW00014763,2025;02;18;17,FM-15,343,16,59,280,17
USW00014763,2025;02;18;18,FM-15,343,16,56,280,16
USW00014763,2025;02;18;19,FM-15,343,15,59,290,9
USW00014763,2025;02;18;20,FM-15,343,15,59,270,10
USW00014763,2025;02;18;21,FM-15,343,15,59,270,15
USW00014763,2025;02;18;22,FM-15,343,14,61,290,9
USW00014763,2025;02;18;23,FM-16,343,14,62,280,10
USW00014763,2025;02;18;23,FM-15,343,14,64,280,8
USW00014763,2025;02;19;00,SOD,,,,,
USW00014763,2025;02;19;00,FM-16,343,13,67,290,8
USW00014763,2025;02;19;00,FM-16,343,12,67,VRB,9
USW00014763,2025;02;19;00,FM-15,343,13,67,250,6
USW00014763,2025;02;19;01,FM-15,343,13,67,VRB,14
USW00014763,2025;02;19;02,FM-16,343,13,67,280,16
USW00014763,2025;02;19;02,FM-16,343,12,67,280,10
USW00014763,2025;02;19;02,FM-15,343,13,67,290,15
USW00014763,2025;02;19;03,FM-15,343,13,70,300,9
USW00014763,2025;02;19;04,FM-16,343,12,64,330,13
USW00014763,2025;02;19;04,FM-15,343,12,61,290,14
USW00014763,2025;02;19;05,FM-15,343,11,61,280,21
USW00014763,2025;02;19;06,FM-15,343,9,64,310,15
USW00014763,2025;02;19;07,FM-15,343,9,64,270,16
USW00014763,2025;02;19;08,FM-15,343,11,64,290,16
USW00014763,2025;02;19;09,FM-15,343,13,59,310,21
USW00014763,2025;02;19;10,FM-15,343,15,56,290,18
USW00014763,2025;02;19;11,FM-15,343,17,54,290,14
USW00014763,2025;02;19;12,FM-15,343,18,54,310,20
USW00014763,2025;02;19;13,FM-15,343,19,54,300,16
USW00014763,2025;02;19;14,FM-15,343,20,52,VRB,13
USW00014763,2025;02;19;15,FM-15,343,19,54,310,9
USW00014763,2025;02;19;16,FM-15,343,17,59,300,13
USW00014763,2025;02;19;17,FM-15,343,16,62,300,10
USW00014763,2025;02;19;18,FM-15,343,14,67,290,14
USW00014763,2025;02;19;19,FM-15,343,13,70,290,10
USW00014763,2025;02;19;20,FM-15,343,13,70,320,10
USW00014763,2025;02;19;21,FM-15,343,12,70,290,9
USW00014763,2025;02;19;22,FM-15,343,11,73,290,10
USW00014763,2025;02;19;23,FM-15,343,10,73,290,7
USW00014763,2025;02;20;00,SOD,,,,,
USW00014763,2025;02;20;00,FM-15,343,9,77,310,5
USW00014763,2025;02;20;01,FM-15,343,10,73,300,6
USW00014763,2025;02;20;02,FM-15,343,8,76,270,5
USW00014763,2025;02;20;03,FM-15,343,8,73,260,6
USW00014763,2025;02;20;04,FM-15,343,6,76,240,3
USW00014763,2025;02;20;05,FM-15,343,5,79,230,5
USW00014763,2025;02;20;06,FM-15,343,6,76,0,0
USW00014763,2025;02;20;07,FM-15,343,8,69,280,6
USW00014763,2025;02;20;08,FM-15,343,11,64,300,7
USW00014763,2025;02;20;09,FM-15,343,15,61,VRB,9
USW00014763,2025;02;20;10,FM-15,343,18,59,330,11
USW00014763,2025;02;20;11,FM-15,343,19,57,290,8
USW00014763,2025;02;20;12,FM-15,343,20,57,270,11
USW00014763,2025;02;20;13,FM-15,343,20,57,290,11
USW00014763,2025;02;20;14,FM-15,343,21,54,320,10
USW00014763,2025;02;20;15,FM-15,343,20,57,320,7
USW00014763,2025;02;20;16,FM-15,343,20,57,VRB,9
USW00014763,2025;02;20;17,FM-15,343,19,59,310,10
USW00014763,2025;02;20;18,FM-15,343,18,65,VRB,9
USW00014763,2025;02;20;19,FM-15,343,17,70,300,9
USW00014763,2025;02;20;20,FM-16,343,16,73,310,9
USW00014763,2025;02;20;20,FM-15,343,16,74,300,10
USW00014763,2025;02;20;21,FM-15,343,15,74,VRB,7
USW00014763,2025;02;20;22,FM-15,343,15,70,300,14
USW00014763,2025;02;20;23,FM-15,343,15,70,310,10
USW00014763,2025;02;21;00,SOD,,,,,
USW00014763,2025;02;21;00,FM-16,343,14,73,310,11
USW00014763,2025;02;21;00,FM-15,343,14,73,300,18
USW00014763,2025;02;21;01,FM-15,343,14,71,290,15
USW00014763,2025;02;21;02,FM-15,343,15,67,310,13
USW00014763,2025;02;21;03,FM-16,343,15,67,300,15
USW00014763,2025;02;21;03,FM-16,343,16,67,300,18
USW00014763,2025;02;21;03,FM-15,343,15,67,300,18
USW00014763,2025;02;21;04,FM-15,343,15,64,290,20
USW00014763,2025;02;21;05,FM-16,343,14,67,290,11
USW00014763,2025;02;21;05,FM-15,343,14,67,300,16
USW00014763,2025;02;21;06,FM-16,343,12,73,270,6
USW00014763,2025;02;21;06,FM-15,343,13,70,VRB,9
USW00014763,2025;02;21;07,FM-15,343,12,77,VRB,8
USW00014763,2025;02;21;08,FM-16,343,14,73,290,16
USW00014763,2025;02;21;08,FM-15,343,14,71,290,18
USW00014763,2025;02;21;09,FM-16,343,15,70,280,21
USW00014763,2025;02;21;09,FM-16,343,15,67,310,17
USW00014763,2025;02;21;09,FM-16,343,15,67,300,15
USW00014763,2025;02;21;09,FM-15,343,15,67,VRB,14
USW00014763,2025;02;21;10,FM-15,343,17,62,340,6
USW00014763,2025;02;21;11,FM-15,343,19,59,320,14
USW00014763,2025;02;21;12,FM-15,343,19,59,300,21
USW00014763,2025;02;21;13,FM-16,343,19,58,300,15
USW00014763,2025;02;21;13,FM-15,343,20,57,VRB,10
USW00014763,2025;02;21;14,FM-15,343,21,54,310,20
USW00014763,2025;02;21;15,FM-15,343,20,57,300,15
USW00014763,2025;02;21;16,FM-15,343,19,59,300,16
USW00014763,2025;02;21;17,FM-15,343,16,65,300,18
USW00014763,2025;02;21;18,FM-16,343,15,67,280,17
USW00014763,2025;02;21;18,FM-15,343,15,70,300,14
USW00014763,2025;02;21;19,FM-15,343,15,70,300,18
USW00014763,2025;02;21;20,FM-15,343,15,70,300,13
USW00014763,2025;02;21;21,FM-15,343,15,74,290,14
USW00014763,2025;02;21;22,FM-15,343,16,71,290,21
USW00014763,2025;02;21;23,FM-15,343,16,71,300,11
USW00014763,2025;02;22;00,SOD,,,,,
USW00014763,2025;02;22;00,FM-15,343,15,70,300,16
USW00014763,2025;02;22;01,FM-16,343,14,73,300,9
USW00014763,2025;02;22;01,FM-15,343,14,73,340,9
USW00014763,2025;02;22;02,FM-16,343,14,73,310,8
USW00014763,2025;02;22;02,FM-15,343,14,77,VRB,9
USW00014763,2025;02;22;03,FM-15,343,15,70,VRB,8
USW00014763,2025;02;22;04,FM-15,343,16,71,VRB,3
USW00014763,2025;02;22;05,FM-15,343,16,74,VRB,5
USW00014763,2025;02;22;06,FM-15,343,16,71,310,6
USW00014763,2025;02;22;07,FM-15,343,17,70,0,0
USW00014763,2025;02;22;08,FM-15,343,18,68,300,6
USW00014763,2025;02;22;09,FM-15,343,21,68,300,15
USW00014763,2025;02;22;10,FM-15,343,23,65,300,13
USW00014763,2025;02;22;11,FM-16,343,24,62,320,9
USW00014763,2025;02;22;11,FM-15,343,23,63,300,9
USW00014763,2025;02;22;12,FM-15,343,26,60,270,10
USW00014763,2025;02;22;13,FM-15,343,28,56,260,8
USW00014763,2025;02;22;14,FM-15,343,30,47,250,8
USW00014763,2025;02;22;15,FM-15,343,31,47,250,9
USW00014763,2025;02;22;16,FM-15,343,30,47,210,6
USW00014763,2025;02;22;17,FM-15,343,28,51,170,5
USW00014763,2025;02;22;18,FM-15,343,25,55,0,0
USW00014763,2025;02;22;19,FM-15,343,23,60,0,0
USW00014763,2025;02;22;20,FM-15,343,21,65,40,3
USW00014763,2025;02;22;21,FM-15,343,19,71,0,0
USW00014763,2025;02;22;22,FM-15,343,29,51,230,6
USW00014763,2025;02;22;23,FM-15,343,23,63,290,5
USW00014763,2025;02;23;00,SOD,,,,,
USW00014763,2025;02;23;00,FM-15,343,27,58,250,6
USW00014763,2025;02;23;01,FM-15,343,27,58,250,5
USW00014763,2025;02;23;02,FM-15,343,28,58,210,6
USW00014763,2025;02;23;03,FM-15,343,29,54,210,6
USW00014763,2025;02;23;04,FM-16,343,28,64,280,6
USW00014763,2025;02;23;04,FM-15,343,28,66,VRB,6
USW00014763,2025;02;23;05,FM-16,343,27,69,320,11
USW00014763,2025;02;23;05,FM-15,343,26,69,290,3
USW00014763,2025;02;23;06,FM-15,343,26,66,310,8
USW00014763,2025;02;23;07,FM-15,343,27,63,VRB,5
USW00014763,2025;02;23;08,FM-15,343,28,60,280,10
USW00014763,2025;02;23;09,FM-15,343,29,58,320,10
USW00014763,2025;02;23;10,FM-15,343,30,56,300,11
USW00014763,2025;02;23;11,FM-15,343,30,61,280,10
USW00014763,2025;02;23;12,FM-15,343,31,61,270,13
USW00014763,2025;02;23;13,FM-15,343,31,61,270,10
USW00014763,2025;02;23;14,FM-15,343,32,61,290,8
USW00014763,2025;02;23;15,FM-15,343,31,64,270,10
USW00014763,2025;02;23;16,FM-15,343,31,64,280,5
USW00014763,2025;02;23;17,FM-15,343,30,64,290,11
USW00014763,2025;02;23;18,FM-15,343,29,66,300,9
USW00014763,2025;02;23;19,FM-15,343,29,69,280,7
USW00014763,2025;02;23;20,FM-16,343,29,69,290,6
USW00014763,2025;02;23;20,FM-15,343,29,69,300,9
USW00014763,2025;02;23;21,FM-16,343,29,69,300,5
USW00014763,2025;02;23;21,FM-15,343,28,72,300,5
USW00014763,2025;02;23;22,FM-15,343,28,72,260,5
USW00014763,2025;02;23;23,FM-15,343,28,72,320,3
USW00014763,2025;02;24;00,SOD,,,,,
USW00014763,2025;02;24;00,FM-15,343,28,72,0,0
USW00014763,2025;02;24;01,FM-15,343,28,72,240,3
USW00014763,2025;02;24;02,FM-15,343,28,72,0,0
USW00014763,2025;02;24;03,FM-15,343,28,72,0,0
USW00014763,2025;02;24;04,FM-15,343,27,78,260,3
USW00014763,2025;02;24;05,FM-15,343,27,78,0,0
USW00014763,2025;02;24;06,FM-15,343,27,78,0,0
USW00014763,2025;02;24;07,FM-15,343,30,69,0,0
USW00014763,2025;02;24;08,FM-15,343,30,69,250,5
USW00014763,2025;02;24;09,FM-15,343,32,64,170,10
USW00014763,2025;02;24;10,FM-15,343,35,57,190,13
USW00014763,2025;02;24;11,FM-15,343,37,54,VRB,6
USW00014763,2025;02;24;12,FM-15,343,39,48,190,14
USW00014763,2025;02;24;13,FM-15,343,41,47,210,14
USW00014763,2025;02;24;14,FM-15,343,41,47,210,18
USW00014763,2025;02;24;15,FM-15,343,41,49,190,13
USW00014763,2025;02;24;16,FM-15,343,40,55,180,14
USW00014763,2025;02;24;17,FM-15,343,40,58,VRB,9
USW00014763,2025;02;24;18,FM-15,343,39,55,170,10
USW00014763,2025;02;24;19,FM-15,343,39,48,170,17
USW00014763,2025;02;24;20,FM-15,343,40,47,,
USW00014763,2025;02;24;21,FM-15,343,41,47,210,14
USW00014763,2025;02;24;22,FM-15,343,41,47,210,11
USW00014763,2025;02;24;23,FM-15,343,41,47,210,16
USW00014763,2025;02;25;00,SOD,,,,,
USW00014763,2025;02;25;00,FM-15,343,40,49,230,11
USW00014763,2025;02;25;01,FM-15,343,40,51,220,8
USW00014763,2025;02;25;02,FM-15,343,40,53,240,8
USW00014763,2025;02;25;03,FM-15,343,39,57,250,9
USW00014763,2025;02;25;04,FM-15,343,36,62,0,0
USW00014763,2025;02;25;05,FM-15,343,34,67,0,0
USW00014763,2025;02;25;06,FM-15,343,34,70,0,0
USW00014763,2025;02;25;07,FM-15,343,34,73,30,5
USW00014763,2025;02;25;08,FM-15,343,37,67,0,0
USW00014763,2025;02;25;09,FM-15,343,42,53,0,0
USW00014763,2025;02;25;10,FM-15,343,44,51,0,0
USW00014763,2025;02;25;11,FM-15,343,46,47,310,3
USW00014763,2025;02;25;12,FM-15,343,49,43,220,7
USW00014763,2025;02;25;13,FM-15,343,49,44,220,3
USW00014763,2025;02;25;14,FM-15,343,49,43,200,8
USW00014763,2025;02;25;15,FM-15,343,46,58,220,15
USW00014763,2025;02;25;16,FM-15,343,43,68,300,5
USW00014763,2025;02;25;17,FM-15,343,41,70,240,6
USW00014763,2025;02;25;18,FM-15,343,39,82,230,5
USW00014763,2025;02;25;19,FM-16,343,39,87,220,5
USW00014763,2025;02;25;19,FM-15,343,39,86,230,5
USW00014763,2025;02;25;20,FM-15,343,38,86,250,5
USW00014763,2025;02;25;21,FM-16,343,38,86,240,6
USW00014763,2025;02;25;21,FM-15,343,38,86,0,0
USW00014763,2025;02;25;22,FM-15,343,37,86,260,6
USW00014763,2025;02;25;23,FM-16,343,39,82,280,11
USW00014763,2025;02;25;23,FM-15,343,39,82,280,9
USW00014763,2025;02;26;00,SOD,,,,,
USW00014763,2025;02;26;00,FM-15,343,39,82,280,10
USW00014763,2025;02;26;01,FM-15,343,38,83,280,11
USW00014763,2025;02;26;02,FM-16,343,38,83,290,13
USW00014763,2025;02;26;02,FM-15,343,37,82,VRB,3
USW00014763,2025;02;26;03,FM-15,343,36,82,300,10
USW00014763,2025;02;26;04,FM-15,343,36,82,,
USW00014763,2025;02;26;05,FM-16,343,36,82,310,7
USW00014763,2025;02;26;05,FM-15,343,35,85,300,9
USW00014763,2025;02;26;06,FM-16,343,35,85,300,10
USW00014763,2025;02;26;06,FM-16,343,35,85,290,13
USW00014763,2025;02;26;06,FM-15,343,35,89,290,9
USW00014763,2025;02;26;07,FM-15,343,36,86,300,17
USW00014763,2025;02;26;08,FM-16,343,37,82,300,15
USW00014763,2025;02;26;08,FM-16,343,37,79,300,18
USW00014763,2025;02;26;08,FM-16,343,37,79,300,18
USW00014763,2025;02;26;08,FM-15,343,37,76,280,15
USW00014763,2025;02;26;09,FM-16,343,38,73,300,20
USW00014763,2025;02;26;09,FM-16,343,37,70,280,20
USW00014763,2025;02;26;09,FM-15,343,38,68,280,20
USW00014763,2025;02;26;10,FM-16,343,39,62,300,22
USW00014763,2025;02;26;10,FM-15,343,39,60,280,17
USW00014763,2025;02;26;11,FM-15,343,40,53,290,22
USW00014763,2025;02;26;12,FM-15,343,40,53,290,15
USW00014763,2025;02;26;13,FM-15,343,40,53,310,14
USW00014763,2025;02;26;14,FM-15,343,39,53,310,11
USW00014763,2025;02;26;15,FM-15,343,38,52,VRB,7
USW00014763,2025;02;26;16,FM-15,343,37,54,300,6
USW00014763,2025;02;26;17,FM-15,343,36,57,310,11
USW00014763,2025;02;26;18,FM-15,343,35,59,310,8
USW00014763,2025;02;26;19,FM-15,343,34,61,300,8
USW00014763,2025;02;26;20,FM-15,343,34,61,320,5
USW00014763,2025;02;26;21,FM-15,343,30,72,140,3
USW00014763,2025;02;26;22,FM-15,343,29,75,0,0
USW00014763,2025;02;26;23,FM-15,343,29,75,0,0
USW00014763,2025;02;27;00,SOD,,,,,
USW00014763,2025;02;27;00,FM-15,343,30,79,0,0
USW00014763,2025;02;27;01,FM-15,343,30,75,0,0
USW00014763,2025;02;27;02,FM-15,343,30,82,0,0
USW00014763,2025;02;27;03,FM-16,343,30,82,0,0
USW00014763,2025;02;27;03,FM-16,343,29,89,0,0
USW00014763,2025;02;27;03,FM-16,343,29,89,30,3
USW00014763,2025;02;27;03,FM-16,343,28,93,20,3
USW00014763,2025;02;27;03,FM-15,343,29,92,30,6
USW00014763,2025;02;27;04,FM-16,343,29,92,40,5
USW00014763,2025;02;27;04,FM-16,343,29,92,50,3
USW00014763,2025;02;27;04,FM-16,343,29,92,0,0
USW00014763,2025;02;27;04,FM-16,343,29,96,0,0
USW00014763,2025;02;27;04,FM-16,343,30,92,0,0
USW00014763,2025;02;27;04,FM-16,343,30,86,0,0
USW00014763,2025;02;27;04,FM-15,343,30,88,0,0
USW00014763,2025;02;27;05,FM-16,343,30,88,0,0
USW00014763,2025;02;27;05,FM-16,343,30,96,0,0
USW00014763,2025;02;27;05,FM-16,343,30,96,0,0
USW00014763,2025;02;27;05,FM-15,343,30,92,0,0
USW00014763,2025;02;27;06,FM-16,343,31,89,0,0
USW00014763,2025;02;27;06,FM-15,343,34,89,110,6
USW00014763,2025;02;27;07,FM-15,343,34,89,VRB,3
USW00014763,2025;02;27;08,FM-15,343,33,96,50,5
USW00014763,2025;02;27;09,FM-16,343,33,96,30,3
USW00014763,2025;02;27;09,FM-15,343,34,92,0,0
USW00014763,2025;02;27;10,FM-16,343,34,89,320,6
USW00014763,2025;02;27;10,FM-16,343,34,92,50,8
USW00014763,2025;02;27;10,FM-16,343,34,93,10,5
USW00014763,2025;02;27;10,FM-15,343,34,92,10,5
USW00014763,2025;02;27;11,FM-16,343,34,97,VRB,3
USW00014763,2025;02;27;11,FM-16,343,34,100,340,3
USW00014763,2025;02;27;11,FM-15,343,35,93,0,0
USW00014763,2025;02;27;12,FM-16,343,35,93,20,3
USW00014763,2025;02;27;12,FM-16,343,35,93,50,5
USW00014763,2025;02;27;12,FM-16,343,35,93,50,5
USW00014763,2025;02;27;12,FM-16,343,35,93,0,0
USW00014763,2025;02;27;12,FM-15,343,35,96,0,0
USW00014763,2025;02;27;13,FM-16,343,35,96,320,3
USW00014763,2025;02;27;13,FM-16,343,35,96,0,0
USW00014763,2025;02;27;13,FM-15,343,37,96,170,5
USW00014763,2025;02;27;14,FM-15,343,41,89,190,7
USW00014763,2025;02;27;15,FM-16,343,42,85,210,7
USW00014763,2025;02;27;15,FM-15,343,42,85,220,10
USW00014763,2025;02;27;16,FM-15,343,42,85,220,8
USW00014763,2025;02;27;17,FM-15,343,43,82,210,9
USW00014763,2025;02;27;18,FM-15,343,42,85,220,10
USW00014763,2025;02;27;19,FM-16,343,40,89,310,10
USW00014763,2025;02;27;19,FM-16,343,39,93,300,11
USW00014763,2025;02;27;19,FM-15,343,39,89,300,11
USW00014763,2025;02;27;20,FM-16,343,39,86,310,9
USW00014763,2025;02;27;20,FM-16,343,38,86,290,13
USW00014763,2025;02;27;20,FM-15,343,38,86,300,15
USW00014763,2025;02;27;21,FM-16,343,38,83,300,13
USW00014763,2025;02;27;21,FM-15,343,37,86,280,7
USW00014763,2025;02;27;22,FM-15,343,37,82,280,14
USW00014763,2025;02;27;23,FM-16,343,36,86,280,8
USW00014763,2025;02;27;23,FM-16,343,36,86,280,8
USW00014763,2025;02;27;23,FM-16,343,36,87,290,8
USW00014763,2025;02;27;23,FM-15,343,36,86,290,7
USW00014763,2025;02;28;00,SOD,,,,,
USW00014763,2025;02;28;00,FM-16,343,36,87,260,11
USW00014763,2025;02;28;00,FM-15,343,35,89,250,10
USW00014763,2025;02;28;01,FM-16,343,35,89,270,8
USW00014763,2025;02;28;01,FM-16,343,35,89,270,7
USW00014763,2025;02;28;01,FM-16,343,35,89,260,6
USW00014763,2025;02;28;01,FM-15,343,35,89,290,6
USW00014763,2025;02;28;02,FM-15,343,35,82,280,11
USW00014763,2025;02;28;03,FM-15,343,35,72,280,11
USW00014763,2025;02;28;04,FM-15,343,34,79,270,9
USW00014763,2025;02;28;05,FM-16,343,34,79,270,6
USW00014763,2025;02;28;05,FM-15,343,35,76,290,11
USW00014763,2025;02;28;06,FM-15,343,34,76,290,10
USW00014763,2025;02;28;07,FM-16,343,33,70,280,20
USW00014763,2025;02;28;07,FM-15,343,33,61,VRB,21
USW00014763,2025;02;28;08,FM-15,343,32,59,300,23
USW00014763,2025;02;28;09,FM-15,343,32,54,290,20
USW00014763,2025;02;28;10,FM-15,343,32,52,290,21
USW00014763,2025;02;28;11,FM-15,343,32,45,290,22
USW00014763,2025;02;28;12,FM-15,343,32,43,310,14
USW00014763,2025;02;28;13,FM-15,343,33,45,310,15
USW00014763,2025;02;28;14,FM-15,343,33,47,290,9
USW00014763,2025;02;28;15,FM-15,343,33,47,270,8
USW00014763,2025;02;28;16,FM-15,343,32,50,300,3
USW00014763,2025;02;28;17,FM-15,343,32,50,320,3
USW00014763,2025;02;28;18,FM-15,343,30,64,110,5
USW00014763,2025;02;28;19,FM-15,343,31,54,0,0
USW00014763,2025;02;28;20,FM-15,343,30,61,0,0
USW00014763,2025;02;28;21,FM-15,343,34,48,170,7
USW00014763,2025;02;28;22,FM-15,343,34,50,130,10
USW00014763,2025;02;28;23,FM-15,343,35,50,140,10
USW00014763,2025;02;28;23,SOM,,,,,
USW00014763,2025;03;01;00,SOD,,,,,
USW00014763,2025;03;01;00,FM-15,343,36,48,140,7
USW00014763,2025;03;01;01,FM-15,343,37,48,VRB,6
USW00014763,2025;03;01;02,FM-15,343,38,51,,
USW00014763,2025;03;01;03,FM-15,343,39,55,190,13
USW00014763,2025;03;01;04,FM-15,343,39,60,180,14
USW00014763,2025;03;01;05,FM-15,343,38,65,190,10
USW00014763,2025;03;01;06,FM-15,343,38,68,VRB,6
USW00014763,2025;03;01;07,FM-15,343,39,65,180,10
USW00014763,2025;03;01;08,FM-15,343,41,62,160,6
USW00014763,2025;03;01;09,FM-15,343,43,58,0,0
USW00014763,2025;03;01;10,FM-15,343,45,54,160,8
USW00014763,2025;03;01;11,FM-15,343,47,48,230,11
USW00014763,2025;03;01;12,FM-15,343,43,56,290,31
USW00014763,2025;03;01;13,FM-16,343,37,73,300,22
USW00014763,2025;03;01;13,FM-16,343,33,82,VRB,9
USW00014763,2025;03;01;13,FM-16,343,33,82,280,10
USW00014763,2025;03;01;13,FM-16,343,32,80,270,13
USW00014763,2025;03;01;13,FM-15,343,32,82,270,11
USW00014763,2025;03;01;14,FM-16,343,32,82,320,13
USW00014763,2025;03;01;14,FM-16,343,31,82,VRB,11
USW00014763,2025;03;01;14,FM-16,343,31,79,300,5
USW00014763,2025;03;01;14,FM-16,343,30,79,VRB,9
USW00014763,2025;03;01;14,FM-16,343,28,86,VRB,8
USW00014763,2025;03;01;14,FM-15,343,29,82,VRB,5
USW00014763,2025;03;01;15,FM-15,343,27,85,310,9
USW00014763,2025;03;01;16,FM-16,343,27,78,300,14
USW00014763,2025;03;01;16,FM-16,343,26,69,310,20
USW00014763,2025;03;01;16,FM-16,343,26,66,310,14
USW00014763,2025;03;01;16,FM-16,343,27,64,300,18
USW00014763,2025;03;01;16,FM-15,343,26,63,310,15
USW00014763,2025;03;01;17,FM-16,343,25,60,310,16
USW00014763,2025;03;01;17,FM-16,343,25,60,290,18
USW00014763,2025;03;01;17,FM-15,343,24,57,300,23
USW00014763,2025;03;01;18,FM-16,343,24,60,300,20
USW00014763,2025;03;01;18,FM-16,343,23,65,300,17
USW00014763,2025;03;01;18,FM-16,343,21,71,320,20
USW00014763,2025;03;01;18,FM-16,343,21,68,300,18
USW00014763,2025;03;01;18,FM-15,343,21,65,300,18
USW00014763,2025;03;01;19,FM-16,343,19,68,310,17
USW00014763,2025;03;01;19,FM-16,343,20,62,300,22
USW00014763,2025;03;01;19,FM-15,343,19,65,300,24
USW00014763,2025;03;01;20,FM-16,343,19,59,300,28
USW00014763,2025;03;01;20,FM-16,343,19,57,280,23
USW00014763,2025;03;01;20,FM-15,343,19,57,290,21
USW00014763,2025;03;01;21,FM-16,343,18,68,300,23
USW00014763,2025;03;01;21,FM-15,343,18,68,310,15
USW00014763,2025;03;01;22,FM-16,343,17,68,320,20
USW00014763,2025;03;01;22,FM-15,343,16,59,300,22
USW00014763,2025;03;01;23,FM-15,343,15,61,VRB,21
USW00014763,2025;03;02;00,SOD,,,,,
USW00014763,2025;03;02;00,FM-16,343,16,62,300,21
USW00014763,2025;03;02;00,FM-15,343,15,64,300,22
USW00014763,2025;03;02;01,FM-16,343,14,64,300,24
USW00014763,2025;03;02;01,FM-15,343,14,56,310,15
USW00014763,2025;03;02;02,FM-15,343,12,56,310,18
USW00014763,2025;03;02;03,FM-15,343,11,58,320,14
USW00014763,2025;03;02;04,FM-15,343,10,58,300,9
USW00014763,2025;03;02;05,FM-15,343,9,61,290,13
USW00014763,2025;03;02;06,FM-15,343,8,63,280,15
USW00014763,2025;03;02;07,FM-16,343,8,63,300,6
USW00014763,2025;03;02;07,FM-15,343,9,64,300,16
USW00014763,2025;03;02;08,FM-16,343,10,61,300,15
USW00014763,2025;03;02;08,FM-15,343,10,58,310,20
USW00014763,2025;03;02;09,FM-15,343,11,55,VRB,13
USW00014763,2025;03;02;10,FM-15,343,12,56,300,16
USW00014763,2025;03;02;11,FM-15,343,13,54,300,18
USW00014763,2025;03;02;12,FM-15,343,14,49,310,13
USW00014763,2025;03;02;13,FM-15,343,15,44,280,13
USW00014763,2025;03;02;14,FM-15,343,17,45,280,17
USW00014763,2025;03;02;15,FM-15,343,17,43,300,14
USW00014763,2025;03;02;16,FM-15,343,15,46,310,10
USW00014763,2025;03;02;17,FM-15,343,14,51,300,10
USW00014763,2025;03;02;18,FM-15,343,13,59,300,8
USW00014763,2025;03;02;19,FM-15,343,13,61,300,11
USW00014763,2025;03;02;20,FM-16,343,13,64,290,10
USW00014763,2025;03;02;20,FM-15,343,14,61,270,10
USW00014763,2025;03;02;21,FM-16,343,14,61,320,11
USW00014763,2025;03;02;21,FM-15,343,13,64,VRB,11
USW00014763,2025;03;02;22,FM-16,343,13,64,290,14
USW00014763,2025;03;02;22,FM-16,343,13,64,290,11
USW00014763,2025;03;02;22,FM-15,343,13,64,300,14
USW00014763,2025;03;02;23,FM-15,343,12,70,290,8
USW00014763,2025;03;03;00,SOD,,,,,
USW00014763,2025;03;03;00,FM-15,343,11,67,330,6
USW00014763,2025;03;03;01,FM-15,343,10,63,330,7
USW00014763,2025;03;03;02,FM-15,343,9,66,310,6
USW00014763,2025;03;03;03,FM-15,343,9,61,310,9
USW00014763,2025;03;03;04,FM-15,343,9,61,310,6
USW00014763,2025;03;03;05,FM-15,343,8,63,310,6
USW00014763,2025;03;03;06,FM-15,343,8,63,290,9
USW00014763,2025;03;03;07,FM-15,343,11,55,310,7
USW00014763,2025;03;03;08,FM-15,343,14,51,290,8
USW00014763,2025;03;03;09,FM-15,343,16,49,280,7
USW00014763,2025;03;03;10,FM-15,343,20,50,VRB,11
USW00014763,2025;03;03;11,FM-15,343,22,48,300,14
USW00014763,2025;03;03;12,FM-15,343,24,46,310,9
USW00014763,2025;03;03;13,FM-15,343,25,48,270,14
USW00014763,2025;03;03;14,FM-15,343,26,48,310,10
USW00014763,2025;03;03;15,FM-15,343,26,46,310,14
USW00014763,2025;03;03;16,FM-15,343,26,48,280,8
USW00014763,2025;03;03;17,FM-15,343,25,50,220,5
USW00014763,2025;03;03;18,FM-15,343,23,53,0,0
USW00014763,2025;03;03;19,FM-15,343,20,62,0,0
USW00014763,2025;03;03;20,FM-15,343,19,65,210,3
USW00014763,2025;03;03;21,FM-15,343,17,68,0,0
USW00014763,2025;03;03;22,FM-15,343,17,70,0,0
USW00014763,2025;03;03;23,FM-15,343,16,74,0,0
USW00014763,2025;03;04;00,SOD,,,,,
USW00014763,2025;03;04;00,FM-15,343,14,77,0,0
USW00014763,2025;03;04;01,FM-15,343,13,81,0,0
USW00014763,2025;03;04;02,FM-15,343,13,81,0,0
USW00014763,2025;03;04;03,FM-15,343,12,80,0,0
USW00014763,2025;03;04;04,FM-15,343,11,84,0,0
USW00014763,2025;03;04;05,FM-15,343,12,80,0,0
USW00014763,2025;03;04;06,FM-15,343,15,80,0,0
USW00014763,2025;03;04;07,FM-15,343,16,84,0,0
USW00014763,2025;03;04;08,FM-15,343,20,74,0,0
USW00014763,2025;03;04;09,FM-15,343,31,52,VRB,3
USW00014763,2025;03;04;10,FM-15,343,35,48,170,7
USW00014763,2025;03;04;11,FM-15,343,38,44,240,3
USW00014763,2025;03;04;12,FM-15,343,40,41,230,14
USW00014763,2025;03;04;13,FM-15,343,41,41,220,8
USW00014763,2025;03;04;14,FM-15,343,43,40,200,9
USW00014763,2025;03;04;15,FM-15,343,44,40,200,13
USW00014763,2025;03;04;16,FM-15,343,42,47,220,6
USW00014763,2025;03;04;17,FM-15,343,42,49,VRB,6
USW00014763,2025;03;04;18,FM-15,343,41,55,210,8
USW00014763,2025;03;04;19,FM-15,343,41,60,200,8
USW00014763,2025;03;04;20,FM-15,343,40,68,190,5
USW00014763,2025;03;04;21,FM-15,343,38,68,0,0
USW00014763,2025;03;04;22,FM-15,343,33,78,0,0
USW00014763,2025;03;04;23,FM-15,343,33,82,0,0
USW00014763,2025;03;05;00,SOD,,,,,
USW00014763,2025;03;05;00,FM-15,343,30,88,300,3
USW00014763,2025;03;05;01,FM-15,343,29,89,0,0
USW00014763,2025;03;05;02,FM-15,343,27,92,0,0
USW00014763,2025;03;05;03,FM-15,343,29,92,0,0
USW00014763,2025;03;05;04,FM-15,343,31,89,0,0
USW00014763,2025;03;05;05,FM-16,343,32,88,0,0
USW00014763,2025;03;05;05,FM-15,343,32,85,0,0
USW00014763,2025;03;05;06,FM-16,343,34,81,20,3
USW00014763,2025;03;05;06,FM-15,343,33,85,20,3
USW00014763,2025;03;05;07,FM-16,343,34,87,0,0
USW00014763,2025;03;05;07,FM-15,343,33,92,0,0
USW00014763,2025;03;05;08,FM-16,343,44,93,190,11
USW00014763,2025;03;05;08,FM-15,343,46,89,180,17
USW00014763,2025;03;05;09,FM-16,343,47,90,180,15
USW00014763,2025;03;05;09,FM-15,343,47,90,180,16
USW00014763,2025;03;05;10,FM-16,343,47,90,170,17
USW00014763,2025;03;05;10,FM-15,343,48,86,180,18
USW00014763,2025;03;05;11,FM-16,343,48,87,190,13
USW00014763,2025;03;05;11,FM-15,343,49,83,180,14
USW00014763,2025;03;05;12,FM-15,343,50,80,190,13
USW00014763,2025;03;05;13,FM-15,343,50,80,VRB,7
USW00014763,2025;03;05;14,FM-15,343,51,74,150,9
USW00014763,2025;03;05;15,FM-15,343,50,77,140,10
USW00014763,2025;03;05;16,FM-16,343,50,82,170,7
USW00014763,2025;03;05;16,FM-15,343,50,80,VRB,7
USW00014763,2025;03;05;17,FM-16,343,49,83,VRB,11
USW00014763,2025;03;05;17,FM-16,343,49,83,0,0
USW00014763,2025;03;05;17,FM-16,343,49,83,120,8
USW00014763,2025;03;05;17,FM-15,343,48,86,130,11
USW00014763,2025;03;05;18,FM-16,343,47,93,130,14
USW00014763,2025;03;05;18,FM-16,343,46,93,130,13
USW00014763,2025;03;05;18,FM-15,343,47,93,130,14
USW00014763,2025;03;05;19,FM-15,343,47,93,140,13
USW00014763,2025;03;05;20,FM-16,343,48,86,130,9
USW00014763,2025;03;05;20,FM-15,343,48,86,VRB,10
USW00014763,2025;03;05;21,FM-16,343,48,86,140,17
USW00014763,2025;03;05;21,FM-15,343,48,89,150,15
USW00014763,2025;03;05;22,FM-16,343,48,86,140,17
USW00014763,2025;03;05;22,FM-15,343,49,86,150,18
USW00014763,2025;03;05;23,FM-16,343,50,86,150,11
USW00014763,2025;03;05;23,FM-15,343,49,90,140,13
USW00014763,2025;03;06;00,SOD,,,,,
USW00014763,2025;03;06;00,FM-16,343,50,89,140,11
USW00014763,2025;03;06;00,FM-16,343,50,89,VRB,11
USW00014763,2025;03;06;00,FM-16,343,50,89,140,11
USW00014763,2025;03;06;00,FM-15,343,50,89,140,14
USW00014763,2025;03;06;01,FM-16,343,49,93,140,14
USW00014763,2025;03;06;01,FM-15,343,49,93,140,11
USW00014763,2025;03;06;02,FM-16,343,49,93,170,8
USW00014763,2025;03;06;02,FM-15,343,49,93,170,9
USW00014763,2025;03;06;03,FM-15,343,49,93,170,10
USW00014763,2025;03;06;04,FM-16,343,48,93,230,8
USW00014763,2025;03;06;04,FM-16,343,48,93,230,7
USW00014763,2025;03;06;04,FM-16,343,46,100,220,6
USW00014763,2025;03;06;04,FM-15,343,47,97,220,7
USW00014763,2025;03;06;05,FM-16,343,47,93,210,7
USW00014763,2025;03;06;05,FM-15,343,46,93,230,6
USW00014763,2025;03;06;06,FM-16,343,46,96,200,5
USW00014763,2025;03;06;06,FM-16,343,46,93,210,6
USW00014763,2025;03;06;06,FM-16,343,44,93,VRB,8
USW00014763,2025;03;06;06,FM-15,343,45,90,270,8
USW00014763,2025;03;06;07,FM-16,343,44,93,310,6
USW00014763,2025;03;06;07,FM-16,343,44,89,300,9
USW00014763,2025;03;06;07,FM-15,343,43,93,310,6
USW00014763,2025;03;06;08,FM-16,343,42,85,310,8
USW00014763,2025;03;06;08,FM-15,343,41,86,280,13
USW00014763,2025;03;06;09,FM-15,343,41,79,VRB,8
USW00014763,2025;03;06;10,FM-15,343,42,73,320,5
USW00014763,2025;03;06;11,FM-15,343,41,76,300,13
USW00014763,2025;03;06;12,FM-15,343,41,76,320,13
USW00014763,2025;03;06;13,FM-15,343,41,73,300,7
USW00014763,2025;03;06;14,FM-15,343,40,73,320,13
USW00014763,2025;03;06;15,FM-15,343,37,76,310,14
USW00014763,2025;03;06;16,FM-15,343,35,72,VRB,11
USW00014763,2025;03;06;17,FM-15,343,34,70,300,16
USW00014763,2025;03;06;18,FM-15,343,32,69,310,15
USW00014763,2025;03;06;19,FM-16,343,31,61,300,21
USW00014763,2025;03;06;19,FM-15,343,30,56,310,29
USW00014763,2025;03;06;20,FM-15,343,28,60,310,26
USW00014763,2025;03;06;21,FM-16,343,27,63,300,16
USW00014763,2025;03;06;21,FM-15,343,27,66,300,16
USW00014763,2025;03;06;22,FM-15,343,27,66,280,23
USW00014763,2025;03;06;23,FM-15,343,27,66,300,24
USW00014763,2025;03;07;00,SOD,,,,,
USW00014763,2025;03;07;00,FM-15,343,26,66,300,30
USW00014763,2025;03;07;01,FM-15,343,26,60,290,34
USW00014763,2025;03;07;02,FM-15,343,25,60,300,30
USW00014763,2025;03;07;03,FM-15,343,24,62,310,17
USW00014763,2025;03;07;04,FM-15,343,24,60,290,31
USW00014763,2025;03;07;05,FM-15,343,24,62,300,24
USW00014763,2025;03;07;06,FM-16,343,24,65,290,20
USW00014763,2025;03;07;06,FM-15,343,24,65,290,23
USW00014763,2025;03;07;07,FM-16,343,25,63,290,23
USW00014763,2025;03;07;07,FM-15,343,27,61,290,22
USW00014763,2025;03;07;08,FM-15,343,29,58,310,23
USW00014763,2025;03;07;09,FM-15,343,30,61,290,17
USW00014763,2025;03;07;10,FM-16,343,30,64,300,23
USW00014763,2025;03;07;10,FM-15,343,30,66,290,22
USW00014763,2025;03;07;11,FM-16,343,32,60,280,34
USW00014763,2025;03;07;11,FM-15,343,32,56,290,25
USW00014763,2025;03;07;12,FM-15,343,34,52,280,25
USW00014763,2025;03;07;13,FM-15,343,33,54,280,17
USW00014763,2025;03;07;14,FM-15,343,34,46,300,23
USW00014763,2025;03;07;15,FM-15,343,33,42,310,29
USW00014763,2025;03;07;16,FM-15,343,32,43,280,24
USW00014763,2025;03;07;17,FM-15,343,30,51,290,21
USW00014763,2025;03;07;18,FM-15,343,29,51,280,22
USW00014763,2025;03;07;19,FM-15,343,28,53,300,20
USW00014763,2025;03;07;20,FM-15,343,28,56,280,17
USW00014763,2025;03;07;21,FM-15,343,29,54,280,14
USW00014763,2025;03;07;22,FM-15,343,28,56,270,10
USW00014763,2025;03;07;23,FM-15,343,27,53,270,11
USW00014763,2025;03;08;00,SOD,,,,,
USW00014763,2025;03;08;00,FM-15,343,27,58,270,10
USW00014763,2025;03;08;01,FM-15,343,27,58,250,11
USW00014763,2025;03;08;02,FM-15,343,27,53,260,11
USW00014763,2025;03;08;03,FM-15,343,27,51,240,10
USW00014763,2025;03;08;04,FM-15,343,27,49,250,11
USW00014763,2025;03;08;05,FM-15,343,29,47,240,14
USW00014763,2025;03;08;06,FM-15,343,29,58,260,13
USW00014763,2025;03;08;07,FM-16,343,30,64,260,17
USW00014763,2025;03;08;07,FM-16,343,28,75,270,14
USW00014763,2025;03;08;07,FM-16,343,29,72,260,18
USW00014763,2025;03;08;07,FM-16,343,28,74,270,16
USW00014763,2025;03;08;07,FM-15,343,29,69,280,17
USW00014763,2025;03;08;08,FM-16,343,30,61,280,23
USW00014763,2025;03;08;08,FM-15,343,30,56,280,24
USW00014763,2025;03;08;09,FM-15,343,29,51,300,26
USW00014763,2025;03;08;10,FM-15,343,29,41,280,25
USW00014763,2025;03;08;11,FM-15,343,30,39,300,22
USW00014763,2025;03;08;12,FM-15,343,30,41,280,25
USW00014763,2025;03;08;13,FM-15,343,29,43,290,22
USW00014763,2025;03;08;14,FM-15,343,29,45,290,28
USW00014763,2025;03;08;15,FM-15,343,30,43,290,29
USW00014763,2025;03;08;16,FM-15,343,29,47,290,29
USW00014763,2025;03;08;17,FM-15,343,27,51,280,29
USW00014763,2025;03;08;18,FM-15,343,26,57,300,17
USW00014763,2025;03;08;19,FM-15,343,26,60,VRB,16
USW00014763,2025;03;08;20,FM-15,343,26,60,280,17
USW00014763,2025;03;08;21,FM-15,343,27,63,300,16
USW00014763,2025;03;08;21,FM-15,343,26,63,280,15
USW00014763,2025;03;08;22,FM-15,343,27,63,290,11
USW00014763,2025;03;08;23,FM-16,343,27,63,290,14
USW00014763,2025;03;08;23,FM-15,343,27,63,290,16
USW00014763,2025;03;09;00,SOD,,,,,
USW00014763,2025;03;09;00,FM-15,343,27,63,300,16
USW00014763,2025;03;09;01,FM-16,343,27,64,290,17
USW00014763,2025;03;09;01,FM-15,343,27,63,290,20
USW00014763,2025;03;09;03,FM-16,343,27,64,300,14
USW00014763,2025;03;09;03,FM-15,343,26,66,290,13
USW00014763,2025;03;09;04,FM-16,343,25,66,280,11
USW00014763,2025;03;09;04,FM-16,343,25,69,270,13
USW00014763,2025;03;09;04,FM-15,343,25,66,280,14
USW00014763,2025;03;09;05,FM-15,343,24,65,260,8
USW00014763,2025;03;09;06,FM-15,343,24,65,210,5
USW00014763,2025;03;09;07,FM-15,343,27,61,260,9
USW00014763,2025;03;09;08,FM-15,343,29,54,240,13
USW00014763,2025;03;09;09,FM-15,343,33,45,250,8
USW00014763,2025;03;09;10,FM-15,343,33,45,260,13
USW00014763,2025;03;09;11,FM-15,343,33,49,230,8
USW00014763,2025;03;09;12,FM-15,343,34,50,230,11
USW00014763,2025;03;09;13,FM-15,343,35,54,240,15
USW00014763,2025;03;09;14,FM-15,343,38,51,260,15
USW00014763,2025;03;09;15,FM-15,343,39,48,270,13
USW00014763,2025;03;09;16,FM-15,343,39,45,280,16
USW00014763,2025;03;09;17,FM-15,343,36,52,310,10
USW00014763,2025;03;09;18,FM-15,343,34,48,310,10
USW00014763,2025;03;09;19,FM-15,343,32,52,300,7
USW00014763,2025;03;09;20,FM-15,343,31,54,220,3
USW00014763,2025;03;09;21,FM-15,343,29,61,200,5
USW00014763,2025;03;09;22,FM-15,343,30,58,0,0
USW00014763,2025;03;09;23,FM-15,343,30,64,0,0
USW00014763,2025;03;10;00,SOD,,,,,
USW00014763,2025;03;10;00,FM-15,343,28,69,0,0
USW00014763,2025;03;10;01,FM-15,343,29,69,0,0
USW00014763,2025;03;10;02,FM-15,343,30,69,0,0
USW00014763,2025;03;10;03,FM-15,343,33,56,280,6
USW00014763,2025;03;10;04,FM-15,343,36,55,270,7
USW00014763,2025;03;10;05,FM-15,343,37,52,240,9
USW00014763,2025;03;10;06,FM-15,343,39,53,220,8
USW00014763,2025;03;10;07,FM-15,343,42,51,220,8
USW00014763,2025;03;10;08,FM-15,343,46,47,260,11
USW00014763,2025;03;10;09,FM-15,343,49,43,300,20
USW00014763,2025;03;10;10,FM-15,343,49,41,280,11
USW00014763,2025;03;10;11,FM-15,343,52,34,280,15
USW00014763,2025;03;10;12,FM-15,343,53,34,280,17
USW00014763,2025;03;10;13,FM-15,343,54,28,280,16
USW00014763,2025;03;10;14,FM-15,343,56,26,VRB,9
USW00014763,2025;03;10;15,FM-15,343,56,24,290,6
USW00014763,2025;03;10;16,FM-15,343,55,26,320,7
USW00014763,2025;03;10;17,FM-15,343,48,36,0,0
USW00014763,2025;03;10;18,FM-15,343,40,51,0,0
USW00014763,2025;03;10;19,FM-15,343,41,49,0,0
USW00014763,2025;03;10;20,FM-15,343,34,64,0,0
USW00014763,2025;03;10;21,FM-15,343,32,69,0,0
USW00014763,2025;03;10;22,FM-15,343,31,72,0,0
USW00014763,2025;03;10;23,FM-15,343,30,75,0,0
USW00014763,2025;03;11;00,SOD,,,,,
USW00014763,2025;03;11;00,FM-15,343,32,69,0,0
USW00014763,2025;03;11;01,FM-15,343,28,78,0,0
USW00014763,2025;03;11;02,FM-15,343,28,78,0,0
USW00014763,2025;03;11;03,FM-15,343,28,78,0,0
USW00014763,2025;03;11;04,FM-15,343,26,84,0,0
USW00014763,2025;03;11;05,FM-15,343,26,84,0,0
USW00014763,2025;03;11;06,FM-15,343,27,85,0,0
USW00014763,2025;03;11;07,FM-15,343,35,70,0,0
USW00014763,2025;03;11;08,FM-15,343,43,60,0,0
USW00014763,2025;03;11;09,FM-15,343,54,38,170,13
USW00014763,2025;03;11;10,FM-15,343,58,35,230,13
USW00014763,2025;03;11;11,FM-15,343,60,33,VRB,10
USW00014763,2025;03;11;12,FM-15,343,61,31,VRB,10
USW00014763,2025;03;11;13,FM-15,343,62,28,220,20
USW00014763,2025;03;11;14,FM-15,343,62,28,200,16
USW00014763,2025;03;11;15,FM-15,343,63,28,210,11
USW00014763,2025;03;11;16,FM-15,343,61,29,220,13
USW00014763,2025;03;11;17,FM-15,343,58,32,220,9
USW00014763,2025;03;11;18,FM-15,343,55,35,200,11
USW00014763,2025;03;11;19,FM-15,343,51,48,290,20
USW00014763,2025;03;11;20,FM-15,343,48,39,280,17
USW00014763,2025;03;11;21,FM-15,343,45,33,300,11
USW00014763,2025;03;11;22,FM-15,343,43,28,280,9
USW00014763,2025;03;11;23,FM-15,343,40,28,280,8
USW00014763,2025;03;12;00,SOD,,,,,
USW00014763,2025;03;12;00,FM-15,343,36,46,270,9
USW00014763,2025;03;12;01,FM-15,343,34,59,VRB,7
USW00014763,2025;03;12;02,FM-15,343,31,69,270,7
USW00014763,2025;03;12;03,FM-15,343,31,72,180,5
USW00014763,2025;03;12;04,FM-16,343,31,72,0,0
USW00014763,2025;03;12;04,FM-15,343,31,76,20,3
USW00014763,2025;03;12;05,FM-16,343,31,72,310,6
USW00014763,2025;03;12;05,FM-15,343,30,75,300,7
USW00014763,2025;03;12;06,FM-15,343,29,75,310,6
USW00014763,2025;03;12;07,FM-15,343,32,59,360,6
USW00014763,2025;03;12;08,FM-15,343,35,46,30,8
USW00014763,2025;03;12;09,FM-15,343,37,27,310,9
USW00014763,2025;03;12;10,FM-15,343,38,24,310,5
USW00014763,2025;03;12;11,FM-15,343,41,23,20,9
USW00014763,2025;03;12;12,FM-15,343,42,24,290,5
USW00014763,2025;03;12;13,FM-15,343,44,21,30,8
USW00014763,2025;03;12;14,FM-15,343,44,23,320,6
USW00014763,2025;03;12;15,FM-15,343,41,25,340,6
USW00014763,2025;03;12;16,FM-15,343,38,27,330,6
USW00014763,2025;03;12;17,FM-15,343,37,30,30,6
USW00014763,2025;03;12;18,FM-15,343,36,30,VRB,3
USW00014763,2025;03;12;19,FM-16,343,35,57,60,9
USW00014763,2025;03;12;19,FM-16,343,33,70,140,6
USW00014763,2025;03;12;19,FM-16,343,32,75,0,0
USW00014763,2025;03;12;19,FM-16,343,32,75,130,3
USW00014763,2025;03;12;19,FM-15,343,32,75,120,5
USW00014763,2025;03;12;20,FM-16,343,31,82,0,0
USW00014763,2025;03;12;20,FM-16,343,31,82,,
USW00014763,2025;03;12;20,FM-16,343,30,88,60,6
USW00014763,2025;03;12;20,FM-15,343,30,88,70,5
USW00014763,2025;03;12;21,FM-16,343,30,92,80,6
USW00014763,2025;03;12;21,FM-16,343,30,88,VRB,3
USW00014763,2025;03;12;21,FM-16,343,30,88,60,5
USW00014763,2025;03;12;21,FM-16,343,30,85,60,6
USW00014763,2025;03;12;21,FM-15,343,29,92,0,0
USW00014763,2025;03;12;22,FM-15,343,30,88,0,0
USW00014763,2025;03;12;23,FM-15,343,30,88,0,0
USW00014763,2025;03;13;00,SOD,,,,,
USW00014763,2025;03;13;00,FM-16,343,30,88,0,0
USW00014763,2025;03;13;00,FM-16,343,30,92,0,0
USW00014763,2025;03;13;00,FM-15,343,30,88,0,0
USW00014763,2025;03;13;01,FM-15,343,29,92,0,0
USW00014763,2025;03;13;02,FM-15,343,30,92,0,0
USW00014763,2025;03;13;03,FM-15,343,30,88,0,0
USW00014763,2025;03;13;04,FM-15,343,31,82,0,0
USW00014763,2025;03;13;05,FM-15,343,31,82,60,3
USW00014763,2025;03;13;06,FM-15,343,30,82,0,0
USW00014763,2025;03;13;07,FM-15,343,33,72,60,6
USW00014763,2025;03;13;08,FM-15,343,35,64,80,5
USW00014763,2025;03;13;09,FM-15,343,38,62,VRB,5
USW00014763,2025;03;13;10,FM-15,343,43,51,130,6
USW00014763,2025;03;13;11,FM-15,343,45,48,140,11
USW00014763,2025;03;13;12,FM-15,343,46,44,120,13
USW00014763,2025;03;13;13,FM-15,343,48,41,110,8
USW00014763,2025;03;13;14,FM-15,343,48,39,130,13
USW00014763,2025;03;13;15,FM-15,343,48,39,140,7
USW00014763,2025;03;13;16,FM-15,343,48,41,120,6
USW00014763,2025;03;13;17,FM-15,343,44,47,100,6
USW00014763,2025;03;13;18,FM-15,343,42,49,0,0
USW00014763,2025;03;13;19,FM-15,343,39,55,0,0
USW00014763,2025;03;13;20,FM-15,343,33,72,100,5
USW00014763,2025;03;13;21,FM-15,343,37,65,0,0
USW00014763,2025;03;13;22,FM-15,343,35,70,40,5
USW00014763,2025;03;13;23,FM-15,343,34,73,0,0
USW00014763,2025;03;14;00,SOD,,,,,
USW00014763,2025;03;14;00,FM-15,343,30,79,0,0
USW00014763,2025;03;14;01,FM-15,343,28,88,0,0
USW00014763,2025;03;14;02,FM-15,343,29,85,0,0
USW00014763,2025;03;14;03,FM-16,343,29,85,0,0
USW00014763,2025;03;14;03,FM-15,343,30,88,0,0
USW00014763,2025;03;14;04,FM-15,343,31,82,0,0
USW00014763,2025;03;14;05,FM-16,343,30,82,0,0
USW00014763,2025;03;14;05,FM-15,343,29,85,0,0
USW00014763,2025;03;14;06,FM-15,343,30,85,0,0
USW00014763,2025;03;14;07,FM-15,343,36,76,0,0
USW00014763,2025;03;14;08,FM-15,343,41,70,VRB,3
USW00014763,2025;03;14;09,FM-15,343,46,61,0,0
USW00014763,2025;03;14;10,FM-15,343,51,48,VRB,5
USW00014763,2025;03;14;11,FM-15,343,54,45,60,7
USW00014763,2025;03;14;12,FM-15,343,57,37,VRB,7
USW00014763,2025;03;14;13,FM-15,343,58,35,150,9
USW00014763,2025;03;14;14,FM-15,343,60,33,VRB,10
USW00014763,2025;03;14;15,FM-15,343,59,33,170,8
USW00014763,2025;03;14;16,FM-15,343,59,35,190,7
USW00014763,2025;03;14;17,FM-15,343,56,40,210,7
USW00014763,2025;03;14;18,FM-15,343,53,45,190,5
USW00014763,2025;03;14;19,FM-15,343,50,52,180,9
USW00014763,2025;03;14;20,FM-15,343,48,58,170,7
USW00014763,2025;03;14;21,FM-15,343,46,61,0,0
USW00014763,2025;03;14;22,FM-15,343,42,68,0,0
USW00014763,2025;03;14;23,FM-15,343,44,68,150,6
USW00014763,2025;03;15;00,SOD,,,,,
USW00014763,2025;03;15;00,FM-15,343,37,79,50,5
USW00014763,2025;03;15;01,FM-15,343,35,82,0,0
USW00014763,2025;03;15;02,FM-15,343,34,82,0,0
USW00014763,2025;03;15;03,FM-15,343,33,85,0,0
USW00014763,2025;03;15;04,FM-15,343,32,88,0,0
USW00014763,2025;03;15;05,FM-15,343,32,88,VRB,3
USW00014763,2025;03;15;06,FM-16,343,37,89,0,0
USW00014763,2025;03;15;06,FM-15,343,37,89,0,0
USW00014763,2025;03;15;07,FM-16,343,41,81,VRB,6
USW00014763,2025;03;15;07,FM-15,343,40,83,50,7
USW00014763,2025;03;15;08,FM-16,343,41,79,VRB,6
USW00014763,2025;03;15;08,FM-15,343,46,68,140,9
USW00014763,2025;03;15;09,FM-15,343,50,63,150,8
USW00014763,2025;03;15;10,FM-15,343,54,57,140,10
USW00014763,2025;03;15;11,FM-15,343,57,49,200,15
USW00014763,2025;03;15;12,FM-15,343,58,51,VRB,10
USW00014763,2025;03;15;13,FM-15,343,56,55,160,10
USW00014763,2025;03;15;14,FM-15,343,57,53,VRB,9
USW00014763,2025;03;15;15,FM-15,343,55,57,170,9
USW00014763,2025;03;15;16,FM-15,343,52,66,200,13
USW00014763,2025;03;15;17,FM-15,343,50,77,,
USW00014763,2025;03;15;18,FM-16,343,50,77,190,16
USW00014763,2025;03;15;18,FM-15,343,49,86,190,14
USW00014763,2025;03;15;19,FM-16,343,50,83,210,11
USW00014763,2025;03;15;19,FM-15,343,50,83,200,13
USW00014763,2025;03;15;20,FM-16,343,48,87,190,15
USW00014763,2025;03;15;20,FM-15,343,48,86,210,14
USW00014763,2025;03;15;21,FM-15,343,48,86,190,9
USW00014763,2025;03;15;22,FM-15,343,48,93,170,11
USW00014763,2025;03;15;23,FM-16,343,48,93,190,9
USW00014763,2025;03;15;23,FM-15,343,48,93,VRB,5
USW00014763,2025;03;16;00,SOD,,,,,
USW00014763,2025;03;16;00,FM-16,343,48,93,190,3
USW00014763,2025;03;16;00,FM-15,343,48,89,VRB,3
USW00014763,2025;03;16;01,FM-15,343,48,89,VRB,3
USW00014763,2025;03;16;02,FM-16,343,48,89,VRB,6
USW00014763,2025;03;16;02,FM-16,343,48,86,230,5
USW00014763,2025;03;16;02,FM-16,343,49,86,220,3
USW00014763,2025;03;16;02,FM-15,343,46,89,0,0
USW00014763,2025;03;16;03,FM-16,343,47,90,0,0
USW00014763,2025;03;16;03,FM-15,343,51,89,170,11
USW00014763,2025;03;16;04,FM-16,343,51,92,170,11
USW00014763,2025;03;16;04,FM-16,343,51,92,180,11
USW00014763,2025;03;16;04,FM-15,343,52,93,200,15
USW00014763,2025;03;16;05,FM-16,343,52,93,170,13
USW00014763,2025;03;16;05,FM-16,343,53,89,180,14
USW00014763,2025;03;16;05,FM-16,343,53,89,170,11
USW00014763,2025;03;16;05,FM-16,343,54,88,190,15
USW00014763,2025;03;16;05,FM-15,343,53,89,170,11
USW00014763,2025;03;16;06,FM-16,343,53,93,190,15
USW00014763,2025;03;16;06,FM-16,343,53,93,180,17
USW00014763,2025;03;16;06,FM-15,343,53,93,180,14
USW00014763,2025;03;16;07,FM-16,343,54,90,180,16
USW00014763,2025;03;16;07,FM-16,343,54,90,180,16
USW00014763,2025;03;16;07,FM-15,343,55,90,180,14
USW00014763,2025;03;16;08,FM-16,343,56,87,190,16
USW00014763,2025;03;16;08,FM-16,343,57,88,190,16
USW00014763,2025;03;16;08,FM-15,343,59,81,200,20
USW00014763,2025;03;16;09,FM-16,343,59,81,190,21
USW00014763,2025;03;16;09,FM-16,343,59,82,190,18
USW00014763,2025;03;16;09,FM-15,343,59,81,200,16
USW00014763,2025;03;16;10,FM-15,343,60,80,200,20
USW00014763,2025;03;16;11,FM-16,343,60,80,200,18
USW00014763,2025;03;16;11,FM-16,343,61,77,200,21
USW00014763,2025;03;16;11,FM-15,343,60,80,180,14
USW00014763,2025;03;16;12,FM-16,343,61,77,190,17
USW00014763,2025;03;16;12,FM-15,343,60,80,210,17
USW00014763,2025;03;16;13,FM-15,343,62,75,190,17
USW00014763,2025;03;16;14,FM-15,343,63,70,VRB,17
USW00014763,2025;03;16;15,FM-15,343,63,73,VRB,9
USW00014763,2025;03;16;17,FM-16,343,62,75,190,17
USW00014763,2025;03;16;17,FM-15,343,62,75,200,18
USW00014763,2025;03;16;18,FM-16,343,62,75,VRB,21
USW00014763,2025;03;16;18,FM-15,343,62,75,VRB,16
USW00014763,2025;03;16;19,FM-15,343,62,75,VRB,11
USW00014763,2025;03;16;20,FM-15,343,60,84,200,18
USW00014763,2025;03;16;21,FM-16,343,59,90,180,7
USW00014763,2025;03;16;21,FM-15,343,59,90,190,13
USW00014763,2025;03;16;22,FM-16,343,59,90,200,15
USW00014763,2025;03;16;22,FM-16,343,60,86,190,11
USW00014763,2025;03;16;22,FM-16,343,60,86,190,20
USW00014763,2025;03;16;22,FM-16,343,55,90,VRB,14
USW00014763,2025;03;16;22,FM-16,343,54,94,290,6
USW00014763,2025;03;16;22,FM-16,343,54,94,VRB,5
USW00014763,2025;03;16;22,FM-15,343,53,93,310,7
USW00014763,2025;03;16;23,FM-16,343,53,89,260,15
USW00014763,2025;03;16;23,FM-16,343,53,86,250,15
USW00014763,2025;03;16;23,FM-16,343,52,89,260,10
USW00014763,2025;03;16;23,FM-16,343,52,93,260,10
USW00014763,2025;03;16;23,FM-16,343,52,89,290,10
USW00014763,2025;03;16;23,FM-16,343,52,89,280,8
USW00014763,2025;03;16;23,FM-15,343,52,89,260,6
USW00014763,2025;03;17;00,SOD,,,,,
USW00014763,2025;03;17;00,FM-16,343,52,93,0,0
USW00014763,2025;03;17;00,FM-16,343,52,93,90,3
USW00014763,2025;03;17;00,FM-15,343,51,96,90,3
USW00014763,2025;03;17;01,FM-16,343,51,96,360,5
USW00014763,2025;03;17;01,FM-16,343,50,100,120,5
USW00014763,2025;03;17;01,FM-16,343,50,96,100,3
USW00014763,2025;03;17;01,FM-16,343,52,94,90,3
USW00014763,2025;03;17;01,FM-15,343,51,96,100,5
USW00014763,2025;03;17;02,FM-16,343,50,100,0,0
USW00014763,2025;03;17;02,FM-15,343,50,100,0,0
USW00014763,2025;03;17;03,FM-16,343,50,96,300,3
USW00014763,2025;03;17;03,FM-16,343,50,96,200,3
USW00014763,2025;03;17;03,FM-15,343,50,96,320,3
USW00014763,2025;03;17;04,FM-16,343,50,96,360,3
USW00014763,2025;03;17;04,FM-16,343,50,96,0,0
USW00014763,2025;03;17;04,FM-16,343,50,96,0,0
USW00014763,2025;03;17;04,FM-16,343,50,94,220,5
USW00014763,2025;03;17;04,FM-15,343,50,93,220,5
USW00014763,2025;03;17;05,FM-16,343,50,100,0,0
USW00014763,2025;03;17;05,FM-16,343,50,96,230,3
USW00014763,2025;03;17;05,FM-16,343,49,100,0,0
USW00014763,2025;03;17;05,FM-16,343,48,100,130,3
USW00014763,2025;03;17;05,FM-15,343,49,97,120,6
USW00014763,2025;03;17;06,FM-16,343,49,100,140,6
USW00014763,2025;03;17;06,FM-16,343,49,100,140,6
USW00014763,2025;03;17;06,FM-16,343,50,96,0,0
USW00014763,2025;03;17;06,FM-16,343,49,93,50,5
USW00014763,2025;03;17;06,FM-16,343,49,97,0,0
USW00014763,2025;03;17;06,FM-16,343,50,94,310,6
USW00014763,2025;03;17;06,FM-15,343,50,96,290,7
USW00014763,2025;03;17;07,FM-16,343,49,100,270,11
USW00014763,2025;03;17;07,FM-16,343,48,96,290,14
USW00014763,2025;03;17;07,FM-16,343,48,96,280,11
USW00014763,2025;03;17;07,FM-16,343,47,97,320,8
USW00014763,2025;03;17;07,FM-15,343,47,93,VRB,8
USW00014763,2025;03;17;08,FM-16,343,48,93,270,6
USW00014763,2025;03;17;08,FM-15,343,46,93,270,9
USW00014763,2025;03;17;09,FM-15,343,44,89,280,9
USW00014763,2025;03;17;10,FM-15,343,41,93,VRB,5
USW00014763,2025;03;17;11,FM-15,343,41,89,260,8
USW00014763,2025;03;17;12,FM-16,343,41,87,330,10
USW00014763,2025;03;17;12,FM-15,343,41,86,300,11
USW00014763,2025;03;17;13,FM-16,343,40,89,300,8
USW00014763,2025;03;17;13,FM-15,343,39,89,300,14
USW00014763,2025;03;17;14,FM-15,343,38,86,VRB,13
USW00014763,2025;03;17;15,FM-16,343,38,83,310,13
USW00014763,2025;03;17;15,FM-15,343,37,82,310,14
USW00014763,2025;03;17;16,FM-15,343,36,86,290,11
USW00014763,2025;03;17;17,FM-16,343,36,82,320,9
USW00014763,2025;03;17;17,FM-16,343,36,81,320,10
USW00014763,2025;03;17;17,FM-15,343,35,85,330,9
USW00014763,2025;03;17;18,FM-16,343,34,87,320,8
USW00014763,2025;03;17;18,FM-15,343,33,89,310,9
USW00014763,2025;03;17;19,FM-16,343,33,89,320,11
USW00014763,2025;03;17;19,FM-16,343,33,85,300,10
USW00014763,2025;03;17;19,FM-15,343,33,85,310,8
USW00014763,2025;03;17;20,FM-16,343,33,85,310,11
USW00014763,2025;03;17;20,FM-16,343,33,89,300,10
USW00014763,2025;03;17;20,FM-15,343,32,88,310,10
USW00014763,2025;03;17;21,FM-15,343,33,82,310,9
USW00014763,2025;03;17;22,FM-15,343,33,82,310,8
USW00014763,2025;03;17;23,FM-16,343,33,82,310,7
USW00014763,2025;03;17;23,FM-16,343,32,85,310,8
USW00014763,2025;03;17;23,FM-16,343,32,88,320,8
USW00014763,2025;03;17;23,FM-16,343,32,88,310,10
USW00014763,2025;03;17;23,FM-16,343,32,85,320,9
USW00014763,2025;03;17;23,FM-15,343,32,82,340,11
USW00014763,2025;03;18;00,SOD,,,,,
USW00014763,2025;03;18;00,FM-15,343,31,72,340,10
USW00014763,2025;03;18;01,FM-15,343,30,69,330,9
USW00014763,2025;03;18;02,FM-16,343,30,69,VRB,7
USW00014763,2025;03;18;02,FM-15,343,29,69,330,13
USW00014763,2025;03;18;03,FM-15,343,28,72,320,11
USW00014763,2025;03;18;04,FM-15,343,26,75,320,5
USW00014763,2025;03;18;05,FM-15,343,26,75,290,10
USW00014763,2025;03;18;06,FM-15,343,27,72,VRB,6
USW00014763,2025;03;18;07,FM-15,343,29,66,330,7
USW00014763,2025;03;18;08,FM-15,343,34,56,0,0
USW00014763,2025;03;18;09,FM-15,343,37,54,290,6
USW00014763,2025;03;18;10,FM-15,343,42,43,300,7
USW00014763,2025;03;18;11,FM-15,343,46,37,VRB,3
USW00014763,2025;03;18;12,FM-15,343,49,33,240,5
USW00014763,2025;03;18;13,FM-15,343,53,30,,
USW00014763,2025;03;18;14,FM-15,343,55,29,300,5
USW00014763,2025;03;18;15,FM-15,343,54,31,280,8
USW00014763,2025;03;18;16,FM-15,343,53,31,280,5
USW00014763,2025;03;18;17,FM-15,343,49,36,260,3
USW00014763,2025;03;18;18,FM-15,343,40,60,0,0
USW00014763,2025;03;18;19,FM-15,343,38,68,0,0
USW00014763,2025;03;18;20,FM-15,343,38,62,0,0
USW00014763,2025;03;18;21,FM-15,343,34,76,0,0
USW00014763,2025;03;18;22,FM-15,343,34,73,0,0
USW00014763,2025;03;18;23,FM-15,343,31,85,0,0
USW00014763,2025;03;19;00,SOD,,,,,
USW00014763,2025;03;19;00,FM-15,343,30,85,360,5
USW00014763,2025;03;19;01,FM-15,343,30,85,0,0
USW00014763,2025;03;19;02,FM-15,343,29,89,0,0
USW00014763,2025;03;19;03,FM-15,343,30,85,0,0
USW00014763,2025;03;19;04,FM-15,343,29,85,0,0
USW00014763,2025;03;19;05,FM-15,343,28,88,0,0
USW00014763,2025;03;19;06,FM-15,343,30,88,0,0
USW00014763,2025;03;19;07,FM-15,343,37,73,0,0
USW00014763,2025;03;19;08,FM-15,343,45,52,0,0
USW00014763,2025;03;19;09,FM-15,343,53,37,0,0
USW00014763,2025;03;19;10,FM-15,343,59,26,150,9
USW00014763,2025;03;19;11,FM-15,343,64,24,VRB,7
USW00014763,2025;03;19;12,FM-15,343,66,23,150,13
USW00014763,2025;03;19;13,FM-15,343,68,21,VRB,11
USW00014763,2025;03;19;14,FM-15,343,67,22,170,9
USW00014763,2025;03;19;15,FM-15,343,67,22,VRB,7
USW00014763,2025;03;19;16,FM-15,343,65,22,VRB,8
USW00014763,2025;03;19;17,FM-15,343,61,25,130,11
USW00014763,2025;03;19;18,FM-15,343,58,25,130,10
USW00014763,2025;03;19;19,FM-15,343,56,22,130,14
USW00014763,2025;03;19;20,FM-15,343,54,23,140,11
USW00014763,2025;03;19;21,FM-15,343,52,27,140,14
USW00014763,2025;03;19;22,FM-15,343,50,33,140,13
USW00014763,2025;03;19;23,FM-15,343,48,44,140,11
USW00014763,2025;03;20;00,SOD,,,,,
USW00014763,2025;03;20;00,FM-15,343,47,61,140,15
USW00014763,2025;03;20;01,FM-15,343,47,69,140,15
USW00014763,2025;03;20;02,FM-15,343,46,73,140,11
USW00014763,2025;03;20;03,FM-15,343,45,80,140,13
USW00014763,2025;03;20;04,FM-15,343,43,86,0,0
USW00014763,2025;03;20;05,FM-16,343,43,86,VRB,7
USW00014763,2025;03;20;05,FM-16,343,43,86,VRB,8
USW00014763,2025;03;20;05,FM-15,343,43,89,130,11
USW00014763,2025;03;20;06,FM-15,343,44,89,140,15
USW00014763,2025;03;20;07,FM-15,343,46,86,150,10
USW00014763,2025;03;20;08,FM-16,343,48,80,130,14
USW00014763,2025;03;20;08,FM-15,343,49,80,120,7
USW00014763,2025;03;20;09,FM-15,343,51,83,130,10
USW00014763,2025;03;20;10,FM-16,343,54,75,130,14
USW00014763,2025;03;20;10,FM-16,343,57,67,VRB,15
USW00014763,2025;03;20;10,FM-15,343,58,67,140,14
USW00014763,2025;03;20;11,FM-15,343,60,58,VRB,11
USW00014763,2025;03;20;12,FM-15,343,62,52,VRB,11
USW00014763,2025;03;20;13,FM-15,343,61,54,150,15
USW00014763,2025;03;20;14,FM-15,343,59,58,140,13
USW00014763,2025;03;20;15,FM-15,343,58,60,140,17
USW00014763,2025;03;20;16,FM-15,343,57,58,VRB,15
USW00014763,2025;03;20;17,FM-15,343,53,66,130,11
USW00014763,2025;03;20;18,FM-15,343,51,64,130,11
USW00014763,2025;03;20;19,FM-15,343,50,66,150,5
USW00014763,2025;03;20;20,FM-15,343,48,71,130,5
USW00014763,2025;03;20;21,FM-16,343,46,82,280,7
USW00014763,2025;03;20;21,FM-15,343,46,86,240,6
USW00014763,2025;03;20;22,FM-16,343,45,93,150,7
USW00014763,2025;03;20;22,FM-16,343,45,93,320,3
USW00014763,2025;03;20;22,FM-16,343,45,90,290,13
USW00014763,2025;03;20;22,FM-15,343,45,97,180,5
USW00014763,2025;03;20;23,FM-16,343,46,93,230,3
USW00014763,2025;03;20;23,FM-16,343,45,90,VRB,14
USW00014763,2025;03;20;23,FM-16,343,44,85,VRB,13
USW00014763,2025;03;20;23,FM-15,343,42,89,VRB,7
USW00014763,2025;03;21;00,SOD,,,,,
USW00014763,2025;03;21;00,FM-15,343,41,86,300,11
USW00014763,2025;03;21;01,FM-15,343,40,86,320,5
USW00014763,2025;03;21;02,FM-16,343,39,93,VRB,6
USW00014763,2025;03;21;02,FM-16,343,39,89,330,9
USW00014763,2025;03;21;02,FM-15,343,38,89,VRB,7
USW00014763,2025;03;21;03,FM-16,343,32,87,290,13
USW00014763,2025;03;21;03,FM-15,343,32,88,290,14
USW00014763,2025;03;21;04,FM-16,343,32,85,VRB,10
USW00014763,2025;03;21;04,FM-15,343,31,89,,
USW00014763,2025;03;21;05,FM-16,343,32,82,290,21
USW00014763,2025;03;21;05,FM-16,343,31,85,290,14
USW00014763,2025;03;21;05,FM-15,343,31,85,310,20
USW00014763,2025;03;21;06,FM-16,343,31,85,300,14
USW00014763,2025;03;21;06,FM-16,343,31,85,300,21
USW00014763,2025;03;21;06,FM-16,343,31,85,290,23
USW00014763,2025;03;21;06,FM-15,343,31,82,VRB,14
USW00014763,2025;03;21;07,FM-15,343,30,79,VRB,18
USW00014763,2025;03;21;08,FM-16,343,30,79,290,25
USW00014763,2025;03;21;08,FM-15,343,30,72,300,21
USW00014763,2025;03;21;09,FM-15,343,31,67,310,14
USW00014763,2025;03;21;10,FM-16,343,32,64,310,17
USW00014763,2025;03;21;10,FM-15,343,32,66,VRB,15
USW00014763,2025;03;21;11,FM-15,343,35,59,300,16
USW00014763,2025;03;21;12,FM-15,343,39,45,310,20
USW00014763,2025;03;21;13,FM-15,343,41,30,320,22
USW00014763,2025;03;21;14,FM-15,343,42,28,290,18
USW00014763,2025;03;21;15,FM-15,343,41,32,300,20
USW00014763,2025;03;21;16,FM-15,343,40,38,270,21
USW00014763,2025;03;21;17,FM-15,343,37,42,290,13
USW00014763,2025;03;21;18,FM-15,343,35,48,280,9
USW00014763,2025;03;21;19,FM-15,343,34,50,280,10
USW00014763,2025;03;21;20,FM-15,343,33,49,260,8
USW00014763,2025;03;21;21,FM-15,343,32,50,270,7
USW00014763,2025;03;21;22,FM-15,343,31,52,140,3
USW00014763,2025;03;21;23,FM-15,343,27,66,130,3
USW00014763,2025;03;22;00,SOD,,,,,
USW00014763,2025;03;22;00,FM-15,343,26,75,0,0
USW00014763,2025;03;22;01,FM-15,343,26,75,250,3
USW00014763,2025;03;22;02,FM-15,343,26,69,0,0
USW00014763,2025;03;22;03,FM-15,343,24,77,0,0
USW00014763,2025;03;22;04,FM-15,343,23,85,0,0
USW00014763,2025;03;22;05,FM-15,343,22,82,0,0
USW00014763,2025;03;22;06,FM-15,343,26,81,0,0
USW00014763,2025;03;22;07,FM-15,343,31,69,0,0
USW00014763,2025;03;22;08,FM-15,343,42,47,0,0
USW00014763,2025;03;22;09,FM-15,343,47,36,VRB,8
USW00014763,2025;03;22;10,FM-15,343,51,31,220,13
USW00014763,2025;03;22;11,FM-15,343,52,30,210,10
USW00014763,2025;03;22;12,FM-15,343,54,28,210,17
USW00014763,2025;03;22;13,FM-15,343,54,29,220,6
USW00014763,2025;03;22;14,FM-15,343,54,34,240,16
USW00014763,2025;03;22;15,FM-15,343,54,38,230,16
USW00014763,2025;03;22;16,FM-15,343,53,40,VRB,10
USW00014763,2025;03;22;17,FM-16,343,44,73,300,24
USW00014763,2025;03;22;17,FM-16,343,42,79,300,16
USW00014763,2025;03;22;17,FM-16,343,43,80,300,17
USW00014763,2025;03;22;17,FM-16,343,42,85,300,21
USW00014763,2025;03;22;17,FM-16,343,41,87,310,21
USW00014763,2025;03;22;17,FM-16,343,39,87,300,22
USW00014763,2025;03;22;17,FM-15,343,40,86,290,23
USW00014763,2025;03;22;18,FM-16,343,35,82,300,21
USW00014763,2025;03;22;18,FM-15,343,34,85,300,26
USW00014763,2025;03;22;19,FM-16,343,34,73,300,13
USW00014763,2025;03;22;19,FM-15,343,33,72,300,14
USW00014763,2025;03;22;20,FM-15,343,31,64,290,23
USW00014763,2025;03;22;21,FM-15,343,28,58,290,25
USW00014763,2025;03;22;22,FM-15,343,27,61,290,16
USW00014763,2025;03;22;23,FM-15,343,26,63,280,16
USW00014763,2025;03;23;00,SOD,,,,,
USW00014763,2025;03;23;00,FM-15,343,26,63,300,14
USW00014763,2025;03;23;01,FM-15,343,26,57,300,9
USW00014763,2025;03;23;02,FM-15,343,25,60,290,16
USW00014763,2025;03;23;03,FM-15,343,23,57,300,17
USW00014763,2025;03;23;04,FM-15,343,21,54,VRB,14
USW00014763,2025;03;23;05,FM-15,343,20,52,320,14
USW00014763,2025;03;23;06,FM-15,343,20,52,VRB,8
USW00014763,2025;03;23;07,FM-15,343,21,50,320,13
USW00014763,2025;03;23;08,FM-15,343,23,48,330,15
USW00014763,2025;03;23;09,FM-15,343,27,41,280,13
USW00014763,2025;03;23;10,FM-15,343,29,38,290,14
USW00014763,2025;03;23;11,FM-15,343,31,33,VRB,6
USW00014763,2025;03;23;12,FM-15,343,33,32,300,10
USW00014763,2025;03;23;13,FM-15,343,35,29,300,15
USW00014763,2025;03;23;14,FM-15,343,35,29,VRB,9
USW00014763,2025;03;23;15,FM-15,343,36,30,270,10
USW00014763,2025;03;23;16,FM-15,343,34,31,290,7
USW00014763,2025;03;23;17,FM-15,343,33,33,0,0
USW00014763,2025;03;23;18,FM-15,343,29,47,0,0
USW00014763,2025;03;23;19,FM-15,343,28,53,0,0
USW00014763,2025;03;23;20,FM-15,343,29,51,30,3
USW00014763,2025;03;23;21,FM-15,343,28,58,30,3
USW00014763,2025;03;23;22,FM-15,343,28,60,0,0
USW00014763,2025;03;23;23,FM-15,343,29,58,0,0
USW00014763,2025;03;24;00,SOD,,,,,
USW00014763,2025;03;24;00,FM-15,343,29,61,40,5
USW00014763,2025;03;24;01,FM-15,343,30,61,70,3
USW00014763,2025;03;24;02,FM-15,343,33,43,130,7
USW00014763,2025;03;24;03,FM-15,343,35,52,140,15
USW00014763,2025;03;24;04,FM-15,343,35,52,150,16
USW00014763,2025;03;24;05,FM-16,343,34,56,130,17
USW00014763,2025;03;24;05,FM-15,343,34,59,130,14
USW00014763,2025;03;24;06,FM-15,343,34,61,140,13
USW00014763,2025;03;24;07,FM-15,343,33,75,130,18
USW00014763,2025;03;24;08,FM-15,343,33,78,140,13
USW00014763,2025;03;24;09,FM-16,343,33,82,140,10
USW00014763,2025;03;24;09,FM-16,343,33,85,VRB,5
USW00014763,2025;03;24;09,FM-16,343,34,81,130,6
USW00014763,2025;03;24;09,FM-15,343,33,85,120,7
USW00014763,2025;03;24;10,FM-16,343,33,89,70,3
USW00014763,2025;03;24;10,FM-16,343,32,92,50,3
USW00014763,2025;03;24;10,FM-15,343,32,92,20,3
USW00014763,2025;03;24;11,FM-15,343,34,92,70,3
USW00014763,2025;03;24;12,FM-16,343,34,92,50,5
USW00014763,2025;03;24;12,FM-16,343,34,97,20,5
USW00014763,2025;03;24;12,FM-16,343,34,97,20,5
USW00014763,2025;03;24;12,FM-16,343,35,93,40,6
USW00014763,2025;03;24;12,FM-16,343,35,93,60,6
USW00014763,2025;03;24;12,FM-15,343,35,93,50,5
USW00014763,2025;03;24;13,FM-16,343,35,96,40,5
USW00014763,2025;03;24;13,FM-16,343,35,96,40,5
USW00014763,2025;03;24;13,FM-15,343,35,96,40,6
USW00014763,2025;03;24;14,FM-16,343,35,96,30,5
USW00014763,2025;03;24;14,FM-16,343,35,96,60,5
USW00014763,2025;03;24;14,FM-15,343,35,96,50,6
USW00014763,2025;03;24;15,FM-16,343,36,93,50,5
USW00014763,2025;03;24;15,FM-16,343,36,93,70,6
USW00014763,2025;03;24;15,FM-16,343,36,93,40,5
USW00014763,2025;03;24;15,FM-15,343,36,97,80,3
USW00014763,2025;03;24;16,FM-16,343,37,93,50,3
USW00014763,2025;03;24;16,FM-15,343,37,93,50,3
USW00014763,2025;03;24;17,FM-16,343,37,93,10,3
USW00014763,2025;03;24;17,FM-16,343,37,93,350,5
USW00014763,2025;03;24;17,FM-15,343,37,93,0,0
USW00014763,2025;03;24;18,FM-16,343,37,93,0,0
USW00014763,2025;03;24;18,FM-15,343,37,96,0,0
USW00014763,2025;03;24;19,FM-16,343,38,93,0,0
USW00014763,2025;03;24;19,FM-15,343,39,93,220,6
USW00014763,2025;03;24;20,FM-15,343,39,89,270,5
USW00014763,2025;03;24;21,FM-16,343,38,93,180,5
USW00014763,2025;03;24;21,FM-15,343,38,93,250,6
USW00014763,2025;03;24;22,FM-16,343,38,93,230,6
USW00014763,2025;03;24;22,FM-15,343,38,93,230,8
USW00014763,2025;03;24;23,FM-16,343,38,93,260,7
USW00014763,2025;03;24;23,FM-16,343,37,93,250,5
USW00014763,2025;03;24;23,FM-15,343,38,89,260,5
USW00014763,2025;03;25;00,SOD,,,,,
USW00014763,2025;03;25;00,FM-15,343,37,89,250,7
USW00014763,2025;03;25;01,FM-16,343,36,93,230,3
USW00014763,2025;03;25;01,FM-15,343,36,93,0,0
USW00014763,2025;03;25;02,FM-15,343,34,92,230,3
USW00014763,2025;03;25;03,FM-16,343,33,92,250,6
USW00014763,2025;03;25;03,FM-16,343,32,96,260,6
USW00014763,2025;03;25;03,FM-16,343,34,87,250,5
USW00014763,2025;03;25;03,FM-15,343,33,96,260,3
USW00014763,2025;03;25;03,FM-16,343,33,96,270,5
USW00014763,2025;03;25;04,FM-15,343,33,96,280,6
USW00014763,2025;03;25;05,FM-15,343,33,92,230,5
USW00014763,2025;03;25;06,FM-15,343,36,79,230,7
USW00014763,2025;03;25;07,FM-15,343,38,68,250,8
USW00014763,2025;03;25;08,FM-15,343,40,55,260,16
USW00014763,2025;03;25;09,FM-15,343,40,53,280,15
USW00014763,2025;03;25;10,FM-15,343,41,51,230,9
USW00014763,2025;03;25;11,FM-15,343,43,45,240,15
USW00014763,2025;03;25;12,FM-15,343,43,43,260,16
USW00014763,2025;03;25;13,FM-15,343,43,42,300,15
USW00014763,2025;03;25;14,FM-15,343,44,41,260,10
USW00014763,2025;03;25;15,FM-15,343,42,41,280,11
USW00014763,2025;03;25;16,FM-15,343,43,40,310,13
USW00014763,2025;03;25;17,FM-15,343,40,47,VRB,7
USW00014763,2025;03;25;18,FM-15,343,37,52,0,0
USW00014763,2025;03;25;19,FM-15,343,35,59,0,0
USW00014763,2025;03;25;20,FM-15,343,35,61,0,0
USW00014763,2025;03;25;21,FM-15,343,33,64,0,0
USW00014763,2025;03;25;22,FM-15,343,34,61,330,6
USW00014763,2025;03;25;23,FM-15,343,33,61,280,5
USW00014763,2025;03;26;00,SOD,,,,,
USW00014763,2025;03;26;00,FM-15,343,32,64,290,7
USW00014763,2025;03;26;01,FM-15,343,33,66,240,5
USW00014763,2025;03;26;02,FM-15,343,31,72,250,5
USW00014763,2025;03;26;03,FM-15,343,27,81,0,0
USW00014763,2025;03;26;04,FM-15,343,26,84,0,0
USW00014763,2025;03;26;05,FM-15,343,25,88,0,0
USW00014763,2025;03;26;06,FM-15,343,29,85,280,3
USW00014763,2025;03;26;07,FM-15,343,34,61,300,9
USW00014763,2025;03;26;08,FM-15,343,37,50,350,9
USW00014763,2025;03;26;09,FM-15,343,39,46,VRB,3
USW00014763,2025;03;26;10,FM-15,343,41,38,280,13
USW00014763,2025;03;26;11,FM-15,343,43,37,290,11
USW00014763,2025;03;26;12,FM-15,343,41,39,310,10
USW00014763,2025;03;26;13,FM-15,343,41,41,300,6
USW00014763,2025;03;26;14,FM-15,343,39,57,290,13
USW00014763,2025;03;26;15,FM-15,343,38,57,280,8
USW00014763,2025;03;26;16,FM-15,343,36,67,340,10
USW00014763,2025;03;26;17,FM-16,343,34,76,310,16
USW00014763,2025;03;26;17,FM-16,343,34,76,310,13
USW00014763,2025;03;26;17,FM-16,343,32,85,310,8
USW00014763,2025;03;26;17,FM-16,343,32,88,0,0
USW00014763,2025;03;26;17,FM-16,343,32,92,0,0
USW00014763,2025;03;26;17,FM-16,343,32,92,0,0
USW00014763,2025;03;26;17,FM-16,343,32,92,240,3
USW00014763,2025;03;26;17,FM-16,343,32,85,230,3
USW00014763,2025;03;26;17,FM-15,343,33,85,VRB,3
USW00014763,2025;03;26;18,FM-15,343,33,61,310,16
USW00014763,2025;03;26;19,FM-15,343,31,61,290,11
USW00014763,2025;03;26;20,FM-15,343,30,66,300,11
USW00014763,2025;03;26;21,FM-15,343,29,63,300,17
USW00014763,2025;03;26;22,FM-15,343,28,63,270,9
USW00014763,2025;03;26;23,FM-16,343,28,66,280,8
USW00014763,2025;03;26;23,FM-15,343,28,69,VRB,5
USW00014763,2025;03;27;00,SOD,,,,,
USW00014763,2025;03;27;00,FM-15,343,28,72,280,11
USW00014763,2025;03;27;01,FM-16,343,27,72,270,9
USW00014763,2025;03;27;01,FM-16,343,27,72,270,10
USW00014763,2025;03;27;01,FM-15,343,28,69,270,10
USW00014763,2025;03;27;02,FM-16,343,27,69,280,11
USW00014763,2025;03;27;02,FM-15,343,27,69,290,11
USW00014763,2025;03;27;03,FM-15,343,27,66,290,7
USW00014763,2025;03;27;04,FM-15,343,25,69,280,8
USW00014763,2025;03;27;05,FM-15,343,25,69,280,10
USW00014763,2025;03;27;06,FM-15,343,27,66,VRB,7
USW00014763,2025;03;27;07,FM-15,343,29,66,290,13
USW00014763,2025;03;27;08,FM-15,343,32,56,320,16
USW00014763,2025;03;27;09,FM-15,343,35,46,300,20
USW00014763,2025;03;27;10,FM-15,343,37,37,300,13
USW00014763,2025;03;27;11,FM-15,343,39,36,300,13
USW00014763,2025;03;27;12,FM-15,343,41,32,280,17
USW00014763,2025;03;27;13,FM-15,343,41,32,290,16
USW00014763,2025;03;27;14,FM-15,343,43,28,300,14
USW00014763,2025;03;27;15,FM-15,343,44,27,300,13
USW00014763,2025;03;27;16,FM-15,343,42,25,290,14
USW00014763,2025;03;27;17,FM-15,343,39,34,280,7
USW00014763,2025;03;27;18,FM-15,343,35,42,270,6
USW00014763,2025;03;27;19,FM-15,343,32,54,0,0
USW00014763,2025;03;27;20,FM-15,343,30,61,140,3
USW00014763,2025;03;27;21,FM-15,343,28,66,240,5
USW00014763,2025;03;27;22,FM-15,343,27,69,0,0
USW00014763,2025;03;27;23,FM-15,343,29,72,230,8
USW00014763,2025;03;28;00,SOD,,,,,
USW00014763,2025;03;28;00,FM-15,343,37,59,240,11
USW00014763,2025;03;28;01,FM-15,343,36,55,310,5
USW00014763,2025;03;28;02,FM-16,343,36,62,260,9
USW00014763,2025;03;28;02,FM-16,343,36,73,240,5
USW00014763,2025;03;28;02,FM-15,343,36,76,260,6
USW00014763,2025;03;28;03,FM-15,343,36,70,0,0
USW00014763,2025;03;28;04,FM-15,343,36,57,240,9
USW00014763,2025;03;28;05,FM-15,343,38,57,270,14
USW00014763,2025;03;28;06,FM-15,343,38,60,300,21
USW00014763,2025;03;28;07,FM-15,343,40,55,290,18
USW00014763,2025;03;28;08,FM-15,343,42,43,280,21
USW00014763,2025;03;28;09,FM-15,343,45,35,280,17
USW00014763,2025;03;28;10,FM-15,343,48,29,270,18
USW00014763,2025;03;28;11,FM-15,343,48,23,270,16
USW00014763,2025;03;28;12,FM-15,343,52,23,VRB,11
USW00014763,2025;03;28;13,FM-15,343,53,22,280,15
USW00014763,2025;03;28;14,FM-15,343,51,25,290,13
USW00014763,2025;03;28;15,FM-15,343,52,27,280,8
USW00014763,2025;03;28;16,FM-15,343,51,29,290,6
USW00014763,2025;03;28;17,FM-15,343,50,32,0,0
USW00014763,2025;03;28;18,FM-15,343,46,50,0,0
USW00014763,2025;03;28;19,FM-15,343,46,51,0,0
USW00014763,2025;03;28;20,FM-15,343,46,50,0,0
USW00014763,2025;03;28;21,FM-15,343,46,46,0,0
USW00014763,2025;03;28;22,FM-15,343,46,47,0,0
USW00014763,2025;03;28;23,FM-16,343,46,46,0,0
USW00014763,2025;03;28;23,FM-15,343,45,49,0,0
USW00014763,2025;03;29;00,SOD,,,,,
USW00014763,2025;03;29;00,FM-15,343,45,52,0,0
USW00014763,2025;03;29;01,FM-15,343,42,76,0,0
USW00014763,2025;03;29;02,FM-16,343,41,89,340,3
USW00014763,2025;03;29;02,FM-16,343,41,89,0,0
USW00014763,2025;03;29;02,FM-15,343,41,89,0,0
USW00014763,2025;03;29;03,FM-16,343,42,89,20,3
USW00014763,2025;03;29;03,FM-15,343,42,89,20,5
USW00014763,2025;03;29;04,FM-16,343,41,93,VRB,5
USW00014763,2025;03;29;04,FM-16,343,41,93,0,0
USW00014763,2025;03;29;04,FM-15,343,41,93,0,0
USW00014763,2025;03;29;05,FM-15,343,40,89,0,0
USW00014763,2025;03;29;06,FM-15,343,42,85,0,0
USW00014763,2025;03;29;07,FM-15,343,43,86,0,0
USW00014763,2025;03;29;08,FM-15,343,44,83,360,6
USW00014763,2025;03;29;09,FM-15,343,44,79,60,3
USW00014763,2025;03;29;10,FM-15,343,45,80,0,0
USW00014763,2025;03;29;11,FM-15,343,46,77,40,3
USW00014763,2025;03;29;12,FM-15,343,44,85,40,6
USW00014763,2025;03;29;13,FM-16,343,43,86,30,5
USW00014763,2025;03;29;13,FM-16,343,43,86,30,6
USW00014763,2025;03;29;13,FM-16,343,41,93,50,8
USW00014763,2025;03;29;13,FM-15,343,41,89,40,7
USW00014763,2025;03;29;14,FM-16,343,41,89,60,8
USW00014763,2025;03;29;14,FM-16,343,40,93,50,7
USW00014763,2025;03;29;14,FM-16,343,39,93,40,8
USW00014763,2025;03;29;14,FM-15,343,38,93,50,8
USW00014763,2025;03;29;15,FM-16,343,37,93,40,6
USW00014763,2025;03;29;15,FM-16,343,37,93,40,5
USW00014763,2025;03;29;15,FM-15,343,37,93,50,6
USW00014763,2025;03;29;16,FM-16,343,37,93,50,6
USW00014763,2025;03;29;16,FM-16,343,37,93,40,3
USW00014763,2025;03;29;16,FM-15,343,36,97,50,3
USW00014763,2025;03;29;17,FM-16,343,36,97,50,5
USW00014763,2025;03;29;17,FM-16,343,36,97,50,5
USW00014763,2025;03;29;17,FM-16,343,36,97,50,6
USW00014763,2025;03;29;17,FM-15,343,36,93,60,3
USW00014763,2025;03;29;18,FM-16,343,36,93,50,5
USW00014763,2025;03;29;18,FM-16,343,36,93,50,7
USW00014763,2025;03;29;18,FM-15,343,35,93,60,7
USW00014763,2025;03;29;19,FM-16,343,35,93,50,5
USW00014763,2025;03;29;19,FM-16,343,34,97,50,7
USW00014763,2025;03;29;19,FM-15,343,34,97,60,5
USW00014763,2025;03;29;20,FM-16,343,34,97,60,5
USW00014763,2025;03;29;20,FM-16,343,34,92,50,7
USW00014763,2025;03;29;20,FM-15,343,34,92,VRB,5
USW00014763,2025;03;29;21,FM-16,343,34,92,100,3
USW00014763,2025;03;29;21,FM-16,343,34,92,100,6
USW00014763,2025;03;29;21,FM-15,343,34,92,VRB,5
USW00014763,2025;03;29;22,FM-16,343,33,92,70,3
USW00014763,2025;03;29;22,FM-15,343,34,89,VRB,5
USW00014763,2025;03;29;23,FM-16,343,33,92,VRB,6
USW00014763,2025;03;29;23,FM-16,343,33,92,60,5
USW00014763,2025;03;29;23,FM-15,343,33,92,70,3
USW00014763,2025;03;30;00,SOD,,,,,
USW00014763,2025;03;30;00,FM-15,343,33,92,50,3
USW00014763,2025;03;30;01,FM-16,343,33,92,80,3
USW00014763,2025;03;30;01,FM-15,343,33,92,70,5
USW00014763,2025;03;30;02,FM-15,343,33,92,60,3
USW00014763,2025;03;30;03,FM-15,343,33,92,60,7
USW00014763,2025;03;30;04,FM-15,343,33,92,60,5
USW00014763,2025;03;30;05,FM-15,343,33,92,50,7
USW00014763,2025;03;30;06,FM-15,343,33,92,60,8
USW00014763,2025;03;30;07,FM-15,343,33,92,60,6
USW00014763,2025;03;30;08,FM-15,343,34,92,80,6
USW00014763,2025;03;30;09,FM-15,343,35,89,VRB,6
USW00014763,2025;03;30;10,FM-15,343,36,89,VRB,5
USW00014763,2025;03;30;11,FM-15,343,37,89,90,7
USW00014763,2025;03;30;12,FM-15,343,37,89,100,7
USW00014763,2025;03;30;13,FM-15,343,38,89,VRB,3
USW00014763,2025;03;30;14,FM-15,343,38,89,80,6
USW00014763,2025;03;30;15,FM-15,343,38,89,60,8
USW00014763,2025;03;30;16,FM-15,343,38,89,70,6
USW00014763,2025;03;30;17,FM-15,223,38,93,70,3
USW00014763,2025;03;30;18,FM-15,223,38,89,60,5
USW00014763,2025;03;30;19,FM-15,343,38,93,60,8
USW00014763,2025;03;30;20,FM-15,343,37,96,40,5
USW00014763,2025;03;30;21,FM-15,343,38,93,60,7
USW00014763,2025;03;30;22,FM-15,343,38,93,50,7
USW00014763,2025;03;30;23,FM-15,343,38,97,40,5
USW00014763,2025;03;31;00,SOD,,,,,
USW00014763,2025;03;31;00,FM-15,343,39,93,20,6
USW00014763,2025;03;31;01,FM-16,343,39,93,20,3
USW00014763,2025;03;31;01,FM-15,343,39,96,0,0
USW00014763,2025;03;31;02,FM-15,343,39,96,0,0
USW00014763,2025;03;31;03,FM-15,343,40,93,20,3
USW00014763,2025;03;31;04,FM-15,343,40,93,40,3
USW00014763,2025;03;31;05,FM-15,343,41,96,170,5
USW00014763,2025;03;31;06,FM-16,343,41,96,30,3
USW00014763,2025;03;31;06,FM-16,343,42,96,0,0
USW00014763,2025;03;31;06,FM-15,343,43,97,0,0
USW00014763,2025;03;31;07,FM-16,343,43,97,VRB,3
USW00014763,2025;03;31;07,FM-16,343,44,96,0,0
USW00014763,2025;03;31;07,FM-16,343,48,93,0,0
USW00014763,2025;03;31;07,FM-15,343,53,93,190,7
USW00014763,2025;03;31;08,FM-15,343,55,93,210,10
USW00014763,2025;03;31;09,FM-16,343,55,93,190,9
USW00014763,2025;03;31;09,FM-15,343,56,90,210,11
USW00014763,2025;03;31;10,FM-15,343,57,93,220,15
USW00014763,2025;03;31;11,FM-15,343,59,87,190,13
USW00014763,2025;03;31;12,FM-15,343,62,80,210,14
USW00014763,2025;03;31;13,FM-16,343,62,78,200,15
USW00014763,2025;03;31;13,FM-16,343,64,75,220,13
USW00014763,2025;03;31;13,FM-15,343,64,75,210,14
USW00014763,2025;03;31;14,FM-15,343,67,68,180,10
USW00014763,2025;03;31;15,FM-15,343,68,65,200,8
USW00014763,2025;03;31;16,FM-15,343,68,63,190,10
USW00014763,2025;03;31;17,FM-15,343,66,68,190,9
USW00014763,2025;03;31;18,FM-15,343,64,75,190,10
USW00014763,2025;03;31;19,FM-15,343,62,80,260,18
USW00014763,2025;03;31;20,FM-16,343,59,72,300,8
USW00014763,2025;03;31;20,FM-16,343,55,77,290,10
USW00014763,2025;03;31;20,FM-15,343,56,75,290,9
USW00014763,2025;03;31;21,FM-16,343,53,77,270,15
USW00014763,2025;03;31;21,FM-15,343,50,80,270,10
USW00014763,2025;03;31;22,FM-15,343,45,86,260,8
USW00014763,2025;03;31;23,FM-16,343,45,86,290,5
USW00014763,2025;03;31;23,FM-16,343,43,86,280,10
USW00014763,2025;03;31;23,FM-16,343,43,86,290,10
USW00014763,2025;03;31;23,FM-15,343,41,89,VRB,6
USW00014763,2025;03;31;23,SOM,,,,,
USW00014763,2025;04;01;00,SOD,,,,,
USW00014763,2025;04;01;00,FM-16,343,40,89,VRB,3
USW00014763,2025;04;01;00,FM-16,343,39,81,300,11
USW00014763,2025;04;01;00,FM-15,343,39,82,300,13
USW00014763,2025;04;01;01,FM-16,343,39,82,270,5
USW00014763,2025;04;01;01,FM-15,343,37,82,310,14
USW00014763,2025;04;01;02,FM-16,343,37,79,310,10
USW00014763,2025;04;01;02,FM-15,343,35,78,310,15
USW00014763,2025;04;01;03,FM-16,343,34,82,290,16
USW00014763,2025;04;01;03,FM-15,343,34,82,290,17
USW00014763,2025;04;01;04,FM-15,343,34,79,300,22
USW00014763,2025;04;01;05,FM-16,343,33,82,290,18
USW00014763,2025;04;01;05,FM-15,343,33,82,300,17
USW00014763,2025;04;01;06,FM-15,343,33,75,300,16
USW00014763,2025;04;01;07,FM-15,343,34,67,300,16
USW00014763,2025;04;01;08,FM-15,343,35,67,300,17
USW00014763,2025;04;01;09,FM-16,343,37,57,320,20
USW00014763,2025;04;01;09,FM-15,343,39,53,310,14
USW00014763,2025;04;01;10,FM-15,343,40,47,330,21
USW00014763,2025;04;01;11,FM-15,343,42,41,300,21
USW00014763,2025;04;01;12,FM-15,343,44,37,330,16
USW00014763,2025;04;01;13,FM-15,343,44,38,310,18
USW00014763,2025;04;01;14,FM-15,343,45,37,310,15
USW00014763,2025;04;01;15,FM-15,343,43,35,320,14
USW00014763,2025;04;01;16,FM-15,343,42,33,310,9
USW00014763,2025;04;01;17,FM-15,343,40,35,290,15
USW00014763,2025;04;01;18,FM-15,343,38,41,290,10
USW00014763,2025;04;01;19,FM-15,343,35,46,290,11
USW00014763,2025;04;01;20,FM-15,343,33,45,320,8
USW00014763,2025;04;01;21,FM-15,343,32,40,320,7
USW00014763,2025;04;01;22,FM-15,343,31,42,310,6
USW00014763,2025;04;01;23,FM-15,343,30,41,340,6
USW00014763,2025;04;02;00,SOD,,,,,
USW00014763,2025;04;02;00,FM-15,343,28,44,360,3
USW00014763,2025;04;02;01,FM-15,343,28,49,350,5
USW00014763,2025;04;02;02,FM-15,343,27,51,10,5
USW00014763,2025;04;02;03,FM-15,343,26,53,10,3
USW00014763,2025;04;02;04,FM-15,343,26,53,20,6
USW00014763,2025;04;02;05,FM-15,343,26,53,20,7
USW00014763,2025;04;02;06,FM-15,343,28,49,30,6
USW00014763,2025;04;02;07,FM-15,343,30,41,0,0
USW00014763,2025;04;02;08,FM-15,343,33,40,VRB,3
USW00014763,2025;04;02;09,FM-15,343,36,30,40,7
USW00014763,2025;04;02;10,FM-15,343,39,29,VRB,5
USW00014763,2025;04;02;11,FM-15,343,41,24,150,8
USW00014763,2025;04;02;12,FM-15,343,43,22,180,9
USW00014763,2025;04;02;13,FM-15,343,43,22,140,7
USW00014763,2025;04;02;14,FM-15,343,47,22,VRB,7
USW00014763,2025;04;02;15,FM-15,343,45,24,VRB,6
USW00014763,2025;04;02;16,FM-15,343,44,28,130,14
USW00014763,2025;04;02;17,FM-15,343,41,45,160,11
USW00014763,2025;04;02;18,FM-15,343,36,73,140,9
USW00014763,2025;04;02;19,FM-15,343,35,72,140,13
USW00014763,2025;04;02;20,FM-16,343,34,81,140,9
USW00014763,2025;04;02;20,FM-15,343,34,82,140,9
USW00014763,2025;04;02;21,FM-16,343,33,85,130,10
USW00014763,2025;04;02;21,FM-16,343,33,85,130,9
USW00014763,2025;04;02;21,FM-16,343,33,89,130,8
USW00014763,2025;04;02;21,FM-15,343,34,85,110,7
USW00014763,2025;04;02;22,FM-16,343,34,87,130,9
USW00014763,2025;04;02;22,FM-15,343,34,89,130,10
USW00014763,2025;04;02;23,FM-16,343,35,85,140,14
USW00014763,2025;04;02;23,FM-16,343,35,85,140,15
USW00014763,2025;04;02;23,FM-15,343,35,89,130,11
USW00014763,2025;04;03;00,SOD,,,,,
USW00014763,2025;04;03;00,FM-16,343,36,86,140,15
USW00014763,2025;04;03;00,FM-16,343,36,87,150,14
USW00014763,2025;04;03;00,FM-15,343,36,86,140,11
USW00014763,2025;04;03;01,FM-16,343,36,89,130,10
USW00014763,2025;04;03;01,FM-15,343,36,89,140,11
USW00014763,2025;04;03;02,FM-16,343,37,89,130,11
USW00014763,2025;04;03;02,FM-16,343,37,87,120,9
USW00014763,2025;04;03;02,FM-16,343,37,87,120,9
USW00014763,2025;04;03;02,FM-15,343,37,89,120,9
USW00014763,2025;04;03;03,FM-16,343,37,89,130,13
USW00014763,2025;04;03;03,FM-15,343,37,93,140,14
USW00014763,2025;04;03;04,FM-16,343,38,93,120,10
USW00014763,2025;04;03;04,FM-15,343,38,93,140,10
USW00014763,2025;04;03;05,FM-16,343,39,93,120,9
USW00014763,2025;04;03;05,FM-15,343,40,93,120,7
USW00014763,2025;04;03;06,FM-16,343,40,93,VRB,3
USW00014763,2025;04;03;06,FM-16,343,40,93,0,0
USW00014763,2025;04;03;06,FM-16,343,40,93,0,0
USW00014763,2025;04;03;06,FM-16,343,40,93,VRB,3
USW00014763,2025;04;03;06,FM-15,343,39,96,0,0
USW00014763,2025;04;03;07,FM-16,343,40,97,360,3
USW00014763,2025;04;03;07,FM-15,343,44,93,VRB,7
USW00014763,2025;04;03;08,FM-16,343,44,93,VRB,3
USW00014763,2025;04;03;08,FM-15,343,46,93,VRB,7
USW00014763,2025;04;03;09,FM-16,343,50,86,190,14
USW00014763,2025;04;03;09,FM-16,343,52,86,220,18
USW00014763,2025;04;03;09,FM-15,343,52,86,210,15
USW00014763,2025;04;03;10,FM-16,343,53,83,220,20
USW00014763,2025;04;03;10,FM-15,343,53,83,230,15
USW00014763,2025;04;03;11,FM-16,343,55,80,230,17
USW00014763,2025;04;03;11,FM-15,343,58,75,240,17
USW00014763,2025;04;03;12,FM-15,343,59,75,220,15
USW00014763,2025;04;03;13,FM-15,343,59,78,220,13
USW00014763,2025;04;03;14,FM-15,343,61,75,210,8
USW00014763,2025;04;03;15,FM-15,343,62,75,230,11
USW00014763,2025;04;03;16,FM-15,343,63,73,230,11
USW00014763,2025;04;03;17,FM-15,343,63,76,230,13
USW00014763,2025;04;03;18,FM-15,343,62,78,220,14
USW00014763,2025;04;03;19,FM-15,343,62,78,320,9
USW00014763,2025;04;03;20,FM-15,343,61,81,240,5
USW00014763,2025;04;03;21,FM-15,343,62,78,230,6
USW00014763,2025;04;03;22,FM-15,343,62,73,310,9
USW00014763,2025;04;03;23,FM-15,343,60,41,300,15
USW00014763,2025;04;04;00,SOD,,,,,
USW00014763,2025;04;04;00,FM-15,343,58,39,280,13
USW00014763,2025;04;04;01,FM-15,343,57,45,300,9
USW00014763,2025;04;04;02,FM-15,343,56,51,280,10
USW00014763,2025;04;04;03,FM-15,343,54,57,300,18
USW00014763,2025;04;04;04,FM-15,343,52,59,300,17
USW00014763,2025;04;04;05,FM-15,343,49,64,280,11
USW00014763,2025;04;04;06,FM-15,343,47,61,310,18
USW00014763,2025;04;04;07,FM-15,343,47,54,300,11
USW00014763,2025;04;04;08,FM-15,343,48,50,VRB,5
USW00014763,2025;04;04;09,FM-15,343,49,46,310,14
USW00014763,2025;04;04;10,FM-15,343,52,41,300,13
USW00014763,2025;04;04;11,FM-15,343,54,37,320,14
USW00014763,2025;04;04;12,FM-15,343,54,35,VRB,9
USW00014763,2025;04;04;13,FM-15,343,57,34,330,14
USW00014763,2025;04;04;14,FM-15,343,56,37,VRB,9
USW00014763,2025;04;04;15,FM-15,343,56,39,320,9
USW00014763,2025;04;04;16,FM-15,343,55,40,300,9
USW00014763,2025;04;04;17,FM-15,343,53,45,280,9
USW00014763,2025;04;04;18,FM-15,343,50,50,290,8
USW00014763,2025;04;04;19,FM-15,343,49,52,240,6
USW00014763,2025;04;04;20,FM-15,343,44,65,140,5
USW00014763,2025;04;04;21,FM-15,343,45,61,0,0
USW00014763,2025;04;04;22,FM-15,343,40,73,0,0
USW00014763,2025;04;04;23,FM-15,343,39,76,0,0
USW00014763,2025;04;05;00,SOD,,,,,
USW00014763,2025;04;05;00,FM-15,343,36,82,240,5
USW00014763,2025;04;05;01,FM-15,343,37,82,30,3
USW00014763,2025;04;05;02,FM-15,343,38,79,0,0
USW00014763,2025;04;05;03,FM-15,343,40,73,20,3
USW00014763,2025;04;05;04,FM-15,343,43,56,100,8
USW00014763,2025;04;05;05,FM-15,343,43,51,70,6
USW00014763,2025;04;05;06,FM-15,343,43,56,VRB,3
USW00014763,2025;04;05;07,FM-15,343,42,65,VRB,6
USW00014763,2025;04;05;08,FM-15,343,41,70,150,10
USW00014763,2025;04;05;09,FM-15,343,41,70,140,13
USW00014763,2025;04;05;10,FM-15,343,41,79,120,8
USW00014763,2025;04;05;11,FM-15,343,40,83,140,15
USW00014763,2025;04;05;12,FM-16,343,40,83,150,14
USW00014763,2025;04;05;12,FM-16,343,39,86,150,11
USW00014763,2025;04;05;12,FM-16,343,39,86,140,14
USW00014763,2025;04;05;12,FM-15,343,39,86,140,10
USW00014763,2025;04;05;13,FM-15,343,39,86,150,16
USW00014763,2025;04;05;14,FM-15,343,39,82,130,8
USW00014763,2025;04;05;15,FM-16,343,38,86,150,13
USW00014763,2025;04;05;15,FM-16,343,38,86,VRB,10
USW00014763,2025;04;05;15,FM-16,343,38,89,140,10
USW00014763,2025;04;05;15,FM-16,343,37,93,140,10
USW00014763,2025;04;05;15,FM-15,343,38,89,130,9
USW00014763,2025;04;05;16,FM-16,343,38,93,VRB,3
USW00014763,2025;04;05;16,FM-15,343,38,89,VRB,7
USW00014763,2025;04;05;17,FM-15,343,38,89,VRB,3
USW00014763,2025;04;05;18,FM-16,343,38,89,90,6
USW00014763,2025;04;05;18,FM-16,343,38,93,0,0
USW00014763,2025;04;05;18,FM-15,343,38,93,VRB,5
USW00014763,2025;04;05;19,FM-15,343,38,93,0,0
USW00014763,2025;04;05;20,FM-15,343,37,96,60,3
USW00014763,2025;04;05;21,FM-15,343,37,93,60,6
USW00014763,2025;04;05;22,FM-15,343,37,93,40,3
USW00014763,2025;04;05;23,FM-15,343,37,93,40,6
USW00014763,2025;04;06;00,SOD,,,,,
USW00014763,2025;04;06;00,FM-16,343,37,96,60,3
USW00014763,2025;04;06;00,FM-15,343,37,96,0,0
USW00014763,2025;04;06;01,FM-16,343,37,96,40,3
USW00014763,2025;04;06;01,FM-15,343,37,96,70,3
USW00014763,2025;04;06;02,FM-16,343,37,96,10,3
USW00014763,2025;04;06;02,FM-15,343,37,96,310,3
USW00014763,2025;04;06;03,FM-15,343,38,93,0,0
USW00014763,2025;04;06;04,FM-15,343,38,93,260,5
USW00014763,2025;04;06;05,FM-15,343,41,93,260,7
USW00014763,2025;04;06;06,FM-15,343,42,89,300,11
USW00014763,2025;04;06;07,FM-15,343,42,89,300,10
USW00014763,2025;04;06;08,FM-16,343,42,92,270,8
USW00014763,2025;04;06;08,FM-16,343,43,87,280,13
USW00014763,2025;04;06;08,FM-15,343,42,89,290,13
USW00014763,2025;04;06;09,FM-16,343,42,92,290,8
USW00014763,2025;04;06;09,FM-16,343,42,89,300,16
USW00014763,2025;04;06;09,FM-15,343,42,89,250,6
USW00014763,2025;04;06;10,FM-16,343,42,89,VRB,3
USW00014763,2025;04;06;10,FM-15,343,43,86,,
USW00014763,2025;04;06;11,FM-15,343,44,76,300,16
USW00014763,2025;04;06;12,FM-16,343,45,66,330,11
USW00014763,2025;04;06;12,FM-15,343,44,63,290,15
USW00014763,2025;04;06;13,FM-15,343,45,54,290,14
USW00014763,2025;04;06;14,FM-15,343,45,52,300,8
USW00014763,2025;04;06;15,FM-15,343,47,52,280,13
USW00014763,2025;04;06;16,FM-15,343,45,54,290,10
USW00014763,2025;04;06;17,FM-15,343,43,56,290,8
USW00014763,2025;04;06;18,FM-15,343,42,49,290,14
USW00014763,2025;04;06;19,FM-15,343,40,51,310,11
USW00014763,2025;04;06;20,FM-15,343,39,60,320,8
USW00014763,2025;04;06;21,FM-15,343,38,65,290,14
USW00014763,2025;04;06;22,FM-15,343,38,68,280,6
USW00014763,2025;04;06;23,FM-15,343,37,70,300,5
USW00014763,2025;04;07;00,SOD,,,,,
USW00014763,2025;04;07;00,FM-15,343,37,73,290,5
USW00014763,2025;04;07;01,FM-15,343,36,73,300,8
USW00014763,2025;04;07;02,FM-15,343,35,78,300,10
USW00014763,2025;04;07;03,FM-16,343,34,85,300,8
USW00014763,2025;04;07;03,FM-16,343,34,85,300,5
USW00014763,2025;04;07;03,FM-16,343,34,87,250,6
USW00014763,2025;04;07;03,FM-15,343,33,92,250,6
USW00014763,2025;04;07;04,FM-16,343,33,92,260,6
USW00014763,2025;04;07;04,FM-16,343,33,92,250,6
USW00014763,2025;04;07;04,FM-16,343,33,89,240,5
USW00014763,2025;04;07;04,FM-15,343,32,96,0,0
USW00014763,2025;04;07;05,FM-16,343,32,96,0,0
USW00014763,2025;04;07;05,FM-16,343,32,92,260,3
USW00014763,2025;04;07;05,FM-16,343,32,92,250,5
USW00014763,2025;04;07;05,FM-16,343,32,93,0,0
USW00014763,2025;04;07;05,FM-16,343,32,93,0,0
USW00014763,2025;04;07;05,FM-15,343,32,96,0,0
USW00014763,2025;04;07;06,FM-16,343,32,96,270,3
USW00014763,2025;04;07;06,FM-16,343,32,92,260,5
USW00014763,2025;04;07;06,FM-16,343,32,92,260,5
USW00014763,2025;04;07;06,FM-16,343,32,92,0,0
USW00014763,2025;04;07;06,FM-15,343,32,92,0,0
USW00014763,2025;04;07;07,FM-16,343,32,96,0,0
USW00014763,2025;04;07;07,FM-16,343,32,92,0,0
USW00014763,2025;04;07;07,FM-16,343,32,96,0,0
USW00014763,2025;04;07;07,FM-15,343,32,92,300,3
USW00014763,2025;04;07;08,FM-16,343,33,92,0,0
USW00014763,2025;04;07;08,FM-16,343,33,92,0,0
USW00014763,2025;04;07;08,FM-15,343,34,89,360,5
USW00014763,2025;04;07;09,FM-16,343,34,92,40,5
USW00014763,2025;04;07;09,FM-16,343,35,89,60,6
USW00014763,2025;04;07;09,FM-15,343,35,89,70,5
USW00014763,2025;04;07;10,FM-16,343,35,89,90,5
USW00014763,2025;04;07;10,FM-16,343,35,89,80,5
USW00014763,2025;04;07;10,FM-16,343,35,89,100,6
USW00014763,2025;04;07;10,FM-15,343,35,85,VRB,5
USW00014763,2025;04;07;11,FM-16,343,35,89,VRB,5
USW00014763,2025;04;07;11,FM-16,343,36,86,70,5
USW00014763,2025;04;07;11,FM-16,343,35,89,VRB,7
USW00014763,2025;04;07;11,FM-16,343,37,87,100,7
USW00014763,2025;04;07;11,FM-15,343,36,89,90,8
USW00014763,2025;04;07;12,FM-16,343,37,82,70,6
USW00014763,2025;04;07;12,FM-15,343,36,82,100,5
USW00014763,2025;04;07;13,FM-16,343,36,82,80,5
USW00014763,2025;04;07;13,FM-15,343,36,86,100,5
USW00014763,2025;04;07;14,FM-16,343,36,86,110,3
USW00014763,2025;04;07;14,FM-16,343,36,89,70,5
USW00014763,2025;04;07;14,FM-16,343,36,89,90,5
USW00014763,2025;04;07;14,FM-16,343,36,93,70,5
USW00014763,2025;04;07;14,FM-15,343,35,93,70,5
USW00014763,2025;04;07;15,FM-16,343,35,93,70,5
USW00014763,2025;04;07;15,FM-16,343,36,89,80,3
USW00014763,2025;04;07;15,FM-16,343,36,89,80,6
USW00014763,2025;04;07;15,FM-16,343,36,93,80,5
USW00014763,2025;04;07;15,FM-15,343,36,89,VRB,3
USW00014763,2025;04;07;16,FM-16,343,36,89,100,3
USW00014763,2025;04;07;16,FM-16,343,36,89,110,5
USW00014763,2025;04;07;16,FM-16,343,36,93,VRB,5
USW00014763,2025;04;07;16,FM-15,343,35,93,110,3
USW00014763,2025;04;07;17,FM-15,343,35,96,90,3
USW00014763,2025;04;07;18,FM-16,343,35,93,VRB,3
USW00014763,2025;04;07;18,FM-16,343,35,93,0,0
USW00014763,2025;04;07;18,FM-16,343,35,96,0,0
USW00014763,2025;04;07;18,FM-16,343,35,93,0,0
USW00014763,2025;04;07;18,FM-15,343,35,93,0,0
USW00014763,2025;04;07;19,FM-15,343,35,96,0,0
USW00014763,2025;04;07;20,FM-16,343,35,93,80,3
USW00014763,2025;04;07;20,FM-15,343,35,93,0,0
USW00014763,2025;04;07;21,FM-16,343,35,93,0,0
USW00014763,2025;04;07;21,FM-15,343,35,93,0,0
USW00014763,2025;04;07;22,FM-16,343,35,93,0,0
USW00014763,2025;04;07;22,FM-16,343,34,97,0,0
USW00014763,2025;04;07;22,FM-15,343,34,97,60,3
USW00014763,2025;04;07;23,FM-15,343,34,97,0,0
USW00014763,2025;04;08;00,SOD,,,,,
USW00014763,2025;04;08;00,FM-16,343,35,93,0,0
USW00014763,2025;04;08;00,FM-16,343,35,93,0,0
USW00014763,2025;04;08;00,FM-15,343,35,93,0,0
USW00014763,2025;04;08;01,FM-15,343,35,93,0,0
USW00014763,2025;04;08;02,FM-15,343,34,97,0,0
USW00014763,2025;04;08;03,FM-16,343,34,97,0,0
USW00014763,2025;04;08;03,FM-16,343,34,100,0,0
USW00014763,2025;04;08;03,FM-15,343,34,97,0,0
USW00014763,2025;04;08;04,FM-16,343,33,96,190,3
USW00014763,2025;04;08;04,FM-16,343,34,92,0,0
USW00014763,2025;04;08;04,FM-16,343,33,96,340,3
USW00014763,2025;04;08;04,FM-16,343,34,93,320,3
USW00014763,2025;04;08;04,FM-15,343,33,96,0,0
USW00014763,2025;04;08;04,FM-16,343,33,96,0,0
USW00014763,2025;04;08;05,FM-16,343,33,96,0,0
USW00014763,2025;04;08;05,FM-16,343,31,92,290,10
USW00014763,2025;04;08;05,FM-16,343,31,89,300,15
USW00014763,2025;04;08;05,FM-16,343,30,86,270,10
USW00014763,2025;04;08;05,FM-15,343,30,88,280,13
USW00014763,2025;04;08;05,FM-16,343,29,89,VRB,7
USW00014763,2025;04;08;06,FM-16,343,29,89,290,9
USW00014763,2025;04;08;06,FM-16,343,29,85,300,11
USW00014763,2025;04;08;06,FM-16,343,29,85,320,8
USW00014763,2025;04;08;06,FM-16,343,29,78,VRB,9
USW00014763,2025;04;08;06,FM-15,343,28,81,290,13
USW00014763,2025;04;08;07,FM-16,343,28,72,340,8
USW00014763,2025;04;08;07,FM-15,343,27,72,VRB,5
USW00014763,2025;04;08;08,FM-15,343,28,72,300,14
USW00014763,2025;04;08;09,FM-16,343,29,72,310,11
USW00014763,2025;04;08;09,FM-16,343,28,69,300,15
USW00014763,2025;04;08;09,FM-15,343,29,69,310,20
USW00014763,2025;04;08;10,FM-15,343,30,58,290,14
USW00014763,2025;04;08;11,FM-15,343,29,56,280,14
USW00014763,2025;04;08;12,FM-16,343,28,66,310,16
USW00014763,2025;04;08;12,FM-15,343,28,69,300,14
USW00014763,2025;04;08;13,FM-16,343,29,63,280,14
USW00014763,2025;04;08;13,FM-15,343,29,56,300,17
USW00014763,2025;04;08;14,FM-15,343,29,56,280,25
USW00014763,2025;04;08;15,FM-16,343,27,66,300,21
USW00014763,2025;04;08;15,FM-16,343,27,69,290,10
USW00014763,2025;04;08;15,FM-16,343,27,63,290,18
USW00014763,2025;04;08;15,FM-16,343,28,58,280,21
USW00014763,2025;04;08;15,FM-15,343,27,61,280,23
USW00014763,2025;04;08;16,FM-15,343,27,58,290,22
USW00014763,2025;04;08;17,FM-16,343,25,66,300,20
USW00014763,2025;04;08;17,FM-16,343,25,69,290,17
USW00014763,2025;04;08;17,FM-15,343,25,69,290,20
USW00014763,2025;04;08;18,FM-15,343,25,63,290,26
USW00014763,2025;04;08;19,FM-15,343,24,68,290,20
USW00014763,2025;04;08;20,FM-15,343,25,69,290,20
USW00014763,2025;04;08;21,FM-15,343,25,66,290,20
USW00014763,2025;04;08;22,FM-16,343,25,63,290,26
USW00014763,2025;04;08;22,FM-15,343,24,65,290,22
USW00014763,2025;04;08;23,FM-15,343,24,65,290,24
USW00014763,2025;04;09;00,SOD,,,,,
USW00014763,2025;04;09;00,FM-16,343,24,65,290,17
USW00014763,2025;04;09;00,FM-16,343,23,68,290,15
USW00014763,2025;04;09;00,FM-15,343,23,68,290,13
USW00014763,2025;04;09;01,FM-15,343,23,68,280,17
USW00014763,2025;04;09;02,FM-15,343,23,72,280,18
USW00014763,2025;04;09;03,FM-16,343,22,75,280,13
USW00014763,2025;04;09;03,FM-15,343,22,75,290,13
USW00014763,2025;04;09;04,FM-15,343,22,68,290,17
USW00014763,2025;04;09;05,FM-15,343,22,57,VRB,9
USW00014763,2025;04;09;06,FM-15,343,24,57,300,13
USW00014763,2025;04;09;07,FM-15,343,26,57,320,15
USW00014763,2025;04;09;08,FM-15,343,27,58,320,11
USW00014763,2025;04;09;09,FM-15,343,31,52,VRB,10
USW00014763,2025;04;09;10,FM-15,343,33,49,280,13
USW00014763,2025;04;09;11,FM-15,343,33,47,290,13
USW00014763,2025;04;09;12,FM-15,343,38,43,280,16
USW00014763,2025;04;09;13,FM-15,343,37,41,280,15
USW00014763,2025;04;09;14,FM-15,343,38,37,VRB,6
USW00014763,2025;04;09;15,FM-15,343,39,33,270,10
USW00014763,2025;04;09;16,FM-15,343,38,36,VRB,7
USW00014763,2025;04;09;17,FM-15,343,36,39,320,3
USW00014763,2025;04;09;18,FM-15,343,33,45,0,0
USW00014763,2025;04;09;19,FM-15,343,31,49,310,3
USW00014763,2025;04;09;20,FM-15,343,28,63,130,3
USW00014763,2025;04;09;21,FM-15,343,28,63,0,0
USW00014763,2025;04;09;22,FM-15,343,27,66,170,3
USW00014763,2025;04;09;23,FM-15,343,28,69,270,3
USW00014763,2025;04;10;00,SOD,,,,,
USW00014763,2025;04;10;00,FM-15,343,29,72,0,0
USW00014763,2025;04;10;01,FM-15,343,29,69,0,0
USW00014763,2025;04;10;02,FM-15,343,29,66,0,0
USW00014763,2025;04;10;03,FM-15,343,26,78,0,0
USW00014763,2025;04;10;04,FM-15,343,25,78,0,0
USW00014763,2025;04;10;05,FM-15,343,26,78,0,0
USW00014763,2025;04;10;06,FM-15,343,30,69,50,3
USW00014763,2025;04;10;07,FM-15,343,36,50,VRB,5
USW00014763,2025;04;10;08,FM-15,343,39,41,120,7
USW00014763,2025;04;10;09,FM-15,343,39,39,140,3
USW00014763,2025;04;10;10,FM-15,343,42,36,140,9
USW00014763,2025;04;10;11,FM-15,343,45,34,120,10
USW00014763,2025;04;10;12,FM-15,343,46,32,120,11
USW00014763,2025;04;10;13,FM-15,343,48,37,140,13
USW00014763,2025;04;10;14,FM-15,343,48,39,200,11
USW00014763,2025;04;10;15,FM-15,343,46,47,190,11
USW00014763,2025;04;10;16,FM-15,343,43,60,190,11
USW00014763,2025;04;10;17,FM-15,343,42,58,140,8
USW00014763,2025;04;10;18,FM-16,343,40,68,VRB,5
USW00014763,2025;04;10;18,FM-16,343,40,70,220,5
USW00014763,2025;04;10;18,FM-15,343,39,70,210,7
USW00014763,2025;04;10;19,FM-15,343,36,82,VRB,7
USW00014763,2025;04;10;20,FM-16,343,34,89,130,5
USW00014763,2025;04;10;20,FM-15,343,34,89,140,10
USW00014763,2025;04;10;21,FM-16,343,34,89,170,9
USW00014763,2025;04;10;21,FM-16,343,34,89,140,8
USW00014763,2025;04;10;21,FM-16,343,34,87,140,9
USW00014763,2025;04;10;21,FM-15,343,34,89,140,7
USW00014763,2025;04;10;22,FM-16,343,33,92,140,9
USW00014763,2025;04;10;22,FM-16,343,33,92,140,9
USW00014763,2025;04;10;22,FM-15,343,33,92,130,8
USW00014763,2025;04;10;23,FM-16,343,33,92,90,3
USW00014763,2025;04;10;23,FM-16,343,34,87,60,3
USW00014763,2025;04;10;23,FM-15,343,33,92,60,3
USW00014763,2025;04;11;00,SOD,,,,,
USW00014763,2025;04;11;00,FM-16,343,32,96,60,3
USW00014763,2025;04;11;00,FM-16,343,32,96,0,0
USW00014763,2025;04;11;00,FM-16,343,32,96,VRB,3
USW00014763,2025;04;11;00,FM-16,343,32,93,40,3
USW00014763,2025;04;11;00,FM-15,343,32,96,40,5
USW00014763,2025;04;11;01,FM-16,343,32,96,0,0
USW00014763,2025;04;11;01,FM-16,343,32,96,20,3
USW00014763,2025;04;11;01,FM-16,343,32,96,50,3
USW00014763,2025;04;11;01,FM-15,343,32,96,60,3
USW00014763,2025;04;11;02,FM-16,343,32,96,70,3
USW00014763,2025;04;11;02,FM-16,343,32,96,0,0
USW00014763,2025;04;11;02,FM-16,343,32,96,70,3
USW00014763,2025;04;11;02,FM-16,343,32,93,VRB,3
USW00014763,2025;04;11;02,FM-16,343,32,93,VRB,3
USW00014763,2025;04;11;02,FM-15,343,32,96,VRB,3
USW00014763,2025;04;11;03,FM-16,343,32,96,VRB,3
USW00014763,2025;04;11;03,FM-16,343,32,96,50,3
USW00014763,2025;04;11;03,FM-16,343,32,93,50,3
USW00014763,2025;04;11;03,FM-15,343,32,96,40,5
USW00014763,2025;04;11;04,FM-16,343,32,96,50,5
USW00014763,2025;04;11;04,FM-16,343,32,96,80,3
USW00014763,2025;04;11;04,FM-16,343,32,96,90,3
USW00014763,2025;04;11;04,FM-16,343,32,96,80,3
USW00014763,2025;04;11;04,FM-15,343,32,96,80,3
USW00014763,2025;04;11;05,FM-16,343,32,96,0,0
USW00014763,2025;04;11;05,FM-16,343,32,96,50,3
USW00014763,2025;04;11;05,FM-16,343,32,96,30,6
USW00014763,2025;04;11;05,FM-16,343,32,93,40,3
USW00014763,2025;04;11;05,FM-15,343,32,96,40,3
USW00014763,2025;04;11;06,FM-16,343,32,96,0,0
USW00014763,2025;04;11;06,FM-15,343,32,96,40,3
USW00014763,2025;04;11;07,FM-16,343,33,92,0,0
USW00014763,2025;04;11;07,FM-16,343,33,92,0,0
USW00014763,2025;04;11;07,FM-15,343,33,89,60,5
USW00014763,2025;04;11;08,FM-16,343,34,85,60,6
USW00014763,2025;04;11;08,FM-15,343,34,85,70,5
USW00014763,2025;04;11;09,FM-15,343,35,85,60,6
USW00014763,2025;04;11;10,FM-15,343,37,82,70,6
USW00014763,2025;04;11;11,FM-15,343,38,76,90,8
USW00014763,2025;04;11;12,FM-15,343,40,73,90,5
USW00014763,2025;04;11;13,FM-15,343,41,76,80,6
USW00014763,2025;04;11;14,FM-15,343,42,73,80,5
USW00014763,2025;04;11;15,FM-16,343,42,76,70,5
USW00014763,2025;04;11;15,FM-15,343,41,76,VRB,5
USW00014763,2025;04;11;16,FM-15,343,41,76,80,5
USW00014763,2025;04;11;17,FM-15,343,40,79,110,7
USW00014763,2025;04;11;18,FM-16,343,40,83,80,3
USW00014763,2025;04;11;18,FM-15,343,40,83,70,7
USW00014763,2025;04;11;19,FM-16,343,39,86,VRB,6
USW00014763,2025;04;11;19,FM-16,343,39,87,60,7
USW00014763,2025;04;11;19,FM-15,343,39,86,60,6
USW00014763,2025;04;11;20,FM-15,343,38,86,50,10
USW00014763,2025;04;11;21,FM-16,343,36,93,50,9
USW00014763,2025;04;11;21,FM-15,343,36,89,60,9
USW00014763,2025;04;11;22,FM-16,343,36,89,60,11
USW00014763,2025;04;11;22,FM-16,343,36,89,60,10
USW00014763,2025;04;11;22,FM-16,343,36,89,60,7
USW00014763,2025;04;11;22,FM-15,343,35,93,90,5
USW00014763,2025;04;11;23,FM-16,343,36,81,60,9
USW00014763,2025;04;11;23,FM-15,343,35,85,70,10
USW00014763,2025;04;12;00,SOD,,,,,
USW00014763,2025;04;12;00,FM-16,343,33,89,50,8
USW00014763,2025;04;12;00,FM-16,343,34,87,60,8
USW00014763,2025;04;12;00,FM-16,343,34,87,70,7
USW00014763,2025;04;12;00,FM-15,343,33,89,60,7
USW00014763,2025;04;12;01,FM-16,343,33,89,60,9
USW00014763,2025;04;12;01,FM-16,343,32,96,40,8
USW00014763,2025;04;12;01,FM-16,343,32,93,60,7
USW00014763,2025;04;12;01,FM-15,343,32,96,60,7
USW00014763,2025;04;12;02,FM-16,343,32,96,60,7
USW00014763,2025;04;12;02,FM-16,343,32,96,60,7
USW00014763,2025;04;12;02,FM-16,343,32,96,50,7
USW00014763,2025;04;12;02,FM-16,343,32,93,60,6
USW00014763,2025;04;12;02,FM-15,343,32,96,60,6
USW00014763,2025;04;12;03,FM-16,343,32,92,60,7
USW00014763,2025;04;12;03,FM-16,343,32,92,50,7
USW00014763,2025;04;12;03,FM-16,343,32,92,70,8
USW00014763,2025;04;12;03,FM-16,343,32,92,50,8
USW00014763,2025;04;12;03,FM-15,343,32,92,60,6
USW00014763,2025;04;12;04,FM-16,343,32,92,60,6
USW00014763,2025;04;12;04,FM-16,343,32,92,40,7
USW00014763,2025;04;12;04,FM-16,343,32,92,40,9
USW00014763,2025;04;12;04,FM-15,343,32,92,50,6
USW00014763,2025;04;12;05,FM-16,343,32,92,30,6
USW00014763,2025;04;12;05,FM-16,343,32,92,40,6
USW00014763,2025;04;12;05,FM-16,343,31,96,40,6
USW00014763,2025;04;12;05,FM-16,343,32,93,50,6
USW00014763,2025;04;12;05,FM-15,343,32,92,50,6
USW00014763,2025;04;12;06,FM-16,343,32,92,30,7
USW00014763,2025;04;12;06,FM-16,343,32,92,30,7
USW00014763,2025;04;12;06,FM-16,343,32,93,40,7
USW00014763,2025;04;12;06,FM-15,343,32,96,40,8
USW00014763,2025;04;12;07,FM-16,343,32,96,70,5
USW00014763,2025;04;12;07,FM-16,343,32,96,50,7
USW00014763,2025;04;12;07,FM-16,343,32,96,60,7
USW00014763,2025;04;12;07,FM-16,343,33,89,60,10
USW00014763,2025;04;12;07,FM-16,343,34,87,60,10
USW00014763,2025;04;12;07,FM-15,343,33,89,50,14
USW00014763,2025;04;12;08,FM-16,343,33,89,50,11
USW00014763,2025;04;12;08,FM-16,343,34,87,50,9
USW00014763,2025;04;12;08,FM-15,343,33,89,40,10
USW00014763,2025;04;12;09,FM-16,343,34,85,50,13
USW00014763,2025;04;12;09,FM-15,343,34,85,50,16
USW00014763,2025;04;12;10,FM-16,343,34,85,50,15
USW00014763,2025;04;12;10,FM-16,343,34,85,50,14
USW00014763,2025;04;12;10,FM-15,343,35,78,50,15
USW00014763,2025;04;12;11,FM-15,343,36,76,50,18
USW00014763,2025;04;12;12,FM-15,343,36,79,50,16
USW00014763,2025;04;12;13,FM-15,343,36,79,30,10
USW00014763,2025;04;12;14,FM-15,343,36,79,30,10
USW00014763,2025;04;12;15,FM-16,343,35,85,30,10
USW00014763,2025;04;12;15,FM-16,343,36,81,30,9
USW00014763,2025;04;12;15,FM-15,343,35,85,30,8
USW00014763,2025;04;12;16,FM-15,343,36,82,30,10
USW00014763,2025;04;12;17,FM-15,343,36,82,40,8
USW00014763,2025;04;12;18,FM-15,343,36,79,40,9
USW00014763,2025;04;12;19,FM-15,343,34,89,40,6
USW00014763,2025;04;12;20,FM-15,343,34,89,40,7
USW00014763,2025;04;12;21,FM-15,343,33,92,40,5
USW00014763,2025;04;12;22,FM-16,343,34,89,30,7
USW00014763,2025;04;12;22,FM-15,343,35,85,40,7
USW00014763,2025;04;12;23,FM-15,343,35,89,40,6
USW00014763,2025;04;13;00,SOD,,,,,
USW00014763,2025;04;13;00,FM-15,343,35,89,30,6
USW00014763,2025;04;13;01,FM-15,343,35,89,20,5
USW00014763,2025;04;13;02,FM-16,343,35,89,30,6
USW00014763,2025;04;13;02,FM-16,343,36,87,20,7
USW00014763,2025;04;13;02,FM-15,343,35,89,10,7
USW00014763,2025;04;13;03,FM-16,343,35,89,10,7
USW00014763,2025;04;13;03,FM-16,343,35,89,20,5
USW00014763,2025;04;13;03,FM-15,343,35,89,10,5
USW00014763,2025;04;13;04,FM-16,343,36,87,310,3
USW00014763,2025;04;13;04,FM-15,343,35,89,310,3
USW00014763,2025;04;13;05,FM-15,343,36,86,300,7
USW00014763,2025;04;13;06,FM-15,343,38,79,320,6
USW00014763,2025;04;13;07,FM-16,343,37,86,310,10
USW00014763,2025;04;13;07,FM-15,343,38,83,330,10
USW00014763,2025;04;13;08,FM-15,343,39,79,320,11
USW00014763,2025;04;13;09,FM-16,343,41,76,310,10
USW00014763,2025;04;13;09,FM-15,343,41,76,320,8
USW00014763,2025;04;13;10,FM-15,343,42,76,330,11
USW00014763,2025;04;13;11,FM-15,343,42,73,340,10
USW00014763,2025;04;13;12,FM-15,343,43,74,330,13
USW00014763,2025;04;13;13,FM-15,343,45,68,VRB,7
USW00014763,2025;04;13;14,FM-15,343,47,63,340,14
USW00014763,2025;04;13;15,FM-16,343,49,61,340,16
USW00014763,2025;04;13;15,FM-15,343,49,61,340,15
USW00014763,2025;04;13;16,FM-15,343,50,57,330,14
USW00014763,2025;04;13;17,FM-15,343,49,59,340,9
USW00014763,2025;04;13;18,FM-15,343,47,61,350,8
USW00014763,2025;04;13;19,FM-15,343,46,56,340,3
USW00014763,2025;04;13;20,FM-15,343,41,67,0,0
USW00014763,2025;04;13;21,FM-15,343,43,60,300,5
USW00014763,2025;04;13;22,FM-15,343,39,70,280,7
USW00014763,2025;04;13;23,FM-15,343,40,68,300,8
USW00014763,2025;04;14;00,SOD,,,,,
USW00014763,2025;04;14;00,FM-15,343,38,76,240,6
USW00014763,2025;04;14;01,FM-15,343,35,82,290,8
USW00014763,2025;04;14;02,FM-15,343,37,79,270,11
USW00014763,2025;04;14;03,FM-15,343,36,79,280,10
USW00014763,2025;04;14;04,FM-15,343,34,85,0,0
USW00014763,2025;04;14;05,FM-15,343,36,82,230,3
USW00014763,2025;04;14;06,FM-15,343,43,65,0,0
USW00014763,2025;04;14;07,FM-15,343,46,58,0,0
USW00014763,2025;04;14;08,FM-15,343,50,50,280,7
USW00014763,2025;04;14;09,FM-15,343,52,47,260,13
USW00014763,2025;04;14;10,FM-15,343,53,43,310,7
USW00014763,2025;04;14;11,FM-15,343,58,32,260,11
USW00014763,2025;04;14;12,FM-15,343,60,25,320,10
USW00014763,2025;04;14;13,FM-15,343,60,27,250,7
USW00014763,2025;04;14;14,FM-15,343,62,26,250,8
USW00014763,2025;04;14;15,FM-15,343,64,23,VRB,7
USW00014763,2025;04;14;16,FM-15,343,62,29,220,10
USW00014763,2025;04;14;17,FM-15,343,60,35,230,7
USW00014763,2025;04;14;18,FM-15,343,58,41,230,6
USW00014763,2025;04;14;19,FM-15,343,56,42,190,6
USW00014763,2025;04;14;20,FM-15,343,56,40,VRB,6
USW00014763,2025;04;14;21,FM-15,343,55,44,240,5
USW00014763,2025;04;14;22,FM-15,343,52,50,0,0
USW00014763,2025;04;14;23,FM-15,343,54,47,0,0
USW00014763,2025;04;15;00,SOD,,,,,
USW00014763,2025;04;15;00,FM-15,343,54,51,0,0
USW00014763,2025;04;15;01,FM-15,343,50,71,0,0
USW00014763,2025;04;15;02,FM-15,343,47,90,130,5
USW00014763,2025;04;15;03,FM-15,343,47,90,0,0
USW00014763,2025;04;15;04,FM-15,343,46,93,0,0
USW00014763,2025;04;15;05,FM-15,343,46,96,0,0
USW00014763,2025;04;15;06,FM-15,343,49,86,0,0
USW00014763,2025;04;15;07,FM-15,343,53,83,0,0
USW00014763,2025;04;15;08,FM-15,343,59,58,320,7
USW00014763,2025;04;15;09,FM-15,343,60,53,270,8
USW00014763,2025;04;15;10,FM-15,343,60,47,270,13
USW00014763,2025;04;15;11,FM-15,343,61,44,250,14
USW00014763,2025;04;15;12,FM-15,343,62,41,260,13
USW00014763,2025;04;15;13,FM-15,343,52,59,320,15
USW00014763,2025;04;15;14,FM-15,343,51,66,280,6
USW00014763,2025;04;15;15,FM-15,343,44,76,300,11
USW00014763,2025;04;15;16,FM-15,343,45,74,240,3
USW00014763,2025;04;15;17,FM-15,343,45,71,300,8
USW00014763,2025;04;15;18,FM-15,343,43,74,280,11
USW00014763,2025;04;15;19,FM-15,343,44,71,270,11
USW00014763,2025;04;15;20,FM-15,343,39,79,300,13
USW00014763,2025;04;15;21,FM-16,343,38,83,300,14
USW00014763,2025;04;15;21,FM-15,343,38,83,270,11
USW00014763,2025;04;15;22,FM-16,343,38,83,300,11
USW00014763,2025;04;15;22,FM-16,343,37,75,280,13
USW00014763,2025;04;15;22,FM-15,343,38,76,290,17
USW00014763,2025;04;15;23,FM-16,343,37,79,280,20
USW00014763,2025;04;15;23,FM-15,343,36,79,290,16
USW00014763,2025;04;16;00,SOD,,,,,
USW00014763,2025;04;16;00,FM-16,343,36,81,270,13
USW00014763,2025;04;16;00,FM-15,343,35,82,280,11
USW00014763,2025;04;16;01,FM-15,343,35,78,280,11
USW00014763,2025;04;16;02,FM-16,343,35,78,290,13
USW00014763,2025;04;16;02,FM-16,343,36,75,290,11
USW00014763,2025;04;16;02,FM-15,343,35,76,280,14
USW00014763,2025;04;16;03,FM-16,343,35,76,300,14
USW00014763,2025;04;16;03,FM-16,343,35,72,280,16
USW00014763,2025;04;16;03,FM-15,343,35,70,280,15
USW00014763,2025;04;16;04,FM-16,343,36,70,290,8
USW00014763,2025;04;16;04,FM-15,343,35,72,290,8
USW00014763,2025;04;16;05,FM-16,343,36,70,270,10
USW00014763,2025;04;16;05,FM-15,343,35,72,280,10
USW00014763,2025;04;16;06,FM-15,343,35,67,270,20
USW00014763,2025;04;16;07,FM-16,343,35,67,300,14
USW00014763,2025;04;16;07,FM-16,343,36,65,270,21
USW00014763,2025;04;16;07,FM-15,343,35,64,300,17
USW00014763,2025;04;16;08,FM-16,343,36,65,290,16
USW00014763,2025;04;16;08,FM-15,343,35,67,290,13
USW00014763,2025;04;16;09,FM-15,343,37,62,290,18
USW00014763,2025;04;16;10,FM-15,343,38,57,290,20
USW00014763,2025;04;16;11,FM-15,343,40,55,290,23
USW00014763,2025;04;16;12,FM-15,343,40,55,290,17
USW00014763,2025;04;16;13,FM-15,343,40,58,300,18
USW00014763,2025;04;16;14,FM-16,343,39,60,280,18
USW00014763,2025;04;16;14,FM-15,343,40,58,300,23
USW00014763,2025;04;16;15,FM-16,343,38,62,300,16
USW00014763,2025;04;16;15,FM-16,343,38,62,300,18
USW00014763,2025;04;16;15,FM-15,343,38,60,300,22
USW00014763,2025;04;16;16,FM-15,343,36,64,290,24
USW00014763,2025;04;16;17,FM-15,343,35,70,290,21
USW00014763,2025;04;16;18,FM-15,343,35,70,290,16
USW00014763,2025;04;16;19,FM-15,343,36,67,300,17
USW00014763,2025;04;16;20,FM-15,343,36,70,290,14
USW00014763,2025;04;16;21,FM-15,343,36,70,290,17
USW00014763,2025;04;16;22,FM-15,343,36,70,290,15
USW00014763,2025;04;16;23,FM-16,343,36,70,280,18
USW00014763,2025;04;16;23,FM-15,343,36,70,280,21
USW00014763,2025;04;17;00,SOD,,,,,
USW00014763,2025;04;17;00,FM-15,343,36,70,300,14
USW00014763,2025;04;17;01,FM-16,343,36,70,280,14
USW00014763,2025;04;17;01,FM-15,343,36,70,300,13
USW00014763,2025;04;17;02,FM-15,343,37,67,290,11
USW00014763,2025;04;17;03,FM-15,343,36,70,280,6
USW00014763,2025;04;17;04,FM-15,343,36,70,280,11
USW00014763,2025;04;17;05,FM-15,343,35,67,280,16
USW00014763,2025;04;17;06,FM-16,343,35,61,300,18
USW00014763,2025;04;17;06,FM-15,343,36,55,300,15
USW00014763,2025;04;17;07,FM-15,343,38,52,310,14
USW00014763,2025;04;17;08,FM-15,343,42,47,310,14
USW00014763,2025;04;17;09,FM-15,343,45,39,270,15
USW00014763,2025;04;17;10,FM-15,343,46,35,300,18
USW00014763,2025;04;17;11,FM-15,343,49,35,300,18
USW00014763,2025;04;17;12,FM-15,343,50,33,270,18
USW00014763,2025;04;17;13,FM-15,343,51,29,290,13
USW00014763,2025;04;17;14,FM-15,343,52,28,310,23
USW00014763,2025;04;17;15,FM-15,343,51,27,290,21
USW00014763,2025;04;17;16,FM-15,343,51,25,280,11
USW00014763,2025;04;17;17,FM-15,343,49,27,290,11
USW00014763,2025;04;17;18,FM-15,343,46,29,0,0
USW00014763,2025;04;17;19,FM-15,343,44,31,0,0
USW00014763,2025;04;17;20,FM-15,343,43,31,VRB,6
USW00014763,2025;04;17;21,FM-15,343,43,29,VRB,7
USW00014763,2025;04;17;22,FM-15,343,41,30,VRB,5
USW00014763,2025;04;17;23,FM-15,343,40,30,230,5
USW00014763,2025;04;18;00,SOD,,,,,
USW00014763,2025;04;18;00,FM-15,343,39,31,260,7
USW00014763,2025;04;18;01,FM-15,343,31,64,260,9
USW00014763,2025;04;18;02,FM-15,343,30,64,0,0
USW00014763,2025;04;18;03,FM-15,343,30,56,0,0
USW00014763,2025;04;18;04,FM-15,343,29,72,0,0
USW00014763,2025;04;18;05,FM-15,343,29,66,0,0
USW00014763,2025;04;18;06,FM-15,343,36,50,0,0
USW00014763,2025;04;18;07,FM-15,343,43,35,310,3
USW00014763,2025;04;18;08,FM-15,343,52,28,160,7
USW00014763,2025;04;18;09,FM-15,343,57,26,190,11
USW00014763,2025;04;18;10,FM-15,343,61,24,190,9
USW00014763,2025;04;18;11,FM-15,343,64,23,210,9
USW00014763,2025;04;18;12,FM-15,343,66,21,190,13
USW00014763,2025;04;18;13,FM-15,343,67,21,210,9
USW00014763,2025;04;18;14,FM-15,343,66,24,190,15
USW00014763,2025;04;18;15,FM-15,343,64,26,200,11
USW00014763,2025;04;18;16,FM-15,343,62,30,VRB,9
USW00014763,2025;04;18;17,FM-15,343,61,35,VRB,13
USW00014763,2025;04;18;18,FM-15,343,59,39,180,11
USW00014763,2025;04;18;19,FM-15,343,57,42,200,8
USW00014763,2025;04;18;20,FM-15,343,57,44,190,7
USW00014763,2025;04;18;21,FM-15,343,54,51,0,0
USW00014763,2025;04;18;22,FM-15,343,54,53,10,3
USW00014763,2025;04;18;23,FM-15,343,53,57,0,0
USW00014763,2025;04;19;00,SOD,,,,,
USW00014763,2025;04;19;00,FM-15,343,51,61,360,5
USW00014763,2025;04;19;01,FM-15,343,53,61,VRB,3
USW00014763,2025;04;19;02,FM-15,343,55,64,50,5
USW00014763,2025;04;19;03,FM-15,343,60,60,230,14
USW00014763,2025;04;19;04,FM-15,343,61,60,VRB,7
USW00014763,2025;04;19;05,FM-15,343,61,63,VRB,9
USW00014763,2025;04;19;06,FM-15,343,62,60,VRB,5
USW00014763,2025;04;19;07,FM-15,343,64,58,0,0
USW00014763,2025;04;19;08,FM-15,343,65,56,230,14
USW00014763,2025;04;19;09,FM-15,343,65,54,220,13
USW00014763,2025;04;19;10,FM-16,343,61,70,250,7
USW00014763,2025;04;19;10,FM-16,343,60,78,210,5
USW00014763,2025;04;19;10,FM-15,343,59,90,50,3
USW00014763,2025;04;19;11,FM-15,343,62,78,310,3
USW00014763,2025;04;19;12,FM-15,343,68,65,0,0
USW00014763,2025;04;19;13,FM-15,343,73,50,220,9
USW00014763,2025;04;19;14,FM-15,343,73,57,230,6
USW00014763,2025;04;19;15,FM-15,343,77,45,250,14
USW00014763,2025;04;19;16,FM-15,343,75,50,270,5
USW00014763,2025;04;19;17,FM-16,343,66,78,200,9
USW00014763,2025;04;19;17,FM-16,343,65,84,200,5
USW00014763,2025;04;19;17,FM-15,343,65,84,270,5
USW00014763,2025;04;19;18,FM-15,343,64,84,230,6
USW00014763,2025;04;19;19,FM-16,343,65,84,300,22
USW00014763,2025;04;19;19,FM-16,343,63,94,290,17
USW00014763,2025;04;19;19,FM-15,343,63,90,300,18
USW00014763,2025;04;19;19,FM-16,343,63,90,290,18
USW00014763,2025;04;19;20,FM-16,343,63,87,280,13
USW00014763,2025;04;19;20,FM-15,343,63,87,280,13
USW00014763,2025;04;19;21,FM-15,343,63,81,280,13
USW00014763,2025;04;19;22,FM-16,343,61,83,300,22
USW00014763,2025;04;19;22,FM-15,343,60,84,300,18
USW00014763,2025;04;19;23,FM-16,343,59,83,300,20
USW00014763,2025;04;19;23,FM-15,343,58,75,300,20
USW00014763,2025;04;20;00,SOD,,,,,
USW00014763,2025;04;20;00,FM-15,343,54,72,300,16
USW00014763,2025;04;20;01,FM-15,343,52,69,300,18
USW00014763,2025;04;20;02,FM-15,343,48,61,290,21
USW00014763,2025;04;20;03,FM-15,343,43,71,310,24
USW00014763,2025;04;20;04,FM-15,343,42,71,290,21
USW00014763,2025;04;20;05,FM-15,343,43,68,290,18
USW00014763,2025;04;20;06,FM-15,343,44,68,290,21
USW00014763,2025;04;20;07,FM-16,343,43,68,290,17
USW00014763,2025;04;20;07,FM-15,343,44,68,290,18
USW00014763,2025;04;20;08,FM-16,343,46,63,300,21
USW00014763,2025;04;20;08,FM-15,343,47,59,300,24
USW00014763,2025;04;20;09,FM-15,343,48,54,310,18
USW00014763,2025;04;20;10,FM-15,343,51,43,290,11
USW00014763,2025;04;20;11,FM-15,343,52,40,310,20
USW00014763,2025;04;20;12,FM-15,343,53,38,340,14
USW00014763,2025;04;20;13,FM-15,343,54,35,300,14
USW00014763,2025;04;20;14,FM-15,343,53,35,320,7
USW00014763,2025;04;20;15,FM-15,343,54,34,280,11
USW00014763,2025;04;20;16,FM-15,343,53,35,310,13
USW00014763,2025;04;20;17,FM-15,343,51,36,300,10
USW00014763,2025;04;20;18,FM-15,343,49,41,290,11
USW00014763,2025;04;20;19,FM-15,343,46,46,280,7
USW00014763,2025;04;20;20,FM-15,343,44,51,270,5
USW00014763,2025;04;20;21,FM-15,343,44,51,VRB,5
USW00014763,2025;04;20;22,FM-15,343,42,58,250,8
USW00014763,2025;04;20;23,FM-15,343,38,70,240,5
USW00014763,2025;04;21;00,SOD,,,,,
USW00014763,2025;04;21;00,FM-15,343,36,76,250,3
USW00014763,2025;04;21;01,FM-15,343,32,85,270,5
USW00014763,2025;04;21;02,FM-15,343,31,85,20,3
USW00014763,2025;04;21;03,FM-15,343,33,82,0,0
USW00014763,2025;04;21;04,FM-15,343,30,88,0,0
USW00014763,2025;04;21;05,FM-15,343,32,85,0,0
USW00014763,2025;04;21;06,FM-15,343,38,65,0,0
USW00014763,2025;04;21;07,FM-15,343,44,53,360,3
USW00014763,2025;04;21;08,FM-15,343,49,35,0,0
USW00014763,2025;04;21;09,FM-15,343,53,28,200,10
USW00014763,2025;04;21;10,FM-15,343,53,28,VRB,8
USW00014763,2025;04;21;11,FM-15,343,53,31,VRB,7
USW00014763,2025;04;21;12,FM-15,343,52,32,140,8
USW00014763,2025;04;21;13,FM-15,343,53,31,VRB,5
USW00014763,2025;04;21;14,FM-15,343,55,29,VRB,7
USW00014763,2025;04;21;15,FM-15,343,55,30,160,6
USW00014763,2025;04;21;16,FM-15,343,54,33,VRB,13
USW00014763,2025;04;21;17,FM-15,343,52,35,180,10
USW00014763,2025;04;21;18,FM-15,343,52,35,0,0
USW00014763,2025;04;21;19,FM-15,343,51,36,VRB,6
USW00014763,2025;04;21;20,FM-16,343,50,41,VRB,8
USW00014763,2025;04;21;20,FM-15,343,50,44,70,3
USW00014763,2025;04;21;21,FM-15,343,49,56,VRB,10
USW00014763,2025;04;21;22,FM-15,343,47,74,200,7
USW00014763,2025;04;21;23,FM-16,343,48,74,0,0
USW00014763,2025;04;21;23,FM-16,343,47,80,VRB,3
USW00014763,2025;04;21;23,FM-15,343,47,90,200,5
USW00014763,2025;04;22;00,SOD,,,,,
USW00014763,2025;04;22;00,FM-16,343,47,86,210,7
USW00014763,2025;04;22;00,FM-16,343,47,90,200,10
USW00014763,2025;04;22;00,FM-16,343,46,93,VRB,3
USW00014763,2025;04;22;00,FM-15,343,46,93,VRB,3
USW00014763,2025;04;22;01,FM-15,343,47,93,0,0
USW00014763,2025;04;22;02,FM-16,343,47,93,0,0
USW00014763,2025;04;22;02,FM-15,343,47,93,0,0
USW00014763,2025;04;22;03,FM-16,343,46,93,360,3
USW00014763,2025;04;22;03,FM-16,343,46,93,340,3
USW00014763,2025;04;22;03,FM-15,343,46,96,0,0
USW00014763,2025;04;22;04,FM-15,343,46,96,0,0
USW00014763,2025;04;22;05,FM-15,343,47,97,0,0
USW00014763,2025;04;22;06,FM-15,343,48,96,0,0
USW00014763,2025;04;22;07,FM-16,343,50,96,130,3
USW00014763,2025;04;22;07,FM-16,343,50,96,120,5
USW00014763,2025;04;22;07,FM-16,343,50,94,0,0
USW00014763,2025;04;22;07,FM-15,343,50,96,0,0
USW00014763,2025;04;22;08,FM-15,343,54,90,0,0
USW00014763,2025;04;22;09,FM-16,343,55,87,0,0
USW00014763,2025;04;22;09,FM-16,343,57,81,290,3
USW00014763,2025;04;22;09,FM-16,343,61,72,280,8
USW00014763,2025;04;22;09,FM-15,343,59,72,320,8
USW00014763,2025;04;22;10,FM-16,343,63,59,300,11
USW00014763,2025;04;22;10,FM-15,343,61,63,290,10
USW00014763,2025;04;22;11,FM-15,343,62,60,VRB,10
USW00014763,2025;04;22;12,FM-15,343,66,49,280,10
USW00014763,2025;04;22;13,FM-15,343,70,39,240,10
USW00014763,2025;04;22;14,FM-15,343,70,35,250,16
USW00014763,2025;04;22;15,FM-15,343,70,34,290,11
USW00014763,2025;04;22;16,FM-15,343,66,39,300,14
USW00014763,2025;04;22;17,FM-15,343,63,43,300,6
USW00014763,2025;04;22;18,FM-15,343,59,48,310,6
USW00014763,2025;04;22;19,FM-15,343,56,49,290,5
USW00014763,2025;04;22;20,FM-15,343,55,49,290,6
USW00014763,2025;04;22;21,FM-15,343,52,50,310,8
USW00014763,2025;04;22;22,FM-15,343,50,54,320,5
USW00014763,2025;04;22;23,FM-15,343,48,58,310,7
USW00014763,2025;04;23;00,SOD,,,,,
USW00014763,2025;04;23;00,FM-15,343,48,56,300,8
USW00014763,2025;04;23;01,FM-15,343,45,61,280,5
USW00014763,2025;04;23;02,FM-15,343,44,63,VRB,3
USW00014763,2025;04;23;03,FM-15,343,42,71,0,0
USW00014763,2025;04;23;04,FM-15,343,42,65,210,3
USW00014763,2025;04;23;05,FM-15,343,43,65,190,6
USW00014763,2025;04;23;06,FM-15,343,46,58,60,3
USW00014763,2025;04;23;07,FM-15,343,49,48,270,13
USW00014763,2025;04;23;08,FM-15,343,52,43,VRB,3
USW00014763,2025;04;23;09,FM-15,343,55,37,290,16
USW00014763,2025;04;23;10,FM-15,343,58,35,VRB,7
USW00014763,2025;04;23;11,FM-15,343,60,32,290,7
USW00014763,2025;04;23;12,FM-15,343,63,31,270,15
USW00014763,2025;04;23;13,FM-15,343,65,31,310,15
USW00014763,2025;04;23;14,FM-15,343,65,31,310,16
USW00014763,2025;04;23;15,FM-15,343,65,33,290,14
USW00014763,2025;04;23;16,FM-15,343,64,34,300,20
USW00014763,2025;04;23;17,FM-15,343,62,37,290,18
USW00014763,2025;04;23;18,FM-15,343,60,39,290,14
USW00014763,2025;04;23;19,FM-15,343,57,44,290,7
USW00014763,2025;04;23;20,FM-15,343,54,49,250,3
USW00014763,2025;04;23;21,FM-15,343,54,49,0,0
USW00014763,2025;04;23;22,FM-15,343,50,61,0,0
USW00014763,2025;04;23;23,FM-15,343,46,66,0,0
USW00014763,2025;04;24;00,SOD,,,,,
USW00014763,2025;04;24;00,FM-15,343,44,73,0,0
USW00014763,2025;04;24;01,FM-15,343,42,82,0,0
USW00014763,2025;04;24;02,FM-15,343,41,86,0,0
USW00014763,2025;04;24;03,FM-15,343,41,86,0,0
USW00014763,2025;04;24;04,FM-15,343,42,79,140,5
USW00014763,2025;04;24;05,FM-15,343,42,82,0,0
USW00014763,2025;04;24;06,FM-15,343,46,73,0,0
USW00014763,2025;04;24;07,FM-15,343,48,71,0,0
USW00014763,2025;04;24;08,FM-15,343,56,49,30,6
USW00014763,2025;04;24;09,FM-15,343,60,39,200,7
USW00014763,2025;04;24;10,FM-15,343,65,37,VRB,10
USW00014763,2025;04;24;11,FM-15,343,67,36,VRB,7
USW00014763,2025;04;24;12,FM-15,343,70,34,200,9
USW00014763,2025;04;24;13,FM-15,343,74,32,190,10
USW00014763,2025;04;24;14,FM-15,343,74,32,230,7
USW00014763,2025;04;24;15,FM-15,343,74,31,220,6
USW00014763,2025;04;24;16,FM-15,343,74,32,250,8
USW00014763,2025;04;24;17,FM-15,343,72,35,VRB,8
USW00014763,2025;04;24;18,FM-15,343,68,47,220,8
USW00014763,2025;04;24;19,FM-15,343,65,54,210,5
USW00014763,2025;04;24;20,FM-15,343,58,75,300,3
USW00014763,2025;04;24;21,FM-15,343,55,80,VRB,3
USW00014763,2025;04;24;22,FM-15,343,56,84,150,6
USW00014763,2025;04;24;23,FM-15,343,53,93,0,0
USW00014763,2025;04;25;00,SOD,,,,,
USW00014763,2025;04;25;00,FM-15,343,53,93,0,0
USW00014763,2025;04;25;01,FM-15,343,53,93,120,6
USW00014763,2025;04;25;02,FM-15,343,53,89,0,0
USW00014763,2025;04;25;03,FM-15,343,54,83,0,0
USW00014763,2025;04;25;04,FM-15,343,53,89,360,3
USW00014763,2025;04;25;05,FM-15,343,52,89,0,0
USW00014763,2025;04;25;06,FM-15,343,55,87,0,0
USW00014763,2025;04;25;07,FM-15,343,59,72,0,0
USW00014763,2025;04;25;08,FM-15,343,66,47,VRB,5
USW00014763,2025;04;25;09,FM-15,343,70,41,120,3
USW00014763,2025;04;25;10,FM-15,343,72,37,240,5
USW00014763,2025;04;25;11,FM-15,343,74,32,0,0
USW00014763,2025;04;25;12,FM-15,343,76,30,VRB,9
USW00014763,2025;04;25;13,FM-15,343,76,27,230,13
USW00014763,2025;04;25;14,FM-15,343,75,26,230,10
USW00014763,2025;04;25;15,FM-15,343,74,27,200,6
USW00014763,2025;04;25;16,FM-15,343,74,31,180,9
USW00014763,2025;04;25;17,FM-15,343,72,35,180,6
USW00014763,2025;04;25;18,FM-15,343,70,39,190,9
USW00014763,2025;04;25;19,FM-15,343,67,49,170,14
USW00014763,2025;04;25;20,FM-15,343,65,49,170,18
USW00014763,2025;04;25;21,FM-15,343,64,46,170,13
USW00014763,2025;04;25;22,FM-15,343,59,62,VRB,3
USW00014763,2025;04;25;23,FM-15,343,60,65,180,10
USW00014763,2025;04;26;00,SOD,,,,,
USW00014763,2025;04;26;00,FM-15,343,58,78,VRB,10
USW00014763,2025;04;26;01,FM-15,343,56,90,VRB,6
USW00014763,2025;04;26;02,FM-15,343,57,90,VRB,3
USW00014763,2025;04;26;03,FM-15,343,56,90,150,8
USW00014763,2025;04;26;04,FM-16,343,56,93,160,8
USW00014763,2025;04;26;04,FM-16,343,56,93,150,5
USW00014763,2025;04;26;04,FM-16,343,56,93,150,7
USW00014763,2025;04;26;04,FM-15,343,56,90,140,10
USW00014763,2025;04;26;05,FM-15,343,57,93,190,8
USW00014763,2025;04;26;06,FM-16,343,57,93,VRB,8
USW00014763,2025;04;26;06,FM-16,343,58,90,180,9
USW00014763,2025;04;26;06,FM-15,343,58,93,160,11
USW00014763,2025;04;26;07,FM-15,343,60,90,180,11
USW00014763,2025;04;26;08,FM-16,343,60,93,180,9
USW00014763,2025;04;26;08,FM-15,343,60,93,180,15
USW00014763,2025;04;26;09,FM-16,343,61,90,190,13
USW00014763,2025;04;26;09,FM-16,343,61,88,200,9
USW00014763,2025;04;26;09,FM-15,343,62,90,200,8
USW00014763,2025;04;26;10,FM-16,343,62,90,210,9
USW00014763,2025;04;26;10,FM-16,343,62,90,210,11
USW00014763,2025;04;26;10,FM-16,343,63,88,220,9
USW00014763,2025;04;26;10,FM-15,343,62,90,220,9
USW00014763,2025;04;26;11,FM-16,343,63,90,220,10
USW00014763,2025;04;26;11,FM-15,343,63,90,210,10
USW00014763,2025;04;26;12,FM-16,343,63,90,200,9
USW00014763,2025;04;26;12,FM-16,343,63,90,200,10
USW00014763,2025;04;26;12,FM-16,343,63,90,210,9
USW00014763,2025;04;26;12,FM-15,343,63,90,210,11
USW00014763,2025;04;26;13,FM-16,343,64,90,220,11
USW00014763,2025;04;26;13,FM-16,343,64,88,220,9
USW00014763,2025;04;26;13,FM-15,343,64,90,230,8
USW00014763,2025;04;26;14,FM-16,343,65,90,230,10
USW00014763,2025;04;26;14,FM-16,343,65,90,220,9
USW00014763,2025;04;26;14,FM-16,343,67,81,260,7
USW00014763,2025;04;26;14,FM-15,343,67,79,250,10
USW00014763,2025;04;26;15,FM-16,343,66,83,160,8
USW00014763,2025;04;26;15,FM-15,343,66,84,VRB,8
USW00014763,2025;04;26;15,FM-16,343,64,84,280,31
USW00014763,2025;04;26;16,FM-16,343,58,90,300,24
USW00014763,2025;04;26;16,FM-16,343,58,90,300,26
USW00014763,2025;04;26;16,FM-16,343,58,87,300,22
USW00014763,2025;04;26;16,FM-16,343,58,87,300,21
USW00014763,2025;04;26;16,FM-16,343,55,94,300,14
USW00014763,2025;04;26;16,FM-16,343,55,94,300,11
USW00014763,2025;04;26;16,FM-15,343,56,87,VRB,15
USW00014763,2025;04;26;17,FM-15,343,52,86,VRB,7
USW00014763,2025;04;26;18,FM-15,343,49,86,VRB,5
USW00014763,2025;04;26;19,FM-16,343,48,86,VRB,14
USW00014763,2025;04;26;19,FM-15,343,48,80,310,16
USW00014763,2025;04;26;20,FM-16,343,46,83,300,14
USW00014763,2025;04;26;20,FM-15,343,47,80,290,14
USW00014763,2025;04;26;21,FM-16,343,47,80,290,13
USW00014763,2025;04;26;21,FM-16,343,46,79,300,14
USW00014763,2025;04;26;21,FM-15,343,45,83,310,17
USW00014763,2025;04;26;22,FM-16,343,44,83,320,9
USW00014763,2025;04;26;22,FM-15,343,43,82,300,13
USW00014763,2025;04;26;23,FM-15,343,42,79,300,10
USW00014763,2025;04;27;00,SOD,,,,,
USW00014763,2025;04;27;00,FM-16,343,41,79,VRB,11
USW00014763,2025;04;27;00,FM-15,343,41,79,270,11
USW00014763,2025;04;27;01,FM-15,343,41,79,290,10
USW00014763,2025;04;27;02,FM-16,343,40,83,290,11
USW00014763,2025;04;27;02,FM-16,343,40,83,270,13
USW00014763,2025;04;27;02,FM-15,343,39,86,270,9
USW00014763,2025;04;27;03,FM-16,343,40,79,280,13
USW00014763,2025;04;27;03,FM-15,343,39,82,270,10
USW00014763,2025;04;27;04,FM-15,343,39,76,290,16
USW00014763,2025;04;27;05,FM-15,343,39,76,290,18
USW00014763,2025;04;27;06,FM-15,343,39,79,290,16
USW00014763,2025;04;27;07,FM-15,343,39,82,300,9
USW00014763,2025;04;27;08,FM-15,343,41,82,270,20
USW00014763,2025;04;27;09,FM-15,343,42,76,260,15
USW00014763,2025;04;27;10,FM-15,343,44,71,290,11
USW00014763,2025;04;27;11,FM-15,343,45,68,300,15
USW00014763,2025;04;27;12,FM-16,343,46,63,300,20
USW00014763,2025;04;27;12,FM-15,343,47,56,310,17
USW00014763,2025;04;27;13,FM-15,343,49,55,300,15
USW00014763,2025;04;27;14,FM-15,343,44,68,VRB,15
USW00014763,2025;04;27;15,FM-16,343,43,71,310,13
USW00014763,2025;04;27;15,FM-16,343,46,61,340,8
USW00014763,2025;04;27;15,FM-15,343,48,58,330,16
USW00014763,2025;04;27;16,FM-15,343,48,63,VRB,6
USW00014763,2025;04;27;17,FM-15,343,48,61,350,9
USW00014763,2025;04;27;18,FM-15,343,47,63,0,0
USW00014763,2025;04;27;19,FM-15,343,44,68,270,5
USW00014763,2025;04;27;20,FM-15,343,45,68,250,9
USW00014763,2025;04;27;21,FM-15,343,45,66,260,8
USW00014763,2025;04;27;22,FM-15,343,42,71,270,7
USW00014763,2025;04;27;23,FM-15,343,43,68,0,0
USW00014763,2025;04;28;00,SOD,,,,,
USW00014763,2025;04;28;00,FM-15,343,44,65,220,3
USW00014763,2025;04;28;01,FM-15,343,43,65,260,7
USW00014763,2025;04;28;02,FM-15,343,43,60,260,6
USW00014763,2025;04;28;03,FM-15,343,38,76,0,0
USW00014763,2025;04;28;04,FM-15,343,35,82,0,0
USW00014763,2025;04;28;05,FM-15,343,41,76,230,6
USW00014763,2025;04;28;06,FM-15,343,50,52,0,0
USW00014763,2025;04;28;07,FM-15,343,54,45,240,6
USW00014763,2025;04;28;08,FM-15,343,58,41,300,8
USW00014763,2025;04;28;09,FM-15,343,61,35,340,7
USW00014763,2025;04;28;10,FM-15,343,64,26,360,13
USW00014763,2025;04;28;11,FM-15,343,67,23,330,11
USW00014763,2025;04;28;12,FM-15,343,68,21,VRB,7
USW00014763,2025;04;28;13,FM-15,343,68,22,300,5
USW00014763,2025;04;28;14,FM-15,343,68,23,VRB,5
USW00014763,2025;04;28;15,FM-15,343,69,22,250,9
USW00014763,2025;04;28;16,FM-15,343,69,22,280,8
USW00014763,2025;04;28;17,FM-15,343,67,20,240,3
USW00014763,2025;04;28;18,FM-15,343,59,36,0,0
USW00014763,2025;04;28;19,FM-15,343,54,45,0,0
USW00014763,2025;04;28;20,FM-15,343,53,51,0,0
USW00014763,2025;04;28;21,FM-15,343,49,52,0,0
USW00014763,2025;04;28;22,FM-15,343,45,71,0,0
USW00014763,2025;04;28;23,FM-15,343,45,68,0,0
USW00014763,2025;04;29;00,SOD,,,,,
USW00014763,2025;04;29;00,FM-15,343,42,76,0,0
USW00014763,2025;04;29;01,FM-15,343,41,79,30,5
USW00014763,2025;04;29;02,FM-15,343,40,86,0,0
USW00014763,2025;04;29;03,FM-15,343,39,86,360,5
USW00014763,2025;04;29;04,FM-15,343,39,86,0,0
USW00014763,2025;04;29;05,FM-15,343,42,82,VRB,3
USW00014763,2025;04;29;06,FM-15,343,51,61,VRB,5
USW00014763,2025;04;29;07,FM-15,343,62,38,230,7
USW00014763,2025;04;29;08,FM-15,343,66,36,220,11
USW00014763,2025;04;29;09,FM-15,343,69,35,240,15
USW00014763,2025;04;29;10,FM-15,343,72,31,220,11
USW00014763,2025;04;29;11,FM-15,343,75,31,200,16
USW00014763,2025;04;29;12,FM-15,343,77,29,220,15
USW00014763,2025;04;29;13,FM-15,343,77,32,200,10
USW00014763,2025;04;29;14,FM-15,343,79,31,200,13
USW00014763,2025;04;29;15,FM-15,343,77,33,190,15
USW00014763,2025;04;29;16,FM-15,343,75,37,190,14
USW00014763,2025;04;29;17,FM-15,343,74,38,180,11
USW00014763,2025;04;29;18,FM-15,343,71,41,180,14
USW00014763,2025;04;29;19,FM-15,343,70,44,190,13
USW00014763,2025;04;29;20,FM-15,343,70,47,240,13
USW00014763,2025;04;29;21,FM-16,343,69,59,290,15
USW00014763,2025;04;29;21,FM-15,343,63,90,0,0
USW00014763,2025;04;29;22,FM-15,343,61,90,0,0
USW00014763,2025;04;29;23,FM-15,343,63,81,240,8
USW00014763,2025;04;30;00,SOD,,,,,
USW00014763,2025;04;30;00,FM-15,343,63,81,230,11
USW00014763,2025;04;30;01,FM-16,343,63,84,250,10
USW00014763,2025;04;30;01,FM-16,343,63,73,290,20
USW00014763,2025;04;30;01,FM-15,343,62,73,300,18
USW00014763,2025;04;30;02,FM-16,343,59,72,290,17
USW00014763,2025;04;30;02,FM-15,343,56,75,310,20
USW00014763,2025;04;30;04,FM-15,343,47,71,290,15
USW00014763,2025;04;30;05,FM-16,343,45,77,VRB,13
USW00014763,2025;04;30;05,FM-15,343,45,77,300,16
USW00014763,2025;04;30;06,FM-15,343,45,77,270,11
USW00014763,2025;04;30;07,FM-15,343,46,73,270,13
USW00014763,2025;04;30;08,FM-15,343,50,66,290,14
USW00014763,2025;04;30;09,FM-16,343,54,58,290,10
USW00014763,2025;04;30;09,FM-15,343,54,59,310,13
USW00014763,2025;04;30;10,FM-16,343,54,59,300,17
USW00014763,2025;04;30;10,FM-15,343,56,53,VRB,11
USW00014763,2025;04;30;11,FM-15,343,56,51,320,14
USW00014763,2025;04;30;12,FM-15,343,58,48,300,13
USW00014763,2025;04;30;13,FM-15,343,58,44,300,10
USW00014763,2025;04;30;14,FM-15,343,59,39,VRB,9
USW00014763,2025;04;30;15,FM-15,343,59,39,290,11
USW00014763,2025;04;30;16,FM-15,343,59,38,VRB,7
USW00014763,2025;04;30;17,FM-15,343,57,41,300,11
USW00014763,2025;04;30;18,FM-15,343,53,47,280,9
USW00014763,2025;04;30;19,FM-15,343,51,50,260,5
USW00014763,2025;04;30;20,FM-15,343,50,52,320,3
USW00014763,2025;04;30;21,FM-15,343,48,56,140,3
USW00014763,2025;04;30;22,FM-15,343,48,56,0,0
USW00014763,2025;04;30;23,FM-15,343,45,63,300,6
USW00014763,2025;04;30;23,SOM,,,,,
USW00014763,2025;05;01;00,SOD,,,,,
USW00014763,2025;05;01;00,FM-15,343,45,63,240,7
USW00014763,2025;05;01;01,FM-15,343,45,61,230,5
USW00014763,2025;05;01;02,FM-15,343,44,65,0,0
USW00014763,2025;05;01;03,FM-15,343,41,73,0,0
USW00014763,2025;05;01;04,FM-15,343,39,86,0,0
USW00014763,2025;05;01;05,FM-15,343,43,80,0,0
USW00014763,2025;05;01;06,FM-15,343,46,71,0,0
USW00014763,2025;05;01;07,FM-15,343,52,57,0,0
USW00014763,2025;05;01;08,FM-15,343,56,39,170,5
USW00014763,2025;05;01;09,FM-15,343,59,39,240,11
USW00014763,2025;05;01;10,FM-15,343,61,31,250,9
USW00014763,2025;05;01;11,FM-15,343,65,29,250,7
USW00014763,2025;05;01;12,FM-15,343,67,30,140,6
USW00014763,2025;05;01;13,FM-15,343,68,27,VRB,3
USW00014763,2025;05;01;14,FM-15,343,70,25,VRB,9
USW00014763,2025;05;01;15,FM-15,343,71,27,170,8
USW00014763,2025;05;01;16,FM-15,343,70,28,190,11
USW00014763,2025;05;01;17,FM-15,343,68,31,200,9
USW00014763,2025;05;01;18,FM-15,343,65,31,180,8
USW00014763,2025;05;01;19,FM-15,343,63,30,VRB,7
USW00014763,2025;05;01;20,FM-15,343,59,33,150,7
USW00014763,2025;05;01;21,FM-15,343,57,36,130,10
USW00014763,2025;05;01;22,FM-16,343,57,37,0,0
USW00014763,2025;05;01;22,FM-15,343,56,40,0,0
USW00014763,2025;05;01;23,FM-15,343,56,46,30,3
USW00014763,2025;05;02;00,SOD,,,,,
USW00014763,2025;05;02;00,FM-15,343,56,40,80,5
USW00014763,2025;05;02;01,FM-15,343,56,53,VRB,3
USW00014763,2025;05;02;02,FM-15,343,55,77,180,7
USW00014763,2025;05;02;03,FM-15,343,54,87,0,0
USW00014763,2025;05;02;04,FM-16,343,54,83,VRB,6
USW00014763,2025;05;02;04,FM-15,343,52,93,120,5
USW00014763,2025;05;02;05,FM-16,343,52,93,130,5
USW00014763,2025;05;02;05,FM-16,343,53,93,VRB,3
USW00014763,2025;05;02;05,FM-15,343,53,96,0,0
USW00014763,2025;05;02;06,FM-16,343,53,96,130,7
USW00014763,2025;05;02;06,FM-16,343,54,93,120,6
USW00014763,2025;05;02;06,FM-16,343,53,96,0,0
USW00014763,2025;05;02;06,FM-16,343,54,93,VRB,3
USW00014763,2025;05;02;06,FM-15,343,54,93,100,3
USW00014763,2025;05;02;07,FM-16,343,55,93,150,5
USW00014763,2025;05;02;07,FM-15,343,55,93,VRB,5
USW00014763,2025;05;02;08,FM-15,343,58,87,0,0
USW00014763,2025;05;02;09,FM-16,343,61,81,0,0
USW00014763,2025;05;02;09,FM-15,343,63,76,VRB,5
USW00014763,2025;05;02;10,FM-16,343,64,75,0,0
USW00014763,2025;05;02;10,FM-15,343,69,63,230,8
USW00014763,2025;05;02;11,FM-15,343,72,57,VRB,5
USW00014763,2025;05;02;12,FM-15,343,76,45,290,15
USW00014763,2025;05;02;13,FM-15,343,77,43,270,14
USW00014763,2025;05;02;14,FM-15,343,75,48,200,9
USW00014763,2025;05;02;15,FM-15,343,76,45,240,10
USW00014763,2025;05;02;16,FM-15,343,73,57,0,0
USW00014763,2025;05;02;17,FM-15,343,73,53,230,3
USW00014763,2025;05;02;18,FM-15,343,69,61,0,0
USW00014763,2025;05;02;19,FM-15,343,65,68,0,0
USW00014763,2025;05;02;20,FM-15,343,63,76,0,0
USW00014763,2025;05;02;21,FM-15,343,62,78,0,0
USW00014763,2025;05;02;22,FM-15,343,60,86,300,16
USW00014763,2025;05;02;23,FM-15,343,58,90,70,3
USW00014763,2025;05;03;00,SOD,,,,,
USW00014763,2025;05;03;00,FM-15,343,57,90,0,0
USW00014763,2025;05;03;01,FM-15,343,59,90,220,3
USW00014763,2025;05;03;02,FM-15,343,57,96,0,0
USW00014763,2025;05;03;03,FM-16,343,56,97,120,3
USW00014763,2025;05;03;03,FM-16,343,55,100,0,0
USW00014763,2025;05;03;03,FM-15,343,55,96,0,0
USW00014763,2025;05;03;04,FM-16,343,54,97,0,0
USW00014763,2025;05;03;04,FM-16,343,55,100,230,3
USW00014763,2025;05;03;04,FM-16,343,55,93,0,0
USW00014763,2025;05;03;04,FM-15,343,54,97,0,0
USW00014763,2025;05;03;05,FM-16,343,55,100,10,3
USW00014763,2025;05;03;05,FM-16,343,55,100,10,3
USW00014763,2025;05;03;05,FM-15,343,56,97,0,0
USW00014763,2025;05;03;06,FM-16,343,57,100,0,0
USW00014763,2025;05;03;06,FM-15,343,57,100,0,0
USW00014763,2025;05;03;07,FM-16,343,57,100,0,0
USW00014763,2025;05;03;07,FM-16,343,58,97,0,0
USW00014763,2025;05;03;07,FM-16,343,58,97,0,0
USW00014763,2025;05;03;07,FM-16,343,59,96,0,0
USW00014763,2025;05;03;07,FM-16,343,59,96,0,0
USW00014763,2025;05;03;07,FM-15,343,60,96,0,0
USW00014763,2025;05;03;08,FM-16,343,61,93,0,0
USW00014763,2025;05;03;08,FM-15,343,67,79,240,6
USW00014763,2025;05;03;09,FM-15,343,71,61,VRB,3
USW00014763,2025;05;03;10,FM-15,343,74,57,VRB,3
USW00014763,2025;05;03;11,FM-15,343,76,56,240,10
USW00014763,2025;05;03;12,FM-16,343,72,64,260,10
USW00014763,2025;05;03;12,FM-16,343,72,65,270,25
USW00014763,2025;05;03;12,FM-15,343,67,76,300,22
USW00014763,2025;05;03;13,FM-16,343,64,87,280,15
USW00014763,2025;05;03;13,FM-16,343,66,87,270,7
USW00014763,2025;05;03;13,FM-16,343,66,87,300,11
USW00014763,2025;05;03;13,FM-15,343,64,84,280,7
USW00014763,2025;05;03;14,FM-16,343,62,86,260,9
USW00014763,2025;05;03;14,FM-16,343,61,87,270,9
USW00014763,2025;05;03;14,FM-16,343,61,87,320,5
USW00014763,2025;05;03;14,FM-16,343,61,87,280,7
USW00014763,2025;05;03;14,FM-15,343,60,90,300,6
USW00014763,2025;05;03;15,FM-16,343,61,90,350,3
USW00014763,2025;05;03;15,FM-15,343,65,81,330,6
USW00014763,2025;05;03;16,FM-15,343,66,73,320,7
USW00014763,2025;05;03;17,FM-15,343,63,81,0,0
USW00014763,2025;05;03;18,FM-15,343,60,90,150,3
USW00014763,2025;05;03;19,FM-15,343,59,93,0,0
USW00014763,2025;05;03;20,FM-16,343,58,93,0,0
USW00014763,2025;05;03;20,FM-16,343,57,96,0,0
USW00014763,2025;05;03;20,FM-16,343,57,96,0,0
USW00014763,2025;05;03;20,FM-16,343,57,96,0,0
USW00014763,2025;05;03;20,FM-15,343,57,96,0,0
USW00014763,2025;05;03;20,FM-16,343,57,96,0,0
USW00014763,2025;05;03;21,FM-16,343,56,97,0,0
USW00014763,2025;05;03;21,FM-16,343,56,100,0,0
USW00014763,2025;05;03;21,FM-16,343,56,100,0,0
USW00014763,2025;05;03;21,FM-16,343,55,100,0,0
USW00014763,2025;05;03;21,FM-15,343,56,100,0,0
USW00014763,2025;05;03;22,FM-16,343,57,100,0,0
USW00014763,2025;05;03;22,FM-16,343,57,100,0,0
USW00014763,2025;05;03;22,FM-16,343,57,100,0,0
USW00014763,2025;05;03;22,FM-16,343,56,100,0,0
USW00014763,2025;05;03;22,FM-16,343,56,100,0,0
USW00014763,2025;05;03;22,FM-16,343,56,100,0,0
USW00014763,2025;05;03;22,FM-15,343,56,100,0,0
USW00014763,2025;05;03;22,FM-16,343,57,93,0,0
USW00014763,2025;05;03;23,FM-16,343,57,100,20,3
USW00014763,2025;05;03;23,FM-16,343,57,100,10,5
USW00014763,2025;05;03;23,FM-16,343,57,96,10,3
USW00014763,2025;05;03;23,FM-16,343,57,100,0,0
USW00014763,2025;05;03;23,FM-16,343,57,100,0,0
USW00014763,2025;05;03;23,FM-15,343,57,100,0,0
USW00014763,2025;05;04;00,SOD,,,,,
USW00014763,2025;05;04;00,FM-16,343,57,100,0,0
USW00014763,2025;05;04;00,FM-16,343,57,96,0,0
USW00014763,2025;05;04;00,FM-16,343,57,100,0,0
USW00014763,2025;05;04;00,FM-16,343,57,100,0,0
USW00014763,2025;05;04;00,FM-15,343,57,100,0,0
USW00014763,2025;05;04;01,FM-16,343,57,100,50,3
USW00014763,2025;05;04;01,FM-16,343,57,100,350,3
USW00014763,2025;05;04;01,FM-16,343,57,100,0,0
USW00014763,2025;05;04;01,FM-15,343,57,100,0,0
USW00014763,2025;05;04;02,FM-16,343,57,96,110,5
USW00014763,2025;05;04;02,FM-16,343,57,100,10,3
USW00014763,2025;05;04;02,FM-16,343,57,100,0,0
USW00014763,2025;05;04;02,FM-16,343,57,100,0,0
USW00014763,2025;05;04;02,FM-15,343,57,100,0,0
USW00014763,2025;05;04;03,FM-15,343,57,100,0,0
USW00014763,2025;05;04;04,FM-15,343,58,97,0,0
USW00014763,2025;05;04;05,FM-16,343,58,97,0,0
USW00014763,2025;05;04;05,FM-16,343,58,97,0,0
USW00014763,2025;05;04;05,FM-16,343,57,100,0,0
USW00014763,2025;05;04;05,FM-15,343,58,100,0,0
USW00014763,2025;05;04;05,FM-16,343,58,100,0,0
USW00014763,2025;05;04;06,FM-15,343,60,96,40,3
USW00014763,2025;05;04;07,FM-16,343,60,96,0,0
USW00014763,2025;05;04;07,FM-16,343,61,94,50,3
USW00014763,2025;05;04;07,FM-15,343,61,93,0,0
USW00014763,2025;05;04;08,FM-16,343,62,90,0,0
USW00014763,2025;05;04;08,FM-15,343,62,93,0,0
USW00014763,2025;05;04;09,FM-16,343,62,90,0,0
USW00014763,2025;05;04;09,FM-16,343,63,87,0,0
USW00014763,2025;05;04;09,FM-15,343,63,84,0,0
USW00014763,2025;05;04;10,FM-15,343,63,90,0,0
USW00014763,2025;05;04;11,FM-16,343,63,87,0,0
USW00014763,2025;05;04;11,FM-16,343,63,87,0,0
USW00014763,2025;05;04;11,FM-16,343,63,87,0,0
USW00014763,2025;05;04;11,FM-15,343,63,90,0,0
USW00014763,2025;05;04;12,FM-16,343,64,87,0,0
USW00014763,2025;05;04;12,FM-16,343,64,87,0,0
USW00014763,2025;05;04;12,FM-15,343,65,84,30,3
USW00014763,2025;05;04;13,FM-16,343,66,84,330,5
USW00014763,2025;05;04;13,FM-16,343,66,83,350,3
USW00014763,2025;05;04;13,FM-15,343,66,81,0,0
USW00014763,2025;05;04;14,FM-16,343,65,87,0,0
USW00014763,2025;05;04;14,FM-15,343,64,93,0,0
USW00014763,2025;05;04;15,FM-16,343,64,90,100,3
USW00014763,2025;05;04;15,FM-16,343,64,93,80,5
USW00014763,2025;05;04;15,FM-16,343,63,97,120,5
USW00014763,2025;05;04;15,FM-15,343,64,87,220,8
USW00014763,2025;05;04;16,FM-16,343,64,87,200,5
USW00014763,2025;05;04;16,FM-16,343,64,90,0,0
USW00014763,2025;05;04;16,FM-16,343,64,90,60,3
USW00014763,2025;05;04;16,FM-15,343,63,93,70,3
USW00014763,2025;05;04;17,FM-16,343,63,97,60,3
USW00014763,2025;05;04;17,FM-16,343,63,93,110,5
USW00014763,2025;05;04;17,FM-16,343,63,90,VRB,8
USW00014763,2025;05;04;17,FM-16,343,63,94,130,6
USW00014763,2025;05;04;17,FM-15,343,63,90,130,6
USW00014763,2025;05;04;18,FM-16,343,62,93,130,6
USW00014763,2025;05;04;18,FM-15,343,62,93,140,7
USW00014763,2025;05;04;19,FM-16,343,62,93,140,7
USW00014763,2025;05;04;19,FM-16,343,61,97,VRB,5
USW00014763,2025;05;04;19,FM-15,343,61,97,60,3
USW00014763,2025;05;04;20,FM-16,343,61,97,0,0
USW00014763,2025;05;04;20,FM-16,343,61,97,70,3
USW00014763,2025;05;04;20,FM-16,343,61,97,120,3
USW00014763,2025;05;04;20,FM-16,343,61,97,110,3
USW00014763,2025;05;04;20,FM-15,343,61,97,60,3
USW00014763,2025;05;04;21,FM-16,343,60,93,40,8
USW00014763,2025;05;04;21,FM-15,343,59,93,40,7
USW00014763,2025;05;04;22,FM-16,343,59,93,20,6
USW00014763,2025;05;04;22,FM-16,343,58,97,20,5
USW00014763,2025;05;04;22,FM-16,343,58,97,30,6
USW00014763,2025;05;04;22,FM-15,343,58,97,30,6
USW00014763,2025;05;04;23,FM-16,343,58,97,30,6
USW00014763,2025;05;04;23,FM-15,343,58,93,40,8
USW00014763,2025;05;05;00,SOD,,,,,
USW00014763,2025;05;05;00,FM-16,343,58,93,50,7
USW00014763,2025;05;05;00,FM-16,343,57,96,50,9
USW00014763,2025;05;05;00,FM-15,343,57,96,60,8
USW00014763,2025;05;05;01,FM-16,343,57,93,60,7
USW00014763,2025;05;05;01,FM-16,343,56,97,50,6
USW00014763,2025;05;05;01,FM-16,343,56,97,60,5
USW00014763,2025;05;05;01,FM-16,343,55,100,70,5
USW00014763,2025;05;05;01,FM-15,343,56,97,70,3
USW00014763,2025;05;05;02,FM-16,343,56,97,70,3
USW00014763,2025;05;05;02,FM-16,343,56,97,70,5
USW00014763,2025;05;05;02,FM-16,343,56,97,60,7
USW00014763,2025;05;05;02,FM-16,343,55,94,60,7
USW00014763,2025;05;05;02,FM-15,343,56,93,60,7
USW00014763,2025;05;05;03,FM-16,343,55,96,0,0
USW00014763,2025;05;05;03,FM-15,343,56,93,0,0
USW00014763,2025;05;05;04,FM-15,343,55,96,60,5
USW00014763,2025;05;05;05,FM-16,343,55,96,60,5
USW00014763,2025;05;05;05,FM-16,343,55,96,70,3
USW00014763,2025;05;05;05,FM-16,343,55,96,0,0
USW00014763,2025;05;05;05,FM-16,343,55,96,60,5
USW00014763,2025;05;05;05,FM-16,343,56,93,50,5
USW00014763,2025;05;05;05,FM-15,343,56,93,50,5
USW00014763,2025;05;05;06,FM-16,343,56,93,60,7
USW00014763,2025;05;05;06,FM-16,343,56,93,60,8
USW00014763,2025;05;05;06,FM-15,343,56,93,70,5
USW00014763,2025;05;05;07,FM-15,343,57,93,70,3
USW00014763,2025;05;05;08,FM-15,343,57,90,80,7
USW00014763,2025;05;05;09,FM-16,343,57,93,,
USW00014763,2025;05;05;09,FM-16,343,57,93,80,6
USW00014763,2025;05;05;09,FM-16,343,57,93,90,3
USW00014763,2025;05;05;09,FM-16,343,57,93,90,3
USW00014763,2025;05;05;09,FM-15,343,57,90,90,8
USW00014763,2025;05;05;10,FM-15,343,57,90,70,8
USW00014763,2025;05;05;11,FM-16,343,57,87,70,10
USW00014763,2025;05;05;11,FM-16,343,57,88,VRB,7
USW00014763,2025;05;05;11,FM-15,343,57,87,VRB,7
USW00014763,2025;05;05;12,FM-15,343,56,90,50,7
USW00014763,2025;05;05;13,FM-15,343,56,87,60,10
USW00014763,2025;05;05;14,FM-15,343,56,87,70,10
USW00014763,2025;05;05;15,FM-15,343,55,90,VRB,7
USW00014763,2025;05;05;16,FM-15,343,54,90,70,8
USW00014763,2025;05;05;17,FM-15,343,54,90,50,8
USW00014763,2025;05;05;18,FM-15,343,53,93,70,7
USW00014763,2025;05;05;19,FM-16,343,54,94,70,9
USW00014763,2025;05;05;19,FM-15,343,54,90,60,11
USW00014763,2025;05;05;20,FM-16,343,54,90,60,11
USW00014763,2025;05;05;20,FM-16,343,54,90,60,9
USW00014763,2025;05;05;20,FM-16,343,54,90,60,8
USW00014763,2025;05;05;20,FM-15,343,54,90,60,7
USW00014763,2025;05;05;21,FM-16,343,54,90,30,6
USW00014763,2025;05;05;21,FM-16,343,53,93,50,9
USW00014763,2025;05;05;21,FM-15,343,53,93,40,7
USW00014763,2025;05;05;22,FM-16,343,53,93,20,9
USW00014763,2025;05;05;22,FM-15,343,54,90,20,3
USW00014763,2025;05;05;23,FM-15,343,55,93,VRB,8
USW00014763,2025;05;06;00,SOD,,,,,
USW00014763,2025;05;06;00,FM-15,343,54,97,350,6
USW00014763,2025;05;06;01,FM-15,343,55,93,30,6
USW00014763,2025;05;06;02,FM-16,343,55,93,70,6
USW00014763,2025;05;06;02,FM-15,343,54,97,90,5
USW00014763,2025;05;06;03,FM-16,343,55,88,70,10
USW00014763,2025;05;06;03,FM-15,343,55,90,100,5
USW00014763,2025;05;06;04,FM-16,343,55,90,VRB,3
USW00014763,2025;05;06;04,FM-15,343,54,93,90,6
USW00014763,2025;05;06;05,FM-16,343,55,94,60,5
USW00014763,2025;05;06;05,FM-15,343,55,93,70,5
USW00014763,2025;05;06;06,FM-16,343,55,93,50,7
USW00014763,2025;05;06;06,FM-16,343,55,93,VRB,7
USW00014763,2025;05;06;06,FM-16,343,55,93,0,0
USW00014763,2025;05;06;06,FM-16,343,55,94,0,0
USW00014763,2025;05;06;06,FM-15,343,56,93,VRB,3
USW00014763,2025;05;06;07,FM-16,343,57,90,50,3
USW00014763,2025;05;06;07,FM-16,343,57,90,VRB,5
USW00014763,2025;05;06;07,FM-16,343,57,88,110,9
USW00014763,2025;05;06;07,FM-15,343,57,90,120,8
USW00014763,2025;05;06;08,FM-16,343,59,93,110,6
USW00014763,2025;05;06;08,FM-15,343,59,93,100,5
USW00014763,2025;05;06;09,FM-15,343,61,87,110,8
USW00014763,2025;05;06;10,FM-16,343,60,90,130,8
USW00014763,2025;05;06;10,FM-16,343,61,88,120,10
USW00014763,2025;05;06;10,FM-15,343,61,87,120,11
USW00014763,2025;05;06;11,FM-15,343,61,87,110,10
USW00014763,2025;05;06;12,FM-16,343,60,90,120,10
USW00014763,2025;05;06;12,FM-15,343,61,90,110,7
USW00014763,2025;05;06;13,FM-16,343,64,88,VRB,6
USW00014763,2025;05;06;13,FM-16,343,64,88,90,6
USW00014763,2025;05;06;13,FM-15,343,64,84,110,7
USW00014763,2025;05;06;14,FM-16,343,64,84,120,8
USW00014763,2025;05;06;14,FM-15,343,64,84,130,6
USW00014763,2025;05;06;15,FM-16,343,63,87,0,0
USW00014763,2025;05;06;15,FM-15,343,64,78,140,14
USW00014763,2025;05;06;16,FM-16,343,65,76,VRB,10
USW00014763,2025;05;06;16,FM-15,343,64,78,140,13
USW00014763,2025;05;06;17,FM-15,343,62,80,120,7
USW00014763,2025;05;06;18,FM-15,343,61,84,,
USW00014763,2025;05;06;19,FM-16,343,62,80,120,9
USW00014763,2025;05;06;19,FM-16,343,62,80,140,11
USW00014763,2025;05;06;19,FM-15,343,61,87,,
USW00014763,2025;05;06;20,FM-16,343,61,84,140,14
USW00014763,2025;05;06;20,FM-16,343,61,84,130,8
USW00014763,2025;05;06;20,FM-15,343,61,84,130,9
USW00014763,2025;05;06;21,FM-15,343,60,84,120,9
USW00014763,2025;05;06;22,FM-16,343,58,84,170,9
USW00014763,2025;05;06;22,FM-15,343,58,87,140,7
USW00014763,2025;05;06;23,FM-15,343,58,87,180,8
USW00014763,2025;05;07;00,SOD,,,,,
USW00014763,2025;05;07;00,FM-15,343,57,87,190,9
USW00014763,2025;05;07;01,FM-15,343,55,87,220,7
USW00014763,2025;05;07;02,FM-15,343,52,89,250,3
USW00014763,2025;05;07;03,FM-16,343,53,89,220,6
USW00014763,2025;05;07;03,FM-15,343,53,89,210,6
USW00014763,2025;05;07;04,FM-16,343,53,89,210,5
USW00014763,2025;05;07;04,FM-16,343,53,89,210,7
USW00014763,2025;05;07;04,FM-16,343,54,88,220,6
USW00014763,2025;05;07;04,FM-15,343,53,89,230,5
USW00014763,2025;05;07;05,FM-15,343,54,87,0,0
USW00014763,2025;05;07;06,FM-15,343,55,83,240,8
USW00014763,2025;05;07;07,FM-15,343,57,78,0,0
USW00014763,2025;05;07;08,FM-16,343,61,72,,
USW00014763,2025;05;07;08,FM-16,343,61,72,160,7
USW00014763,2025;05;07;08,FM-15,343,61,70,170,9
USW00014763,2025;05;07;09,FM-15,343,63,63,210,14
USW00014763,2025;05;07;10,FM-15,343,63,58,200,10
USW00014763,2025;05;07;11,FM-15,343,64,56,230,7
USW00014763,2025;05;07;12,FM-15,343,63,58,240,8
USW00014763,2025;05;07;13,FM-15,343,62,62,260,14
USW00014763,2025;05;07;14,FM-15,343,62,62,290,14
USW00014763,2025;05;07;15,FM-15,343,64,63,260,9
USW00014763,2025;05;07;16,FM-15,343,63,63,290,9
USW00014763,2025;05;07;17,FM-15,343,62,67,260,11
USW00014763,2025;05;07;18,FM-16,343,61,72,260,7
USW00014763,2025;05;07;18,FM-15,343,61,70,260,10
USW00014763,2025;05;07;19,FM-15,343,60,75,280,6
USW00014763,2025;05;07;20,FM-16,343,57,82,290,7
USW00014763,2025;05;07;20,FM-15,343,58,81,280,6
USW00014763,2025;05;07;21,FM-16,343,58,84,270,9
USW00014763,2025;05;07;21,FM-16,343,57,88,280,7
USW00014763,2025;05;07;21,FM-15,343,58,84,290,6
USW00014763,2025;05;07;22,FM-16,343,58,84,270,8
USW00014763,2025;05;07;22,FM-15,343,58,84,0,0
USW00014763,2025;05;07;23,FM-16,343,57,87,VRB,3
USW00014763,2025;05;07;23,FM-15,343,57,87,250,5
USW00014763,2025;05;08;00,SOD,,,,,
USW00014763,2025;05;08;00,FM-16,343,57,87,270,8
USW00014763,2025;05;08;00,FM-15,343,57,87,260,8
USW00014763,2025;05;08;01,FM-16,343,57,87,270,6
USW00014763,2025;05;08;01,FM-16,223,57,87,290,6
USW00014763,2025;05;08;01,FM-15,343,57,87,270,5
USW00014763,2025;05;08;02,FM-15,343,56,90,290,5
USW00014763,2025;05;08;03,FM-16,343,57,87,240,5
USW00014763,2025;05;08;03,FM-15,343,57,87,250,6
USW00014763,2025;05;08;04,FM-16,343,53,93,290,3
USW00014763,2025;05;08;04,FM-15,343,53,93,0,0
USW00014763,2025;05;08;05,FM-16,343,54,90,0,0
USW00014763,2025;05;08;05,FM-15,343,54,93,180,5
USW00014763,2025;05;08;06,FM-16,343,57,90,0,0
USW00014763,2025;05;08;06,FM-15,343,58,84,0,0
USW00014763,2025;05;08;07,FM-16,343,59,78,0,0
USW00014763,2025;05;08;07,FM-15,343,61,72,VRB,6
USW00014763,2025;05;08;08,FM-15,343,65,66,280,9
USW00014763,2025;05;08;09,FM-15,343,67,59,VRB,6
USW00014763,2025;05;08;10,FM-15,343,66,61,290,13
USW00014763,2025;05;08;11,FM-15,343,69,59,310,11
USW00014763,2025;05;08;12,FM-15,343,67,66,310,9
USW00014763,2025;05;08;13,FM-15,343,66,63,300,15
USW00014763,2025;05;08;14,FM-15,343,63,68,290,9
USW00014763,2025;05;08;15,FM-15,343,61,70,300,11
USW00014763,2025;05;08;16,FM-15,343,59,72,VRB,8
USW00014763,2025;05;08;17,FM-15,343,57,72,320,11
USW00014763,2025;05;08;18,FM-15,343,55,74,VRB,3
USW00014763,2025;05;08;19,FM-15,343,54,77,300,6
USW00014763,2025;05;08;20,FM-15,343,54,77,350,5
USW00014763,2025;05;08;21,FM-15,343,53,80,20,3
USW00014763,2025;05;08;22,FM-16,343,54,82,320,3
USW00014763,2025;05;08;22,FM-15,343,53,83,300,6
USW00014763,2025;05;08;23,FM-16,343,51,89,310,3
USW00014763,2025;05;08;23,FM-15,343,50,93,0,0
USW00014763,2025;05;09;00,SOD,,,,,
USW00014763,2025;05;09;00,FM-16,343,50,93,0,0
USW00014763,2025;05;09;00,FM-16,343,52,88,20,5
USW00014763,2025;05;09;00,FM-15,343,51,92,20,3
USW00014763,2025;05;09;01,FM-16,343,51,92,0,0
USW00014763,2025;05;09;01,FM-15,343,51,89,0,0
USW00014763,2025;05;09;02,FM-16,343,51,86,350,3
USW00014763,2025;05;09;02,FM-15,343,51,86,20,6
USW00014763,2025;05;09;03,FM-16,343,50,93,0,0
USW00014763,2025;05;09;03,FM-15,343,50,93,40,5
USW00014763,2025;05;09;04,FM-15,343,50,96,0,0
USW00014763,2025;05;09;05,FM-16,343,50,96,0,0
USW00014763,2025;05;09;05,FM-16,343,50,96,0,0
USW00014763,2025;05;09;05,FM-16,343,50,96,0,0
USW00014763,2025;05;09;05,FM-15,343,51,96,0,0
USW00014763,2025;05;09;06,FM-16,343,51,96,0,0
USW00014763,2025;05;09;06,FM-16,343,51,92,0,0
USW00014763,2025;05;09;06,FM-16,343,51,92,30,5
USW00014763,2025;05;09;06,FM-16,343,51,96,20,5
USW00014763,2025;05;09;06,FM-16,343,51,96,20,3
USW00014763,2025;05;09;06,FM-16,343,52,94,40,5
USW00014763,2025;05;09;06,FM-15,343,51,96,30,5
USW00014763,2025;05;09;07,FM-16,343,51,96,40,6
USW00014763,2025;05;09;07,FM-16,343,51,96,30,5
USW00014763,2025;05;09;07,FM-16,343,51,96,20,5
USW00014763,2025;05;09;07,FM-16,343,51,96,20,5
USW00014763,2025;05;09;07,FM-15,343,52,93,40,6
USW00014763,2025;05;09;08,FM-16,343,52,93,30,6
USW00014763,2025;05;09;08,FM-15,343,52,97,50,8
USW00014763,2025;05;09;09,FM-15,343,53,93,60,6
USW00014763,2025;05;09;10,FM-16,343,54,94,60,7
USW00014763,2025;05;09;10,FM-15,343,53,93,60,7
USW00014763,2025;05;09;11,FM-16,343,53,93,60,7
USW00014763,2025;05;09;11,FM-15,343,52,93,50,7
USW00014763,2025;05;09;12,FM-16,343,52,93,50,6
USW00014763,2025;05;09;12,FM-16,343,52,89,40,7
USW00014763,2025;05;09;12,FM-16,343,51,92,40,8
USW00014763,2025;05;09;12,FM-16,343,52,88,50,13
USW00014763,2025;05;09;12,FM-15,343,51,89,50,9
USW00014763,2025;05;09;13,FM-16,343,51,89,60,9
USW00014763,2025;05;09;13,FM-15,343,51,89,50,9
USW00014763,2025;05;09;14,FM-16,343,50,89,70,7
USW00014763,2025;05;09;14,FM-16,343,50,94,VRB,5
USW00014763,2025;05;09;14,FM-15,343,50,93,70,7
USW00014763,2025;05;09;15,FM-15,343,49,86,80,7
USW00014763,2025;05;09;16,FM-15,343,48,86,50,9
USW00014763,2025;05;09;17,FM-16,343,47,90,30,6
USW00014763,2025;05;09;17,FM-16,343,47,93,60,8
USW00014763,2025;05;09;17,FM-16,343,46,93,50,8
USW00014763,2025;05;09;17,FM-15,343,47,93,50,7
USW00014763,2025;05;09;18,FM-16,343,47,93,60,8
USW00014763,2025;05;09;18,FM-16,343,47,90,50,10
USW00014763,2025;05;09;18,FM-15,343,47,90,50,10
USW00014763,2025;05;09;19,FM-15,343,47,90,50,9
USW00014763,2025;05;09;20,FM-16,343,47,90,50,7
USW00014763,2025;05;09;20,FM-15,343,47,90,VRB,6
USW00014763,2025;05;09;21,FM-16,343,46,93,10,3
USW00014763,2025;05;09;21,FM-16,343,46,96,10,6
USW00014763,2025;05;09;21,FM-15,343,46,96,360,5
USW00014763,2025;05;09;22,FM-16,343,46,93,350,3
USW00014763,2025;05;09;22,FM-16,343,46,93,20,5
USW00014763,2025;05;09;22,FM-15,343,46,93,10,6
USW00014763,2025;05;09;23,FM-16,343,46,93,360,5
USW00014763,2025;05;09;23,FM-16,343,46,93,330,3
USW00014763,2025;05;09;23,FM-16,343,46,93,360,5
USW00014763,2025;05;09;23,FM-16,343,46,96,330,3
USW00014763,2025;05;09;23,FM-16,343,46,93,360,5
USW00014763,2025;05;09;23,FM-16,343,46,93,340,3
USW00014763,2025;05;09;23,FM-15,343,46,96,340,3
USW00014763,2025;05;10;00,SOD,,,,,
USW00014763,2025;05;10;00,FM-16,343,46,96,350,3
USW00014763,2025;05;10;00,FM-16,343,46,96,0,0
USW00014763,2025;05;10;00,FM-16,343,46,96,0,0
USW00014763,2025;05;10;00,FM-16,343,46,93,0,0
USW00014763,2025;05;10;00,FM-15,343,46,96,0,0
USW00014763,2025;05;10;01,FM-16,343,46,96,10,3
USW00014763,2025;05;10;01,FM-16,343,46,93,0,0
USW00014763,2025;05;10;01,FM-15,343,46,96,0,0
USW00014763,2025;05;10;02,FM-16,343,46,96,0,0
USW00014763,2025;05;10;02,FM-16,343,46,93,0,0
USW00014763,2025;05;10;02,FM-15,343,46,93,0,0
USW00014763,2025;05;10;03,FM-16,343,46,93,290,6
USW00014763,2025;05;10;03,FM-16,343,46,93,320,3
USW00014763,2025;05;10;03,FM-15,343,46,93,320,3
USW00014763,2025;05;10;04,FM-16,343,46,93,300,8
USW00014763,2025;05;10;04,FM-16,343,46,93,310,7
USW00014763,2025;05;10;04,FM-15,343,46,93,310,8
USW00014763,2025;05;10;05,FM-16,343,46,93,300,8
USW00014763,2025;05;10;05,FM-15,343,46,93,300,9
USW00014763,2025;05;10;06,FM-16,343,46,93,300,9
USW00014763,2025;05;10;06,FM-16,343,46,93,280,10
USW00014763,2025;05;10;06,FM-15,343,46,93,290,8
USW00014763,2025;05;10;07,FM-16,343,47,93,290,10
USW00014763,2025;05;10;07,FM-16,343,46,93,290,15
USW00014763,2025;05;10;07,FM-15,343,47,90,290,11
USW00014763,2025;05;10;08,FM-15,343,47,90,300,9
USW00014763,2025;05;10;09,FM-16,343,47,93,290,11
USW00014763,2025;05;10;09,FM-16,343,48,93,290,14
USW00014763,2025;05;10;09,FM-16,343,48,89,290,13
USW00014763,2025;05;10;09,FM-16,343,48,94,290,16
USW00014763,2025;05;10;09,FM-15,343,49,86,300,14
USW00014763,2025;05;10;10,FM-16,343,49,86,300,17
USW00014763,2025;05;10;10,FM-15,343,50,83,310,15
USW00014763,2025;05;10;11,FM-15,343,52,80,300,17
USW00014763,2025;05;10;12,FM-16,343,53,74,310,15
USW00014763,2025;05;10;12,FM-15,343,55,72,300,14
USW00014763,2025;05;10;13,FM-16,343,56,70,VRB,11
USW00014763,2025;05;10;13,FM-15,343,59,64,310,13
USW00014763,2025;05;10;14,FM-15,343,62,56,310,13
USW00014763,2025;05;10;15,FM-15,343,61,58,280,8
USW00014763,2025;05;10;16,FM-15,343,64,40,VRB,13
USW00014763,2025;05;10;17,FM-15,343,62,37,300,8
USW00014763,2025;05;10;18,FM-15,343,58,42,230,3
USW00014763,2025;05;10;19,FM-15,343,54,49,240,5
USW00014763,2025;05;10;20,FM-15,343,53,52,230,6
USW00014763,2025;05;10;21,FM-15,343,52,53,240,5
USW00014763,2025;05;10;22,FM-15,343,50,59,0,0
USW00014763,2025;05;10;23,FM-15,343,43,86,0,0
USW00014763,2025;05;11;00,SOD,,,,,
USW00014763,2025;05;11;00,FM-15,343,44,83,270,3
USW00014763,2025;05;11;01,FM-15,343,42,89,0,0
USW00014763,2025;05;11;02,FM-15,343,40,93,140,3
USW00014763,2025;05;11;03,FM-15,343,42,85,0,0
USW00014763,2025;05;11;04,FM-15,343,43,82,160,3
USW00014763,2025;05;11;05,FM-15,343,48,77,140,5
USW00014763,2025;05;11;06,FM-15,343,52,64,330,7
USW00014763,2025;05;11;07,FM-15,343,53,61,330,9
USW00014763,2025;05;11;08,FM-15,343,56,55,VRB,11
USW00014763,2025;05;11;09,FM-15,343,58,46,VRB,8
USW00014763,2025;05;11;10,FM-15,343,59,38,360,13
USW00014763,2025;05;11;11,FM-15,343,60,32,350,9
USW00014763,2025;05;11;12,FM-15,343,61,35,290,13
USW00014763,2025;05;11;13,FM-15,343,63,33,310,13
USW00014763,2025;05;11;14,FM-15,343,65,28,340,7
USW00014763,2025;05;11;15,FM-15,343,65,26,340,9
USW00014763,2025;05;11;16,FM-15,343,65,21,VRB,5
USW00014763,2025;05;11;17,FM-15,343,63,24,330,8
USW00014763,2025;05;11;18,FM-15,343,58,32,0,0
USW00014763,2025;05;11;19,FM-15,343,50,50,0,0
USW00014763,2025;05;11;20,FM-15,343,47,59,0,0
USW00014763,2025;05;11;21,FM-15,343,46,61,0,0
USW00014763,2025;05;11;22,FM-15,343,43,76,0,0
USW00014763,2025;05;11;23,FM-15,343,40,86,320,3
USW00014763,2025;05;12;00,SOD,,,,,
USW00014763,2025;05;12;00,FM-15,343,39,86,130,3
USW00014763,2025;05;12;01,FM-15,343,38,86,0,0
USW00014763,2025;05;12;02,FM-15,343,38,86,0,0
USW00014763,2025;05;12;03,FM-15,343,35,93,0,0
USW00014763,2025;05;12;04,FM-15,343,36,89,0,0
USW00014763,2025;05;12;05,FM-15,343,41,86,0,0
USW00014763,2025;05;12;06,FM-15,343,46,73,0,0
USW00014763,2025;05;12;07,FM-15,343,53,51,0,0
USW00014763,2025;05;12;08,FM-15,343,61,26,170,11
USW00014763,2025;05;12;09,FM-15,343,63,28,VRB,9
USW00014763,2025;05;12;10,FM-15,343,66,26,230,14
USW00014763,2025;05;12;11,FM-15,343,68,30,200,11
USW00014763,2025;05;12;12,FM-15,343,71,30,220,9
USW00014763,2025;05;12;13,FM-15,343,72,30,210,13
USW00014763,2025;05;12;14,FM-15,343,73,32,200,8
USW00014763,2025;05;12;15,FM-15,343,74,32,230,8
USW00014763,2025;05;12;16,FM-15,343,73,33,220,11
USW00014763,2025;05;12;17,FM-15,343,71,35,200,8
USW00014763,2025;05;12;18,FM-15,343,69,36,230,8
USW00014763,2025;05;12;19,FM-15,343,68,38,220,8
USW00014763,2025;05;12;20,FM-15,343,66,43,230,8
USW00014763,2025;05;12;21,FM-15,343,65,49,240,9
USW00014763,2025;05;12;22,FM-15,343,60,60,70,3
USW00014763,2025;05;12;23,FM-15,343,57,64,0,0
USW00014763,2025;05;13;00,SOD,,,,,
USW00014763,2025;05;13;00,FM-15,343,56,72,0,0
USW00014763,2025;05;13;01,FM-15,343,53,83,0,0
USW00014763,2025;05;13;02,FM-15,343,52,83,270,3
USW00014763,2025;05;13;03,FM-15,343,52,86,0,0
USW00014763,2025;05;13;04,FM-15,343,51,86,0,0
USW00014763,2025;05;13;05,FM-15,343,52,86,0,0
USW00014763,2025;05;13;06,FM-15,343,59,69,0,0
USW00014763,2025;05;13;07,FM-15,343,65,42,80,9
USW00014763,2025;05;13;08,FM-15,343,67,37,VRB,8
USW00014763,2025;05;13;09,FM-15,343,69,38,VRB,10
USW00014763,2025;05;13;10,FM-15,343,71,36,130,13
USW00014763,2025;05;13;11,FM-15,343,72,38,140,10
USW00014763,2025;05;13;12,FM-15,343,74,33,130,11
USW00014763,2025;05;13;13,FM-15,343,72,37,VRB,14
USW00014763,2025;05;13;14,FM-15,343,71,41,130,13
USW00014763,2025;05;13;15,FM-15,343,71,41,110,8
USW00014763,2025;05;13;16,FM-15,343,69,41,130,10
USW00014763,2025;05;13;17,FM-15,343,67,42,140,9
USW00014763,2025;05;13;18,FM-15,343,63,47,120,3
USW00014763,2025;05;13;19,FM-15,343,59,54,120,3
USW00014763,2025;05;13;20,FM-15,343,59,49,110,7
USW00014763,2025;05;13;21,FM-15,343,57,55,150,6
USW00014763,2025;05;13;22,FM-16,343,58,53,80,3
USW00014763,2025;05;13;22,FM-15,343,59,49,110,5
USW00014763,2025;05;13;23,FM-16,343,58,56,70,5
USW00014763,2025;05;13;23,FM-15,343,57,55,60,5
USW00014763,2025;05;14;00,SOD,,,,,
USW00014763,2025;05;14;00,FM-16,343,57,60,60,3
USW00014763,2025;05;14;00,FM-16,343,57,63,0,0
USW00014763,2025;05;14;00,FM-15,343,57,62,0,0
USW00014763,2025;05;14;01,FM-16,343,58,75,140,6
USW00014763,2025;05;14;01,FM-15,343,58,78,130,6
USW00014763,2025;05;14;02,FM-15,343,57,74,70,3
USW00014763,2025;05;14;03,FM-15,343,56,77,40,5
USW00014763,2025;05;14;04,FM-16,343,56,70,80,3
USW00014763,2025;05;14;04,FM-15,343,56,70,90,3
USW00014763,2025;05;14;05,FM-16,343,57,72,110,7
USW00014763,2025;05;14;05,FM-15,343,57,72,VRB,5
USW00014763,2025;05;14;06,FM-15,343,59,72,70,6
USW00014763,2025;05;14;07,FM-15,343,59,78,90,6
USW00014763,2025;05;14;08,FM-16,343,59,75,60,6
USW00014763,2025;05;14;08,FM-15,343,62,70,140,5
USW00014763,2025;05;14;09,FM-16,343,63,73,140,10
USW00014763,2025;05;14;09,FM-15,343,63,70,130,14
USW00014763,2025;05;14;10,FM-16,343,64,68,80,8
USW00014763,2025;05;14;10,FM-15,343,64,70,100,8
USW00014763,2025;05;14;11,FM-15,343,65,73,140,10
USW00014763,2025;05;14;12,FM-15,343,65,73,160,14
USW00014763,2025;05;14;13,FM-16,343,65,73,150,13
USW00014763,2025;05;14;13,FM-15,343,66,70,VRB,9
USW00014763,2025;05;14;14,FM-15,343,67,66,140,15
USW00014763,2025;05;14;15,FM-15,343,68,63,VRB,6
USW00014763,2025;05;14;16,FM-15,343,69,57,120,11
USW00014763,2025;05;14;17,FM-15,343,67,61,130,13
USW00014763,2025;05;14;18,FM-15,343,66,63,130,6
USW00014763,2025;05;14;19,FM-15,343,64,70,120,6
USW00014763,2025;05;14;20,FM-16,343,64,73,140,13
USW00014763,2025;05;14;20,FM-16,343,64,73,140,9
USW00014763,2025;05;14;20,FM-15,343,64,73,130,7
USW00014763,2025;05;14;21,FM-16,343,64,73,120,8
USW00014763,2025;05;14;21,FM-16,343,64,75,120,8
USW00014763,2025;05;14;21,FM-16,343,63,77,VRB,6
USW00014763,2025;05;14;21,FM-15,343,63,78,80,5
USW00014763,2025;05;14;22,FM-15,343,63,81,120,11
USW00014763,2025;05;14;23,FM-16,343,61,90,110,8
USW00014763,2025;05;14;23,FM-15,343,61,90,VRB,3
USW00014763,2025;05;15;00,SOD,,,,,
USW00014763,2025;05;15;00,FM-16,343,61,90,110,6
USW00014763,2025;05;15;00,FM-15,343,61,90,90,6
USW00014763,2025;05;15;01,FM-15,343,61,90,50,3
USW00014763,2025;05;15;02,FM-16,343,61,90,VRB,3
USW00014763,2025;05;15;02,FM-15,343,61,90,VRB,3
USW00014763,2025;05;15;03,FM-15,343,60,93,60,6
USW00014763,2025;05;15;04,FM-15,343,60,93,40,7
USW00014763,2025;05;15;05,FM-15,343,61,90,60,7
USW00014763,2025;05;15;06,FM-15,343,62,90,60,6
USW00014763,2025;05;15;07,FM-16,343,64,83,VRB,6
USW00014763,2025;05;15;07,FM-15,343,65,81,VRB,5
USW00014763,2025;05;15;08,FM-15,343,65,84,160,7
USW00014763,2025;05;15;09,FM-15,343,67,81,80,3
USW00014763,2025;05;15;10,FM-16,343,68,78,50,6
USW00014763,2025;05;15;10,FM-15,343,72,71,130,7
USW00014763,2025;05;15;11,FM-15,343,72,68,170,7
USW00014763,2025;05;15;12,FM-16,343,73,66,160,6
USW00014763,2025;05;15;12,FM-15,343,74,64,190,9
USW00014763,2025;05;15;13,FM-15,343,74,62,170,6
USW00014763,2025;05;15;14,FM-15,343,74,57,VRB,7
USW00014763,2025;05;15;15,FM-16,343,77,56,VRB,14
USW00014763,2025;05;15;15,FM-16,343,73,64,180,15
USW00014763,2025;05;15;15,FM-15,343,71,68,VRB,8
USW00014763,2025;05;15;16,FM-16,343,70,73,140,11
USW00014763,2025;05;15;16,FM-16,343,72,68,140,14
USW00014763,2025;05;15;16,FM-15,343,72,68,160,8
USW00014763,2025;05;15;17,FM-15,343,70,76,130,10
USW00014763,2025;05;15;18,FM-15,343,68,81,0,0
USW00014763,2025;05;15;19,FM-16,343,66,87,0,0
USW00014763,2025;05;15;19,FM-16,343,66,88,0,0
USW00014763,2025;05;15;19,FM-15,343,66,87,0,0
USW00014763,2025;05;15;20,FM-16,343,66,87,170,7
USW00014763,2025;05;15;20,FM-15,343,66,87,0,0
USW00014763,2025;05;15;21,FM-15,343,65,90,0,0
USW00014763,2025;05;15;22,FM-16,343,64,90,160,5
USW00014763,2025;05;15;22,FM-15,343,64,90,0,0
USW00014763,2025;05;15;23,FM-15,343,65,87,200,7
USW00014763,2025;05;16;00,SOD,,,,,
USW00014763,2025;05;16;00,FM-15,343,64,90,190,3
USW00014763,2025;05;16;01,FM-16,343,64,90,170,3
USW00014763,2025;05;16;01,FM-15,343,64,90,VRB,7
USW00014763,2025;05;16;02,FM-15,343,64,90,230,6
USW00014763,2025;05;16;03,FM-15,343,64,90,0,0
USW00014763,2025;05;16;04,FM-16,343,63,94,0,0
USW00014763,2025;05;16;04,FM-15,343,63,93,0,0
USW00014763,2025;05;16;05,FM-15,343,64,87,200,3
USW00014763,2025;05;16;06,FM-15,343,65,84,0,0
USW00014763,2025;05;16;07,FM-16,343,66,81,0,0
USW00014763,2025;05;16;07,FM-16,343,68,78,VRB,3
USW00014763,2025;05;16;07,FM-15,343,67,79,240,3
USW00014763,2025;05;16;08,FM-16,343,70,73,0,0
USW00014763,2025;05;16;08,FM-16,343,70,73,VRB,6
USW00014763,2025;05;16;08,FM-15,343,71,73,VRB,3
USW00014763,2025;05;16;09,FM-15,343,71,71,250,5
USW00014763,2025;05;16;10,FM-15,343,74,67,0,0
USW00014763,2025;05;16;11,FM-15,343,75,60,170,10
USW00014763,2025;05;16;12,FM-15,343,76,58,250,13
USW00014763,2025;05;16;13,FM-15,343,76,60,220,9
USW00014763,2025;05;16;14,FM-15,343,77,58,200,10
USW00014763,2025;05;16;15,FM-15,343,77,60,240,8
USW00014763,2025;05;16;16,FM-15,343,77,56,210,7
USW00014763,2025;05;16;17,FM-15,343,74,64,170,9
USW00014763,2025;05;16;18,FM-15,343,71,66,160,3
USW00014763,2025;05;16;19,FM-15,343,70,71,190,6
USW00014763,2025;05;16;20,FM-15,343,68,78,VRB,5
USW00014763,2025;05;16;21,FM-15,343,66,84,0,0
USW00014763,2025;05;16;22,FM-15,343,65,90,0,0
USW00014763,2025;05;16;23,FM-16,343,65,90,120,6
USW00014763,2025;05;16;23,FM-15,343,67,87,VRB,7
USW00014763,2025;05;17;00,SOD,,,,,
USW00014763,2025;05;17;00,FM-16,343,67,87,0,0
USW00014763,2025;05;17;00,FM-15,343,65,93,120,3
USW00014763,2025;05;17;01,FM-15,343,65,93,0,0
USW00014763,2025;05;17;02,FM-15,343,64,93,130,5
USW00014763,2025;05;17;03,FM-16,343,65,90,170,3
USW00014763,2025;05;17;03,FM-15,343,65,93,160,7
USW00014763,2025;05;17;04,FM-15,343,64,93,0,0
USW00014763,2025;05;17;05,FM-16,343,64,93,0,0
USW00014763,2025;05;17;05,FM-16,343,65,93,120,6
USW00014763,2025;05;17;05,FM-15,343,65,93,100,5
USW00014763,2025;05;17;06,FM-15,343,67,87,0,0
USW00014763,2025;05;17;07,FM-16,343,67,84,200,7
USW00014763,2025;05;17;07,FM-15,343,68,84,VRB,5
USW00014763,2025;05;17;08,FM-16,343,69,78,180,10
USW00014763,2025;05;17;08,FM-16,343,69,76,VRB,3
USW00014763,2025;05;17;08,FM-15,343,70,73,VRB,6
USW00014763,2025;05;17;09,FM-16,343,69,76,200,9
USW00014763,2025;05;17;09,FM-15,343,69,78,180,8
USW00014763,2025;05;17;10,FM-16,343,71,76,210,8
USW00014763,2025;05;17;10,FM-15,343,72,71,200,14
USW00014763,2025;05;17;11,FM-15,343,76,64,VRB,13
USW00014763,2025;05;17;12,FM-15,343,77,56,180,11
USW00014763,2025;05;17;13,FM-15,343,79,49,200,15
USW00014763,2025;05;17;14,FM-15,343,77,56,190,9
USW00014763,2025;05;17;15,FM-15,343,70,76,180,9
USW00014763,2025;05;17;16,FM-16,343,70,82,170,7
USW00014763,2025;05;17;16,FM-16,343,70,79,160,7
USW00014763,2025;05;17;16,FM-16,343,70,82,260,3
USW00014763,2025;05;17;16,FM-15,343,69,84,330,6
USW00014763,2025;05;17;17,FM-16,343,68,87,,
USW00014763,2025;05;17;17,FM-16,343,63,87,270,21
USW00014763,2025;05;17;17,FM-16,343,60,86,150,9
USW00014763,2025;05;17;17,FM-16,343,60,86,150,8
USW00014763,2025;05;17;17,FM-16,343,61,93,0,0
USW00014763,2025;05;17;17,FM-15,343,63,84,310,9
USW00014763,2025;05;17;18,FM-16,343,61,81,320,10
USW00014763,2025;05;17;18,FM-16,343,61,84,310,11
USW00014763,2025;05;17;18,FM-15,343,61,87,0,0
USW00014763,2025;05;17;19,FM-16,343,61,87,VRB,3
USW00014763,2025;05;17;19,FM-16,343,61,87,240,5
USW00014763,2025;05;17;19,FM-16,343,60,86,280,13
USW00014763,2025;05;17;19,FM-16,343,60,86,280,15
USW00014763,2025;05;17;19,FM-15,343,60,84,300,17
USW00014763,2025;05;17;20,FM-15,343,58,90,310,7
USW00014763,2025;05;17;21,FM-15,343,58,90,240,6
USW00014763,2025;05;17;22,FM-15,343,57,87,270,7
USW00014763,2025;05;17;23,FM-15,343,55,90,250,7
USW00014763,2025;05;18;00,SOD,,,,,
USW00014763,2025;05;18;00,FM-15,343,56,87,260,6
USW00014763,2025;05;18;01,FM-15,343,56,84,260,9
USW00014763,2025;05;18;02,FM-15,343,55,80,280,11
USW00014763,2025;05;18;03,FM-15,343,54,80,270,10
USW00014763,2025;05;18;04,FM-15,343,54,80,270,5
USW00014763,2025;05;18;05,FM-15,343,54,83,230,7
USW00014763,2025;05;18;06,FM-16,343,54,80,220,6
USW00014763,2025;05;18;06,FM-15,343,54,80,210,8
USW00014763,2025;05;18;07,FM-16,343,54,80,210,5
USW00014763,2025;05;18;07,FM-16,343,54,80,210,6
USW00014763,2025;05;18;07,FM-16,343,54,80,220,6
USW00014763,2025;05;18;07,FM-16,343,54,80,VRB,7
USW00014763,2025;05;18;07,FM-16,343,54,80,220,6
USW00014763,2025;05;18;07,FM-15,343,54,80,230,8
USW00014763,2025;05;18;08,FM-16,343,54,80,210,6
USW00014763,2025;05;18;08,FM-15,343,55,80,220,9
USW00014763,2025;05;18;09,FM-15,343,55,83,240,9
USW00014763,2025;05;18;10,FM-15,343,56,77,240,8
USW00014763,2025;05;18;11,FM-15,343,56,84,240,14
USW00014763,2025;05;18;12,FM-15,343,56,84,260,9
USW00014763,2025;05;18;13,FM-15,343,57,83,300,9
USW00014763,2025;05;18;14,FM-15,343,57,87,260,10
USW00014763,2025;05;18;15,FM-16,343,57,87,290,11
USW00014763,2025;05;18;15,FM-15,343,57,81,290,13
USW00014763,2025;05;18;16,FM-15,343,56,84,290,13
USW00014763,2025;05;18;17,FM-15,343,55,80,290,17
USW00014763,2025;05;18;18,FM-15,343,55,77,300,15
USW00014763,2025;05;18;19,FM-15,343,53,83,290,15
USW00014763,2025;05;18;20,FM-15,343,52,83,300,16
USW00014763,2025;05;18;21,FM-16,343,51,86,290,17
USW00014763,2025;05;18;21,FM-16,343,50,86,280,20
USW00014763,2025;05;18;21,FM-15,343,50,83,280,16
USW00014763,2025;05;18;22,FM-16,343,49,83,300,9
USW00014763,2025;05;18;22,FM-16,343,49,83,300,14
USW00014763,2025;05;18;22,FM-15,343,49,80,300,18
USW00014763,2025;05;18;23,FM-15,343,47,86,300,11
USW00014763,2025;05;19;00,SOD,,,,,
USW00014763,2025;05;19;00,FM-16,343,47,83,290,11
USW00014763,2025;05;19;00,FM-15,343,47,80,300,15
USW00014763,2025;05;19;01,FM-16,343,47,80,VRB,13
USW00014763,2025;05;19;01,FM-15,343,46,83,290,8
USW00014763,2025;05;19;02,FM-16,343,46,83,290,10
USW00014763,2025;05;19;02,FM-15,343,46,79,290,11
USW00014763,2025;05;19;03,FM-16,343,46,79,290,9
USW00014763,2025;05;19;03,FM-16,343,45,83,290,8
USW00014763,2025;05;19;03,FM-15,343,45,83,270,10
USW00014763,2025;05;19;04,FM-15,343,44,85,290,13
USW00014763,2025;05;19;05,FM-16,343,44,85,VRB,11
USW00014763,2025;05;19;05,FM-15,343,44,89,290,11
USW00014763,2025;05;19;06,FM-15,343,43,89,VRB,9
USW00014763,2025;05;19;07,FM-16,343,44,85,300,16
USW00014763,2025;05;19;07,FM-15,343,45,83,300,9
USW00014763,2025;05;19;08,FM-16,343,46,76,VRB,11
USW00014763,2025;05;19;08,FM-15,343,47,77,VRB,10
USW00014763,2025;05;19;09,FM-15,343,49,69,310,11
USW00014763,2025;05;19;10,FM-15,343,50,66,310,13
USW00014763,2025;05;19;11,FM-16,343,51,64,280,16
USW00014763,2025;05;19;11,FM-15,343,51,64,300,16
USW00014763,2025;05;19;12,FM-16,343,52,64,290,15
USW00014763,2025;05;19;12,FM-16,343,52,61,290,15
USW00014763,2025;05;19;12,FM-15,343,53,59,300,20
USW00014763,2025;05;19;13,FM-15,343,52,64,VRB,10
USW00014763,2025;05;19;14,FM-15,343,50,66,300,16
USW00014763,2025;05;19;15,FM-15,343,50,66,290,9
USW00014763,2025;05;19;16,FM-15,343,49,69,300,9
USW00014763,2025;05;19;17,FM-15,343,48,66,330,16
USW00014763,2025;05;19;18,FM-15,343,46,71,310,14
USW00014763,2025;05;19;19,FM-15,343,44,76,320,14
USW00014763,2025;05;19;20,FM-15,343,44,73,320,7
USW00014763,2025;05;19;21,FM-15,343,44,71,300,5
USW00014763,2025;05;19;22,FM-15,343,44,71,320,11
USW00014763,2025;05;19;23,FM-16,343,43,76,320,11
USW00014763,2025;05;19;23,FM-15,343,43,74,330,8
USW00014763,2025;05;20;00,SOD,,,,,
USW00014763,2025;05;20;00,FM-16,343,43,74,320,9
USW00014763,2025;05;20;00,FM-15,343,43,74,330,14
USW00014763,2025;05;20;01,FM-15,343,42,76,330,6
USW00014763,2025;05;20;02,FM-15,343,42,76,VRB,6
USW00014763,2025;05;20;03,FM-15,343,42,76,330,9
USW00014763,2025;05;20;04,FM-15,343,42,76,320,9
USW00014763,2025;05;20;05,FM-15,343,42,76,330,10
USW00014763,2025;05;20;06,FM-15,343,43,74,340,11
USW00014763,2025;05;20;07,FM-15,343,44,73,VRB,10
USW00014763,2025;05;20;08,FM-15,343,45,71,310,13
USW00014763,2025;05;20;09,FM-15,343,47,69,330,9
USW00014763,2025;05;20;10,FM-15,343,49,66,320,11
USW00014763,2025;05;20;11,FM-15,343,50,63,340,9
USW00014763,2025;05;20;12,FM-16,343,52,62,VRB,10
USW00014763,2025;05;20;12,FM-15,343,52,61,10,11
USW00014763,2025;05;20;13,FM-15,343,52,61,320,11
USW00014763,2025;05;20;14,FM-15,343,54,59,VRB,5
USW00014763,2025;05;20;15,FM-15,343,54,59,360,7
USW00014763,2025;05;20;16,FM-15,343,53,64,30,9
USW00014763,2025;05;20;17,FM-15,343,52,66,30,9
USW00014763,2025;05;20;18,FM-15,343,51,69,20,5
USW00014763,2025;05;20;19,FM-15,343,50,71,30,5
USW00014763,2025;05;20;20,FM-15,343,49,77,30,3
USW00014763,2025;05;20;21,FM-15,343,49,77,0,0
USW00014763,2025;05;20;22,FM-16,343,49,77,70,5
USW00014763,2025;05;20;22,FM-15,343,49,77,70,6
USW00014763,2025;05;20;23,FM-16,343,48,82,110,3
USW00014763,2025;05;20;23,FM-15,343,49,80,110,5
USW00014763,2025;05;21;00,SOD,,,,,
USW00014763,2025;05;21;00,FM-15,343,48,86,0,0
USW00014763,2025;05;21;01,FM-15,343,47,90,80,3
USW00014763,2025;05;21;02,FM-16,343,47,93,110,6
USW00014763,2025;05;21;02,FM-16,343,47,93,120,5
USW00014763,2025;05;21;02,FM-16,343,47,93,120,5
USW00014763,2025;05;21;02,FM-15,343,47,93,110,7
USW00014763,2025;05;21;03,FM-16,343,47,90,110,7
USW00014763,2025;05;21;03,FM-16,343,47,90,110,7
USW00014763,2025;05;21;03,FM-16,343,47,90,130,9
USW00014763,2025;05;21;03,FM-15,343,47,86,0,0
USW00014763,2025;05;21;04,FM-16,343,46,93,0,0
USW00014763,2025;05;21;04,FM-15,343,46,93,70,5
USW00014763,2025;05;21;05,FM-15,343,47,86,0,0
USW00014763,2025;05;21;06,FM-16,343,48,83,VRB,5
USW00014763,2025;05;21;06,FM-15,343,48,83,100,3
USW00014763,2025;05;21;07,FM-15,343,48,80,100,7
USW00014763,2025;05;21;08,FM-15,343,48,77,120,9
USW00014763,2025;05;21;09,FM-16,343,47,83,110,9
USW00014763,2025;05;21;09,FM-15,343,48,83,120,9
USW00014763,2025;05;21;10,FM-16,343,49,80,VRB,7
USW00014763,2025;05;21;10,FM-16,343,49,77,120,8
USW00014763,2025;05;21;10,FM-16,343,48,80,VRB,6
USW00014763,2025;05;21;10,FM-15,343,48,77,110,10
USW00014763,2025;05;21;11,FM-15,343,48,77,120,10
USW00014763,2025;05;21;12,FM-15,343,49,71,120,7
USW00014763,2025;05;21;13,FM-15,343,46,77,110,10
USW00014763,2025;05;21;14,FM-15,343,46,73,110,11
USW00014763,2025;05;21;15,FM-15,343,46,73,110,9
USW00014763,2025;05;21;16,FM-15,343,44,85,80,5
USW00014763,2025;05;21;17,FM-15,343,44,85,80,6
USW00014763,2025;05;21;18,FM-15,343,44,83,110,8
USW00014763,2025;05;21;19,FM-16,343,44,83,110,10
USW00014763,2025;05;21;19,FM-15,343,44,79,110,11
USW00014763,2025;05;21;20,FM-16,343,43,82,110,9
USW00014763,2025;05;21;20,FM-16,343,43,82,100,9
USW00014763,2025;05;21;20,FM-16,343,43,87,90,8
USW00014763,2025;05;21;20,FM-15,343,42,89,110,7
USW00014763,2025;05;21;21,FM-16,343,42,89,VRB,8
USW00014763,2025;05;21;21,FM-15,343,42,89,100,8
USW00014763,2025;05;21;22,FM-16,343,42,89,VRB,7
USW00014763,2025;05;21;22,FM-15,343,42,89,90,5
USW00014763,2025;05;21;23,FM-15,343,42,89,90,7
USW00014763,2025;05;22;00,SOD,,,,,
USW00014763,2025;05;22;00,FM-15,343,42,89,90,7
USW00014763,2025;05;22;01,FM-16,343,42,89,80,8
USW00014763,2025;05;22;01,FM-15,343,42,89,80,8
USW00014763,2025;05;22;02,FM-16,343,42,89,VRB,8
USW00014763,2025;05;22;02,FM-15,343,42,89,80,8
USW00014763,2025;05;22;03,FM-16,343,43,87,70,7
USW00014763,2025;05;22;03,FM-15,343,42,85,80,10
USW00014763,2025;05;22;04,FM-16,343,42,85,110,9
USW00014763,2025;05;22;04,FM-15,343,43,82,VRB,5
USW00014763,2025;05;22;05,FM-16,343,42,89,90,8
USW00014763,2025;05;22;05,FM-15,343,42,89,70,8
USW00014763,2025;05;22;06,FM-16,343,42,89,80,9
USW00014763,2025;05;22;06,FM-16,343,43,86,VRB,7
USW00014763,2025;05;22;06,FM-15,343,43,86,90,6
USW00014763,2025;05;22;07,FM-16,343,43,86,90,6
USW00014763,2025;05;22;07,FM-15,343,43,86,VRB,9
USW00014763,2025;05;22;08,FM-15,343,43,86,70,8
USW00014763,2025;05;22;09,FM-15,343,44,85,VRB,7
USW00014763,2025;05;22;10,FM-16,343,44,83,70,8
USW00014763,2025;05;22;10,FM-15,343,45,83,70,7
USW00014763,2025;05;22;11,FM-15,343,45,80,60,13
USW00014763,2025;05;22;12,FM-15,343,45,80,70,11
USW00014763,2025;05;22;13,FM-15,343,44,85,70,10
USW00014763,2025;05;22;14,FM-15,343,44,85,70,10
USW00014763,2025;05;22;15,FM-16,343,44,85,60,11
USW00014763,2025;05;22;15,FM-16,343,45,81,60,13
USW00014763,2025;05;22;15,FM-15,343,44,85,60,9
USW00014763,2025;05;22;16,FM-15,343,43,86,60,9
USW00014763,2025;05;22;17,FM-15,343,42,85,70,13
USW00014763,2025;05;22;18,FM-15,343,42,85,80,9
USW00014763,2025;05;22;19,FM-15,343,41,89,60,9
USW00014763,2025;05;22;20,FM-16,343,40,93,70,5
USW00014763,2025;05;22;20,FM-16,343,40,97,70,3
USW00014763,2025;05;22;20,FM-16,343,40,97,0,0
USW00014763,2025;05;22;20,FM-16,343,40,93,40,8
USW00014763,2025;05;22;20,FM-15,343,41,89,40,5
USW00014763,2025;05;22;21,FM-15,343,41,89,30,7
USW00014763,2025;05;22;22,FM-16,343,41,89,20,6
USW00014763,2025;05;22;22,FM-15,343,41,89,20,7
USW00014763,2025;05;22;23,FM-15,343,41,89,30,5
USW00014763,2025;05;23;00,SOD,,,,,
USW00014763,2025;05;23;00,FM-15,343,41,89,0,0
USW00014763,2025;05;23;01,FM-16,343,41,89,0,0
USW00014763,2025;05;23;01,FM-15,343,41,93,0,0
USW00014763,2025;05;23;02,FM-15,343,41,93,0,0
USW00014763,2025;05;23;03,FM-16,343,41,93,250,3
USW00014763,2025;05;23;03,FM-15,343,41,93,250,3
USW00014763,2025;05;23;04,FM-15,343,41,93,250,3
USW00014763,2025;05;23;05,FM-15,343,42,89,270,5
USW00014763,2025;05;23;06,FM-16,343,42,92,280,5
USW00014763,2025;05;23;06,FM-15,343,44,85,0,0
USW00014763,2025;05;23;07,FM-16,343,44,83,260,3
USW00014763,2025;05;23;07,FM-16,343,45,86,VRB,3
USW00014763,2025;05;23;07,FM-16,343,46,82,0,0
USW00014763,2025;05;23;07,FM-15,343,46,83,VRB,3
USW00014763,2025;05;23;08,FM-16,343,46,83,260,3
USW00014763,2025;05;23;08,FM-15,343,47,80,230,6
USW00014763,2025;05;23;09,FM-16,343,46,86,240,3
USW00014763,2025;05;23;09,FM-15,343,47,83,0,0
USW00014763,2025;05;23;10,FM-15,343,48,83,170,5
USW00014763,2025;05;23;11,FM-16,343,48,80,160,5
USW00014763,2025;05;23;11,FM-16,343,48,83,200,5
USW00014763,2025;05;23;11,FM-15,343,48,80,210,6
USW00014763,2025;05;23;12,FM-16,343,48,86,240,8
USW00014763,2025;05;23;12,FM-16,343,46,93,240,8
USW00014763,2025;05;23;12,FM-16,343,46,93,VRB,8
USW00014763,2025;05;23;12,FM-15,343,48,86,230,7
USW00014763,2025;05;23;13,FM-16,343,48,86,230,9
USW00014763,2025;05;23;13,FM-15,343,48,89,240,7
USW00014763,2025;05;23;14,FM-16,343,48,89,200,7
USW00014763,2025;05;23;14,FM-16,343,48,94,220,6
USW00014763,2025;05;23;14,FM-15,343,49,90,220,6
USW00014763,2025;05;23;15,FM-16,343,50,86,230,6
USW00014763,2025;05;23;15,FM-16,343,50,86,220,5
USW00014763,2025;05;23;15,FM-16,343,50,89,210,5
USW00014763,2025;05;23;15,FM-15,343,49,90,220,7
USW00014763,2025;05;23;16,FM-15,343,49,90,240,9
USW00014763,2025;05;23;17,FM-15,343,49,86,280,8
USW00014763,2025;05;23;18,FM-16,343,48,87,280,7
USW00014763,2025;05;23;18,FM-15,343,48,89,290,6
USW00014763,2025;05;23;19,FM-15,343,48,86,280,6
USW00014763,2025;05;23;20,FM-15,343,47,90,290,8
USW00014763,2025;05;23;21,FM-16,343,47,90,280,8
USW00014763,2025;05;23;21,FM-16,343,47,90,270,6
USW00014763,2025;05;23;21,FM-15,343,47,90,270,11
USW00014763,2025;05;23;22,FM-15,343,47,90,270,10
USW00014763,2025;05;23;23,FM-16,343,47,90,280,8
USW00014763,2025;05;23;23,FM-15,343,46,93,280,5
USW00014763,2025;05;24;00,SOD,,,,,
USW00014763,2025;05;24;00,FM-16,343,46,93,290,7
USW00014763,2025;05;24;00,FM-16,343,46,93,270,8
USW00014763,2025;05;24;00,FM-16,343,47,90,260,8
USW00014763,2025;05;24;00,FM-15,343,47,90,260,8
USW00014763,2025;05;24;01,FM-16,343,46,87,250,9
USW00014763,2025;05;24;01,FM-15,343,47,86,250,10
USW00014763,2025;05;24;02,FM-16,343,47,86,250,7
USW00014763,2025;05;24;02,FM-15,343,47,86,260,9
USW00014763,2025;05;24;03,FM-15,343,46,86,270,8
USW00014763,2025;05;24;04,FM-15,343,46,86,260,10
USW00014763,2025;05;24;05,FM-15,343,46,89,240,9
USW00014763,2025;05;24;06,FM-16,343,46,89,240,8
USW00014763,2025;05;24;06,FM-15,343,47,90,260,9
USW00014763,2025;05;24;07,FM-15,343,48,86,280,11
USW00014763,2025;05;24;08,FM-16,343,48,86,280,13
USW00014763,2025;05;24;08,FM-16,343,49,86,270,15
USW00014763,2025;05;24;08,FM-15,343,50,80,300,14
USW00014763,2025;05;24;09,FM-16,343,50,80,290,11
USW00014763,2025;05;24;09,FM-15,343,53,77,280,13
USW00014763,2025;05;24;10,FM-16,343,50,80,280,9
USW00014763,2025;05;24;10,FM-15,343,53,72,270,15
USW00014763,2025;05;24;11,FM-16,343,52,69,280,15
USW00014763,2025;05;24;11,FM-16,343,51,71,270,15
USW00014763,2025;05;24;11,FM-15,343,52,69,290,10
USW00014763,2025;05;24;12,FM-15,343,52,75,300,10
USW00014763,2025;05;24;13,FM-15,343,57,62,300,10
USW00014763,2025;05;24;14,FM-15,343,56,60,310,8
USW00014763,2025;05;24;15,FM-15,343,54,67,330,14
USW00014763,2025;05;24;16,FM-15,343,52,77,310,11
USW00014763,2025;05;24;17,FM-16,343,54,72,280,13
USW00014763,2025;05;24;17,FM-15,343,53,72,290,10
USW00014763,2025;05;24;18,FM-16,343,52,72,VRB,10
USW00014763,2025;05;24;18,FM-16,343,51,74,300,9
USW00014763,2025;05;24;18,FM-15,343,51,74,310,10
USW00014763,2025;05;24;19,FM-15,343,50,74,280,10
USW00014763,2025;05;24;20,FM-15,343,48,80,280,7
USW00014763,2025;05;24;21,FM-16,343,49,77,290,6
USW00014763,2025;05;24;21,FM-16,343,49,77,270,7
USW00014763,2025;05;24;21,FM-15,343,48,80,250,6
USW00014763,2025;05;24;22,FM-16,343,48,80,260,8
USW00014763,2025;05;24;22,FM-16,343,49,80,260,8
USW00014763,2025;05;24;22,FM-15,343,49,77,270,11
USW00014763,2025;05;24;23,FM-15,343,48,83,270,9
USW00014763,2025;05;25;00,SOD,,,,,
USW00014763,2025;05;25;00,FM-16,343,48,83,270,6
USW00014763,2025;05;25;00,FM-16,343,48,82,290,13
USW00014763,2025;05;25;00,FM-15,343,48,83,290,10
USW00014763,2025;05;25;01,FM-16,343,46,87,280,8
USW00014763,2025;05;25;01,FM-15,343,47,83,290,8
USW00014763,2025;05;25;02,FM-15,343,47,86,280,7
USW00014763,2025;05;25;03,FM-15,343,46,89,300,10
USW00014763,2025;05;25;04,FM-16,343,46,93,300,9
USW00014763,2025;05;25;04,FM-15,343,46,93,300,13
USW00014763,2025;05;25;05,FM-15,343,47,90,300,9
USW00014763,2025;05;25;06,FM-16,343,48,86,290,6
USW00014763,2025;05;25;06,FM-15,343,48,89,290,9
USW00014763,2025;05;25;07,FM-16,343,48,89,300,9
USW00014763,2025;05;25;07,FM-16,343,48,89,300,7
USW00014763,2025;05;25;07,FM-15,343,48,89,300,5
USW00014763,2025;05;25;08,FM-16,343,50,83,300,8
USW00014763,2025;05;25;08,FM-16,343,50,82,310,10
USW00014763,2025;05;25;08,FM-15,343,50,83,320,8
USW00014763,2025;05;25;09,FM-16,343,51,83,310,10
USW00014763,2025;05;25;09,FM-15,343,50,83,300,11
USW00014763,2025;05;25;10,FM-16,343,55,67,310,14
USW00014763,2025;05;25;10,FM-15,343,55,67,310,11
USW00014763,2025;05;25;11,FM-15,343,56,62,300,15
USW00014763,2025;05;25;12,FM-15,343,54,67,320,7
USW00014763,2025;05;25;13,FM-15,343,55,64,290,8
USW00014763,2025;05;25;14,FM-15,343,58,56,330,10
USW00014763,2025;05;25;15,FM-15,343,57,60,290,7
USW00014763,2025;05;25;16,FM-15,343,58,53,330,11
USW00014763,2025;05;25;17,FM-15,343,57,60,300,8
USW00014763,2025;05;25;18,FM-15,343,53,74,290,7
USW00014763,2025;05;25;19,FM-15,343,52,80,290,8
USW00014763,2025;05;25;20,FM-15,343,51,83,280,6
USW00014763,2025;05;25;21,FM-15,343,50,89,270,7
USW00014763,2025;05;25;22,FM-15,343,49,93,250,5
USW00014763,2025;05;25;23,FM-15,343,49,90,280,6
USW00014763,2025;05;26;00,SOD,,,,,
USW00014763,2025;05;26;00,FM-15,343,48,93,300,5
USW00014763,2025;05;26;01,FM-16,343,46,96,260,5
USW00014763,2025;05;26;01,FM-15,343,47,93,260,5
USW00014763,2025;05;26;02,FM-16,343,47,93,290,6
USW00014763,2025;05;26;02,FM-16,343,48,89,280,6
USW00014763,2025;05;26;02,FM-15,343,48,93,270,7
USW00014763,2025;05;26;03,FM-15,343,49,90,310,6
USW00014763,2025;05;26;04,FM-15,343,49,86,0,0
USW00014763,2025;05;26;05,FM-16,343,49,86,320,6
USW00014763,2025;05;26;05,FM-15,343,50,86,290,6
USW00014763,2025;05;26;06,FM-15,343,50,86,290,5
USW00014763,2025;05;26;07,FM-16,343,52,80,300,5
USW00014763,2025;05;26;07,FM-15,343,53,80,250,7
USW00014763,2025;05;26;08,FM-16,343,54,77,280,3
USW00014763,2025;05;26;08,FM-16,343,55,72,230,7
USW00014763,2025;05;26;08,FM-15,343,55,74,230,5
USW00014763,2025;05;26;09,FM-16,343,57,72,240,5
USW00014763,2025;05;26;09,FM-16,343,58,70,VRB,3
USW00014763,2025;05;26;09,FM-15,343,58,67,VRB,5
USW00014763,2025;05;26;10,FM-15,343,62,56,300,5
USW00014763,2025;05;26;11,FM-15,343,64,54,310,9
USW00014763,2025;05;26;12,FM-15,343,66,42,360,10
USW00014763,2025;05;26;13,FM-15,343,68,42,290,10
USW00014763,2025;05;26;14,FM-15,343,68,40,VRB,8
USW00014763,2025;05;26;15,FM-15,343,69,36,VRB,11
USW00014763,2025;05;26;16,FM-15,343,68,42,300,13
USW00014763,2025;05;26;17,FM-15,343,65,49,310,7
USW00014763,2025;05;26;18,FM-15,343,59,58,300,6
USW00014763,2025;05;26;19,FM-15,343,56,65,0,0
USW00014763,2025;05;26;20,FM-15,343,55,67,VRB,3
USW00014763,2025;05;26;21,FM-15,343,50,80,40,3
USW00014763,2025;05;26;22,FM-15,343,49,86,0,0
USW00014763,2025;05;26;23,FM-15,343,46,93,0,0
USW00014763,2025;05;27;00,SOD,,,,,
USW00014763,2025;05;27;00,FM-15,343,44,96,120,3
USW00014763,2025;05;27;01,FM-15,343,44,89,0,0
USW00014763,2025;05;27;02,FM-15,343,43,89,0,0
USW00014763,2025;05;27;02,FM-16,343,43,89,0,0
USW00014763,2025;05;27;03,FM-16,343,42,96,0,0
USW00014763,2025;05;27;03,FM-16,343,42,96,0,0
USW00014763,2025;05;27;03,FM-16,343,42,92,0,0
USW00014763,2025;05;27;03,FM-16,343,42,96,0,0
USW00014763,2025;05;27;03,FM-16,343,42,96,0,0
USW00014763,2025;05;27;03,FM-16,343,42,92,0,0
USW00014763,2025;05;27;03,FM-16,343,43,93,0,0
USW00014763,2025;05;27;03,FM-15,343,43,93,0,0
USW00014763,2025;05;27;04,FM-16,343,42,92,0,0
USW00014763,2025;05;27;04,FM-16,343,42,92,0,0
USW00014763,2025;05;27;04,FM-16,343,42,92,0,0
USW00014763,2025;05;27;04,FM-16,343,42,92,0,0
USW00014763,2025;05;27;04,FM-16,343,41,96,0,0
USW00014763,2025;05;27;04,FM-15,343,41,96,0,0
USW00014763,2025;05;27;05,FM-16,343,42,96,0,0
USW00014763,2025;05;27;05,FM-16,343,42,96,0,0
USW00014763,2025;05;27;05,FM-16,343,43,100,0,0
USW00014763,2025;05;27;05,FM-16,343,45,97,0,0
USW00014763,2025;05;27;05,FM-15,343,46,93,0,0
USW00014763,2025;05;27;06,FM-15,343,52,80,0,0
USW00014763,2025;05;27;07,FM-15,343,59,72,0,0
USW00014763,2025;05;27;08,FM-15,343,63,60,0,0
USW00014763,2025;05;27;09,FM-15,343,68,47,0,0
USW00014763,2025;05;27;10,FM-15,343,71,36,VRB,3
USW00014763,2025;05;27;11,FM-15,343,72,31,0,0
USW00014763,2025;05;27;12,FM-15,343,74,32,300,7
USW00014763,2025;05;27;13,FM-15,343,73,37,280,9
USW00014763,2025;05;27;14,FM-15,343,73,35,270,6
USW00014763,2025;05;27;15,FM-15,343,71,38,280,8
USW00014763,2025;05;27;16,FM-15,343,70,39,270,7
USW00014763,2025;05;27;17,FM-15,343,68,42,250,7
USW00014763,2025;05;27;18,FM-15,343,66,43,220,5
USW00014763,2025;05;27;19,FM-15,343,61,63,0,0
USW00014763,2025;05;27;20,FM-15,343,57,78,0,0
USW00014763,2025;05;27;21,FM-15,343,56,75,0,0
USW00014763,2025;05;27;22,FM-15,343,56,75,0,0
USW00014763,2025;05;27;23,FM-15,343,52,89,0,0
USW00014763,2025;05;28;00,SOD,,,,,
USW00014763,2025;05;28;00,FM-15,343,51,89,0,0
USW00014763,2025;05;28;01,FM-15,343,50,86,0,0
USW00014763,2025;05;28;02,FM-15,343,48,89,0,0
USW00014763,2025;05;28;03,FM-15,343,47,93,0,0
USW00014763,2025;05;28;04,FM-16,343,47,93,0,0
USW00014763,2025;05;28;04,FM-16,343,47,93,0,0
USW00014763,2025;05;28;04,FM-16,343,46,96,0,0
USW00014763,2025;05;28;04,FM-16,343,46,93,0,0
USW00014763,2025;05;28;04,FM-15,343,46,96,0,0
USW00014763,2025;05;28;05,FM-15,343,51,92,0,0
USW00014763,2025;05;28;06,FM-15,343,56,77,0,0
USW00014763,2025;05;28;07,FM-15,343,61,70,0,0
USW00014763,2025;05;28;08,FM-15,343,65,66,0,0
USW00014763,2025;05;28;09,FM-15,343,69,53,200,6
USW00014763,2025;05;28;10,FM-15,343,69,51,240,11
USW00014763,2025;05;28;11,FM-15,343,71,49,190,7
USW00014763,2025;05;28;12,FM-15,343,73,41,130,6
USW00014763,2025;05;28;13,FM-15,343,73,33,180,8
USW00014763,2025;05;28;14,FM-15,343,73,33,150,8
USW00014763,2025;05;28;15,FM-15,343,72,34,190,9
USW00014763,2025;05;28;16,FM-15,343,69,41,190,10
USW00014763,2025;05;28;17,FM-15,343,65,42,190,10
USW00014763,2025;05;28;18,FM-15,343,62,43,220,6
USW00014763,2025;05;28;19,FM-15,343,60,53,260,8
USW00014763,2025;05;28;20,FM-15,343,58,65,230,6
USW00014763,2025;05;28;21,FM-15,343,56,72,250,5
USW00014763,2025;05;28;22,FM-15,343,55,77,VRB,5
USW00014763,2025;05;28;23,FM-15,343,54,80,0,0
USW00014763,2025;05;29;00,SOD,,,,,
USW00014763,2025;05;29;00,FM-16,343,53,89,50,3
USW00014763,2025;05;29;00,FM-16,343,54,88,50,3
USW00014763,2025;05;29;00,FM-15,343,53,89,0,0
USW00014763,2025;05;29;01,FM-16,343,53,93,0,0
USW00014763,2025;05;29;01,FM-16,343,54,94,0,0
USW00014763,2025;05;29;01,FM-15,343,53,93,0,0
USW00014763,2025;05;29;02,FM-16,343,54,94,0,0
USW00014763,2025;05;29;02,FM-15,343,53,96,VRB,3
USW00014763,2025;05;29;03,FM-16,343,53,96,VRB,3
USW00014763,2025;05;29;03,FM-16,343,53,96,50,3
USW00014763,2025;05;29;03,FM-15,343,53,96,70,3
USW00014763,2025;05;29;04,FM-16,343,54,97,70,3
USW00014763,2025;05;29;04,FM-15,343,54,97,50,5
USW00014763,2025;05;29;05,FM-16,343,55,94,30,3
USW00014763,2025;05;29;05,FM-15,343,55,93,30,3
USW00014763,2025;05;29;06,FM-15,343,56,93,130,3
USW00014763,2025;05;29;07,FM-15,343,59,83,VRB,3
USW00014763,2025;05;29;08,FM-16,343,58,87,VRB,5
USW00014763,2025;05;29;08,FM-15,343,59,83,140,5
USW00014763,2025;05;29;09,FM-15,343,60,84,VRB,3
USW00014763,2025;05;29;10,FM-16,343,62,78,160,3
USW00014763,2025;05;29;10,FM-15,343,62,75,VRB,7
USW00014763,2025;05;29;11,FM-15,343,63,73,210,7
USW00014763,2025;05;29;12,FM-15,343,63,76,200,8
USW00014763,2025;05;29;13,FM-16,343,63,76,180,6
USW00014763,2025;05;29;13,FM-15,343,65,70,170,7
USW00014763,2025;05;29;14,FM-15,343,65,70,180,7
USW00014763,2025;05;29;15,FM-15,343,65,73,200,6
USW00014763,2025;05;29;16,FM-16,343,63,87,200,6
USW00014763,2025;05;29;16,FM-16,343,63,88,220,6
USW00014763,2025;05;29;16,FM-15,343,63,84,230,5
USW00014763,2025;05;29;17,FM-16,343,64,78,220,7
USW00014763,2025;05;29;17,FM-15,343,64,78,230,6
USW00014763,2025;05;29;18,FM-16,343,63,81,210,5
USW00014763,2025;05;29;18,FM-15,343,62,80,230,5
USW00014763,2025;05;29;19,FM-15,343,61,87,240,5
USW00014763,2025;05;29;20,FM-16,343,60,90,300,6
USW00014763,2025;05;29;20,FM-15,343,61,90,210,3
USW00014763,2025;05;29;21,FM-16,343,59,93,0,0
USW00014763,2025;05;29;21,FM-15,343,58,93,200,3
USW00014763,2025;05;29;22,FM-16,343,57,96,0,0
USW00014763,2025;05;29;22,FM-16,343,56,100,0,0
USW00014763,2025;05;29;22,FM-16,343,57,96,0,0
USW00014763,2025;05;29;22,FM-16,343,57,96,0,0
USW00014763,2025;05;29;22,FM-16,343,57,96,0,0
USW00014763,2025;05;29;22,FM-16,343,57,96,0,0
USW00014763,2025;05;29;22,FM-16,343,57,94,0,0
USW00014763,2025;05;29;22,FM-15,343,57,96,0,0
USW00014763,2025;05;29;23,FM-16,343,57,96,0,0
USW00014763,2025;05;29;23,FM-16,343,57,96,250,5
USW00014763,2025;05;29;23,FM-15,343,57,96,0,0
USW00014763,2025;05;30;00,FM-16,343,58,93,0,0
USW00014763,2025;05;30;00,SOD,,,,,
USW00014763,2025;05;30;00,FM-16,343,57,96,0,0
USW00014763,2025;05;30;00,FM-15,343,58,93,280,3
USW00014763,2025;05;30;01,FM-15,343,59,93,0,0
USW00014763,2025;05;30;02,FM-16,343,59,93,230,6
USW00014763,2025;05;30;02,FM-16,343,59,93,230,6
USW00014763,2025;05;30;02,FM-15,343,59,93,230,5
USW00014763,2025;05;30;03,FM-16,343,58,93,230,6
USW00014763,2025;05;30;03,FM-15,343,58,90,250,6
USW00014763,2025;05;30;04,FM-16,343,55,100,0,0
USW00014763,2025;05;30;04,FM-16,343,55,96,0,0
USW00014763,2025;05;30;04,FM-16,343,56,93,0,0
USW00014763,2025;05;30;04,FM-16,343,55,96,0,0
USW00014763,2025;05;30;04,FM-16,343,54,100,130,3
USW00014763,2025;05;30;04,FM-16,343,55,94,0,0
USW00014763,2025;05;30;04,FM-15,343,55,100,0,0
USW00014763,2025;05;30;05,FM-16,343,55,100,0,0
USW00014763,2025;05;30;05,FM-16,343,57,96,0,0
USW00014763,2025;05;30;05,FM-16,343,57,96,0,0
USW00014763,2025;05;30;05,FM-15,343,58,93,0,0
USW00014763,2025;05;30;06,FM-16,343,59,93,0,0
USW00014763,2025;05;30;06,FM-15,343,61,87,270,5
USW00014763,2025;05;30;07,FM-15,343,63,81,250,6
USW00014763,2025;05;30;08,FM-15,343,66,73,VRB,6
USW00014763,2025;05;30;09,FM-16,343,67,71,VRB,5
USW00014763,2025;05;30;09,FM-15,343,66,70,270,3
USW00014763,2025;05;30;10,FM-16,343,67,68,300,5
USW00014763,2025;05;30;10,FM-15,343,68,65,250,3
USW00014763,2025;05;30;11,FM-15,343,72,55,260,11
USW00014763,2025;05;30;12,FM-15,343,68,61,300,6
USW00014763,2025;05;30;13,FM-15,343,69,61,260,7
USW00014763,2025;05;30;14,FM-15,343,70,55,260,6
USW00014763,2025;05;30;15,FM-15,343,70,57,230,3
USW00014763,2025;05;30;16,FM-15,343,68,68,170,11
USW00014763,2025;05;30;17,FM-15,343,67,73,180,6
USW00014763,2025;05;30;18,FM-15,343,65,81,0,0
USW00014763,2025;05;30;19,FM-16,343,64,84,0,0
USW00014763,2025;05;30;19,FM-16,343,64,84,130,3
USW00014763,2025;05;30;19,FM-15,343,64,87,140,3
USW00014763,2025;05;30;20,FM-16,343,63,90,0,0
USW00014763,2025;05;30;20,FM-15,343,63,90,0,0
USW00014763,2025;05;30;21,FM-16,343,61,87,80,3
USW00014763,2025;05;30;21,FM-16,343,60,90,0,0
USW00014763,2025;05;30;21,FM-16,343,61,88,30,3
USW00014763,2025;05;30;21,FM-15,343,59,93,30,6
USW00014763,2025;05;30;22,FM-16,343,59,93,40,6
USW00014763,2025;05;30;22,FM-16,343,59,94,0,0
USW00014763,2025;05;30;22,FM-15,343,59,93,360,3
USW00014763,2025;05;30;23,FM-16,343,58,97,0,0
USW00014763,2025;05;30;23,FM-16,343,57,100,0,0
USW00014763,2025;05;30;23,FM-15,343,58,97,0,0
USW00014763,2025;05;31;00,SOD,,,,,
USW00014763,2025;05;31;00,FM-15,343,58,97,0,0
USW00014763,2025;05;31;01,FM-16,343,58,93,310,3
USW00014763,2025;05;31;01,FM-15,343,57,96,0,0
USW00014763,2025;05;31;02,FM-15,343,57,96,0,0
USW00014763,2025;05;31;03,FM-16,343,57,93,40,6
USW00014763,2025;05;31;03,FM-16,343,56,97,0,0
USW00014763,2025;05;31;03,FM-16,343,55,100,0,0
USW00014763,2025;05;31;03,FM-15,343,56,97,0,0
USW00014763,2025;05;31;03,FM-16,343,56,97,0,0
USW00014763,2025;05;31;04,FM-16,343,56,97,0,0
USW00014763,2025;05;31;04,FM-16,343,56,97,VRB,6
USW00014763,2025;05;31;04,FM-16,343,56,97,20,5
USW00014763,2025;05;31;04,FM-16,343,55,100,40,7
USW00014763,2025;05;31;04,FM-15,343,56,93,40,8
USW00014763,2025;05;31;05,FM-16,343,56,93,VRB,6
USW00014763,2025;05;31;05,FM-16,343,57,90,60,8
USW00014763,2025;05;31;05,FM-16,343,55,94,40,6
USW00014763,2025;05;31;05,FM-16,343,55,94,60,6
USW00014763,2025;05;31;05,FM-15,343,56,93,70,8
USW00014763,2025;05;31;06,FM-16,343,56,93,40,9
USW00014763,2025;05;31;06,FM-16,343,56,93,40,10
USW00014763,2025;05;31;06,FM-16,343,56,93,40,7
USW00014763,2025;05;31;06,FM-16,343,56,93,40,5
USW00014763,2025;05;31;06,FM-16,343,55,94,40,8
USW00014763,2025;05;31;06,FM-15,343,56,93,50,8
USW00014763,2025;05;31;07,FM-16,343,56,93,50,5
USW00014763,2025;05;31;07,FM-16,343,56,93,30,7
USW00014763,2025;05;31;07,FM-16,343,56,93,30,5
USW00014763,2025;05;31;07,FM-15,343,56,93,VRB,3
USW00014763,2025;05;31;07,FM-16,343,56,93,60,7
USW00014763,2025;05;31;08,FM-16,343,56,93,40,9
USW00014763,2025;05;31;08,FM-16,343,56,97,40,5
USW00014763,2025;05;31;08,FM-16,343,56,97,10,5
USW00014763,2025;05;31;08,FM-16,343,55,94,30,9
USW00014763,2025;05;31;08,FM-15,343,56,93,30,10
USW00014763,2025;05;31;09,FM-16,343,56,97,50,10
USW00014763,2025;05;31;09,FM-16,343,57,93,30,10
USW00014763,2025;05;31;09,FM-16,343,57,93,10,8
USW00014763,2025;05;31;09,FM-16,343,57,94,260,11
USW00014763,2025;05;31;09,FM-15,343,57,93,270,11
USW00014763,2025;05;31;10,FM-16,343,56,93,290,11
USW00014763,2025;05;31;10,FM-16,343,56,93,320,9
USW00014763,2025;05;31;10,FM-16,343,56,93,310,11
USW00014763,2025;05;31;10,FM-16,343,55,94,300,17
USW00014763,2025;05;31;10,FM-15,343,56,90,310,16
USW00014763,2025;05;31;11,FM-16,343,56,93,VRB,14
USW00014763,2025;05;31;11,FM-16,343,56,90,300,13
USW00014763,2025;05;31;11,FM-15,343,56,90,300,9
USW00014763,2025;05;31;12,FM-15,343,55,90,290,13
USW00014763,2025;05;31;13,FM-16,343,55,90,300,15
USW00014763,2025;05;31;13,FM-16,343,54,93,300,14
USW00014763,2025;05;31;13,FM-16,343,54,93,300,14
USW00014763,2025;05;31;13,FM-16,343,55,90,310,16
USW00014763,2025;05;31;13,FM-16,343,55,90,300,10
USW00014763,2025;05;31;13,FM-16,343,54,93,290,15
USW00014763,2025;05;31;13,FM-16,343,54,94,310,11
USW00014763,2025;05;31;13,FM-15,343,54,90,310,7
USW00014763,2025;05;31;14,FM-16,343,54,93,300,13
USW00014763,2025;05;31;14,FM-16,343,55,90,290,13
USW00014763,2025;05;31;14,FM-16,343,55,90,280,16
USW00014763,2025;05;31;14,FM-15,343,56,87,290,17
USW00014763,2025;05;31;15,FM-16,343,53,86,290,23
USW00014763,2025;05;31;15,FM-15,343,51,89,290,16
USW00014763,2025;05;31;16,FM-16,343,50,89,280,21
USW00014763,2025;05;31;16,FM-16,343,50,86,290,20
USW00014763,2025;05;31;16,FM-15,343,49,90,290,15
USW00014763,2025;05;31;17,FM-15,343,47,90,290,17
USW00014763,2025;05;31;18,FM-16,343,46,93,VRB,13
USW00014763,2025;05;31;18,FM-15,343,46,89,280,10
USW00014763,2025;05;31;19,FM-16,343,46,86,280,21
USW00014763,2025;05;31;19,FM-15,343,46,86,280,15
USW00014763,2025;05;31;20,FM-16,343,46,89,280,14
USW00014763,2025;05;31;20,FM-15,343,46,89,290,15
USW00014763,2025;05;31;21,FM-16,343,46,89,280,13
USW00014763,2025;05;31;21,FM-16,343,46,89,290,13
USW00014763,2025;05;31;21,FM-15,343,46,89,290,18
USW00014763,2025;05;31;22,FM-16,343,46,89,280,17
USW00014763,2025;05;31;22,FM-15,343,46,89,290,11
USW00014763,2025;05;31;23,FM-15,343,46,89,280,11
USW00014763,2025;05;31;23,SOM,,,,,
USW00014763,2025;06;01;00,SOD,,,,,
USW00014763,2025;06;01;00,FM-15,343,46,89,270,14
USW00014763,2025;06;01;01,FM-15,343,46,86,260,13
USW00014763,2025;06;01;02,FM-15,343,46,86,260,10
USW00014763,2025;06;01;03,FM-16,343,46,82,260,11
USW00014763,2025;06;01;03,FM-15,343,46,83,260,11
USW00014763,2025;06;01;04,FM-16,343,46,82,260,8
USW00014763,2025;06;01;04,FM-15,343,46,83,250,9
USW00014763,2025;06;01;05,FM-16,343,46,83,260,10
USW00014763,2025;06;01;05,FM-16,343,45,86,280,11
USW00014763,2025;06;01;05,FM-15,343,45,86,270,13
USW00014763,2025;06;01;06,FM-16,343,47,77,260,15
USW00014763,2025;06;01;06,FM-15,343,47,74,280,11
USW00014763,2025;06;01;07,FM-16,343,47,74,270,14
USW00014763,2025;06;01;07,FM-15,343,47,77,270,7
USW00014763,2025;06;01;08,FM-16,343,48,71,270,14
USW00014763,2025;06;01;08,FM-15,343,48,71,260,11
USW00014763,2025;06;01;09,FM-15,343,49,71,280,15
USW00014763,2025;06;01;10,FM-15,343,52,61,270,10
USW00014763,2025;06;01;11,FM-16,343,53,69,260,13
USW00014763,2025;06;01;11,FM-16,343,52,72,300,15
USW00014763,2025;06;01;11,FM-15,343,51,71,290,17
USW00014763,2025;06;01;12,FM-16,343,50,74,270,13
USW00014763,2025;06;01;12,FM-15,343,53,64,260,15
USW00014763,2025;06;01;13,FM-15,343,53,66,290,11
USW00014763,2025;06;01;14,FM-15,343,53,69,250,14
USW00014763,2025;06;01;15,FM-15,343,54,67,280,8
USW00014763,2025;06;01;16,FM-15,343,56,60,280,8
USW00014763,2025;06;01;17,FM-15,343,55,57,270,7
USW00014763,2025;06;01;18,FM-15,343,53,59,280,7
USW00014763,2025;06;01;19,FM-15,343,49,66,300,5
USW00014763,2025;06;01;20,FM-15,343,47,83,0,0
USW00014763,2025;06;01;21,FM-15,343,47,74,260,7
USW00014763,2025;06;01;22,FM-15,343,47,74,230,7
USW00014763,2025;06;01;23,FM-15,343,47,74,230,7
USW00014763,2025;06;02;00,SOD,,,,,
USW00014763,2025;06;02;00,FM-15,343,47,74,220,5
USW00014763,2025;06;02;01,FM-15,343,46,77,240,6
USW00014763,2025;06;02;02,FM-15,343,47,77,240,8
USW00014763,2025;06;02;03,FM-15,343,47,77,260,7
USW00014763,2025;06;02;04,FM-15,343,47,80,250,7
USW00014763,2025;06;02;05,FM-16,343,48,77,250,7
USW00014763,2025;06;02;05,FM-15,343,48,77,240,8
USW00014763,2025;06;02;06,FM-16,343,49,77,240,7
USW00014763,2025;06;02;06,FM-16,343,52,72,280,7
USW00014763,2025;06;02;06,FM-15,343,51,74,VRB,5
USW00014763,2025;06;02;07,FM-16,343,54,67,280,10
USW00014763,2025;06;02;07,FM-15,343,53,69,260,11
USW00014763,2025;06;02;08,FM-15,343,56,65,300,11
USW00014763,2025;06;02;09,FM-15,343,59,49,VRB,10
USW00014763,2025;06;02;10,FM-15,343,61,50,280,11
USW00014763,2025;06;02;11,FM-15,343,63,48,VRB,9
USW00014763,2025;06;02;12,FM-15,343,63,45,VRB,9
USW00014763,2025;06;02;13,FM-15,343,65,40,260,10
USW00014763,2025;06;02;14,FM-15,343,66,37,250,8
USW00014763,2025;06;02;15,FM-15,343,67,36,280,14
USW00014763,2025;06;02;16,FM-15,343,67,36,290,11
USW00014763,2025;06;02;17,FM-15,343,65,36,310,9
USW00014763,2025;06;02;18,FM-15,343,61,41,310,5
USW00014763,2025;06;02;19,FM-15,343,54,67,0,0
USW00014763,2025;06;02;20,FM-15,343,55,53,240,6
USW00014763,2025;06;02;21,FM-15,343,48,80,0,0
USW00014763,2025;06;02;22,FM-15,343,45,86,300,3
USW00014763,2025;06;02;23,FM-15,343,44,85,0,0
USW00014763,2025;06;03;00,SOD,,,,,
USW00014763,2025;06;03;00,FM-15,343,42,92,0,0
USW00014763,2025;06;03;01,FM-15,343,42,89,0,0
USW00014763,2025;06;03;02,FM-15,343,40,97,0,0
USW00014763,2025;06;03;03,FM-15,343,39,93,0,0
USW00014763,2025;06;03;04,FM-15,343,39,96,0,0
USW00014763,2025;06;03;05,FM-15,343,43,97,0,0
USW00014763,2025;06;03;06,FM-15,343,50,80,0,0
USW00014763,2025;06;03;07,FM-15,343,58,62,0,0
USW00014763,2025;06;03;08,FM-15,343,65,47,VRB,3
USW00014763,2025;06;03;09,FM-15,343,69,36,VRB,3
USW00014763,2025;06;03;10,FM-15,343,71,31,VRB,7
USW00014763,2025;06;03;11,FM-15,343,73,30,290,13
USW00014763,2025;06;03;12,FM-15,343,73,29,0,0
USW00014763,2025;06;03;13,FM-15,343,74,31,220,5
USW00014763,2025;06;03;14,FM-15,343,74,31,220,7
USW00014763,2025;06;03;15,FM-15,343,75,34,300,3
USW00014763,2025;06;03;16,FM-15,343,75,34,240,6
USW00014763,2025;06;03;17,FM-15,343,73,41,300,3
USW00014763,2025;06;03;18,FM-15,343,70,44,210,3
USW00014763,2025;06;03;19,FM-15,343,62,65,0,0
USW00014763,2025;06;03;20,FM-15,343,58,78,0,0
USW00014763,2025;06;03;21,FM-15,343,56,84,0,0
USW00014763,2025;06;03;22,FM-15,343,54,90,0,0
USW00014763,2025;06;03;23,FM-15,343,53,89,0,0
USW00014763,2025;06;04;00,SOD,,,,,
USW00014763,2025;06;04;00,FM-15,343,51,92,0,0
USW00014763,2025;06;04;01,FM-15,343,50,96,0,0
USW00014763,2025;06;04;02,FM-16,343,48,100,0,0
USW00014763,2025;06;04;02,FM-15,343,49,97,0,0
USW00014763,2025;06;04;03,FM-16,343,49,97,0,0
USW00014763,2025;06;04;03,FM-15,343,49,97,0,0
USW00014763,2025;06;04;04,FM-15,343,49,97,0,0
USW00014763,2025;06;04;05,FM-15,343,52,97,0,0
USW00014763,2025;06;04;06,FM-15,343,55,87,0,0
USW00014763,2025;06;04;07,FM-15,343,61,75,0,0
USW00014763,2025;06;04;08,FM-15,343,67,61,0,0
USW00014763,2025;06;04;09,FM-15,343,73,50,240,7
USW00014763,2025;06;04;10,FM-15,343,76,48,VRB,7
USW00014763,2025;06;04;11,FM-15,343,78,45,130,8
USW00014763,2025;06;04;12,FM-15,343,81,41,170,8
USW00014763,2025;06;04;13,FM-15,343,83,40,VRB,6
USW00014763,2025;06;04;14,FM-15,343,83,41,220,6
USW00014763,2025;06;04;15,FM-15,343,83,43,VRB,6
USW00014763,2025;06;04;16,FM-15,343,83,43,VRB,9
USW00014763,2025;06;04;17,FM-15,343,81,45,180,7
USW00014763,2025;06;04;18,FM-15,343,79,49,190,9
USW00014763,2025;06;04;19,FM-15,343,75,60,180,10
USW00014763,2025;06;04;20,FM-15,343,73,64,210,6
USW00014763,2025;06;04;21,FM-15,343,69,73,10,3
USW00014763,2025;06;04;22,FM-15,343,63,87,360,3
USW00014763,2025;06;04;23,FM-15,343,63,87,0,0
USW00014763,2025;06;05;00,SOD,,,,,
USW00014763,2025;06;05;00,FM-15,343,61,90,0,0
USW00014763,2025;06;05;01,FM-15,343,60,93,0,0
USW00014763,2025;06;05;02,FM-15,343,59,93,0,0
USW00014763,2025;06;05;03,FM-16,343,58,97,0,0
USW00014763,2025;06;05;03,FM-15,343,58,97,0,0
USW00014763,2025;06;05;04,FM-16,343,58,97,0,0
USW00014763,2025;06;05;04,FM-16,343,59,93,0,0
USW00014763,2025;06;05;04,FM-16,343,59,93,0,0
USW00014763,2025;06;05;04,FM-15,343,59,93,0,0
USW00014763,2025;06;05;05,FM-15,343,62,93,0,0
USW00014763,2025;06;05;06,FM-15,343,67,81,0,0
USW00014763,2025;06;05;07,FM-15,343,73,71,0,0
USW00014763,2025;06;05;08,FM-15,343,79,62,0,0
USW00014763,2025;06;05;09,FM-15,343,82,55,0,0
USW00014763,2025;06;05;10,FM-15,343,85,48,340,8
USW00014763,2025;06;05;11,FM-15,343,85,45,320,9
USW00014763,2025;06;05;12,FM-15,343,86,43,VRB,6
USW00014763,2025;06;05;13,FM-15,343,86,45,250,8
USW00014763,2025;06;05;14,FM-15,343,87,42,VRB,7
USW00014763,2025;06;05;15,FM-15,343,84,46,VRB,3
USW00014763,2025;06;05;16,FM-15,343,85,46,270,9
USW00014763,2025;06;05;17,FM-15,343,84,48,220,6
USW00014763,2025;06;05;18,FM-15,343,77,71,0,0
USW00014763,2025;06;05;19,FM-15,343,75,69,0,0
USW00014763,2025;06;05;20,FM-16,343,74,71,0,0
USW00014763,2025;06;05;20,FM-15,343,72,76,0,0
USW00014763,2025;06;05;21,FM-16,343,73,71,0,0
USW00014763,2025;06;05;21,FM-15,343,72,76,10,10
USW00014763,2025;06;05;22,FM-15,343,70,82,260,5
USW00014763,2025;06;05;23,FM-15,343,70,76,VRB,5
USW00014763,2025;06;06;00,SOD,,,,,
USW00014763,2025;06;06;00,FM-15,343,67,76,0,0
USW00014763,2025;06;06;01,FM-15,343,66,84,200,8
USW00014763,2025;06;06;02,FM-15,343,64,93,0,0
USW00014763,2025;06;06;03,FM-15,343,64,93,0,0
USW00014763,2025;06;06;04,FM-15,343,64,93,0,0
USW00014763,2025;06;06;05,FM-15,343,65,93,0,0
USW00014763,2025;06;06;06,FM-15,343,66,90,0,0
USW00014763,2025;06;06;07,FM-15,343,67,87,0,0
USW00014763,2025;06;06;08,FM-15,343,70,82,0,0
USW00014763,2025;06;06;09,FM-15,343,74,74,0,0
USW00014763,2025;06;06;10,FM-15,343,77,66,0,0
USW00014763,2025;06;06;11,FM-15,343,79,62,150,7
USW00014763,2025;06;06;12,FM-15,343,81,57,250,10
USW00014763,2025;06;06;13,FM-15,343,82,56,250,6
USW00014763,2025;06;06;14,FM-15,343,80,58,270,10
USW00014763,2025;06;06;15,FM-16,343,77,66,280,13
USW00014763,2025;06;06;15,FM-15,343,73,74,310,17
USW00014763,2025;06;06;16,FM-16,343,71,79,310,16
USW00014763,2025;06;06;16,FM-16,343,66,88,0,0
USW00014763,2025;06;06;16,FM-15,343,67,91,VRB,3
USW00014763,2025;06;06;17,FM-16,343,67,87,0,0
USW00014763,2025;06;06;17,FM-16,343,67,87,0,0
USW00014763,2025;06;06;17,FM-16,343,67,84,10,6
USW00014763,2025;06;06;17,FM-15,343,67,84,120,5
USW00014763,2025;06;06;18,FM-15,343,65,93,0,0
USW00014763,2025;06;06;19,FM-15,343,65,93,0,0
USW00014763,2025;06;06;20,FM-15,343,65,93,0,0
USW00014763,2025;06;06;21,FM-15,343,64,93,250,3
USW00014763,2025;06;06;22,FM-15,343,63,97,0,0
USW00014763,2025;06;06;23,FM-16,343,62,96,290,3
USW00014763,2025;06;06;23,FM-16,343,62,96,0,0
USW00014763,2025;06;06;23,FM-16,343,63,100,0,0
USW00014763,2025;06;06;23,FM-15,343,62,96,0,0
USW00014763,2025;06;07;00,SOD,,,,,
USW00014763,2025;06;07;00,FM-16,343,62,93,0,0
USW00014763,2025;06;07;00,FM-16,343,62,96,0,0
USW00014763,2025;06;07;00,FM-15,343,62,96,0,0
USW00014763,2025;06;07;01,FM-16,343,62,96,0,0
USW00014763,2025;06;07;01,FM-15,343,62,93,0,0
USW00014763,2025;06;07;02,FM-16,343,62,96,0,0
USW00014763,2025;06;07;02,FM-15,343,62,96,0,0
USW00014763,2025;06;07;03,FM-16,343,61,100,0,0
USW00014763,2025;06;07;03,FM-15,343,62,96,0,0
USW00014763,2025;06;07;04,FM-16,343,62,96,0,0
USW00014763,2025;06;07;04,FM-16,343,63,94,0,0
USW00014763,2025;06;07;04,FM-15,343,62,96,0,0
USW00014763,2025;06;07;05,FM-16,343,62,96,0,0
USW00014763,2025;06;07;05,FM-16,343,62,100,30,3
USW00014763,2025;06;07;05,FM-16,343,63,100,30,3
USW00014763,2025;06;07;05,FM-15,343,62,100,30,3
USW00014763,2025;06;07;06,FM-15,343,63,97,0,0
USW00014763,2025;06;07;07,FM-16,343,64,93,0,0
USW00014763,2025;06;07;07,FM-15,343,65,93,0,0
USW00014763,2025;06;07;08,FM-16,343,65,93,0,0
USW00014763,2025;06;07;08,FM-16,343,65,93,0,0
USW00014763,2025;06;07;08,FM-15,343,65,93,0,0
USW00014763,2025;06;07;09,FM-16,343,65,93,0,0
USW00014763,2025;06;07;09,FM-16,343,65,93,0,0
USW00014763,2025;06;07;09,FM-16,343,65,93,0,0
USW00014763,2025;06;07;09,FM-16,343,66,90,0,0
USW00014763,2025;06;07;09,FM-15,343,66,90,0,0
USW00014763,2025;06;07;10,FM-16,343,66,93,10,5
USW00014763,2025;06;07;10,FM-16,343,66,93,30,5
USW00014763,2025;06;07;10,FM-16,343,65,97,40,6
USW00014763,2025;06;07;10,FM-16,343,64,94,10,5
USW00014763,2025;06;07;10,FM-15,343,65,93,20,6
USW00014763,2025;06;07;11,FM-16,343,65,93,10,8
USW00014763,2025;06;07;11,FM-16,343,65,93,0,0
USW00014763,2025;06;07;11,FM-16,343,64,94,VRB,7
USW00014763,2025;06;07;11,FM-15,343,65,93,50,10
USW00014763,2025;06;07;12,FM-15,343,64,90,50,6
USW00014763,2025;06;07;13,FM-16,343,64,93,0,0
USW00014763,2025;06;07;13,FM-16,343,65,90,0,0
USW00014763,2025;06;07;13,FM-16,343,64,93,50,3
USW00014763,2025;06;07;13,FM-15,343,64,93,40,3
USW00014763,2025;06;07;14,FM-16,343,64,93,20,5
USW00014763,2025;06;07;14,FM-16,343,64,88,20,8
USW00014763,2025;06;07;14,FM-15,343,64,90,30,8
USW00014763,2025;06;07;15,FM-16,343,65,90,20,5
USW00014763,2025;06;07;15,FM-16,343,64,88,50,7
USW00014763,2025;06;07;15,FM-15,343,64,87,50,7
USW00014763,2025;06;07;16,FM-16,343,65,87,90,3
USW00014763,2025;06;07;16,FM-16,343,67,79,40,5
USW00014763,2025;06;07;16,FM-15,343,66,81,30,5
USW00014763,2025;06;07;17,FM-16,343,67,79,0,0
USW00014763,2025;06;07;17,FM-15,343,68,76,350,3
USW00014763,2025;06;07;18,FM-15,343,64,87,0,0
USW00014763,2025;06;07;19,FM-15,343,60,96,0,0
USW00014763,2025;06;07;20,FM-16,343,59,93,0,0
USW00014763,2025;06;07;20,FM-16,343,58,97,0,0
USW00014763,2025;06;07;20,FM-15,343,58,97,0,0
USW00014763,2025;06;07;21,FM-16,343,58,93,0,0
USW00014763,2025;06;07;21,FM-16,343,57,96,0,0
USW00014763,2025;06;07;21,FM-16,343,56,97,0,0
USW00014763,2025;06;07;21,FM-16,343,57,96,0,0
USW00014763,2025;06;07;21,FM-16,343,57,94,0,0
USW00014763,2025;06;07;21,FM-15,343,57,96,0,0
USW00014763,2025;06;07;22,FM-16,343,57,96,0,0
USW00014763,2025;06;07;22,FM-16,343,58,100,0,0
USW00014763,2025;06;07;22,FM-16,343,57,100,0,0
USW00014763,2025;06;07;22,FM-15,343,58,100,0,0
USW00014763,2025;06;07;23,FM-16,343,58,100,0,0
USW00014763,2025;06;07;23,FM-16,343,58,100,0,0
USW00014763,2025;06;07;23,FM-15,343,57,96,40,3
USW00014763,2025;06;08;00,SOD,,,,,
USW00014763,2025;06;08;00,FM-16,343,58,97,0,0
USW00014763,2025;06;08;00,FM-15,343,58,97,0,0
USW00014763,2025;06;08;01,FM-15,343,57,100,0,0
USW00014763,2025;06;08;02,FM-15,343,56,97,0,0
USW00014763,2025;06;08;03,FM-15,343,56,97,80,3
USW00014763,2025;06;08;04,FM-16,343,56,97,40,3
USW00014763,2025;06;08;04,FM-15,343,56,97,20,3
USW00014763,2025;06;08;05,FM-15,343,55,100,0,0
USW00014763,2025;06;08;06,FM-16,343,55,100,0,0
USW00014763,2025;06;08;06,FM-15,343,56,100,0,0
USW00014763,2025;06;08;07,FM-16,343,57,96,VRB,3
USW00014763,2025;06;08;07,FM-16,343,57,96,0,0
USW00014763,2025;06;08;07,FM-16,343,57,96,0,0
USW00014763,2025;06;08;07,FM-16,343,58,97,0,0
USW00014763,2025;06;08;07,FM-15,343,59,93,0,0
USW00014763,2025;06;08;08,FM-16,343,63,84,60,3
USW00014763,2025;06;08;08,FM-15,343,67,76,50,5
USW00014763,2025;06;08;09,FM-15,343,70,64,VRB,7
USW00014763,2025;06;08;10,FM-15,343,71,59,VRB,6
USW00014763,2025;06;08;11,FM-15,343,72,55,VRB,3
USW00014763,2025;06;08;12,FM-15,343,73,53,VRB,8
USW00014763,2025;06;08;13,FM-15,343,72,55,120,10
USW00014763,2025;06;08;14,FM-15,343,73,57,130,8
USW00014763,2025;06;08;15,FM-15,343,71,61,120,8
USW00014763,2025;06;08;16,FM-15,343,69,66,120,9
USW00014763,2025;06;08;17,FM-15,343,68,68,110,6
USW00014763,2025;06;08;18,FM-15,343,67,68,80,6
USW00014763,2025;06;08;19,FM-15,343,65,73,110,6
USW00014763,2025;06;08;20,FM-15,343,63,81,110,6
USW00014763,2025;06;08;21,FM-16,343,63,81,110,6
USW00014763,2025;06;08;21,FM-15,343,62,84,110,9
USW00014763,2025;06;08;22,FM-15,343,62,80,120,7
USW00014763,2025;06;08;23,FM-16,343,61,83,100,9
USW00014763,2025;06;08;23,FM-15,343,61,81,110,9
USW00014763,2025;06;09;00,SOD,,,,,
USW00014763,2025;06;09;00,FM-15,343,60,84,120,11
USW00014763,2025;06;09;01,FM-15,343,59,87,110,5
USW00014763,2025;06;09;02,FM-15,343,58,87,50,8
USW00014763,2025;06;09;03,FM-15,343,58,84,VRB,6
USW00014763,2025;06;09;04,FM-15,343,57,81,80,5
USW00014763,2025;06;09;05,FM-15,343,56,84,100,5
USW00014763,2025;06;09;06,FM-15,343,57,81,80,6
USW00014763,2025;06;09;07,FM-15,343,59,81,110,6
USW00014763,2025;06;09;08,FM-15,343,59,81,120,8
USW00014763,2025;06;09;09,FM-15,343,61,78,110,8
USW00014763,2025;06;09;10,FM-15,343,61,81,120,10
USW00014763,2025;06;09;11,FM-15,343,63,78,120,11
USW00014763,2025;06;09;12,FM-16,343,61,84,120,9
USW00014763,2025;06;09;12,FM-16,343,61,88,110,8
USW00014763,2025;06;09;12,FM-16,343,61,88,,
USW00014763,2025;06;09;12,FM-15,343,60,90,,
USW00014763,2025;06;09;13,FM-16,343,61,87,VRB,5
USW00014763,2025;06;09;13,FM-15,343,62,86,100,3
USW00014763,2025;06;09;14,FM-16,343,63,88,110,3
USW00014763,2025;06;09;14,FM-15,343,62,90,120,3
USW00014763,2025;06;09;15,FM-16,343,62,93,160,5
USW00014763,2025;06;09;15,FM-16,343,62,93,150,5
USW00014763,2025;06;09;15,FM-16,343,62,90,160,3
USW00014763,2025;06;09;15,FM-16,343,63,94,160,5
USW00014763,2025;06;09;15,FM-15,343,62,93,0,0
USW00014763,2025;06;09;16,FM-16,343,63,90,0,0
USW00014763,2025;06;09;16,FM-16,343,62,93,120,6
USW00014763,2025;06;09;16,FM-15,343,63,93,120,7
USW00014763,2025;06;09;17,FM-16,343,63,93,110,6
USW00014763,2025;06;09;17,FM-16,343,62,96,100,5
USW00014763,2025;06;09;17,FM-16,343,62,93,90,5
USW00014763,2025;06;09;17,FM-16,343,62,93,70,6
USW00014763,2025;06;09;17,FM-15,343,62,93,60,7
USW00014763,2025;06;09;18,FM-15,343,61,93,70,5
USW00014763,2025;06;09;19,FM-16,343,61,93,60,5
USW00014763,2025;06;09;19,FM-15,343,61,93,80,6
USW00014763,2025;06;09;20,FM-15,343,60,93,90,6
USW00014763,2025;06;09;21,FM-15,343,60,93,100,6
USW00014763,2025;06;09;22,FM-15,343,60,93,90,3
USW00014763,2025;06;09;23,FM-15,343,60,93,50,3
USW00014763,2025;06;10;00,SOD,,,,,
USW00014763,2025;06;10;00,FM-15,343,59,96,40,3
USW00014763,2025;06;10;01,FM-15,343,59,96,50,6
USW00014763,2025;06;10;02,FM-15,343,59,96,0,0
USW00014763,2025;06;10;03,FM-15,343,59,96,0,0
USW00014763,2025;06;10;04,FM-16,343,59,96,VRB,3
USW00014763,2025;06;10;04,FM-16,343,59,96,30,3
USW00014763,2025;06;10;04,FM-15,343,59,96,30,3
USW00014763,2025;06;10;05,FM-16,343,59,96,20,5
USW00014763,2025;06;10;05,FM-16,343,59,96,0,0
USW00014763,2025;06;10;05,FM-15,343,60,93,0,0
USW00014763,2025;06;10;06,FM-15,343,60,93,50,3
USW00014763,2025;06;10;07,FM-16,343,60,93,0,0
USW00014763,2025;06;10;07,FM-16,343,61,94,0,0
USW00014763,2025;06;10;07,FM-15,343,61,93,0,0
USW00014763,2025;06;10;08,FM-16,343,63,94,360,3
USW00014763,2025;06;10;08,FM-15,343,63,93,10,5
USW00014763,2025;06;10;09,FM-16,343,64,90,60,5
USW00014763,2025;06;10;09,FM-15,343,65,90,VRB,5
USW00014763,2025;06;10;10,FM-16,343,67,87,0,0
USW00014763,2025;06;10;10,FM-15,343,67,84,0,0
USW00014763,2025;06;10;11,FM-15,343,68,84,0,0
USW00014763,2025;06;10;12,FM-16,343,68,84,230,3
USW00014763,2025;06;10;12,FM-16,343,69,81,210,6
USW00014763,2025;06;10;12,FM-15,343,69,81,140,7
USW00014763,2025;06;10;13,FM-16,343,71,76,190,5
USW00014763,2025;06;10;13,FM-15,343,70,79,170,6
USW00014763,2025;06;10;14,FM-15,343,72,68,230,7
USW00014763,2025;06;10;15,FM-15,343,69,84,170,7
USW00014763,2025;06;10;16,FM-15,343,73,71,230,8
USW00014763,2025;06;10;17,FM-16,343,64,81,300,20
USW00014763,2025;06;10;17,FM-16,343,63,88,290,13
USW00014763,2025;06;10;17,FM-15,343,62,90,300,11
USW00014763,2025;06;10;18,FM-16,343,62,90,250,7
USW00014763,2025;06;10;18,FM-16,343,62,93,230,3
USW00014763,2025;06;10;18,FM-15,343,64,87,220,6
USW00014763,2025;06;10;19,FM-15,343,62,93,230,6
USW00014763,2025;06;10;20,FM-15,343,61,93,0,0
USW00014763,2025;06;10;21,FM-15,343,59,93,260,5
USW00014763,2025;06;10;22,FM-15,343,59,93,220,3
USW00014763,2025;06;10;23,FM-16,343,56,97,0,0
USW00014763,2025;06;10;23,FM-16,343,57,93,0,0
USW00014763,2025;06;10;23,FM-16,343,57,93,230,3
USW00014763,2025;06;10;23,FM-16,343,57,93,0,0
USW00014763,2025;06;10;23,FM-16,343,56,97,0,0
USW00014763,2025;06;10;23,FM-15,343,54,97,0,0
USW00014763,2025;06;10;23,FM-16,343,54,97,0,0
USW00014763,2025;06;11;00,SOD,,,,,
USW00014763,2025;06;11;00,FM-16,343,54,97,230,3
USW00014763,2025;06;11;00,FM-16,343,54,97,0,0
USW00014763,2025;06;11;00,FM-16,343,55,96,0,0
USW00014763,2025;06;11;00,FM-16,343,55,96,260,3
USW00014763,2025;06;11;00,FM-16,343,54,97,250,3
USW00014763,2025;06;11;00,FM-16,343,55,96,0,0
USW00014763,2025;06;11;00,FM-15,343,54,100,0,0
USW00014763,2025;06;11;01,FM-15,343,53,96,0,0
USW00014763,2025;06;11;02,FM-15,343,53,96,0,0
USW00014763,2025;06;11;03,FM-15,343,51,100,0,0
USW00014763,2025;06;11;04,FM-16,343,51,96,0,0
USW00014763,2025;06;11;04,FM-16,343,51,96,0,0
USW00014763,2025;06;11;04,FM-15,343,51,96,0,0
USW00014763,2025;06;11;05,FM-16,343,52,97,0,0
USW00014763,2025;06;11;05,FM-15,343,53,96,0,0
USW00014763,2025;06;11;06,FM-16,343,54,97,0,0
USW00014763,2025;06;11;06,FM-16,343,55,100,0,0
USW00014763,2025;06;11;06,FM-16,343,55,100,0,0
USW00014763,2025;06;11;06,FM-15,343,57,96,0,0
USW00014763,2025;06;11;06,FM-16,343,58,97,0,0
USW00014763,2025;06;11;07,FM-16,343,58,97,0,0
USW00014763,2025;06;11;07,FM-16,343,59,96,0,0
USW00014763,2025;06;11;07,FM-15,343,64,78,240,6
USW00014763,2025;06;11;08,FM-15,343,67,68,VRB,6
USW00014763,2025;06;11;09,FM-15,343,70,55,230,11
USW00014763,2025;06;11;10,FM-15,343,72,53,250,11
USW00014763,2025;06;11;11,FM-15,343,74,52,260,10
USW00014763,2025;06;11;12,FM-15,343,74,52,240,11
USW00014763,2025;06;11;13,FM-15,343,75,48,270,16
USW00014763,2025;06;11;14,FM-15,343,76,47,250,13
USW00014763,2025;06;11;15,FM-15,343,75,48,270,10
USW00014763,2025;06;11;16,FM-15,343,75,48,270,9
USW00014763,2025;06;11;17,FM-15,343,74,52,260,7
USW00014763,2025;06;11;18,FM-15,343,70,64,180,3
USW00014763,2025;06;11;19,FM-15,343,69,61,210,6
USW00014763,2025;06;11;20,FM-15,343,68,61,230,7
USW00014763,2025;06;11;21,FM-15,343,63,76,240,6
USW00014763,2025;06;11;22,FM-15,343,64,73,280,5
USW00014763,2025;06;11;23,FM-15,343,68,61,240,7
USW00014763,2025;06;12;00,SOD,,,,,
USW00014763,2025;06;12;00,FM-15,343,67,63,250,6
USW00014763,2025;06;12;01,FM-15,343,68,61,230,6
USW00014763,2025;06;12;02,FM-15,343,67,63,260,7
USW00014763,2025;06;12;03,FM-15,343,62,78,260,6
USW00014763,2025;06;12;04,FM-15,343,63,76,230,6
USW00014763,2025;06;12;05,FM-15,343,68,65,230,8
USW00014763,2025;06;12;06,FM-15,343,70,64,260,9
USW00014763,2025;06;12;07,FM-15,343,72,59,260,13
USW00014763,2025;06;12;08,FM-15,343,74,52,270,20
USW00014763,2025;06;12;09,FM-15,343,76,47,300,20
USW00014763,2025;06;12;10,FM-15,343,75,45,300,14
USW00014763,2025;06;12;11,FM-15,343,77,35,280,11
USW00014763,2025;06;12;12,FM-15,343,77,32,290,20
USW00014763,2025;06;12;13,FM-15,343,78,33,300,18
USW00014763,2025;06;12;14,FM-15,343,78,35,300,17
USW00014763,2025;06;12;15,FM-15,343,77,37,280,15
USW00014763,2025;06;12;16,FM-15,343,75,37,300,14
USW00014763,2025;06;12;17,FM-15,343,72,35,300,14
USW00014763,2025;06;12;18,FM-15,343,69,41,300,11
USW00014763,2025;06;12;19,FM-15,343,66,42,300,10
USW00014763,2025;06;12;20,FM-15,343,64,40,300,14
USW00014763,2025;06;12;21,FM-15,343,61,50,270,7
USW00014763,2025;06;12;22,FM-15,343,60,56,VRB,3
USW00014763,2025;06;12;23,FM-15,343,53,80,130,3
USW00014763,2025;06;13;00,SOD,,,,,
USW00014763,2025;06;13;00,FM-15,343,54,77,210,3
USW00014763,2025;06;13;01,FM-15,343,55,77,0,0
USW00014763,2025;06;13;02,FM-15,343,55,80,250,3
USW00014763,2025;06;13;03,FM-15,343,55,80,230,3
USW00014763,2025;06;13;04,FM-15,343,55,83,280,5
USW00014763,2025;06;13;05,FM-15,343,55,83,0,0
USW00014763,2025;06;13;06,FM-15,343,57,81,,
USW00014763,2025;06;13;07,FM-15,343,60,72,0,0
USW00014763,2025;06;13;08,FM-15,343,65,59,0,0
USW00014763,2025;06;13;09,FM-15,343,66,56,300,6
USW00014763,2025;06;13;10,FM-15,343,68,53,230,7
USW00014763,2025;06;13;11,FM-15,343,69,51,,
USW00014763,2025;06;13;12,FM-15,343,71,44,280,9
USW00014763,2025;06;13;13,FM-15,343,70,44,300,6
USW00014763,2025;06;13;14,FM-15,343,72,40,280,7
USW00014763,2025;06;13;15,FM-15,343,72,38,240,3
USW00014763,2025;06;13;16,FM-15,343,71,36,320,5
USW00014763,2025;06;13;17,FM-15,343,70,42,300,3
USW00014763,2025;06;13;18,FM-15,343,67,53,30,6
USW00014763,2025;06;13;19,FM-15,343,64,56,50,5
USW00014763,2025;06;13;20,FM-15,343,63,58,0,0
USW00014763,2025;06;13;21,FM-15,343,61,67,40,3
USW00014763,2025;06;13;22,FM-15,343,62,62,0,0
USW00014763,2025;06;13;23,FM-15,343,62,60,30,6
USW00014763,2025;06;14;00,SOD,,,,,
USW00014763,2025;06;14;00,FM-15,343,59,72,40,3
USW00014763,2025;06;14;01,FM-15,343,58,81,0,0
USW00014763,2025;06;14;02,FM-15,343,56,93,40,3
USW00014763,2025;06;14;03,FM-15,343,56,93,10,3
USW00014763,2025;06;14;04,FM-15,343,55,96,350,3
USW00014763,2025;06;14;05,FM-15,343,55,96,60,5
USW00014763,2025;06;14;06,FM-15,343,56,93,50,6
USW00014763,2025;06;14;07,FM-16,343,56,93,50,6
USW00014763,2025;06;14;07,FM-15,343,56,93,30,6
USW00014763,2025;06;14;08,FM-15,343,56,93,40,5
USW00014763,2025;06;14;09,FM-15,343,58,87,60,7
USW00014763,2025;06;14;10,FM-15,343,59,81,60,8
USW00014763,2025;06;14;11,FM-15,343,59,75,60,8
USW00014763,2025;06;14;12,FM-15,343,60,72,60,6
USW00014763,2025;06;14;13,FM-16,343,61,72,70,7
USW00014763,2025;06;14;13,FM-15,343,62,70,80,8
USW00014763,2025;06;14;14,FM-16,343,64,68,60,8
USW00014763,2025;06;14;14,FM-15,343,64,70,60,6
USW00014763,2025;06;14;15,FM-16,343,62,73,60,7
USW00014763,2025;06;14;15,FM-15,343,62,73,80,3
USW00014763,2025;06;14;16,FM-15,343,61,75,100,7
USW00014763,2025;06;14;17,FM-15,343,59,81,110,8
USW00014763,2025;06;14;18,FM-16,343,58,84,90,5
USW00014763,2025;06;14;18,FM-15,343,58,84,110,8
USW00014763,2025;06;14;19,FM-15,343,57,87,100,6
USW00014763,2025;06;14;20,FM-16,343,57,87,100,5
USW00014763,2025;06;14;20,FM-15,343,57,87,100,5
USW00014763,2025;06;14;21,FM-16,343,57,83,VRB,5
USW00014763,2025;06;14;21,FM-15,343,57,83,140,7
USW00014763,2025;06;14;22,FM-15,343,56,87,100,5
USW00014763,2025;06;14;23,FM-16,343,56,87,0,0
USW00014763,2025;06;14;23,FM-15,343,56,90,0,0
USW00014763,2025;06;15;00,SOD,,,,,
USW00014763,2025;06;15;00,FM-15,343,56,87,60,3
USW00014763,2025;06;15;01,FM-15,343,56,87,0,0
USW00014763,2025;06;15;02,FM-15,343,56,81,0,0
USW00014763,2025;06;15;03,FM-15,343,56,84,0,0
USW00014763,2025;06;15;04,FM-16,343,55,88,0,0
USW00014763,2025;06;15;04,FM-15,343,56,87,0,0
USW00014763,2025;06;15;05,FM-15,343,56,84,0,0
USW00014763,2025;06;15;06,FM-15,343,57,78,50,6
USW00014763,2025;06;15;07,FM-15,343,58,75,VRB,5
USW00014763,2025;06;15;08,FM-15,343,60,72,0,0
USW00014763,2025;06;15;09,FM-15,343,64,65,40,5
USW00014763,2025;06;15;10,FM-15,343,65,63,130,7
USW00014763,2025;06;15;11,FM-15,343,66,63,0,0
USW00014763,2025;06;15;12,FM-15,343,67,61,VRB,5
USW00014763,2025;06;15;13,FM-15,343,68,61,0,0
USW00014763,2025;06;15;14,FM-15,343,67,63,0,0
USW00014763,2025;06;15;15,FM-15,343,68,63,280,3
USW00014763,2025;06;15;16,FM-15,343,68,65,0,0
USW00014763,2025;06;15;17,FM-15,343,67,68,0,0
USW00014763,2025;06;15;18,FM-15,343,65,73,170,6
USW00014763,2025;06;15;19,FM-15,343,62,78,170,3
USW00014763,2025;06;15;20,FM-15,343,60,84,0,0
USW00014763,2025;06;15;21,FM-15,343,57,93,0,0
USW00014763,2025;06;15;22,FM-15,343,55,93,0,0
USW00014763,2025;06;15;23,FM-15,343,54,93,0,0
USW00014763,2025;06;16;00,SOD,,,,,
USW00014763,2025;06;16;00,FM-16,343,54,94,0,0
USW00014763,2025;06;16;00,FM-15,343,53,96,0,0
USW00014763,2025;06;16;01,FM-16,343,52,97,0,0
USW00014763,2025;06;16;01,FM-16,343,53,93,0,0
USW00014763,2025;06;16;01,FM-16,343,52,97,0,0
USW00014763,2025;06;16;01,FM-15,343,53,93,0,0
USW00014763,2025;06;16;02,FM-16,343,52,93,0,0
USW00014763,2025;06;16;02,FM-16,343,52,97,0,0
USW00014763,2025;06;16;02,FM-16,343,52,97,0,0
USW00014763,2025;06;16;02,FM-16,343,51,96,0,0
USW00014763,2025;06;16;02,FM-16,343,51,96,0,0
USW00014763,2025;06;16;02,FM-16,343,51,96,0,0
USW00014763,2025;06;16;02,FM-16,343,51,96,0,0
USW00014763,2025;06;16;02,FM-15,343,50,96,0,0
USW00014763,2025;06;16;03,FM-16,343,51,92,0,0
USW00014763,2025;06;16;03,FM-16,343,50,96,0,0
USW00014763,2025;06;16;03,FM-16,343,50,94,0,0
USW00014763,2025;06;16;03,FM-16,343,50,94,0,0
USW00014763,2025;06;16;03,FM-15,343,50,96,0,0
USW00014763,2025;06;16;04,FM-16,343,50,96,0,0
USW00014763,2025;06;16;04,FM-16,343,50,96,0,0
USW00014763,2025;06;16;04,FM-16,343,50,96,0,0
USW00014763,2025;06;16;04,FM-16,343,50,96,0,0
USW00014763,2025;06;16;04,FM-16,343,50,96,0,0
USW00014763,2025;06;16;04,FM-16,343,50,100,0,0
USW00014763,2025;06;16;04,FM-15,343,51,96,0,0
USW00014763,2025;06;16;05,FM-16,343,51,96,0,0
USW00014763,2025;06;16;05,FM-16,343,51,100,0,0
USW00014763,2025;06;16;05,FM-16,343,51,100,0,0
USW00014763,2025;06;16;05,FM-16,343,52,100,0,0
USW00014763,2025;06;16;05,FM-16,343,54,94,0,0
USW00014763,2025;06;16;05,FM-15,343,53,96,0,0
USW00014763,2025;06;16;06,FM-16,343,54,100,0,0
USW00014763,2025;06;16;06,FM-16,343,54,97,0,0
USW00014763,2025;06;16;06,FM-16,343,55,96,0,0
USW00014763,2025;06;16;06,FM-15,343,58,93,0,0
USW00014763,2025;06;16;07,FM-15,343,64,78,0,0
USW00014763,2025;06;16;08,FM-15,343,67,66,110,6
USW00014763,2025;06;16;09,FM-15,343,69,59,80,6
USW00014763,2025;06;16;10,FM-15,343,72,53,190,9
USW00014763,2025;06;16;11,FM-15,343,70,57,170,9
USW00014763,2025;06;16;12,FM-15,343,75,54,,
USW00014763,2025;06;16;13,FM-15,343,72,57,180,8
USW00014763,2025;06;16;14,FM-15,343,71,59,140,7
USW00014763,2025;06;16;15,FM-15,343,71,61,VRB,7
USW00014763,2025;06;16;16,FM-15,343,70,61,200,9
USW00014763,2025;06;16;17,FM-15,343,70,61,200,5
USW00014763,2025;06;16;18,FM-15,343,68,65,130,3
USW00014763,2025;06;16;19,FM-15,343,67,66,170,5
USW00014763,2025;06;16;20,FM-15,343,64,78,130,7
USW00014763,2025;06;16;21,FM-15,343,63,76,190,7
USW00014763,2025;06;16;22,FM-15,343,61,70,VRB,5
USW00014763,2025;06;16;23,FM-15,343,60,70,VRB,3
USW00014763,2025;06;17;00,SOD,,,,,
USW00014763,2025;06;17;00,FM-15,343,59,78,0,0
USW00014763,2025;06;17;01,FM-16,343,60,78,0,0
USW00014763,2025;06;17;01,FM-15,343,60,75,0,0
USW00014763,2025;06;17;02,FM-15,343,58,84,20,5
USW00014763,2025;06;17;03,FM-16,343,57,90,0,0
USW00014763,2025;06;17;03,FM-16,343,57,93,0,0
USW00014763,2025;06;17;03,FM-16,343,57,93,0,0
USW00014763,2025;06;17;03,FM-15,343,57,93,0,0
USW00014763,2025;06;17;04,FM-15,343,57,96,30,5
USW00014763,2025;06;17;05,FM-16,343,57,96,50,5
USW00014763,2025;06;17;05,FM-16,343,57,96,50,3
USW00014763,2025;06;17;05,FM-16,343,57,96,30,5
USW00014763,2025;06;17;05,FM-16,343,57,94,50,5
USW00014763,2025;06;17;05,FM-15,343,57,96,50,5
USW00014763,2025;06;17;06,FM-15,343,58,97,30,3
USW00014763,2025;06;17;07,FM-16,343,58,97,40,5
USW00014763,2025;06;17;07,FM-16,343,58,97,50,5
USW00014763,2025;06;17;07,FM-16,343,59,93,50,5
USW00014763,2025;06;17;07,FM-16,343,59,96,50,3
USW00014763,2025;06;17;07,FM-16,343,59,93,50,3
USW00014763,2025;06;17;07,FM-16,343,59,96,0,0
USW00014763,2025;06;17;07,FM-16,343,59,94,50,3
USW00014763,2025;06;17;07,FM-15,343,59,96,60,3
USW00014763,2025;06;17;08,FM-16,343,60,93,40,3
USW00014763,2025;06;17;08,FM-16,343,60,93,50,5
USW00014763,2025;06;17;08,FM-16,343,60,96,60,3
USW00014763,2025;06;17;08,FM-16,343,61,93,20,3
USW00014763,2025;06;17;08,FM-15,343,61,93,VRB,5
USW00014763,2025;06;17;09,FM-16,343,61,93,VRB,5
USW00014763,2025;06;17;09,FM-16,343,62,93,50,3
USW00014763,2025;06;17;09,FM-16,343,62,93,130,6
USW00014763,2025;06;17;09,FM-15,343,63,93,100,3
USW00014763,2025;06;17;09,FM-16,343,63,93,130,3
USW00014763,2025;06;17;10,FM-16,343,64,93,110,6
USW00014763,2025;06;17;10,FM-16,343,64,90,150,9
USW00014763,2025;06;17;10,FM-16,343,64,93,150,9
USW00014763,2025;06;17;10,FM-16,343,64,90,140,8
USW00014763,2025;06;17;10,FM-16,343,64,88,140,7
USW00014763,2025;06;17;10,FM-15,343,64,90,130,8
USW00014763,2025;06;17;11,FM-16,343,64,93,VRB,9
USW00014763,2025;06;17;11,FM-16,343,64,90,140,10
USW00014763,2025;06;17;11,FM-16,343,65,90,130,11
USW00014763,2025;06;17;11,FM-16,343,65,90,150,13
USW00014763,2025;06;17;11,FM-15,343,65,90,140,13
USW00014763,2025;06;17;12,FM-16,343,65,90,150,11
USW00014763,2025;06;17;12,FM-16,343,65,90,150,9
USW00014763,2025;06;17;12,FM-15,343,65,90,140,9
USW00014763,2025;06;17;12,FM-16,343,65,93,150,10
USW00014763,2025;06;17;13,FM-16,343,65,90,150,10
USW00014763,2025;06;17;13,FM-16,343,65,93,130,13
USW00014763,2025;06;17;13,FM-16,343,65,93,130,13
USW00014763,2025;06;17;13,FM-15,343,65,93,130,13
USW00014763,2025;06;17;14,FM-16,343,65,93,150,11
USW00014763,2025;06;17;14,FM-16,343,65,90,150,14
USW00014763,2025;06;17;14,FM-16,343,65,93,150,11
USW00014763,2025;06;17;14,FM-16,343,65,90,150,10
USW00014763,2025;06;17;14,FM-16,343,64,94,170,10
USW00014763,2025;06;17;14,FM-16,343,64,94,160,9
USW00014763,2025;06;17;14,FM-15,343,65,90,150,8
USW00014763,2025;06;17;15,FM-16,343,65,90,130,13
USW00014763,2025;06;17;15,FM-16,343,65,93,140,11
USW00014763,2025;06;17;15,FM-16,343,64,94,140,11
USW00014763,2025;06;17;15,FM-15,343,65,93,150,11
USW00014763,2025;06;17;16,FM-16,343,66,90,180,8
USW00014763,2025;06;17;16,FM-15,343,66,90,130,10
USW00014763,2025;06;17;17,FM-16,343,66,90,140,10
USW00014763,2025;06;17;17,FM-16,343,65,93,150,11
USW00014763,2025;06;17;17,FM-16,343,65,93,140,8
USW00014763,2025;06;17;17,FM-16,343,66,90,140,9
USW00014763,2025;06;17;17,FM-15,343,66,90,170,7
USW00014763,2025;06;17;18,FM-16,343,65,97,140,6
USW00014763,2025;06;17;18,FM-16,343,65,97,0,0
USW00014763,2025;06;17;18,FM-16,343,65,97,VRB,3
USW00014763,2025;06;17;18,FM-16,343,66,90,VRB,5
USW00014763,2025;06;17;18,FM-15,343,66,93,VRB,6
USW00014763,2025;06;17;19,FM-15,343,65,97,150,5
USW00014763,2025;06;17;20,FM-15,343,65,97,0,0
USW00014763,2025;06;17;21,FM-15,343,65,93,180,3
USW00014763,2025;06;17;22,FM-15,343,65,93,170,7
USW00014763,2025;06;17;23,FM-15,343,65,93,VRB,6
USW00014763,2025;06;18;00,SOD,,,,,
USW00014763,2025;06;18;00,FM-16,343,65,93,180,9
USW00014763,2025;06;18;00,FM-15,343,65,93,VRB,5
USW00014763,2025;06;18;01,FM-16,343,65,93,170,6
USW00014763,2025;06;18;01,FM-16,343,64,96,170,7
USW00014763,2025;06;18;01,FM-15,343,64,96,VRB,3
USW00014763,2025;06;18;02,FM-15,343,64,96,0,0
USW00014763,2025;06;18;03,FM-16,343,65,93,190,6
USW00014763,2025;06;18;03,FM-15,343,65,93,0,0
USW00014763,2025;06;18;04,FM-16,343,65,93,VRB,3
USW00014763,2025;06;18;04,FM-16,343,65,93,VRB,3
USW00014763,2025;06;18;04,FM-15,343,65,93,180,5
USW00014763,2025;06;18;05,FM-16,343,65,93,230,3
USW00014763,2025;06;18;05,FM-16,343,65,93,0,0
USW00014763,2025;06;18;05,FM-15,343,65,93,200,5
USW00014763,2025;06;18;05,FM-16,343,65,93,200,6
USW00014763,2025;06;18;06,FM-16,343,65,97,VRB,3
USW00014763,2025;06;18;06,FM-16,343,64,94,0,0
USW00014763,2025;06;18;06,FM-15,343,66,93,0,0
USW00014763,2025;06;18;07,FM-15,343,66,93,190,8
USW00014763,2025;06;18;08,FM-15,343,67,93,170,6
USW00014763,2025;06;18;09,FM-15,343,69,90,VRB,5
USW00014763,2025;06;18;10,FM-15,343,70,87,240,10
USW00014763,2025;06;18;11,FM-15,343,71,84,240,8
USW00014763,2025;06;18;12,FM-16,343,71,84,VRB,3
USW00014763,2025;06;18;12,FM-16,343,72,84,250,5
USW00014763,2025;06;18;12,FM-15,343,72,82,230,6
USW00014763,2025;06;18;13,FM-15,343,73,81,240,3
USW00014763,2025;06;18;14,FM-16,343,73,78,190,3
USW00014763,2025;06;18;14,FM-15,343,73,81,190,3
USW00014763,2025;06;18;15,FM-15,343,75,79,0,0
USW00014763,2025;06;18;16,FM-15,343,76,77,180,3
USW00014763,2025;06;18;17,FM-16,343,77,74,0,0
USW00014763,2025;06;18;17,FM-15,343,75,82,170,7
USW00014763,2025;06;18;18,FM-15,343,74,85,VRB,3
USW00014763,2025;06;18;19,FM-16,343,74,85,0,0
USW00014763,2025;06;18;19,FM-16,343,74,85,0,0
USW00014763,2025;06;18;19,FM-16,343,73,87,0,0
USW00014763,2025;06;18;19,FM-15,343,73,90,0,0
USW00014763,2025;06;18;20,FM-16,343,72,91,180,5
USW00014763,2025;06;18;20,FM-15,343,71,94,220,5
USW00014763,2025;06;18;21,FM-16,343,71,94,0,0
USW00014763,2025;06;18;21,FM-16,343,71,94,200,3
USW00014763,2025;06;18;21,FM-16,343,72,91,0,0
USW00014763,2025;06;18;21,FM-16,343,72,94,180,3
USW00014763,2025;06;18;21,FM-15,343,71,94,210,3
USW00014763,2025;06;18;22,FM-16,343,72,91,200,3
USW00014763,2025;06;18;22,FM-15,343,71,94,0,0
USW00014763,2025;06;18;23,FM-16,343,71,94,VRB,3
USW00014763,2025;06;18;23,FM-15,343,72,91,240,5
USW00014763,2025;06;19;00,SOD,,,,,
USW00014763,2025;06;19;00,FM-16,343,72,91,240,5
USW00014763,2025;06;19;00,FM-16,343,70,100,0,0
USW00014763,2025;06;19;00,FM-15,343,70,97,0,0
USW00014763,2025;06;19;01,FM-16,343,70,97,0,0
USW00014763,2025;06;19;01,FM-15,343,72,91,0,0
USW00014763,2025;06;19;02,FM-16,343,72,94,200,5
USW00014763,2025;06;19;02,FM-15,343,71,94,200,3
USW00014763,2025;06;19;03,FM-16,343,72,94,210,7
USW00014763,2025;06;19;03,FM-15,343,71,94,200,6
USW00014763,2025;06;19;04,FM-16,343,71,94,VRB,3
USW00014763,2025;06;19;04,FM-16,343,70,97,0,0
USW00014763,2025;06;19;04,FM-15,343,71,90,230,3
USW00014763,2025;06;19;05,FM-15,343,71,94,0,0
USW00014763,2025;06;19;06,FM-15,343,73,87,VRB,5
USW00014763,2025;06;19;07,FM-16,343,73,87,180,7
USW00014763,2025;06;19;07,FM-15,343,74,85,VRB,5
USW00014763,2025;06;19;08,FM-16,343,76,77,200,8
USW00014763,2025;06;19;08,FM-15,343,78,74,240,8
USW00014763,2025;06;19;09,FM-15,343,81,67,190,8
USW00014763,2025;06;19;10,FM-15,343,84,59,210,7
USW00014763,2025;06;19;11,FM-15,343,84,57,190,9
USW00014763,2025;06;19;12,FM-15,343,86,53,210,14
USW00014763,2025;06;19;13,FM-15,343,83,61,210,13
USW00014763,2025;06;19;14,FM-15,343,85,55,220,15
USW00014763,2025;06;19;15,FM-15,343,83,61,180,10
USW00014763,2025;06;19;16,FM-15,343,84,57,210,13
USW00014763,2025;06;19;17,FM-15,343,82,65,190,15
USW00014763,2025;06;19;18,FM-15,343,79,72,190,13
USW00014763,2025;06;19;19,FM-15,343,77,74,190,9
USW00014763,2025;06;19;20,FM-15,343,77,71,210,10
USW00014763,2025;06;19;21,FM-15,343,75,62,210,11
USW00014763,2025;06;19;22,FM-15,343,73,71,200,11
USW00014763,2025;06;19;23,FM-16,343,72,76,230,11
USW00014763,2025;06;19;23,FM-15,343,72,76,230,9
USW00014763,2025;06;20;00,SOD,,,,,
USW00014763,2025;06;20;00,FM-16,343,70,83,250,7
USW00014763,2025;06;20;00,FM-15,343,70,82,260,8
USW00014763,2025;06;20;01,FM-16,343,70,76,280,21
USW00014763,2025;06;20;01,FM-16,343,66,73,280,20
USW00014763,2025;06;20;01,FM-15,343,65,76,270,17
USW00014763,2025;06;20;02,FM-15,343,64,68,260,15
USW00014763,2025;06;20;03,FM-15,343,63,70,260,25
USW00014763,2025;06;20;04,FM-16,343,62,75,260,16
USW00014763,2025;06;20;04,FM-15,343,62,75,270,16
USW00014763,2025;06;20;05,FM-15,343,62,73,270,24
USW00014763,2025;06;20;06,FM-15,343,63,68,290,31
USW00014763,2025;06;20;07,FM-16,343,64,65,290,26
USW00014763,2025;06;20;07,FM-15,343,66,63,290,25
USW00014763,2025;06;20;08,FM-15,343,66,65,290,28
USW00014763,2025;06;20;14,FM-15,343,73,55,300,17
USW00014763,2025;06;20;15,FM-15,343,74,54,300,16
USW00014763,2025;06;20;16,FM-15,343,73,53,300,18
USW00014763,2025;06;20;17,FM-15,343,72,55,300,10
USW00014763,2025;06;20;18,FM-15,343,69,61,300,9
USW00014763,2025;06;20;19,FM-15,343,66,68,290,8
USW00014763,2025;06;20;20,FM-15,343,65,68,280,9
USW00014763,2025;06;20;21,FM-15,343,63,73,270,7
USW00014763,2025;06;20;22,FM-15,343,63,73,250,7
USW00014763,2025;06;20;23,FM-15,343,61,81,0,0
USW00014763,2025;06;21;00,SOD,,,,,
USW00014763,2025;06;21;00,FM-15,343,60,84,0,0
USW00014763,2025;06;21;01,FM-15,343,57,93,0,0
USW00014763,2025;06;21;02,FM-15,343,60,86,0,0
USW00014763,2025;06;21;03,FM-15,343,59,90,260,3
USW00014763,2025;06;21;04,FM-15,343,60,90,0,0
USW00014763,2025;06;21;05,FM-15,343,62,84,0,0
USW00014763,2025;06;21;06,FM-15,343,67,73,50,3
USW00014763,2025;06;21;07,FM-15,343,70,66,VRB,3
USW00014763,2025;06;21;08,FM-15,343,71,63,270,6
USW00014763,2025;06;21;09,FM-16,343,72,64,310,6
USW00014763,2025;06;21;09,FM-16,343,73,62,260,10
USW00014763,2025;06;21;09,FM-15,343,72,61,260,8
USW00014763,2025;06;21;10,FM-15,343,75,55,250,10
USW00014763,2025;06;21;11,FM-15,343,77,52,300,7
USW00014763,2025;06;21;12,FM-15,343,78,50,VRB,8
USW00014763,2025;06;21;13,FM-15,343,80,51,290,11
USW00014763,2025;06;21;14,FM-15,343,82,46,350,5
USW00014763,2025;06;21;15,FM-15,343,81,49,240,7
USW00014763,2025;06;21;16,FM-15,343,80,52,260,5
USW00014763,2025;06;21;17,FM-15,343,78,58,190,6
USW00014763,2025;06;21;18,FM-15,343,76,62,160,7
USW00014763,2025;06;21;19,FM-15,343,75,66,0,0
USW00014763,2025;06;21;20,FM-15,343,69,84,0,0
USW00014763,2025;06;21;21,FM-15,343,72,76,0,0
USW00014763,2025;06;21;22,FM-15,343,69,84,280,3
USW00014763,2025;06;21;23,FM-15,343,69,84,0,0
USW00014763,2025;06;22;00,SOD,,,,,
USW00014763,2025;06;22;00,FM-15,343,69,84,260,3
USW00014763,2025;06;22;01,FM-15,343,74,69,210,7
USW00014763,2025;06;22;02,FM-15,343,75,66,VRB,8
USW00014763,2025;06;22;03,FM-15,343,70,82,250,5
USW00014763,2025;06;22;04,FM-15,343,69,87,260,6
USW00014763,2025;06;22;05,FM-15,343,68,90,210,7
USW00014763,2025;06;22;06,FM-15,343,68,93,50,5
USW00014763,2025;06;22;07,FM-15,343,73,76,230,8
USW00014763,2025;06;22;08,FM-15,343,77,66,240,10
USW00014763,2025;06;22;09,FM-15,343,77,66,250,15
USW00014763,2025;06;22;10,FM-15,343,78,67,260,10
USW00014763,2025;06;22;11,FM-15,343,81,65,270,15
USW00014763,2025;06;22;12,FM-15,343,82,67,280,17
USW00014763,2025;06;22;13,FM-16,343,82,67,270,15
USW00014763,2025;06;22;13,FM-15,343,81,69,290,14
USW00014763,2025;06;22;14,FM-15,343,79,77,330,6
USW00014763,2025;06;22;15,FM-15,343,79,77,310,8
USW00014763,2025;06;22;16,FM-15,343,78,79,310,9
USW00014763,2025;06;22;17,FM-16,343,78,79,VRB,7
USW00014763,2025;06;22;17,FM-15,343,78,79,290,7
USW00014763,2025;06;22;18,FM-16,343,78,79,VRB,6
USW00014763,2025;06;22;18,FM-15,343,78,79,340,5
USW00014763,2025;06;22;19,FM-16,343,78,79,0,0
USW00014763,2025;06;22;19,FM-16,343,78,79,320,6
USW00014763,2025;06;22;19,FM-15,343,77,82,300,5
USW00014763,2025;06;22;20,FM-15,343,75,88,270,3
USW00014763,2025;06;22;21,FM-15,343,75,88,310,3
USW00014763,2025;06;22;22,FM-15,343,71,96,270,7
USW00014763,2025;06;22;23,FM-15,343,71,94,220,3
USW00014763,2025;06;23;00,SOD,,,,,
USW00014763,2025;06;23;00,FM-16,343,70,100,10,3
USW00014763,2025;06;23;00,FM-15,343,69,100,0,0
USW00014763,2025;06;23;01,FM-16,343,69,100,0,0
USW00014763,2025;06;23;01,FM-16,343,69,96,0,0
USW00014763,2025;06;23;01,FM-15,343,69,96,260,3
USW00014763,2025;06;23;02,FM-16,343,69,100,0,0
USW00014763,2025;06;23;02,FM-16,343,70,97,0,0
USW00014763,2025;06;23;02,FM-15,343,70,97,0,0
USW00014763,2025;06;23;03,FM-16,343,69,100,0,0
USW00014763,2025;06;23;03,FM-16,343,69,96,0,0
USW00014763,2025;06;23;03,FM-15,343,69,96,0,0
USW00014763,2025;06;23;04,FM-16,343,69,100,0,0
USW00014763,2025;06;23;04,FM-15,343,69,100,0,0
USW00014763,2025;06;23;05,FM-16,343,70,97,0,0
USW00014763,2025;06;23;05,FM-15,343,70,97,0,0
USW00014763,2025;06;23;06,FM-16,343,71,96,0,0
USW00014763,2025;06;23;06,FM-16,343,71,100,0,0
USW00014763,2025;06;23;06,FM-16,343,72,100,0,0
USW00014763,2025;06;23;06,FM-15,343,71,100,0,0
USW00014763,2025;06;23;07,FM-16,343,75,90,0,0
USW00014763,2025;06;23;07,FM-15,343,77,88,0,0
USW00014763,2025;06;23;08,FM-15,343,80,82,0,0
USW00014763,2025;06;23;09,FM-15,343,84,74,230,5
USW00014763,2025;06;23;10,FM-16,343,86,67,10,3
USW00014763,2025;06;23;10,FM-15,343,88,66,250,6
USW00014763,2025;06;23;11,FM-15,343,89,59,VRB,9
USW00014763,2025;06;23;12,FM-15,343,88,59,300,8
USW00014763,2025;06;23;13,FM-15,343,89,59,300,7
USW00014763,2025;06;23;14,FM-15,343,91,54,290,7
USW00014763,2025;06;23;15,FM-15,343,91,56,270,9
USW00014763,2025;06;23;16,FM-15,343,91,56,260,8
USW00014763,2025;06;23;17,FM-15,343,90,59,240,6
USW00014763,2025;06;23;18,FM-15,343,87,67,220,3
USW00014763,2025;06;23;19,FM-15,343,82,82,250,5
USW00014763,2025;06;23;20,FM-15,343,78,90,240,5
USW00014763,2025;06;23;21,FM-15,343,77,94,240,6
USW00014763,2025;06;23;22,FM-15,343,74,97,0,0
USW00014763,2025;06;23;23,FM-15,343,73,96,250,3
USW00014763,2025;06;24;00,SOD,,,,,
USW00014763,2025;06;24;00,FM-15,343,72,97,0,0
USW00014763,2025;06;24;01,FM-16,343,71,96,40,5
USW00014763,2025;06;24;01,FM-16,343,71,96,0,0
USW00014763,2025;06;24;01,FM-16,343,70,97,0,0
USW00014763,2025;06;24;01,FM-16,343,70,97,0,0
USW00014763,2025;06;24;01,FM-15,343,69,96,0,0
USW00014763,2025;06;24;02,FM-16,343,70,97,0,0
USW00014763,2025;06;24;02,FM-16,343,69,96,0,0
USW00014763,2025;06;24;02,FM-16,343,69,96,0,0
USW00014763,2025;06;24;02,FM-16,343,70,97,0,0
USW00014763,2025;06;24;02,FM-16,343,70,88,250,3
USW00014763,2025;06;24;02,FM-15,343,69,93,230,3
USW00014763,2025;06;24;03,FM-15,343,68,96,0,0
USW00014763,2025;06;24;04,FM-15,343,68,93,0,0
USW00014763,2025;06;24;05,FM-15,343,76,74,250,7
USW00014763,2025;06;24;06,FM-15,343,80,62,300,7
USW00014763,2025;06;24;07,FM-15,343,82,63,290,8
USW00014763,2025;06;24;08,FM-15,343,84,61,300,9
USW00014763,2025;06;24;09,FM-15,343,86,59,290,8
USW00014763,2025;06;24;10,FM-15,343,89,53,280,16
USW00014763,2025;06;24;11,FM-15,343,90,50,280,13
USW00014763,2025;06;24;12,FM-15,343,92,43,310,18
USW00014763,2025;06;24;13,FM-15,343,92,44,290,11
USW00014763,2025;06;24;14,FM-15,343,93,41,300,13
USW00014763,2025;06;24;15,FM-15,343,91,47,290,14
USW00014763,2025;06;24;16,FM-15,343,91,45,300,13
USW00014763,2025;06;24;17,FM-15,343,89,48,290,9
USW00014763,2025;06;24;18,FM-15,343,85,51,280,6
USW00014763,2025;06;24;19,FM-15,343,82,58,270,5
USW00014763,2025;06;24;20,FM-15,343,80,64,260,6
USW00014763,2025;06;24;21,FM-15,343,79,65,250,5
USW00014763,2025;06;24;22,FM-15,343,80,60,230,3
USW00014763,2025;06;24;23,FM-15,343,78,67,VRB,3
USW00014763,2025;06;25;00,SOD,,,,,
USW00014763,2025;06;25;00,FM-15,343,70,90,0,0
USW00014763,2025;06;25;01,FM-15,343,74,79,240,3
USW00014763,2025;06;25;02,FM-15,343,75,79,0,0
USW00014763,2025;06;25;03,FM-15,343,75,79,240,3
USW00014763,2025;06;25;04,FM-15,343,75,82,230,5
USW00014763,2025;06;25;05,FM-15,343,77,77,260,7
USW00014763,2025;06;25;06,FM-15,343,79,69,310,6
USW00014763,2025;06;25;07,FM-16,343,81,70,280,9
USW00014763,2025;06;25;07,FM-15,343,79,72,280,9
USW00014763,2025;06;25;08,FM-16,343,81,69,300,8
USW00014763,2025;06;25;08,FM-15,343,82,65,310,7
USW00014763,2025;06;25;09,FM-15,343,84,61,290,11
USW00014763,2025;06;25;10,FM-15,343,85,57,340,10
USW00014763,2025;06;25;11,FM-15,343,85,55,,
USW00014763,2025;06;25;12,FM-15,343,87,53,300,13
USW00014763,2025;06;25;13,FM-15,343,87,53,280,14
USW00014763,2025;06;25;14,FM-15,343,88,50,270,9
USW00014763,2025;06;25;15,FM-15,343,87,50,280,9
USW00014763,2025;06;25;16,FM-15,343,86,51,300,11
USW00014763,2025;06;25;17,FM-15,343,83,57,290,8
USW00014763,2025;06;25;18,FM-15,343,82,58,290,9
USW00014763,2025;06;25;19,FM-15,343,79,67,240,6
USW00014763,2025;06;25;20,FM-15,343,79,65,210,3
USW00014763,2025;06;25;21,FM-15,343,77,71,310,7
USW00014763,2025;06;25;22,FM-15,343,75,79,10,3
USW00014763,2025;06;25;23,FM-15,343,74,79,40,7
USW00014763,2025;06;26;00,SOD,,,,,
USW00014763,2025;06;26;00,FM-15,343,73,79,70,3
USW00014763,2025;06;26;01,FM-15,343,71,71,60,6
USW00014763,2025;06;26;02,FM-15,343,72,61,60,7
USW00014763,2025;06;26;03,FM-15,343,70,66,100,3
USW00014763,2025;06;26;04,FM-15,343,70,61,60,6
USW00014763,2025;06;26;05,FM-15,343,70,64,50,6
USW00014763,2025;06;26;06,FM-15,343,70,55,60,7
USW00014763,2025;06;26;07,FM-15,343,70,53,VRB,11
USW00014763,2025;06;26;08,FM-15,343,69,47,110,9
USW00014763,2025;06;26;09,FM-15,343,69,49,110,7
USW00014763,2025;06;26;10,FM-15,343,68,57,110,6
USW00014763,2025;06;26;11,FM-15,343,65,70,110,8
USW00014763,2025;06;26;12,FM-15,343,64,73,120,8
USW00014763,2025;06;26;13,FM-16,343,61,84,100,6
USW00014763,2025;06;26;13,FM-15,343,60,90,120,3
USW00014763,2025;06;26;14,FM-15,343,60,86,100,5
USW00014763,2025;06;26;15,FM-16,343,60,86,100,6
USW00014763,2025;06;26;15,FM-16,343,61,84,110,6
USW00014763,2025;06;26;15,FM-15,343,61,84,VRB,5
USW00014763,2025;06;26;16,FM-15,343,60,84,120,7
USW00014763,2025;06;26;17,FM-15,343,61,81,110,3
USW00014763,2025;06;26;18,FM-15,343,60,86,110,5
USW00014763,2025;06;26;19,FM-15,343,60,84,0,0
USW00014763,2025;06;26;20,FM-15,343,59,87,110,3
USW00014763,2025;06;26;21,FM-15,343,59,87,0,0
USW00014763,2025;06;26;22,FM-15,343,59,87,130,3
USW00014763,2025;06;26;23,FM-15,343,60,86,0,0
USW00014763,2025;06;27;00,SOD,,,,,
USW00014763,2025;06;27;00,FM-15,343,59,87,0,0
USW00014763,2025;06;27;01,FM-15,343,59,87,0,0
USW00014763,2025;06;27;02,FM-15,343,59,81,0,0
USW00014763,2025;06;27;03,FM-15,343,58,90,0,0
USW00014763,2025;06;27;04,FM-15,343,59,75,0,0
USW00014763,2025;06;27;05,FM-15,343,59,75,0,0
USW00014763,2025;06;27;06,FM-15,343,59,75,100,5
USW00014763,2025;06;27;07,FM-15,343,61,72,110,6
USW00014763,2025;06;27;08,FM-15,343,64,65,160,8
USW00014763,2025;06;27;09,FM-15,343,65,59,110,6
USW00014763,2025;06;27;10,FM-15,343,66,56,140,9
USW00014763,2025;06;27;11,FM-15,343,67,55,140,9
USW00014763,2025;06;27;12,FM-15,343,66,54,VRB,9
USW00014763,2025;06;27;13,FM-15,343,66,54,140,14
USW00014763,2025;06;27;14,FM-15,343,66,56,150,10
USW00014763,2025;06;27;15,FM-15,343,66,61,140,7
USW00014763,2025;06;27;16,FM-15,343,66,63,140,7
USW00014763,2025;06;27;17,FM-15,343,65,52,VRB,6
USW00014763,2025;06;27;18,FM-15,343,63,63,0,0
USW00014763,2025;06;27;19,FM-15,343,63,52,VRB,5
USW00014763,2025;06;27;20,FM-15,343,61,56,,
USW00014763,2025;06;27;21,FM-15,343,61,54,120,9
USW00014763,2025;06;27;22,FM-15,343,61,52,VRB,3
USW00014763,2025;06;27;23,FM-15,343,61,50,110,10
USW00014763,2025;06;28;00,SOD,,,,,
USW00014763,2025;06;28;00,FM-16,343,60,53,130,5
USW00014763,2025;06;28;00,FM-15,343,60,53,0,0
USW00014763,2025;06;28;01,FM-15,343,60,56,0,0
USW00014763,2025;06;28;02,FM-15,343,60,56,VRB,3
USW00014763,2025;06;28;03,FM-15,343,60,65,240,3
USW00014763,2025;06;28;04,FM-16,343,59,77,200,6
USW00014763,2025;06;28;04,FM-15,343,59,78,VRB,3
USW00014763,2025;06;28;05,FM-15,343,59,83,170,7
USW00014763,2025;06;28;06,FM-15,343,60,86,190,8
USW00014763,2025;06;28;07,FM-16,343,60,86,0,0
USW00014763,2025;06;28;07,FM-15,343,62,86,0,0
USW00014763,2025;06;28;08,FM-15,343,64,84,170,5
USW00014763,2025;06;28;09,FM-16,343,66,84,160,6
USW00014763,2025;06;28;09,FM-15,343,66,84,170,10
USW00014763,2025;06;28;10,FM-15,343,69,78,VRB,5
USW00014763,2025;06;28;11,FM-16,343,72,73,220,8
USW00014763,2025;06;28;11,FM-15,343,74,74,230,10
USW00014763,2025;06;28;12,FM-16,343,74,74,210,7
USW00014763,2025;06;28;12,FM-16,343,76,72,0,0
USW00014763,2025;06;28;12,FM-16,343,77,69,250,7
USW00014763,2025;06;28;12,FM-15,343,77,69,260,7
USW00014763,2025;06;28;13,FM-16,343,79,65,190,5
USW00014763,2025;06;28;13,FM-15,343,79,67,190,5
USW00014763,2025;06;28;14,FM-16,343,81,65,230,10
USW00014763,2025;06;28;14,FM-15,343,79,69,150,7
USW00014763,2025;06;28;15,FM-16,343,81,67,180,8
USW00014763,2025;06;28;15,FM-16,343,82,65,VRB,6
USW00014763,2025;06;28;15,FM-15,343,82,63,230,8
USW00014763,2025;06;28;16,FM-15,343,80,67,210,5
USW00014763,2025;06;28;17,FM-15,343,79,67,220,7
USW00014763,2025;06;28;18,FM-15,343,77,74,190,6
USW00014763,2025;06;28;19,FM-15,343,76,79,220,3
USW00014763,2025;06;28;20,FM-15,343,75,82,200,7
USW00014763,2025;06;28;21,FM-15,343,75,82,200,7
USW00014763,2025;06;28;22,FM-15,343,74,85,230,7
USW00014763,2025;06;28;23,FM-15,343,72,91,230,7
USW00014763,2025;06;29;00,SOD,,,,,
USW00014763,2025;06;29;00,FM-16,343,72,88,220,7
USW00014763,2025;06;29;00,FM-15,343,72,87,250,6
USW00014763,2025;06;29;01,FM-16,343,72,84,300,8
USW00014763,2025;06;29;01,FM-15,343,71,79,290,6
USW00014763,2025;06;29;02,FM-16,343,70,79,300,11
USW00014763,2025;06;29;02,FM-15,343,69,76,290,9
USW00014763,2025;06;29;03,FM-16,343,69,76,290,6
USW00014763,2025;06;29;03,FM-16,343,68,78,270,5
USW00014763,2025;06;29;03,FM-16,343,68,78,320,5
USW00014763,2025;06;29;03,FM-15,343,68,76,320,3
USW00014763,2025;06;29;04,FM-16,343,66,78,300,6
USW00014763,2025;06;29;04,FM-15,343,65,81,310,6
USW00014763,2025;06;29;05,FM-15,343,66,73,310,13
USW00014763,2025;06;29;06,FM-15,343,66,65,290,13
USW00014763,2025;06;29;07,FM-15,343,67,63,VRB,10
USW00014763,2025;06;29;08,FM-15,343,70,61,300,14
USW00014763,2025;06;29;09,FM-16,343,70,61,280,10
USW00014763,2025;06;29;09,FM-15,343,71,61,290,11
USW00014763,2025;06;29;10,FM-15,343,72,57,300,13
USW00014763,2025;06;29;11,FM-15,343,73,57,290,13
USW00014763,2025;06;29;12,FM-15,343,74,56,280,13
USW00014763,2025;06;29;13,FM-15,343,76,52,290,15
USW00014763,2025;06;29;14,FM-15,343,75,54,VRB,9
USW00014763,2025;06;29;15,FM-15,343,77,54,310,7
USW00014763,2025;06;29;16,FM-15,343,76,54,330,9
USW00014763,2025;06;29;17,FM-15,343,74,57,350,8
USW00014763,2025;06;29;18,FM-15,343,72,61,0,0
USW00014763,2025;06;29;19,FM-15,343,67,73,0,0
USW00014763,2025;06;29;20,FM-15,343,65,81,0,0
USW00014763,2025;06;29;21,FM-15,343,61,90,0,0
USW00014763,2025;06;29;22,FM-15,343,59,93,0,0
USW00014763,2025;06;29;23,FM-15,343,60,90,0,0
USW00014763,2025;06;30;00,SOD,,,,,
USW00014763,2025;06;30;00,FM-15,343,58,97,0,0
USW00014763,2025;06;30;01,FM-15,343,57,93,0,0
USW00014763,2025;06;30;02,FM-15,343,56,93,0,0
USW00014763,2025;06;30;03,FM-16,343,55,96,0,0
USW00014763,2025;06;30;03,FM-16,343,55,96,0,0
USW00014763,2025;06;30;03,FM-16,343,55,96,0,0
USW00014763,2025;06;30;03,FM-16,343,56,97,0,0
USW00014763,2025;06;30;03,FM-16,343,57,94,0,0
USW00014763,2025;06;30;03,FM-15,343,57,96,0,0
USW00014763,2025;06;30;04,FM-16,343,56,100,0,0
USW00014763,2025;06;30;04,FM-16,343,56,97,0,0
USW00014763,2025;06;30;04,FM-16,343,56,97,0,0
USW00014763,2025;06;30;04,FM-16,343,55,100,0,0
USW00014763,2025;06;30;04,FM-16,343,55,94,0,0
USW00014763,2025;06;30;04,FM-15,343,55,96,0,0
USW00014763,2025;06;30;05,FM-16,343,56,97,0,0
USW00014763,2025;06;30;05,FM-16,343,56,97,0,0
USW00014763,2025;06;30;05,FM-16,343,56,100,0,0
USW00014763,2025;06;30;05,FM-16,343,57,96,0,0
USW00014763,2025;06;30;05,FM-16,343,57,100,0,0
USW00014763,2025;06;30;05,FM-16,343,57,100,0,0
USW00014763,2025;06;30;05,FM-15,343,58,100,0,0
USW00014763,2025;06;30;06,FM-15,343,63,87,0,0
USW00014763,2025;06;30;07,FM-15,343,69,76,0,0
USW00014763,2025;06;30;08,FM-15,343,74,64,0,0
USW00014763,2025;06;30;09,FM-15,343,77,56,0,0
USW00014763,2025;06;30;10,FM-15,343,79,50,0,0
USW00014763,2025;06;30;11,FM-15,343,81,53,260,5
USW00014763,2025;06;30;12,FM-15,343,82,51,VRB,3
USW00014763,2025;06;30;13,FM-15,343,84,48,200,8
USW00014763,2025;06;30;14,FM-15,343,85,45,230,9
USW00014763,2025;06;30;15,FM-15,343,84,48,190,8
USW00014763,2025;06;30;16,FM-15,343,83,51,190,9
USW00014763,2025;06;30;17,FM-15,343,82,55,190,6
USW00014763,2025;06;30;18,FM-15,343,80,62,180,6
USW00014763,2025;06;30;19,FM-15,343,78,67,0,0
USW00014763,2025;06;30;20,FM-15,343,77,66,180,8
USW00014763,2025;06;30;21,FM-15,343,75,71,180,9
USW00014763,2025;06;30;22,FM-15,343,74,74,VRB,3
USW00014763,2025;06;30;23,FM-15,343,73,79,0,0
USW00014763,2025;06;30;23,SOM,,,,,
USW00014763,2025;07;01;00,SOD,,,,,
USW00014763,2025;07;01;00,FM-15,343,73,79,220,3
USW00014763,2025;07;01;01,FM-15,343,74,79,220,3
USW00014763,2025;07;01;02,FM-15,343,71,87,VRB,6
USW00014763,2025;07;01;03,FM-16,343,70,88,0,0
USW00014763,2025;07;01;03,FM-15,343,70,90,0,0
USW00014763,2025;07;01;04,FM-15,343,73,84,170,9
USW00014763,2025;07;01;05,FM-15,343,73,87,VRB,3
USW00014763,2025;07;01;06,FM-15,343,74,82,200,7
USW00014763,2025;07;01;07,FM-15,343,75,82,220,9
USW00014763,2025;07;01;08,FM-16,343,76,79,220,10
USW00014763,2025;07;01;08,FM-15,343,76,79,210,11
USW00014763,2025;07;01;09,FM-15,343,79,77,210,7
USW00014763,2025;07;01;10,FM-15,343,83,61,230,14
USW00014763,2025;07;01;11,FM-15,343,82,63,250,9
USW00014763,2025;07;01;12,FM-15,343,83,61,240,6
USW00014763,2025;07;01;13,FM-15,343,86,55,220,9
USW00014763,2025;07;01;14,FM-16,343,84,55,250,6
USW00014763,2025;07;01;14,FM-15,343,84,57,250,6
USW00014763,2025;07;01;15,FM-16,343,78,74,290,8
USW00014763,2025;07;01;15,FM-16,343,77,79,VRB,5
USW00014763,2025;07;01;15,FM-16,343,75,82,210,9
USW00014763,2025;07;01;15,FM-16,343,73,87,220,17
USW00014763,2025;07;01;15,FM-16,343,71,84,230,9
USW00014763,2025;07;01;15,FM-16,343,71,84,220,9
USW00014763,2025;07;01;15,FM-15,343,72,87,0,0
USW00014763,2025;07;01;16,FM-15,343,73,84,VRB,5
USW00014763,2025;07;01;17,FM-15,343,72,87,230,6
USW00014763,2025;07;01;18,FM-15,343,71,87,0,0
USW00014763,2025;07;01;19,FM-15,343,70,90,130,6
USW00014763,2025;07;01;20,FM-15,343,69,96,0,0
USW00014763,2025;07;01;21,FM-16,343,70,94,0,0
USW00014763,2025;07;01;21,FM-16,343,70,94,0,0
USW00014763,2025;07;01;21,FM-15,343,70,93,360,3
USW00014763,2025;07;01;22,FM-16,343,70,93,0,0
USW00014763,2025;07;01;22,FM-16,343,70,94,0,0
USW00014763,2025;07;01;22,FM-15,343,69,96,0,0
USW00014763,2025;07;01;23,FM-16,343,69,96,230,5
USW00014763,2025;07;01;23,FM-16,343,69,96,220,6
USW00014763,2025;07;01;23,FM-16,343,70,94,220,6
USW00014763,2025;07;01;23,FM-15,343,69,96,210,6
USW00014763,2025;07;02;00,SOD,,,,,
USW00014763,2025;07;02;00,FM-16,343,70,90,230,7
USW00014763,2025;07;02;00,FM-15,343,69,93,0,0
USW00014763,2025;07;02;01,FM-16,343,68,96,0,0
USW00014763,2025;07;02;01,FM-15,343,68,96,0,0
USW00014763,2025;07;02;02,FM-16,343,67,97,0,0
USW00014763,2025;07;02;02,FM-16,343,66,100,0,0
USW00014763,2025;07;02;02,FM-15,343,67,97,0,0
USW00014763,2025;07;02;03,FM-16,343,67,97,0,0
USW00014763,2025;07;02;03,FM-16,343,67,97,0,0
USW00014763,2025;07;02;03,FM-15,343,68,90,250,6
USW00014763,2025;07;02;04,FM-15,343,67,93,0,0
USW00014763,2025;07;02;05,FM-16,343,69,90,250,3
USW00014763,2025;07;02;05,FM-15,343,69,90,220,5
USW00014763,2025;07;02;06,FM-16,343,69,90,230,5
USW00014763,2025;07;02;06,FM-16,343,70,87,240,5
USW00014763,2025;07;02;06,FM-16,343,70,87,250,6
USW00014763,2025;07;02;06,FM-15,343,70,87,260,5
USW00014763,2025;07;02;07,FM-16,343,70,87,VRB,3
USW00014763,2025;07;02;07,FM-16,343,70,87,VRB,3
USW00014763,2025;07;02;07,FM-16,343,72,78,290,6
USW00014763,2025;07;02;07,FM-15,343,72,79,280,7
USW00014763,2025;07;02;08,FM-16,343,71,79,290,6
USW00014763,2025;07;02;08,FM-16,343,73,76,290,7
USW00014763,2025;07;02;08,FM-15,343,72,76,280,10
USW00014763,2025;07;02;09,FM-16,343,72,73,260,7
USW00014763,2025;07;02;09,FM-15,343,73,74,280,7
USW00014763,2025;07;02;10,FM-15,343,77,60,270,11
USW00014763,2025;07;02;11,FM-15,343,79,58,VRB,8
USW00014763,2025;07;02;12,FM-15,343,79,56,VRB,5
USW00014763,2025;07;02;13,FM-15,343,79,56,260,7
USW00014763,2025;07;02;14,FM-15,343,80,52,VRB,5
USW00014763,2025;07;02;15,FM-15,343,80,49,280,5
USW00014763,2025;07;02;16,FM-15,343,81,49,280,8
USW00014763,2025;07;02;17,FM-15,343,80,51,260,5
USW00014763,2025;07;02;18,FM-15,343,77,60,230,6
USW00014763,2025;07;02;19,FM-15,343,72,73,230,3
USW00014763,2025;07;02;20,FM-15,343,72,73,220,5
USW00014763,2025;07;02;21,FM-15,343,72,68,240,6
USW00014763,2025;07;02;22,FM-15,343,70,71,230,5
USW00014763,2025;07;02;23,FM-15,343,64,87,270,3
USW00014763,2025;07;03;00,SOD,,,,,
USW00014763,2025;07;03;00,FM-15,343,62,93,250,6
USW00014763,2025;07;03;01,FM-15,343,62,90,240,5
USW00014763,2025;07;03;02,FM-15,343,60,96,280,5
USW00014763,2025;07;03;03,FM-15,343,58,97,0,0
USW00014763,2025;07;03;04,FM-16,343,59,96,0,0
USW00014763,2025;07;03;04,FM-16,343,57,100,0,0
USW00014763,2025;07;03;04,FM-15,343,58,97,0,0
USW00014763,2025;07;03;05,FM-15,343,62,93,0,0
USW00014763,2025;07;03;06,FM-15,343,68,81,0,0
USW00014763,2025;07;03;07,FM-15,343,73,64,270,7
USW00014763,2025;07;03;08,FM-15,343,75,60,290,18
USW00014763,2025;07;03;09,FM-15,343,70,71,290,9
USW00014763,2025;07;03;10,FM-16,343,71,71,310,7
USW00014763,2025;07;03;10,FM-15,343,72,68,0,0
USW00014763,2025;07;03;11,FM-15,343,77,56,280,8
USW00014763,2025;07;03;12,FM-15,343,78,50,290,10
USW00014763,2025;07;03;13,FM-15,343,79,54,290,7
USW00014763,2025;07;03;14,FM-15,343,78,56,310,8
USW00014763,2025;07;03;15,FM-15,343,76,58,290,11
USW00014763,2025;07;03;16,FM-15,343,69,70,280,8
USW00014763,2025;07;03;17,FM-15,343,68,76,230,6
USW00014763,2025;07;03;18,FM-15,343,68,76,250,9
USW00014763,2025;07;03;19,FM-15,343,65,81,0,0
USW00014763,2025;07;03;20,FM-15,343,65,76,270,11
USW00014763,2025;07;03;21,FM-15,343,63,73,270,9
USW00014763,2025;07;03;22,FM-15,343,63,70,270,9
USW00014763,2025;07;03;23,FM-15,343,59,83,250,5
USW00014763,2025;07;04;00,SOD,,,,,
USW00014763,2025;07;04;00,FM-15,343,56,93,130,3
USW00014763,2025;07;04;01,FM-15,343,57,87,250,3
USW00014763,2025;07;04;02,FM-15,343,58,84,250,7
USW00014763,2025;07;04;03,FM-15,343,58,87,230,6
USW00014763,2025;07;04;04,FM-15,343,58,87,250,7
USW00014763,2025;07;04;05,FM-15,343,60,84,290,8
USW00014763,2025;07;04;06,FM-15,343,62,73,300,8
USW00014763,2025;07;04;07,FM-15,343,65,66,320,9
USW00014763,2025;07;04;08,FM-15,343,67,55,320,11
USW00014763,2025;07;04;09,FM-15,343,69,49,290,17
USW00014763,2025;07;04;10,FM-15,343,70,46,320,14
USW00014763,2025;07;04;11,FM-15,343,72,46,310,13
USW00014763,2025;07;04;12,FM-15,343,73,48,290,14
USW00014763,2025;07;04;13,FM-15,343,74,45,290,13
USW00014763,2025;07;04;14,FM-15,343,75,43,310,9
USW00014763,2025;07;04;15,FM-15,343,75,43,310,10
USW00014763,2025;07;04;16,FM-15,343,75,41,280,9
USW00014763,2025;07;04;17,FM-15,343,73,46,290,9
USW00014763,2025;07;04;18,FM-15,343,70,51,270,7
USW00014763,2025;07;04;19,FM-15,343,66,61,240,6
USW00014763,2025;07;04;20,FM-15,343,64,65,220,5
USW00014763,2025;07;04;21,FM-15,343,60,75,270,5
USW00014763,2025;07;04;22,FM-15,343,59,78,0,0
USW00014763,2025;07;04;23,FM-15,343,56,84,0,0
USW00014763,2025;07;05;00,SOD,,,,,
USW00014763,2025;07;05;00,FM-15,343,54,90,0,0
USW00014763,2025;07;05;01,FM-15,343,53,89,0,0
USW00014763,2025;07;05;02,FM-15,343,53,89,0,0
USW00014763,2025;07;05;03,FM-15,343,51,92,0,0
USW00014763,2025;07;05;04,FM-15,343,51,92,0,0
USW00014763,2025;07;05;05,FM-15,343,54,97,0,0
USW00014763,2025;07;05;06,FM-15,343,59,83,0,0
USW00014763,2025;07;05;07,FM-15,343,64,75,0,0
USW00014763,2025;07;05;08,FM-15,343,69,68,0,0
USW00014763,2025;07;05;09,FM-15,343,71,51,VRB,7
USW00014763,2025;07;05;10,FM-15,343,74,52,240,7
USW00014763,2025;07;05;11,FM-15,343,75,43,220,6
USW00014763,2025;07;05;12,FM-15,343,77,42,VRB,6
USW00014763,2025;07;05;13,FM-15,343,80,38,270,8
USW00014763,2025;07;05;14,FM-15,343,80,37,270,6
USW00014763,2025;07;05;15,FM-15,343,80,44,210,7
USW00014763,2025;07;05;16,FM-15,343,79,47,VRB,7
USW00014763,2025;07;05;17,FM-15,343,78,50,210,8
USW00014763,2025;07;05;18,FM-15,343,76,58,0,0
USW00014763,2025;07;05;19,FM-15,343,71,68,0,0
USW00014763,2025;07;05;20,FM-15,343,66,81,0,0
USW00014763,2025;07;05;21,FM-15,343,65,84,0,0
USW00014763,2025;07;05;22,FM-15,343,63,87,0,0
USW00014763,2025;07;05;23,FM-15,343,63,90,0,0
USW00014763,2025;07;06;00,SOD,,,,,
USW00014763,2025;07;06;00,FM-15,343,61,93,0,0
USW00014763,2025;07;06;01,FM-15,343,61,93,0,0
USW00014763,2025;07;06;02,FM-15,343,60,96,0,0
USW00014763,2025;07;06;03,FM-15,343,61,93,0,0
USW00014763,2025;07;06;04,FM-15,343,60,96,0,0
USW00014763,2025;07;06;05,FM-15,343,64,90,0,0
USW00014763,2025;07;06;06,FM-15,343,68,81,0,0
USW00014763,2025;07;06;07,FM-15,343,74,71,0,0
USW00014763,2025;07;06;08,FM-15,343,79,65,250,6
USW00014763,2025;07;06;09,FM-15,343,81,61,230,7
USW00014763,2025;07;06;10,FM-15,343,84,55,220,8
USW00014763,2025;07;06;11,FM-15,343,86,53,220,10
USW00014763,2025;07;06;12,FM-15,343,88,50,VRB,10
USW00014763,2025;07;06;14,FM-15,343,87,51,220,11
USW00014763,2025;07;06;15,FM-15,343,86,51,230,11
USW00014763,2025;07;06;16,FM-15,343,85,53,180,8
USW00014763,2025;07;06;17,FM-15,343,84,53,210,9
USW00014763,2025;07;06;18,FM-15,343,82,56,200,10
USW00014763,2025;07;06;19,FM-15,343,80,60,190,9
USW00014763,2025;07;06;20,FM-15,343,78,64,190,10
USW00014763,2025;07;06;21,FM-15,343,77,62,200,6
USW00014763,2025;07;06;22,FM-15,343,72,71,0,0
USW00014763,2025;07;06;23,FM-15,343,71,73,110,3
USW00014763,2025;07;07;00,SOD,,,,,
USW00014763,2025;07;07;00,FM-15,343,70,76,0,0
USW00014763,2025;07;07;01,FM-15,343,65,90,0,0
USW00014763,2025;07;07;02,FM-15,343,64,90,0,0
USW00014763,2025;07;07;03,FM-15,343,65,90,0,0
USW00014763,2025;07;07;04,FM-15,343,64,93,0,0
USW00014763,2025;07;07;05,FM-15,343,67,93,0,0
USW00014763,2025;07;07;06,FM-16,343,71,87,0,0
USW00014763,2025;07;07;06,FM-15,343,74,82,0,0
USW00014763,2025;07;07;07,FM-16,343,75,82,200,6
USW00014763,2025;07;07;07,FM-15,343,75,82,VRB,6
USW00014763,2025;07;07;08,FM-16,343,77,77,240,8
USW00014763,2025;07;07;08,FM-16,343,76,79,130,5
USW00014763,2025;07;07;08,FM-15,343,77,77,220,8
USW00014763,2025;07;07;09,FM-16,343,77,77,220,7
USW00014763,2025;07;07;09,FM-15,343,78,74,220,10
USW00014763,2025;07;07;10,FM-16,343,78,76,VRB,6
USW00014763,2025;07;07;10,FM-15,343,79,72,230,8
USW00014763,2025;07;07;11,FM-16,343,79,72,210,6
USW00014763,2025;07;07;11,FM-15,343,80,69,220,8
USW00014763,2025;07;07;12,FM-15,343,82,65,220,8
USW00014763,2025;07;07;13,FM-15,343,86,57,230,11
USW00014763,2025;07;07;14,FM-15,343,85,59,240,7
USW00014763,2025;07;07;15,FM-15,343,84,65,190,10
USW00014763,2025;07;07;16,FM-15,343,83,67,200,9
USW00014763,2025;07;07;17,FM-15,343,82,69,190,8
USW00014763,2025;07;07;18,FM-15,343,80,76,VRB,7
USW00014763,2025;07;07;19,FM-15,343,78,82,170,8
USW00014763,2025;07;07;20,FM-15,343,77,82,220,7
USW00014763,2025;07;07;21,FM-15,343,75,84,170,5
USW00014763,2025;07;07;22,FM-15,343,75,84,200,6
USW00014763,2025;07;07;23,FM-16,343,73,90,0,0
USW00014763,2025;07;07;23,FM-15,343,73,90,0,0
USW00014763,2025;07;08;00,SOD,,,,,
USW00014763,2025;07;08;00,FM-16,343,72,94,0,0
USW00014763,2025;07;08;00,FM-15,343,71,94,0,0
USW00014763,2025;07;08;01,FM-16,343,72,94,0,0
USW00014763,2025;07;08;01,FM-16,343,72,94,0,0
USW00014763,2025;07;08;01,FM-15,343,73,90,230,3
USW00014763,2025;07;08;02,FM-16,343,73,90,250,6
USW00014763,2025;07;08;02,FM-16,343,73,90,0,0
USW00014763,2025;07;08;02,FM-15,343,73,90,0,0
USW00014763,2025;07;08;03,FM-15,343,72,94,220,5
USW00014763,2025;07;08;04,FM-15,343,71,94,280,5
USW00014763,2025;07;08;05,FM-16,343,74,88,300,6
USW00014763,2025;07;08;05,FM-15,343,73,87,310,7
USW00014763,2025;07;08;06,FM-16,343,73,83,320,8
USW00014763,2025;07;08;06,FM-15,343,73,84,310,8
USW00014763,2025;07;08;07,FM-16,343,79,74,310,9
USW00014763,2025;07;08;07,FM-15,343,78,74,310,6
USW00014763,2025;07;08;08,FM-16,343,79,72,280,10
USW00014763,2025;07;08;08,FM-16,343,78,71,300,13
USW00014763,2025;07;08;08,FM-15,343,77,74,300,9
USW00014763,2025;07;08;09,FM-15,343,79,69,310,6
USW00014763,2025;07;08;10,FM-15,343,82,63,260,9
USW00014763,2025;07;08;11,FM-15,343,83,63,320,10
USW00014763,2025;07;08;12,FM-15,343,83,63,VRB,8
USW00014763,2025;07;08;13,FM-15,343,83,63,290,8
USW00014763,2025;07;08;14,FM-15,343,82,63,330,6
USW00014763,2025;07;08;15,FM-15,343,83,61,VRB,7
USW00014763,2025;07;08;16,FM-15,343,81,62,320,6
USW00014763,2025;07;08;17,FM-15,343,79,67,320,7
USW00014763,2025;07;08;18,FM-15,343,78,64,310,6
USW00014763,2025;07;08;19,FM-15,343,,,,
USW00014763,2025;07;08;20,FM-15,343,,,,
USW00014763,2025;07;08;21,FM-15,343,,,,
USW00014763,2025;07;08;22,FM-15,343,,,,
USW00014763,2025;07;08;23,FM-15,343,,,,
USW00014763,2025;07;09;00,SOD,,,,,
USW00014763,2025;07;09;00,FM-15,343,,,,
USW00014763,2025;07;09;01,FM-15,343,,,,
USW00014763,2025;07;09;02,FM-15,343,,,,
USW00014763,2025;07;09;03,FM-15,343,,,,
USW00014763,2025;07;09;04,FM-15,343,,,,
USW00014763,2025;07;09;05,FM-15,343,,,,
USW00014763,2025;07;09;06,FM-15,343,,,,
USW00014763,2025;07;09;07,FM-15,343,,,,
USW00014763,2025;07;09;08,FM-15,343,,,,
USW00014763,2025;07;09;09,FM-15,343,,,,
USW00014763,2025;07;09;10,FM-15,343,79,67,280,6
USW00014763,2025;07;09;11,FM-15,343,82,58,310,7
USW00014763,2025;07;09;12,FM-15,343,81,57,280,7
USW00014763,2025;07;09;13,FM-15,343,82,53,300,8
USW00014763,2025;07;09;14,FM-15,343,83,49,310,6
USW00014763,2025;07;09;15,FM-15,343,81,49,310,6
USW00014763,2025;07;09;16,FM-15,343,82,49,330,3
USW00014763,2025;07;09;17,FM-15,343,79,58,200,3
USW00014763,2025;07;09;18,FM-15,343,76,64,0,0
USW00014763,2025;07;09;19,FM-15,343,73,76,0,0
USW00014763,2025;07;09;20,FM-15,343,71,81,0,0
USW00014763,2025;07;09;21,FM-15,343,69,87,0,0
USW00014763,2025;07;09;22,FM-15,343,70,84,40,3
USW00014763,2025;07;09;23,FM-15,343,69,90,10,3
USW00014763,2025;07;10;00,SOD,,,,,
USW00014763,2025;07;10;00,FM-16,343,70,88,VRB,3
USW00014763,2025;07;10;00,FM-15,343,69,93,VRB,5
USW00014763,2025;07;10;01,FM-15,343,68,96,150,3
USW00014763,2025;07;10;02,FM-16,343,70,90,VRB,9
USW00014763,2025;07;10;02,FM-15,343,68,90,260,5
USW00014763,2025;07;10;03,FM-16,343,66,94,20,5
USW00014763,2025;07;10;03,FM-15,343,67,93,0,0
USW00014763,2025;07;10;04,FM-16,343,67,93,360,3
USW00014763,2025;07;10;04,FM-15,343,66,96,0,0
USW00014763,2025;07;10;05,FM-15,343,67,93,0,0
USW00014763,2025;07;10;06,FM-15,343,68,93,0,0
USW00014763,2025;07;10;07,FM-16,343,69,90,0,0
USW00014763,2025;07;10;07,FM-15,343,70,87,0,0
USW00014763,2025;07;10;08,FM-16,343,70,87,130,3
USW00014763,2025;07;10;08,FM-15,343,71,84,150,3
USW00014763,2025;07;10;09,FM-16,343,73,79,0,0
USW00014763,2025;07;10;09,FM-16,343,73,81,70,3
USW00014763,2025;07;10;09,FM-16,343,72,82,30,3
USW00014763,2025;07;10;09,FM-15,343,72,82,0,0
USW00014763,2025;07;10;10,FM-16,343,72,82,0,0
USW00014763,2025;07;10;10,FM-15,343,75,74,140,5
USW00014763,2025;07;10;11,FM-16,343,74,79,130,7
USW00014763,2025;07;10;11,FM-16,343,74,76,150,7
USW00014763,2025;07;10;11,FM-16,343,77,71,VRB,7
USW00014763,2025;07;10;11,FM-15,343,77,69,VRB,5
USW00014763,2025;07;10;12,FM-15,343,77,69,160,7
USW00014763,2025;07;10;13,FM-15,343,77,69,140,8
USW00014763,2025;07;10;14,FM-15,343,79,62,170,7
USW00014763,2025;07;10;15,FM-15,343,79,62,VRB,6
USW00014763,2025;07;10;16,FM-15,343,78,64,190,7
USW00014763,2025;07;10;17,FM-15,343,77,74,130,10
USW00014763,2025;07;10;18,FM-15,343,75,76,140,8
USW00014763,2025;07;10;19,FM-16,343,73,81,140,7
USW00014763,2025;07;10;19,FM-15,343,72,84,140,6
USW00014763,2025;07;10;20,FM-15,343,73,81,VRB,3
USW00014763,2025;07;10;21,FM-16,343,72,82,160,7
USW00014763,2025;07;10;21,FM-15,343,71,87,190,3
USW00014763,2025;07;10;22,FM-16,343,71,87,VRB,5
USW00014763,2025;07;10;22,FM-16,343,70,90,90,3
USW00014763,2025;07;10;22,FM-15,343,70,90,0,0
USW00014763,2025;07;10;23,FM-15,343,70,90,110,3
USW00014763,2025;07;11;00,SOD,,,,,
USW00014763,2025;07;11;00,FM-16,343,70,90,150,3
USW00014763,2025;07;11;00,FM-16,343,70,90,0,0
USW00014763,2025;07;11;00,FM-15,343,71,87,0,0
USW00014763,2025;07;11;01,FM-15,343,70,87,150,8
USW00014763,2025;07;11;02,FM-15,343,70,90,180,3
USW00014763,2025;07;11;03,FM-16,343,70,90,160,7
USW00014763,2025;07;11;03,FM-15,343,70,87,180,3
USW00014763,2025;07;11;04,FM-16,343,70,87,VRB,5
USW00014763,2025;07;11;04,FM-15,343,70,87,190,3
USW00014763,2025;07;11;05,FM-16,343,70,90,160,5
USW00014763,2025;07;11;05,FM-15,343,71,87,170,5
USW00014763,2025;07;11;06,FM-16,343,71,87,VRB,3
USW00014763,2025;07;11;06,FM-15,343,72,84,200,5
USW00014763,2025;07;11;07,FM-16,343,73,81,240,6
USW00014763,2025;07;11;07,FM-15,343,73,81,240,6
USW00014763,2025;07;11;08,FM-15,343,76,74,VRB,6
USW00014763,2025;07;11;09,FM-16,343,76,74,210,6
USW00014763,2025;07;11;09,FM-15,343,79,69,240,7
USW00014763,2025;07;11;10,FM-15,343,79,72,160,6
USW00014763,2025;07;11;11,FM-15,343,81,65,VRB,7
USW00014763,2025;07;11;12,FM-15,343,82,63,300,6
USW00014763,2025;07;11;13,FM-15,343,85,55,190,7
USW00014763,2025;07;11;14,FM-15,343,85,55,VRB,9
USW00014763,2025;07;11;15,FM-16,343,85,55,VRB,6
USW00014763,2025;07;11;15,FM-16,343,82,58,280,15
USW00014763,2025;07;11;15,FM-15,343,74,79,240,6
USW00014763,2025;07;11;16,FM-15,343,79,74,0,0
USW00014763,2025;07;11;17,FM-15,343,78,82,0,0
USW00014763,2025;07;11;18,FM-15,343,78,74,0,0
USW00014763,2025;07;11;19,FM-15,343,76,82,0,0
USW00014763,2025;07;11;20,FM-16,343,76,82,180,7
USW00014763,2025;07;11;20,FM-16,343,75,84,VRB,3
USW00014763,2025;07;11;20,FM-15,343,75,82,240,6
USW00014763,2025;07;11;21,FM-15,343,74,85,0,0
USW00014763,2025;07;11;22,FM-15,343,73,87,0,0
USW00014763,2025;07;11;23,FM-15,343,70,93,0,0
USW00014763,2025;07;12;00,SOD,,,,,
USW00014763,2025;07;12;00,FM-16,343,70,93,0,0
USW00014763,2025;07;12;00,FM-16,343,72,88,190,5
USW00014763,2025;07;12;00,FM-15,343,71,90,180,6
USW00014763,2025;07;12;01,FM-16,343,71,94,170,3
USW00014763,2025;07;12;01,FM-15,343,71,90,190,3
USW00014763,2025;07;12;02,FM-16,343,72,87,0,0
USW00014763,2025;07;12;02,FM-15,343,70,93,0,0
USW00014763,2025;07;12;03,FM-16,343,70,93,0,0
USW00014763,2025;07;12;03,FM-15,343,70,93,160,5
USW00014763,2025;07;12;04,FM-15,343,71,90,0,0
USW00014763,2025;07;12;05,FM-15,343,71,90,160,3
USW00014763,2025;07;12;06,FM-15,343,71,90,130,3
USW00014763,2025;07;12;07,FM-15,343,71,90,170,3
USW00014763,2025;07;12;08,FM-15,343,73,84,0,0
USW00014763,2025;07;12;09,FM-16,343,74,85,VRB,3
USW00014763,2025;07;12;09,FM-15,343,76,82,0,0
USW00014763,2025;07;12;10,FM-16,343,79,74,VRB,5
USW00014763,2025;07;12;10,FM-15,343,81,67,230,7
USW00014763,2025;07;12;11,FM-15,343,84,65,240,7
USW00014763,2025;07;12;12,FM-15,343,85,59,VRB,7
USW00014763,2025;07;12;13,FM-15,343,80,69,110,10
USW00014763,2025;07;12;14,FM-16,343,79,74,130,7
USW00014763,2025;07;12;14,FM-16,343,80,71,130,14
USW00014763,2025;07;12;14,FM-15,343,79,74,130,14
USW00014763,2025;07;12;15,FM-15,343,81,77,60,8
USW00014763,2025;07;12;16,FM-15,343,81,65,150,8
USW00014763,2025;07;12;17,FM-15,343,79,67,190,6
USW00014763,2025;07;12;18,FM-15,343,77,71,200,6
USW00014763,2025;07;12;19,FM-15,343,75,76,160,9
USW00014763,2025;07;12;20,FM-15,343,72,84,90,3
USW00014763,2025;07;12;21,FM-15,343,71,90,0,0
USW00014763,2025;07;12;22,FM-15,343,70,90,60,3
USW00014763,2025;07;12;23,FM-15,343,70,90,VRB,3
USW00014763,2025;07;13;00,SOD,,,,,
USW00014763,2025;07;13;00,FM-16,343,71,87,VRB,5
USW00014763,2025;07;13;00,FM-15,343,70,90,140,7
USW00014763,2025;07;13;01,FM-16,343,70,90,150,6
USW00014763,2025;07;13;01,FM-16,343,70,87,VRB,3
USW00014763,2025;07;13;01,FM-15,343,70,90,0,0
USW00014763,2025;07;13;02,FM-15,343,70,87,0,0
USW00014763,2025;07;13;03,FM-16,343,70,87,200,3
USW00014763,2025;07;13;03,FM-15,343,70,87,130,3
USW00014763,2025;07;13;04,FM-15,343,69,87,190,5
USW00014763,2025;07;13;05,FM-15,343,68,90,200,6
USW00014763,2025;07;13;06,FM-15,343,69,90,170,5
USW00014763,2025;07;13;07,FM-15,343,70,87,190,6
USW00014763,2025;07;13;08,FM-16,343,72,82,220,6
USW00014763,2025;07;13;08,FM-15,343,73,81,130,3
USW00014763,2025;07;13;09,FM-15,343,74,82,130,9
USW00014763,2025;07;13;10,FM-16,343,75,79,VRB,5
USW00014763,2025;07;13;10,FM-15,343,79,74,VRB,7
USW00014763,2025;07;13;11,FM-15,343,79,67,200,9
USW00014763,2025;07;13;12,FM-15,343,80,67,180,8
USW00014763,2025;07;13;13,FM-16,343,80,64,200,10
USW00014763,2025;07;13;13,FM-15,343,81,65,170,13
USW00014763,2025;07;13;14,FM-15,343,81,62,210,11
USW00014763,2025;07;13;15,FM-15,343,81,62,200,11
USW00014763,2025;07;13;16,FM-15,343,80,64,190,7
USW00014763,2025;07;13;17,FM-15,343,79,67,200,9
USW00014763,2025;07;13;18,FM-15,343,77,71,190,7
USW00014763,2025;07;13;19,FM-15,343,75,74,180,6
USW00014763,2025;07;13;20,FM-15,343,74,79,160,7
USW00014763,2025;07;13;21,FM-16,343,73,78,0,0
USW00014763,2025;07;13;21,FM-15,343,73,81,,
USW00014763,2025;07;13;22,FM-16,343,73,84,VRB,8
USW00014763,2025;07;13;22,FM-15,343,73,81,0,0
USW00014763,2025;07;13;23,FM-15,343,72,84,170,5
USW00014763,2025;07;14;00,SOD,,,,,
USW00014763,2025;07;14;00,FM-15,343,72,84,200,6
USW00014763,2025;07;14;01,FM-16,343,72,84,150,8
USW00014763,2025;07;14;01,FM-15,343,72,84,200,5
USW00014763,2025;07;14;02,FM-15,343,71,87,180,8
USW00014763,2025;07;14;03,FM-16,343,71,87,180,5
USW00014763,2025;07;14;03,FM-16,343,71,87,VRB,3
USW00014763,2025;07;14;03,FM-15,343,71,87,160,5
USW00014763,2025;07;14;04,FM-15,343,70,93,180,3
USW00014763,2025;07;14;05,FM-16,343,71,90,0,0
USW00014763,2025;07;14;05,FM-15,343,72,87,210,8
USW00014763,2025;07;14;06,FM-16,343,73,84,240,9
USW00014763,2025;07;14;06,FM-15,343,74,82,220,9
USW00014763,2025;07;14;07,FM-16,343,74,85,240,7
USW00014763,2025;07;14;07,FM-15,343,74,85,240,5
USW00014763,2025;07;14;08,FM-16,343,75,82,240,3
USW00014763,2025;07;14;08,FM-16,343,75,82,250,3
USW00014763,2025;07;14;08,FM-15,343,75,82,0,0
USW00014763,2025;07;14;09,FM-16,343,77,77,170,7
USW00014763,2025;07;14;09,FM-16,343,77,77,170,7
USW00014763,2025;07;14;09,FM-15,343,78,74,240,5
USW00014763,2025;07;14;10,FM-16,343,79,72,240,9
USW00014763,2025;07;14;10,FM-15,343,79,72,210,9
USW00014763,2025;07;14;11,FM-15,343,81,69,VRB,6
USW00014763,2025;07;14;12,FM-15,343,82,67,210,7
USW00014763,2025;07;14;13,FM-15,343,83,63,280,6
USW00014763,2025;07;14;14,FM-16,343,84,63,230,6
USW00014763,2025;07;14;14,FM-16,343,83,63,0,0
USW00014763,2025;07;14;14,FM-15,343,84,63,260,5
USW00014763,2025;07;14;15,FM-15,343,84,61,220,5
USW00014763,2025;07;14;16,FM-16,343,80,74,270,6
USW00014763,2025;07;14;16,FM-16,343,79,79,250,6
USW00014763,2025;07;14;16,FM-15,343,79,77,250,7
USW00014763,2025;07;14;17,FM-16,343,79,74,220,8
USW00014763,2025;07;14;17,FM-15,343,72,87,150,14
USW00014763,2025;07;14;18,FM-15,343,71,94,240,3
USW00014763,2025;07;14;19,FM-16,343,72,91,220,3
USW00014763,2025;07;14;19,FM-16,343,71,94,230,3
USW00014763,2025;07;14;19,FM-16,343,71,94,270,3
USW00014763,2025;07;14;19,FM-15,343,71,94,0,0
USW00014763,2025;07;14;20,FM-16,343,71,90,0,0
USW00014763,2025;07;14;20,FM-16,343,70,93,300,5
USW00014763,2025;07;14;20,FM-15,343,69,93,320,3
USW00014763,2025;07;14;21,FM-16,343,69,96,230,3
USW00014763,2025;07;14;21,FM-15,343,69,93,290,3
USW00014763,2025;07;14;22,FM-15,343,69,90,340,5
USW00014763,2025;07;14;23,FM-15,343,68,96,0,0
USW00014763,2025;07;15;00,SOD,,,,,
USW00014763,2025;07;15;00,FM-16,343,68,93,0,0
USW00014763,2025;07;15;00,FM-15,343,67,97,0,0
USW00014763,2025;07;15;01,FM-16,343,66,96,0,0
USW00014763,2025;07;15;01,FM-16,343,66,100,0,0
USW00014763,2025;07;15;01,FM-16,343,66,96,0,0
USW00014763,2025;07;15;01,FM-15,343,66,96,0,0
USW00014763,2025;07;15;02,FM-16,343,65,100,0,0
USW00014763,2025;07;15;02,FM-15,343,65,100,0,0
USW00014763,2025;07;15;03,FM-15,343,64,96,0,0
USW00014763,2025;07;15;04,FM-16,343,64,100,0,0
USW00014763,2025;07;15;04,FM-16,343,64,100,0,0
USW00014763,2025;07;15;04,FM-15,343,65,97,0,0
USW00014763,2025;07;15;05,FM-16,343,65,97,170,3
USW00014763,2025;07;15;05,FM-16,343,65,100,0,0
USW00014763,2025;07;15;05,FM-16,343,65,100,0,0
USW00014763,2025;07;15;05,FM-15,343,65,100,0,0
USW00014763,2025;07;15;06,FM-16,343,66,100,0,0
USW00014763,2025;07;15;06,FM-16,343,67,100,20,3
USW00014763,2025;07;15;06,FM-16,343,67,100,20,5
USW00014763,2025;07;15;06,FM-16,343,67,97,30,3
USW00014763,2025;07;15;06,FM-16,343,68,96,0,0
USW00014763,2025;07;15;06,FM-16,343,70,88,0,0
USW00014763,2025;07;15;06,FM-15,343,69,93,0,0
USW00014763,2025;07;15;07,FM-16,343,70,90,0,0
USW00014763,2025;07;15;07,FM-16,343,73,87,0,0
USW00014763,2025;07;15;07,FM-15,343,,,0,0
USW00014763,2025;07;15;08,FM-15,343,,,0,0
USW00014763,2025;07;15;09,FM-15,343,,,320,7
USW00014763,2025;07;15;10,FM-15,343,,,VRB,5
USW00014763,2025;07;15;11,FM-15,343,,,290,8
USW00014763,2025;07;15;12,FM-15,343,83,57,VRB,5
USW00014763,2025;07;15;13,FM-15,343,84,55,300,10
USW00014763,2025;07;15;14,FM-15,343,85,51,280,7
USW00014763,2025;07;15;15,FM-15,343,85,51,260,7
USW00014763,2025;07;15;16,FM-15,343,85,50,320,3
USW00014763,2025;07;15;17,FM-15,343,84,51,270,7
USW00014763,2025;07;15;18,FM-15,343,81,62,240,3
USW00014763,2025;07;15;19,FM-15,343,77,77,230,5
USW00014763,2025;07;15;20,FM-15,343,72,91,0,0
USW00014763,2025;07;15;21,FM-15,343,69,96,0,0
USW00014763,2025;07;15;22,FM-15,343,68,96,0,0
USW00014763,2025;07;15;23,FM-15,343,68,96,0,0
USW00014763,2025;07;16;00,SOD,,,,,
USW00014763,2025;07;16;00,FM-16,343,66,100,0,0
USW00014763,2025;07;16;00,FM-16,343,66,100,0,0
USW00014763,2025;07;16;00,FM-16,343,65,100,0,0
USW00014763,2025;07;16;00,FM-15,343,66,100,0,0
USW00014763,2025;07;16;01,FM-16,343,66,100,0,0
USW00014763,2025;07;16;01,FM-15,343,66,100,0,0
USW00014763,2025;07;16;02,FM-16,343,65,100,0,0
USW00014763,2025;07;16;02,FM-16,343,64,100,0,0
USW00014763,2025;07;16;02,FM-15,343,65,100,0,0
USW00014763,2025;07;16;03,FM-16,343,65,100,0,0
USW00014763,2025;07;16;03,FM-16,343,65,100,0,0
USW00014763,2025;07;16;03,FM-16,343,64,100,0,0
USW00014763,2025;07;16;03,FM-16,343,64,100,0,0
USW00014763,2025;07;16;03,FM-15,343,64,100,0,0
USW00014763,2025;07;16;04,FM-15,343,67,97,0,0
USW00014763,2025;07;16;05,FM-16,343,67,100,0,0
USW00014763,2025;07;16;05,FM-15,343,68,96,0,0
USW00014763,2025;07;16;06,FM-16,343,68,96,0,0
USW00014763,2025;07;16;06,FM-16,343,68,100,0,0
USW00014763,2025;07;16;06,FM-16,343,68,100,0,0
USW00014763,2025;07;16;06,FM-15,343,69,100,0,0
USW00014763,2025;07;16;07,FM-16,343,70,97,0,0
USW00014763,2025;07;16;07,FM-16,343,70,97,0,0
USW00014763,2025;07;16;07,FM-16,343,70,100,0,0
USW00014763,2025;07;16;07,FM-15,343,70,100,0,0
USW00014763,2025;07;16;08,FM-16,343,71,96,0,0
USW00014763,2025;07;16;08,FM-16,343,73,94,0,0
USW00014763,2025;07;16;08,FM-15,343,75,90,0,0
USW00014763,2025;07;16;09,FM-15,343,83,57,VRB,3
USW00014763,2025;07;16;10,FM-15,343,84,59,220,6
USW00014763,2025;07;16;11,FM-15,343,87,50,230,8
USW00014763,2025;07;16;12,FM-15,343,88,50,220,8
USW00014763,2025;07;16;13,FM-15,343,87,53,150,6
USW00014763,2025;07;16;14,FM-15,343,87,53,VRB,5
USW00014763,2025;07;16;15,FM-15,343,87,53,180,7
USW00014763,2025;07;16;16,FM-15,343,85,59,170,8
USW00014763,2025;07;16;17,FM-15,343,84,63,190,5
USW00014763,2025;07;16;18,FM-15,343,82,69,180,8
USW00014763,2025;07;16;19,FM-15,343,80,76,190,9
USW00014763,2025;07;16;20,FM-15,343,78,82,170,13
USW00014763,2025;07;16;21,FM-15,343,77,85,180,8
USW00014763,2025;07;16;22,FM-15,343,76,85,280,3
USW00014763,2025;07;16;23,FM-15,343,75,88,0,0
USW00014763,2025;07;17;00,SOD,,,,,
USW00014763,2025;07;17;00,FM-15,343,73,94,50,3
USW00014763,2025;07;17;01,FM-16,343,73,94,0,0
USW00014763,2025;07;17;01,FM-16,343,74,91,150,3
USW00014763,2025;07;17;01,FM-15,343,75,90,VRB,5
USW00014763,2025;07;17;02,FM-16,343,74,94,0,0
USW00014763,2025;07;17;02,FM-16,343,73,94,0,0
USW00014763,2025;07;17;02,FM-16,343,73,94,0,0
USW00014763,2025;07;17;02,FM-15,343,72,97,0,0
USW00014763,2025;07;17;03,FM-15,343,73,96,0,0
USW00014763,2025;07;17;04,FM-15,343,74,91,220,5
USW00014763,2025;07;17;05,FM-16,343,75,88,0,0
USW00014763,2025;07;17;05,FM-16,343,75,88,0,0
USW00014763,2025;07;17;05,FM-15,343,76,88,190,6
USW00014763,2025;07;17;06,FM-16,343,76,88,150,6
USW00014763,2025;07;17;06,FM-15,343,76,88,180,5
USW00014763,2025;07;17;07,FM-16,343,76,88,180,9
USW00014763,2025;07;17;07,FM-16,343,77,83,210,6
USW00014763,2025;07;17;07,FM-15,343,77,85,220,9
USW00014763,2025;07;17;08,FM-16,343,78,82,190,8
USW00014763,2025;07;17;08,FM-15,343,78,82,200,8
USW00014763,2025;07;17;09,FM-16,343,78,82,190,8
USW00014763,2025;07;17;09,FM-16,343,77,85,200,9
USW00014763,2025;07;17;09,FM-15,343,77,82,210,9
USW00014763,2025;07;17;10,FM-15,343,80,71,220,11
USW00014763,2025;07;17;11,FM-15,343,82,67,VRB,14
USW00014763,2025;07;17;12,FM-15,343,83,67,210,10
USW00014763,2025;07;17;13,FM-15,343,84,63,220,8
USW00014763,2025;07;17;14,FM-15,343,85,63,210,13
USW00014763,2025;07;17;15,FM-15,343,86,61,200,10
USW00014763,2025;07;17;16,FM-15,343,84,61,220,14
USW00014763,2025;07;17;17,FM-15,343,83,63,220,10
USW00014763,2025;07;17;18,FM-15,343,83,61,280,14
USW00014763,2025;07;17;19,FM-15,343,80,60,300,17
USW00014763,2025;07;17;20,FM-15,343,77,58,300,16
USW00014763,2025;07;17;21,FM-15,343,73,69,300,18
USW00014763,2025;07;17;22,FM-15,343,71,71,280,18
USW00014763,2025;07;17;23,FM-16,343,71,71,300,18
USW00014763,2025;07;17;23,FM-16,343,71,71,290,20
USW00014763,2025;07;17;23,FM-16,343,71,71,290,14
USW00014763,2025;07;17;23,FM-15,343,71,71,290,14
USW00014763,2025;07;18;00,SOD,,,,,
USW00014763,2025;07;18;00,FM-16,343,70,71,280,16
USW00014763,2025;07;18;00,FM-15,343,69,70,290,15
USW00014763,2025;07;18;01,FM-15,343,68,70,VRB,20
USW00014763,2025;07;18;02,FM-15,343,68,68,270,15
USW00014763,2025;07;18;03,FM-16,343,67,68,270,16
USW00014763,2025;07;18;03,FM-15,343,66,73,290,9
USW00014763,2025;07;18;04,FM-16,343,64,78,300,16
USW00014763,2025;07;18;04,FM-15,343,64,78,300,17
USW00014763,2025;07;18;05,FM-15,343,62,78,280,11
USW00014763,2025;07;18;06,FM-16,343,63,76,280,14
USW00014763,2025;07;18;06,FM-15,343,63,76,300,11
USW00014763,2025;07;18;07,FM-15,343,62,75,300,9
USW00014763,2025;07;18;08,FM-16,343,63,68,330,13
USW00014763,2025;07;18;08,FM-16,343,63,68,320,10
USW00014763,2025;07;18;08,FM-16,343,63,68,VRB,8
USW00014763,2025;07;18;08,FM-15,343,64,63,VRB,6
USW00014763,2025;07;18;09,FM-15,343,66,61,350,9
USW00014763,2025;07;18;10,FM-15,343,67,57,340,8
USW00014763,2025;07;18;11,FM-15,343,70,51,300,11
USW00014763,2025;07;18;12,FM-15,343,70,49,350,10
USW00014763,2025;07;18;13,FM-15,343,73,44,330,8
USW00014763,2025;07;18;14,FM-15,343,74,40,310,9
USW00014763,2025;07;18;15,FM-15,343,74,40,330,7
USW00014763,2025;07;18;16,FM-15,343,74,38,360,8
USW00014763,2025;07;18;17,FM-15,343,72,43,340,6
USW00014763,2025;07;18;18,FM-15,343,69,49,0,0
USW00014763,2025;07;18;19,FM-15,343,64,63,0,0
USW00014763,2025;07;18;20,FM-15,343,60,75,0,0
USW00014763,2025;07;18;21,FM-15,343,56,84,0,0
USW00014763,2025;07;18;22,FM-15,343,54,97,0,0
USW00014763,2025;07;18;23,FM-15,343,53,96,0,0
USW00014763,2025;07;19;00,SOD,,,,,
USW00014763,2025;07;19;00,FM-15,343,52,97,0,0
USW00014763,2025;07;19;01,FM-15,343,51,96,0,0
USW00014763,2025;07;19;02,FM-15,343,51,92,0,0
USW00014763,2025;07;19;03,FM-15,343,49,100,0,0
USW00014763,2025;07;19;04,FM-16,343,49,97,0,0
USW00014763,2025;07;19;04,FM-16,343,49,100,0,0
USW00014763,2025;07;19;04,FM-15,343,49,100,0,0
USW00014763,2025;07;19;05,FM-15,343,52,93,0,0
USW00014763,2025;07;19;06,FM-15,343,58,78,0,0
USW00014763,2025;07;19;07,FM-15,343,64,63,0,0
USW00014763,2025;07;19;08,FM-15,343,70,51,0,0
USW00014763,2025;07;19;09,FM-15,343,73,46,180,8
USW00014763,2025;07;19;10,FM-15,343,75,41,230,8
USW00014763,2025;07;19;11,FM-15,343,78,40,200,8
USW00014763,2025;07;19;12,FM-15,343,77,45,200,7
USW00014763,2025;07;19;13,FM-15,343,80,42,,
USW00014763,2025;07;19;14,FM-15,343,79,45,220,8
USW00014763,2025;07;19;15,FM-15,343,81,45,VRB,9
USW00014763,2025;07;19;16,FM-15,343,79,50,210,9
USW00014763,2025;07;19;17,FM-15,343,78,56,220,8
USW00014763,2025;07;19;18,FM-15,343,76,60,200,7
USW00014763,2025;07;19;19,FM-15,343,73,71,220,7
USW00014763,2025;07;19;20,FM-15,343,72,76,200,7
USW00014763,2025;07;19;21,FM-15,343,71,79,200,8
USW00014763,2025;07;19;22,FM-15,343,70,82,190,8
USW00014763,2025;07;19;23,FM-15,343,70,84,190,9
USW00014763,2025;07;20;00,SOD,,,,,
USW00014763,2025;07;20;00,FM-16,343,70,84,180,5
USW00014763,2025;07;20;00,FM-15,343,70,84,0,0
USW00014763,2025;07;20;01,FM-16,343,70,84,VRB,3
USW00014763,2025;07;20;01,FM-16,343,70,84,210,6
USW00014763,2025;07;20;01,FM-15,343,70,84,200,7
USW00014763,2025;07;20;02,FM-16,343,70,84,190,6
USW00014763,2025;07;20;02,FM-16,343,70,84,200,5
USW00014763,2025;07;20;02,FM-15,343,70,87,VRB,6
USW00014763,2025;07;20;03,FM-15,343,70,87,VRB,6
USW00014763,2025;07;20;04,FM-15,343,70,87,0,0
USW00014763,2025;07;20;05,FM-15,343,70,90,160,5
USW00014763,2025;07;20;06,FM-15,343,72,84,0,0
USW00014763,2025;07;20;07,FM-16,343,72,84,200,6
USW00014763,2025;07;20;07,FM-16,343,72,84,200,6
USW00014763,2025;07;20;07,FM-15,343,73,81,190,6
USW00014763,2025;07;20;08,FM-16,343,73,79,240,8
USW00014763,2025;07;20;08,FM-15,343,74,79,230,7
USW00014763,2025;07;20;09,FM-16,343,76,74,200,7
USW00014763,2025;07;20;09,FM-15,343,76,74,200,6
USW00014763,2025;07;20;10,FM-15,343,79,67,220,7
USW00014763,2025;07;20;11,FM-15,343,80,67,220,8
USW00014763,2025;07;20;12,FM-15,343,85,55,VRB,8
USW00014763,2025;07;20;13,FM-16,343,82,58,220,7
USW00014763,2025;07;20;13,FM-15,343,83,57,230,8
USW00014763,2025;07;20;14,FM-16,343,76,67,360,7
USW00014763,2025;07;20;14,FM-16,343,76,67,60,6
USW00014763,2025;07;20;14,FM-15,343,76,67,60,9
USW00014763,2025;07;20;15,FM-16,343,73,81,40,6
USW00014763,2025;07;20;15,FM-16,343,71,84,330,21
USW00014763,2025;07;20;15,FM-16,343,68,96,330,13
USW00014763,2025;07;20;15,FM-16,343,68,96,VRB,11
USW00014763,2025;07;20;15,FM-16,343,69,96,VRB,5
USW00014763,2025;07;20;15,FM-16,343,72,94,0,0
USW00014763,2025;07;20;15,FM-16,343,72,94,VRB,3
USW00014763,2025;07;20;15,FM-15,343,71,94,VRB,3
USW00014763,2025;07;20;15,FM-16,343,71,94,70,3
USW00014763,2025;07;20;16,FM-16,343,72,94,0,0
USW00014763,2025;07;20;16,FM-15,343,75,82,330,10
USW00014763,2025;07;20;17,FM-15,343,75,82,290,8
USW00014763,2025;07;20;18,FM-15,343,74,79,280,8
USW00014763,2025;07;20;19,FM-15,343,70,87,30,6
USW00014763,2025;07;20;20,FM-16,343,70,84,360,3
USW00014763,2025;07;20;20,FM-16,343,70,78,VRB,6
USW00014763,2025;07;20;20,FM-15,343,69,81,330,6
USW00014763,2025;07;20;21,FM-15,343,66,84,290,3
USW00014763,2025;07;20;22,FM-15,343,65,84,330,5
USW00014763,2025;07;20;23,FM-15,343,65,81,320,6
USW00014763,2025;07;21;00,SOD,,,,,
USW00014763,2025;07;21;00,FM-15,343,65,84,320,9
USW00014763,2025;07;21;01,FM-15,343,63,90,320,3
USW00014763,2025;07;21;02,FM-15,343,62,93,230,5
USW00014763,2025;07;21;03,FM-15,343,60,96,250,5
USW00014763,2025;07;21;04,FM-15,343,61,93,0,0
USW00014763,2025;07;21;05,FM-15,343,63,90,240,3
USW00014763,2025;07;21;06,FM-15,343,66,81,300,9
USW00014763,2025;07;21;07,FM-16,343,66,78,310,8
USW00014763,2025;07;21;07,FM-16,343,66,78,300,6
USW00014763,2025;07;21;07,FM-15,343,67,68,310,9
USW00014763,2025;07;21;08,FM-15,343,68,63,330,10
USW00014763,2025;07;21;09,FM-15,343,67,63,350,7
USW00014763,2025;07;21;10,FM-15,343,70,59,330,7
USW00014763,2025;07;21;11,FM-15,343,71,53,320,9
USW00014763,2025;07;21;12,FM-15,343,73,44,330,15
USW00014763,2025;07;21;13,FM-15,343,71,47,320,9
USW00014763,2025;07;21;14,FM-15,343,74,41,VRB,7
USW00014763,2025;07;21;15,FM-15,343,72,44,VRB,7
USW00014763,2025;07;21;16,FM-15,343,71,44,10,6
USW00014763,2025;07;21;17,FM-15,343,70,46,360,5
USW00014763,2025;07;21;18,FM-15,343,68,53,20,3
USW00014763,2025;07;21;19,FM-15,343,61,70,0,0
USW00014763,2025;07;21;20,FM-15,343,59,78,0,0
USW00014763,2025;07;21;21,FM-15,343,57,78,0,0
USW00014763,2025;07;21;22,FM-15,343,55,87,0,0
USW00014763,2025;07;21;23,FM-15,343,52,97,0,0
USW00014763,2025;07;22;00,SOD,,,,,
USW00014763,2025;07;22;00,FM-15,343,52,93,0,0
USW00014763,2025;07;22;01,FM-15,343,50,100,0,0
USW00014763,2025;07;22;02,FM-15,343,50,96,0,0
USW00014763,2025;07;22;03,FM-16,343,48,100,0,0
USW00014763,2025;07;22;03,FM-16,343,49,97,0,0
USW00014763,2025;07;22;03,FM-15,343,49,97,0,0
USW00014763,2025;07;22;04,FM-15,343,48,96,0,0
USW00014763,2025;07;22;05,FM-15,343,51,96,0,0
USW00014763,2025;07;22;06,FM-15,343,56,87,0,0
USW00014763,2025;07;22;07,FM-15,343,62,67,0,0
USW00014763,2025;07;22;08,FM-15,343,65,54,230,6
USW00014763,2025;07;22;09,FM-15,343,68,44,260,8
USW00014763,2025;07;22;10,FM-15,343,69,45,320,8
USW00014763,2025;07;22;11,FM-15,343,72,44,0,0
USW00014763,2025;07;22;12,FM-15,343,72,41,290,7
USW00014763,2025;07;22;13,FM-15,343,71,44,VRB,7
USW00014763,2025;07;22;14,FM-15,343,74,38,350,7
USW00014763,2025;07;22;15,FM-15,343,73,34,VRB,8
USW00014763,2025;07;22;16,FM-15,343,72,38,250,7
USW00014763,2025;07;22;17,FM-15,343,71,38,310,3
USW00014763,2025;07;22;18,FM-15,343,69,45,320,3
USW00014763,2025;07;22;19,FM-15,343,61,72,0,0
USW00014763,2025;07;22;20,FM-15,343,58,75,0,0
USW00014763,2025;07;22;21,FM-15,343,55,90,0,0
USW00014763,2025;07;22;22,FM-15,343,53,89,0,0
USW00014763,2025;07;22;23,FM-15,343,52,93,0,0
USW00014763,2025;07;23;00,SOD,,,,,
USW00014763,2025;07;23;00,FM-15,343,53,93,0,0
USW00014763,2025;07;23;01,FM-15,343,51,96,0,0
USW00014763,2025;07;23;02,FM-15,343,51,89,260,3
USW00014763,2025;07;23;03,FM-15,343,49,97,0,0
USW00014763,2025;07;23;04,FM-15,343,49,93,0,0
USW00014763,2025;07;23;05,FM-15,343,51,96,0,0
USW00014763,2025;07;23;06,FM-15,343,56,84,0,0
USW00014763,2025;07;23;07,FM-15,343,63,68,0,0
USW00014763,2025;07;23;08,FM-15,343,69,66,0,0
USW00014763,2025;07;23;09,FM-15,343,72,61,VRB,5
USW00014763,2025;07;23;10,FM-15,343,75,52,VRB,6
USW00014763,2025;07;23;11,FM-15,343,77,47,200,7
USW00014763,2025;07;23;12,FM-15,343,77,47,VRB,5
USW00014763,2025;07;23;13,FM-15,343,79,44,290,8
USW00014763,2025;07;23;14,FM-15,343,78,45,VRB,6
USW00014763,2025;07;23;15,FM-15,343,79,49,230,8
USW00014763,2025;07;23;16,FM-15,343,78,52,170,8
USW00014763,2025;07;23;17,FM-15,343,77,52,230,9
USW00014763,2025;07;23;18,FM-15,343,75,55,200,5
USW00014763,2025;07;23;19,FM-15,343,71,63,280,3
USW00014763,2025;07;23;20,FM-15,343,66,78,0,0
USW00014763,2025;07;23;21,FM-15,343,65,81,0,0
USW00014763,2025;07;23;22,FM-15,343,67,76,0,0
USW00014763,2025;07;23;23,FM-15,343,64,87,0,0
USW00014763,2025;07;24;00,SOD,,,,,
USW00014763,2025;07;24;00,FM-15,343,62,90,0,0
USW00014763,2025;07;24;01,FM-15,343,62,86,0,0
USW00014763,2025;07;24;02,FM-15,343,61,87,150,3
USW00014763,2025;07;24;03,FM-15,343,61,87,0,0
USW00014763,2025;07;24;04,FM-15,343,59,93,360,3
USW00014763,2025;07;24;05,FM-15,343,62,90,0,0
USW00014763,2025;07;24;06,FM-15,343,68,76,180,7
USW00014763,2025;07;24;07,FM-15,343,71,71,170,7
USW00014763,2025;07;24;08,FM-15,343,73,69,230,7
USW00014763,2025;07;24;09,FM-15,343,76,67,220,9
USW00014763,2025;07;24;10,FM-15,343,79,65,240,7
USW00014763,2025;07;24;11,FM-15,343,81,61,190,8
USW00014763,2025;07;24;12,FM-15,343,83,59,230,9
USW00014763,2025;07;24;13,FM-15,343,84,57,230,10
USW00014763,2025;07;24;14,FM-15,343,85,57,200,10
USW00014763,2025;07;24;15,FM-15,343,84,59,200,10
USW00014763,2025;07;24;16,FM-15,343,84,59,210,9
USW00014763,2025;07;24;17,FM-15,343,82,65,200,9
USW00014763,2025;07;24;18,FM-15,343,80,67,210,10
USW00014763,2025;07;24;19,FM-15,343,79,69,210,8
USW00014763,2025;07;24;20,FM-15,343,78,71,220,9
USW00014763,2025;07;24;21,FM-15,343,77,74,230,10
USW00014763,2025;07;24;22,FM-15,343,76,77,230,10
USW00014763,2025;07;24;23,FM-15,343,75,79,240,9
USW00014763,2025;07;25;00,SOD,,,,,
USW00014763,2025;07;25;00,FM-15,343,74,82,240,10
USW00014763,2025;07;25;01,FM-15,343,74,82,240,8
USW00014763,2025;07;25;02,FM-15,343,73,84,230,6
USW00014763,2025;07;25;03,FM-15,343,69,93,0,0
USW00014763,2025;07;25;04,FM-15,343,67,100,0,0
USW00014763,2025;07;25;05,FM-15,343,71,94,140,3
USW00014763,2025;07;25;06,FM-15,343,76,79,240,7
USW00014763,2025;07;25;07,FM-15,343,79,74,230,7
USW00014763,2025;07;25;08,FM-15,343,82,67,220,9
USW00014763,2025;07;25;09,FM-15,343,84,63,280,6
USW00014763,2025;07;25;10,FM-15,343,81,72,260,14
USW00014763,2025;07;25;11,FM-16,343,76,88,280,11
USW00014763,2025;07;25;11,FM-16,343,77,85,290,7
USW00014763,2025;07;25;11,FM-15,343,82,74,320,8
USW00014763,2025;07;25;12,FM-16,343,81,74,270,9
USW00014763,2025;07;25;12,FM-16,343,83,67,300,11
USW00014763,2025;07;25;12,FM-15,343,84,67,VRB,14
USW00014763,2025;07;25;13,FM-15,343,84,61,320,15
USW00014763,2025;07;25;14,FM-15,343,82,58,310,15
USW00014763,2025;07;25;15,FM-15,343,84,57,300,15
USW00014763,2025;07;25;16,FM-15,343,82,58,300,10
USW00014763,2025;07;25;17,FM-15,343,81,61,310,8
USW00014763,2025;07;25;18,FM-15,343,77,69,300,3
USW00014763,2025;07;25;19,FM-15,343,76,74,340,3
USW00014763,2025;07;25;20,FM-15,343,74,79,0,0
USW00014763,2025;07;25;21,FM-15,343,72,84,0,0
USW00014763,2025;07;25;22,FM-15,343,69,93,0,0
USW00014763,2025;07;25;23,FM-15,343,68,93,0,0
USW00014763,2025;07;26;00,SOD,,,,,
USW00014763,2025;07;26;00,FM-15,343,66,96,0,0
USW00014763,2025;07;26;01,FM-15,343,63,100,0,0
USW00014763,2025;07;26;02,FM-16,343,62,100,0,0
USW00014763,2025;07;26;02,FM-16,343,63,97,0,0
USW00014763,2025;07;26;02,FM-15,343,62,100,0,0
USW00014763,2025;07;26;03,FM-16,343,61,100,0,0
USW00014763,2025;07;26;03,FM-16,343,61,100,0,0
USW00014763,2025;07;26;03,FM-16,343,62,100,0,0
USW00014763,2025;07;26;03,FM-16,343,61,97,0,0
USW00014763,2025;07;26;03,FM-15,343,60,100,0,0
USW00014763,2025;07;26;04,FM-16,343,60,100,0,0
USW00014763,2025;07;26;04,FM-16,343,60,100,0,0
USW00014763,2025;07;26;04,FM-16,343,60,100,0,0
USW00014763,2025;07;26;04,FM-16,343,60,100,0,0
USW00014763,2025;07;26;04,FM-16,343,60,100,0,0
USW00014763,2025;07;26;04,FM-16,343,60,96,0,0
USW00014763,2025;07;26;04,FM-16,343,60,96,0,0
USW00014763,2025;07;26;04,FM-16,343,61,97,0,0
USW00014763,2025;07;26;04,FM-15,343,60,96,0,0
USW00014763,2025;07;26;05,FM-16,343,59,100,0,0
USW00014763,2025;07;26;05,FM-16,343,59,100,0,0
USW00014763,2025;07;26;05,FM-15,343,61,97,0,0
USW00014763,2025;07;26;06,FM-15,343,65,84,0,0
USW00014763,2025;07;26;07,FM-15,343,69,68,50,3
USW00014763,2025;07;26;08,FM-15,343,72,53,VRB,6
USW00014763,2025;07;26;09,FM-15,343,75,39,60,9
USW00014763,2025;07;26;10,FM-15,343,77,37,60,6
USW00014763,2025;07;26;11,FM-15,343,77,35,VRB,3
USW00014763,2025;07;26;12,FM-15,343,78,33,0,0
USW00014763,2025;07;26;13,FM-15,343,79,38,VRB,5
USW00014763,2025;07;26;14,FM-15,343,79,38,0,0
USW00014763,2025;07;26;15,FM-15,343,78,40,180,7
USW00014763,2025;07;26;16,FM-15,343,78,42,VRB,6
USW00014763,2025;07;26;17,FM-15,343,76,48,190,6
USW00014763,2025;07;26;18,FM-15,343,73,53,180,3
USW00014763,2025;07;26;19,FM-15,343,71,63,0,0
USW00014763,2025;07;26;20,FM-15,343,67,76,0,0
USW00014763,2025;07;26;21,FM-15,343,66,78,0,0
USW00014763,2025;07;26;22,FM-15,343,64,84,0,0
USW00014763,2025;07;26;23,FM-15,343,64,84,0,0
USW00014763,2025;07;27;00,SOD,,,,,
USW00014763,2025;07;27;00,FM-15,343,64,87,0,0
USW00014763,2025;07;27;01,FM-15,343,63,90,0,0
USW00014763,2025;07;27;02,FM-15,343,67,73,210,6
USW00014763,2025;07;27;03,FM-15,343,66,75,180,7
USW00014763,2025;07;27;04,FM-15,343,64,87,210,7
USW00014763,2025;07;27;05,FM-16,343,63,90,VRB,3
USW00014763,2025;07;27;05,FM-16,343,63,94,210,3
USW00014763,2025;07;27;05,FM-15,343,63,93,220,8
USW00014763,2025;07;27;05,FM-16,343,63,93,240,6
USW00014763,2025;07;27;06,FM-16,343,62,96,290,5
USW00014763,2025;07;27;06,FM-16,343,63,97,220,5
USW00014763,2025;07;27;06,FM-16,343,63,97,120,5
USW00014763,2025;07;27;06,FM-16,343,63,97,0,0
USW00014763,2025;07;27;06,FM-16,343,64,90,,
USW00014763,2025;07;27;06,FM-15,343,64,93,0,0
USW00014763,2025;07;27;07,FM-16,343,65,93,0,0
USW00014763,2025;07;27;07,FM-15,343,64,96,0,0
USW00014763,2025;07;27;08,FM-16,343,65,90,,
USW00014763,2025;07;27;08,FM-16,343,65,93,VRB,3
USW00014763,2025;07;27;08,FM-16,343,65,93,VRB,3
USW00014763,2025;07;27;08,FM-16,343,65,93,VRB,3
USW00014763,2025;07;27;08,FM-16,343,66,90,200,7
USW00014763,2025;07;27;08,FM-15,343,66,93,0,0
USW00014763,2025;07;27;09,FM-15,343,67,93,170,6
USW00014763,2025;07;27;10,FM-15,343,68,93,0,0
USW00014763,2025;07;27;11,FM-15,343,69,93,VRB,3
USW00014763,2025;07;27;12,FM-16,343,70,94,230,8
USW00014763,2025;07;27;12,FM-15,343,70,93,220,7
USW00014763,2025;07;27;13,FM-16,343,70,97,0,0
USW00014763,2025;07;27;13,FM-15,343,73,90,200,6
USW00014763,2025;07;27;14,FM-15,343,73,87,240,8
USW00014763,2025;07;27;15,FM-15,343,73,90,240,8
USW00014763,2025;07;27;16,FM-16,343,73,90,210,5
USW00014763,2025;07;27;16,FM-15,343,74,88,240,6
USW00014763,2025;07;27;17,FM-15,343,75,88,260,5
USW00014763,2025;07;27;18,FM-16,343,74,91,240,3
USW00014763,2025;07;27;18,FM-15,343,72,97,100,3
USW00014763,2025;07;27;19,FM-16,343,73,94,0,0
USW00014763,2025;07;27;19,FM-16,343,73,94,0,0
USW00014763,2025;07;27;19,FM-16,343,72,100,0,0
USW00014763,2025;07;27;19,FM-15,343,70,100,170,5
USW00014763,2025;07;27;19,FM-16,343,70,100,0,0
USW00014763,2025;07;27;20,FM-16,343,71,100,0,0
USW00014763,2025;07;27;20,FM-16,343,72,97,230,7
USW00014763,2025;07;27;20,FM-15,343,71,100,240,6
USW00014763,2025;07;27;21,FM-15,343,73,90,270,11
USW00014763,2025;07;27;22,FM-15,343,73,87,270,8
USW00014763,2025;07;27;23,FM-15,343,70,93,0,0
USW00014763,2025;07;28;00,SOD,,,,,
USW00014763,2025;07;28;00,FM-15,343,71,90,300,7
USW00014763,2025;07;28;01,FM-15,343,69,93,0,0
USW00014763,2025;07;28;02,FM-15,343,69,93,270,6
USW00014763,2025;07;28;03,FM-15,343,67,97,0,0
USW00014763,2025;07;28;04,FM-15,343,66,96,250,5
USW00014763,2025;07;28;05,FM-16,343,65,100,140,3
USW00014763,2025;07;28;05,FM-16,343,65,100,140,5
USW00014763,2025;07;28;05,FM-16,343,65,100,0,0
USW00014763,2025;07;28;05,FM-16,343,66,100,0,0
USW00014763,2025;07;28;05,FM-16,343,67,100,0,0
USW00014763,2025;07;28;05,FM-15,343,68,96,20,3
USW00014763,2025;07;28;06,FM-16,343,68,96,0,0
USW00014763,2025;07;28;06,FM-15,343,74,85,300,5
USW00014763,2025;07;28;07,FM-15,343,76,79,260,6
USW00014763,2025;07;28;08,FM-15,343,78,76,310,6
USW00014763,2025;07;28;09,FM-15,343,82,67,340,7
USW00014763,2025;07;28;10,FM-15,343,82,63,310,8
USW00014763,2025;07;28;11,FM-15,343,85,51,310,8
USW00014763,2025;07;28;12,FM-15,343,86,43,VRB,7
USW00014763,2025;07;28;13,FM-15,343,86,49,VRB,8
USW00014763,2025;07;28;14,FM-15,343,85,51,280,7
USW00014763,2025;07;28;15,FM-15,343,86,48,280,8
USW00014763,2025;07;28;16,FM-15,343,85,51,290,7
USW00014763,2025;07;28;17,FM-15,343,83,55,290,8
USW00014763,2025;07;28;18,FM-15,343,78,69,220,5
USW00014763,2025;07;28;19,FM-15,343,73,81,0,0
USW00014763,2025;07;28;20,FM-15,343,70,84,290,6
USW00014763,2025;07;28;21,FM-15,343,68,90,0,0
USW00014763,2025;07;28;22,FM-15,343,66,96,0,0
USW00014763,2025;07;28;23,FM-15,343,67,93,0,0
USW00014763,2025;07;29;00,SOD,,,,,
USW00014763,2025;07;29;00,FM-15,343,64,100,0,0
USW00014763,2025;07;29;01,FM-15,343,65,97,0,0
USW00014763,2025;07;29;02,FM-16,343,63,100,0,0
USW00014763,2025;07;29;02,FM-16,343,63,100,0,0
USW00014763,2025;07;29;02,FM-15,343,63,97,0,0
USW00014763,2025;07;29;03,FM-16,343,63,97,0,0
USW00014763,2025;07;29;03,FM-16,343,63,100,0,0
USW00014763,2025;07;29;03,FM-15,343,62,100,0,0
USW00014763,2025;07;29;04,FM-16,343,63,100,0,0
USW00014763,2025;07;29;04,FM-16,343,63,100,0,0
USW00014763,2025;07;29;04,FM-16,343,63,100,0,0
USW00014763,2025;07;29;04,FM-16,343,62,100,0,0
USW00014763,2025;07;29;04,FM-16,343,62,96,0,0
USW00014763,2025;07;29;04,FM-16,343,63,100,0,0
USW00014763,2025;07;29;04,FM-15,343,63,97,0,0
USW00014763,2025;07;29;05,FM-16,343,63,100,0,0
USW00014763,2025;07;29;05,FM-16,343,64,96,0,0
USW00014763,2025;07;29;05,FM-16,343,64,96,0,0
USW00014763,2025;07;29;05,FM-16,343,64,94,0,0
USW00014763,2025;07;29;05,FM-15,343,64,100,0,0
USW00014763,2025;07;29;06,FM-15,343,69,93,240,5
USW00014763,2025;07;29;07,FM-15,343,78,69,230,6
USW00014763,2025;07;29;08,FM-15,343,81,62,260,7
USW00014763,2025;07;29;09,FM-15,343,84,61,260,7
USW00014763,2025;07;29;10,FM-15,343,85,57,300,10
USW00014763,2025;07;29;11,FM-15,343,87,53,260,7
USW00014763,2025;07;29;12,FM-15,343,89,48,VRB,10
USW00014763,2025;07;29;13,FM-15,343,89,48,310,9
USW00014763,2025;07;29;14,FM-15,343,90,47,290,9
USW00014763,2025;07;29;15,FM-15,343,88,50,320,10
USW00014763,2025;07;29;16,FM-15,343,87,48,320,10
USW00014763,2025;07;29;17,FM-15,343,84,44,300,8
USW00014763,2025;07;29;18,FM-15,343,82,42,250,5
USW00014763,2025;07;29;19,FM-15,343,75,62,0,0
USW00014763,2025;07;29;20,FM-15,343,74,69,230,5
USW00014763,2025;07;29;21,FM-15,343,68,87,0,0
USW00014763,2025;07;29;22,FM-15,343,67,91,0,0
USW00014763,2025;07;29;23,FM-15,343,65,93,0,0
USW00014763,2025;07;30;00,SOD,,,,,
USW00014763,2025;07;30;00,FM-15,343,65,97,0,0
USW00014763,2025;07;30;01,FM-15,343,63,100,0,0
USW00014763,2025;07;30;02,FM-15,343,63,97,0,0
USW00014763,2025;07;30;03,FM-16,343,61,100,0,0
USW00014763,2025;07;30;03,FM-16,343,62,100,0,0
USW00014763,2025;07;30;03,FM-16,343,61,100,0,0
USW00014763,2025;07;30;03,FM-15,343,61,100,0,0
USW00014763,2025;07;30;04,FM-16,343,61,100,0,0
USW00014763,2025;07;30;04,FM-16,343,62,96,0,0
USW00014763,2025;07;30;04,FM-15,343,62,96,0,0
USW00014763,2025;07;30;05,FM-16,343,62,100,0,0
USW00014763,2025;07;30;05,FM-16,343,63,97,0,0
USW00014763,2025;07;30;05,FM-15,343,64,100,0,0
USW00014763,2025;07;30;06,FM-15,343,69,87,0,0
USW00014763,2025;07;30;07,FM-15,343,74,76,0,0
USW00014763,2025;07;30;08,FM-15,343,78,71,0,0
USW00014763,2025;07;30;09,FM-15,343,82,56,VRB,6
USW00014763,2025;07;30;10,FM-15,343,84,48,270,8
USW00014763,2025;07;30;11,FM-15,343,85,46,,
USW00014763,2025;07;30;12,FM-15,343,87,42,260,10
USW00014763,2025;07;30;13,FM-15,343,88,43,300,9
USW00014763,2025;07;30;14,FM-15,343,87,45,270,8
USW00014763,2025;07;30;15,FM-15,343,86,48,300,5
USW00014763,2025;07;30;16,FM-15,343,85,51,330,5
USW00014763,2025;07;30;17,FM-15,343,83,57,330,5
USW00014763,2025;07;30;18,FM-15,343,81,61,260,5
USW00014763,2025;07;30;19,FM-15,343,75,76,200,5
USW00014763,2025;07;30;20,FM-15,343,73,81,200,5
USW00014763,2025;07;30;21,FM-15,343,74,71,0,0
USW00014763,2025;07;30;22,FM-15,343,75,66,240,6
USW00014763,2025;07;30;23,FM-15,343,68,87,0,0
USW00014763,2025;07;31;00,SOD,,,,,
USW00014763,2025;07;31;00,FM-15,343,68,90,0,0
USW00014763,2025;07;31;01,FM-15,343,69,87,0,0
USW00014763,2025;07;31;02,FM-15,343,68,90,0,0
USW00014763,2025;07;31;03,FM-15,343,68,90,0,0
USW00014763,2025;07;31;04,FM-15,343,68,90,0,0
USW00014763,2025;07;31;05,FM-15,343,68,93,0,0
USW00014763,2025;07;31;06,FM-15,343,70,87,20,6
USW00014763,2025;07;31;07,FM-15,343,70,82,50,8
USW00014763,2025;07;31;08,FM-15,343,70,73,50,6
USW00014763,2025;07;31;09,FM-15,343,69,73,20,9
USW00014763,2025;07;31;10,FM-16,343,67,84,10,3
USW00014763,2025;07;31;10,FM-15,343,66,90,40,8
USW00014763,2025;07;31;11,FM-16,343,65,93,30,7
USW00014763,2025;07;31;11,FM-16,343,64,94,20,7
USW00014763,2025;07;31;11,FM-15,343,64,93,20,8
USW00014763,2025;07;31;12,FM-16,343,63,97,80,7
USW00014763,2025;07;31;12,FM-16,343,62,96,80,5
USW00014763,2025;07;31;12,FM-16,343,62,96,70,8
USW00014763,2025;07;31;12,FM-16,343,63,94,80,7
USW00014763,2025;07;31;12,FM-15,343,62,96,70,6
USW00014763,2025;07;31;13,FM-16,343,62,96,70,8
USW00014763,2025;07;31;13,FM-16,343,62,96,60,6
USW00014763,2025;07;31;13,FM-16,343,62,96,40,7
USW00014763,2025;07;31;13,FM-16,343,62,96,30,7
USW00014763,2025;07;31;13,FM-16,343,62,96,30,7
USW00014763,2025;07;31;13,FM-16,343,62,96,30,6
USW00014763,2025;07;31;13,FM-16,343,63,94,50,5
USW00014763,2025;07;31;13,FM-15,343,62,96,30,7
USW00014763,2025;07;31;14,FM-16,343,62,93,VRB,3
USW00014763,2025;07;31;14,FM-16,343,62,93,20,5
USW00014763,2025;07;31;14,FM-16,343,62,93,40,8
USW00014763,2025;07;31;14,FM-16,343,61,97,40,9
USW00014763,2025;07;31;14,FM-16,343,61,97,50,8
USW00014763,2025;07;31;14,FM-15,343,61,97,50,8
USW00014763,2025;07;31;15,FM-16,343,61,93,60,8
USW00014763,2025;07;31;15,FM-16,343,61,97,40,7
USW00014763,2025;07;31;15,FM-16,343,61,97,30,7
USW00014763,2025;07;31;15,FM-16,343,61,97,20,6
USW00014763,2025;07;31;15,FM-15,343,61,93,20,5
USW00014763,2025;07;31;16,FM-16,343,61,97,0,0
USW00014763,2025;07;31;16,FM-16,343,61,97,30,3
USW00014763,2025;07;31;16,FM-15,343,61,97,40,7
USW00014763,2025;07;31;17,FM-16,343,61,93,30,7
USW00014763,2025;07;31;17,FM-15,343,60,93,40,6
USW00014763,2025;07;31;18,FM-16,343,60,93,40,7
USW00014763,2025;07;31;18,FM-16,343,60,93,40,6
USW00014763,2025;07;31;18,FM-16,343,59,93,20,7
USW00014763,2025;07;31;18,FM-15,343,59,93,30,10
USW00014763,2025;07;31;19,FM-16,343,59,90,60,9
USW00014763,2025;07;31;19,FM-15,343,57,90,60,8
USW00014763,2025;07;31;20,FM-15,343,56,97,30,5
USW00014763,2025;07;31;21,FM-15,343,56,93,30,5
USW00014763,2025;07;31;22,FM-16,343,56,93,40,7
USW00014763,2025;07;31;22,FM-15,343,56,93,50,6
USW00014763,2025;07;31;23,FM-16,343,55,96,70,5
USW00014763,2025;07;31;23,FM-15,343,55,96,70,5
USW00014763,2025;07;31;23,SOM,,,,,
USW00014763,2025;08;01;00,SOD,,,,,
USW00014763,2025;08;01;00,FM-16,343,55,100,40,6
USW00014763,2025;08;01;00,FM-15,343,56,97,40,6
USW00014763,2025;08;01;01,FM-15,343,56,97,0,0
USW00014763,2025;08;01;02,FM-16,343,56,97,30,3
USW00014763,2025;08;01;02,FM-16,343,56,97,20,3
USW00014763,2025;08;01;02,FM-15,343,56,97,30,3
USW00014763,2025;08;01;03,FM-15,343,57,93,60,3
USW00014763,2025;08;01;04,FM-16,343,57,93,50,3
USW00014763,2025;08;01;04,FM-16,343,57,94,30,3
USW00014763,2025;08;01;04,FM-15,343,57,93,30,3
USW00014763,2025;08;01;05,FM-16,343,57,96,0,0
USW00014763,2025;08;01;05,FM-15,343,58,93,0,0
USW00014763,2025;08;01;06,FM-15,343,59,93,30,3
USW00014763,2025;08;01;07,FM-15,343,61,87,40,5
USW00014763,2025;08;01;08,FM-16,343,62,84,30,5
USW00014763,2025;08;01;08,FM-15,343,62,80,VRB,5
USW00014763,2025;08;01;09,FM-15,343,63,78,30,7
USW00014763,2025;08;01;10,FM-16,343,64,75,20,6
USW00014763,2025;08;01;10,FM-16,343,64,78,VRB,5
USW00014763,2025;08;01;10,FM-15,343,65,73,20,7
USW00014763,2025;08;01;11,FM-16,343,64,75,50,3
USW00014763,2025;08;01;11,FM-15,343,67,71,80,5
USW00014763,2025;08;01;12,FM-15,343,70,59,,
USW00014763,2025;08;01;13,FM-15,343,71,55,30,5
USW00014763,2025;08;01;14,FM-15,343,70,59,0,0
USW00014763,2025;08;01;15,FM-15,343,71,57,320,6
USW00014763,2025;08;01;16,FM-15,343,71,53,310,7
USW00014763,2025;08;01;17,FM-15,343,70,55,310,5
USW00014763,2025;08;01;18,FM-15,343,67,57,0,0
USW00014763,2025;08;01;19,FM-15,343,61,78,0,0
USW00014763,2025;08;01;20,FM-15,343,58,87,0,0
USW00014763,2025;08;01;21,FM-15,343,55,90,0,0
USW00014763,2025;08;01;22,FM-15,343,54,97,0,0
USW00014763,2025;08;01;23,FM-15,343,54,97,0,0
USW00014763,2025;08;02;00,SOD,,,,,
USW00014763,2025;08;02;00,FM-15,343,52,97,0,0
USW00014763,2025;08;02;01,FM-15,343,52,97,0,0
USW00014763,2025;08;02;02,FM-15,343,50,96,280,3
USW00014763,2025;08;02;03,FM-15,343,49,97,0,0
USW00014763,2025;08;02;04,FM-16,343,49,100,0,0
USW00014763,2025;08;02;04,FM-16,343,49,100,0,0
USW00014763,2025;08;02;04,FM-16,343,50,96,0,0
USW00014763,2025;08;02;04,FM-15,343,48,96,0,0
USW00014763,2025;08;02;05,FM-16,343,49,97,0,0
USW00014763,2025;08;02;05,FM-15,343,50,96,0,0
USW00014763,2025;08;02;06,FM-15,343,55,93,0,0
USW00014763,2025;08;02;07,FM-15,343,59,78,0,0
USW00014763,2025;08;02;08,FM-15,343,65,59,0,0
USW00014763,2025;08;02;09,FM-15,343,69,47,VRB,3
USW00014763,2025;08;02;10,FM-15,343,70,39,VRB,5
USW00014763,2025;08;02;11,FM-15,343,72,38,330,8
USW00014763,2025;08;02;12,FM-15,343,73,37,300,9
USW00014763,2025;08;02;13,FM-15,343,73,37,,
USW00014763,2025;08;02;14,FM-15,343,74,38,VRB,3
USW00014763,2025;08;02;15,FM-15,343,74,40,VRB,5
USW00014763,2025;08;02;16,FM-15,343,73,40,290,5
USW00014763,2025;08;02;17,FM-15,343,71,47,300,3
USW00014763,2025;08;02;18,FM-15,343,66,54,0,0
USW00014763,2025;08;02;19,FM-15,343,61,70,240,3
USW00014763,2025;08;02;20,FM-15,343,58,78,0,0
USW00014763,2025;08;02;21,FM-15,343,56,87,0,0
USW00014763,2025;08;02;22,FM-15,343,54,90,0,0
USW00014763,2025;08;02;23,FM-15,343,52,97,0,0
USW00014763,2025;08;03;00,SOD,,,,,
USW00014763,2025;08;03;00,FM-15,343,52,93,0,0
USW00014763,2025;08;03;01,FM-15,343,50,96,0,0
USW00014763,2025;08;03;02,FM-15,343,50,96,0,0
USW00014763,2025;08;03;03,FM-16,343,49,100,0,0
USW00014763,2025;08;03;03,FM-16,343,49,97,0,0
USW00014763,2025;08;03;03,FM-16,343,49,97,0,0
USW00014763,2025;08;03;03,FM-15,343,49,100,0,0
USW00014763,2025;08;03;04,FM-16,343,48,100,0,0
USW00014763,2025;08;03;04,FM-16,343,48,100,0,0
USW00014763,2025;08;03;04,FM-16,343,49,97,0,0
USW00014763,2025;08;03;04,FM-16,343,49,97,0,0
USW00014763,2025;08;03;04,FM-15,343,49,97,0,0
USW00014763,2025;08;03;05,FM-16,343,48,96,0,0
USW00014763,2025;08;03;05,FM-16,343,48,96,0,0
USW00014763,2025;08;03;05,FM-15,343,50,100,0,0
USW00014763,2025;08;03;06,FM-15,343,55,93,0,0
USW00014763,2025;08;03;07,FM-15,343,61,78,0,0
USW00014763,2025;08;03;08,FM-15,343,68,63,0,0
USW00014763,2025;08;03;09,FM-15,343,72,48,VRB,7
USW00014763,2025;08;03;10,FM-15,343,73,51,,
USW00014763,2025;08;03;11,FM-15,343,75,48,VRB,6
USW00014763,2025;08;03;12,FM-15,343,76,43,VRB,3
USW00014763,2025;08;03;13,FM-15,343,77,42,180,6
USW00014763,2025;08;03;14,FM-15,343,77,45,310,3
USW00014763,2025;08;03;15,FM-15,343,77,45,270,7
USW00014763,2025;08;03;16,FM-15,343,77,39,280,5
USW00014763,2025;08;03;17,FM-15,343,75,46,320,3
USW00014763,2025;08;03;18,FM-15,343,68,73,0,0
USW00014763,2025;08;03;19,FM-15,343,64,81,270,3
USW00014763,2025;08;03;20,FM-15,343,61,87,0,0
USW00014763,2025;08;03;21,FM-15,343,59,90,0,0
USW00014763,2025;08;03;22,FM-15,343,57,96,0,0
USW00014763,2025;08;03;23,FM-15,343,55,96,0,0
USW00014763,2025;08;04;00,SOD,,,,,
USW00014763,2025;08;04;00,FM-15,343,55,96,0,0
USW00014763,2025;08;04;01,FM-15,343,54,97,0,0
USW00014763,2025;08;04;02,FM-16,343,54,100,0,0
USW00014763,2025;08;04;02,FM-16,343,54,100,0,0
USW00014763,2025;08;04;02,FM-16,343,53,100,0,0
USW00014763,2025;08;04;02,FM-15,343,54,97,0,0
USW00014763,2025;08;04;03,FM-16,343,53,100,0,0
USW00014763,2025;08;04;03,FM-16,343,53,100,0,0
USW00014763,2025;08;04;03,FM-16,343,53,96,0,0
USW00014763,2025;08;04;03,FM-16,343,52,100,0,0
USW00014763,2025;08;04;03,FM-15,343,53,100,0,0
USW00014763,2025;08;04;04,FM-16,343,52,100,0,0
USW00014763,2025;08;04;04,FM-16,343,53,100,0,0
USW00014763,2025;08;04;04,FM-16,343,53,100,0,0
USW00014763,2025;08;04;04,FM-16,343,53,96,0,0
USW00014763,2025;08;04;04,FM-16,343,53,96,0,0
USW00014763,2025;08;04;04,FM-16,343,53,100,0,0
USW00014763,2025;08;04;04,FM-16,343,53,100,0,0
USW00014763,2025;08;04;04,FM-16,343,53,96,0,0
USW00014763,2025;08;04;04,FM-16,343,52,100,0,0
USW00014763,2025;08;04;04,FM-15,343,53,93,0,0
USW00014763,2025;08;04;05,FM-16,343,53,100,0,0
USW00014763,2025;08;04;05,FM-16,343,53,100,0,0
USW00014763,2025;08;04;05,FM-16,343,53,100,0,0
USW00014763,2025;08;04;05,FM-16,343,51,100,0,0
USW00014763,2025;08;04;05,FM-16,343,52,100,0,0
USW00014763,2025;08;04;05,FM-16,343,52,100,0,0
USW00014763,2025;08;04;05,FM-16,343,52,100,0,0
USW00014763,2025;08;04;05,FM-15,343,52,100,0,0
USW00014763,2025;08;04;05,FM-16,343,53,96,0,0
USW00014763,2025;08;04;06,FM-16,343,53,96,0,0
USW00014763,2025;08;04;06,FM-16,343,53,100,0,0
USW00014763,2025;08;04;06,FM-16,343,55,96,0,0
USW00014763,2025;08;04;06,FM-16,343,55,100,0,0
USW00014763,2025;08;04;06,FM-16,343,55,100,0,0
USW00014763,2025;08;04;06,FM-16,343,55,100,0,0
USW00014763,2025;08;04;06,FM-16,343,56,97,0,0
USW00014763,2025;08;04;06,FM-16,343,55,100,0,0
USW00014763,2025;08;04;06,FM-15,343,56,100,0,0
USW00014763,2025;08;04;07,FM-16,343,57,96,0,0
USW00014763,2025;08;04;07,FM-15,343,61,90,0,0
USW00014763,2025;08;04;08,FM-15,343,68,76,300,3
USW00014763,2025;08;04;09,FM-15,343,72,66,0,0
USW00014763,2025;08;04;10,FM-15,343,75,60,0,0
USW00014763,2025;08;04;11,FM-15,343,78,52,VRB,6
USW00014763,2025;08;04;12,FM-15,343,78,56,VRB,6
USW00014763,2025;08;04;13,FM-15,343,79,54,280,5
USW00014763,2025;08;04;14,FM-15,343,80,51,270,6
USW00014763,2025;08;04;15,FM-15,343,80,45,340,6
USW00014763,2025;08;04;16,FM-15,343,78,52,VRB,3
USW00014763,2025;08;04;17,FM-15,343,75,58,320,3
USW00014763,2025;08;04;18,FM-15,343,70,73,0,0
USW00014763,2025;08;04;19,FM-15,343,67,79,0,0
USW00014763,2025;08;04;20,FM-15,343,64,87,0,0
USW00014763,2025;08;04;21,FM-15,343,62,90,0,0
USW00014763,2025;08;04;22,FM-15,343,61,93,0,0
USW00014763,2025;08;04;23,FM-15,343,59,96,0,0
USW00014763,2025;08;05;00,SOD,,,,,
USW00014763,2025;08;05;00,FM-16,343,59,96,0,0
USW00014763,2025;08;05;00,FM-16,343,59,94,0,0
USW00014763,2025;08;05;00,FM-15,343,59,96,0,0
USW00014763,2025;08;05;01,FM-15,343,58,100,0,0
USW00014763,2025;08;05;02,FM-15,343,59,96,0,0
USW00014763,2025;08;05;03,FM-16,343,57,96,0,0
USW00014763,2025;08;05;03,FM-15,343,56,100,0,0
USW00014763,2025;08;05;04,FM-15,343,58,97,0,0
USW00014763,2025;08;05;05,FM-16,343,57,96,0,0
USW00014763,2025;08;05;05,FM-16,343,57,96,0,0
USW00014763,2025;08;05;05,FM-15,343,59,96,0,0
USW00014763,2025;08;05;06,FM-15,343,64,93,0,0
USW00014763,2025;08;05;07,FM-15,343,68,84,40,3
USW00014763,2025;08;05;08,FM-15,343,71,76,50,6
USW00014763,2025;08;05;09,FM-15,343,74,69,80,7
USW00014763,2025;08;05;10,FM-15,343,77,64,40,7
USW00014763,2025;08;05;11,FM-15,343,77,62,120,3
USW00014763,2025;08;05;12,FM-15,343,79,56,0,0
USW00014763,2025;08;05;13,FM-15,343,80,54,160,6
USW00014763,2025;08;05;14,FM-15,343,79,56,VRB,6
USW00014763,2025;08;05;15,FM-15,343,78,56,160,6
USW00014763,2025;08;05;16,FM-15,343,78,58,140,6
USW00014763,2025;08;05;17,FM-15,343,76,67,130,5
USW00014763,2025;08;05;18,FM-15,343,71,81,140,5
USW00014763,2025;08;05;19,FM-15,343,70,79,160,7
USW00014763,2025;08;05;20,FM-15,343,67,91,0,0
USW00014763,2025;08;05;21,FM-15,343,63,97,140,3
USW00014763,2025;08;05;22,FM-15,343,62,96,0,0
USW00014763,2025;08;05;23,FM-16,343,64,96,0,0
USW00014763,2025;08;05;23,FM-16,343,64,93,0,0
USW00014763,2025;08;05;23,FM-16,343,63,100,0,0
USW00014763,2025;08;05;23,FM-15,343,65,93,0,0
USW00014763,2025;08;06;00,SOD,,,,,
USW00014763,2025;08;06;00,FM-15,343,65,93,0,0
USW00014763,2025;08;06;01,FM-15,343,62,100,0,0
USW00014763,2025;08;06;02,FM-16,343,62,100,0,0
USW00014763,2025;08;06;02,FM-16,343,62,96,0,0
USW00014763,2025;08;06;02,FM-16,343,63,97,0,0
USW00014763,2025;08;06;02,FM-16,343,63,97,0,0
USW00014763,2025;08;06;02,FM-16,343,63,100,0,0
USW00014763,2025;08;06;02,FM-15,343,63,97,0,0
USW00014763,2025;08;06;03,FM-16,343,64,96,0,0
USW00014763,2025;08;06;03,FM-15,343,65,93,0,0
USW00014763,2025;08;06;04,FM-16,343,64,96,0,0
USW00014763,2025;08;06;04,FM-15,343,65,93,0,0
USW00014763,2025;08;06;05,FM-15,343,65,97,0,0
USW00014763,2025;08;06;06,FM-15,343,66,96,0,0
USW00014763,2025;08;06;07,FM-15,343,68,87,0,0
USW00014763,2025;08;06;08,FM-15,343,72,76,50,5
USW00014763,2025;08;06;09,FM-16,343,72,76,50,5
USW00014763,2025;08;06;09,FM-16,343,72,76,VRB,5
USW00014763,2025;08;06;09,FM-15,343,73,74,,
USW00014763,2025;08;06;10,FM-16,343,74,71,50,9
USW00014763,2025;08;06;10,FM-15,343,74,71,0,0
USW00014763,2025;08;06;11,FM-15,343,76,64,0,0
USW00014763,2025;08;06;12,FM-15,343,77,64,210,3
USW00014763,2025;08;06;13,FM-15,343,76,67,160,5
USW00014763,2025;08;06;14,FM-15,343,76,67,140,8
USW00014763,2025;08;06;15,FM-16,343,73,74,10,8
USW00014763,2025;08;06;15,FM-16,343,71,76,20,10
USW00014763,2025;08;06;15,FM-16,343,68,88,0,0
USW00014763,2025;08;06;15,FM-15,343,68,87,0,0
USW00014763,2025;08;06;15,FM-16,343,68,84,0,0
USW00014763,2025;08;06;16,FM-16,343,67,91,0,0
USW00014763,2025;08;06;16,FM-16,343,67,91,0,0
USW00014763,2025;08;06;16,FM-15,343,65,93,70,3
USW00014763,2025;08;06;17,FM-15,343,65,97,0,0
USW00014763,2025;08;06;18,FM-15,343,65,97,0,0
USW00014763,2025;08;06;19,FM-16,343,65,97,0,0
USW00014763,2025;08;06;19,FM-15,343,64,100,130,3
USW00014763,2025;08;06;20,FM-16,343,64,100,0,0
USW00014763,2025;08;06;20,FM-16,343,64,100,0,0
USW00014763,2025;08;06;20,FM-16,343,64,100,0,0
USW00014763,2025;08;06;20,FM-15,343,65,97,0,0
USW00014763,2025;08;06;21,FM-16,343,64,96,0,0
USW00014763,2025;08;06;21,FM-16,343,64,96,0,0
USW00014763,2025;08;06;21,FM-16,343,64,100,0,0
USW00014763,2025;08;06;21,FM-15,343,64,96,0,0
USW00014763,2025;08;06;22,FM-16,343,64,100,0,0
USW00014763,2025;08;06;22,FM-15,343,64,96,0,0
USW00014763,2025;08;06;23,FM-16,343,63,100,0,0
USW00014763,2025;08;06;23,FM-16,343,64,100,30,3
USW00014763,2025;08;06;23,FM-16,343,63,100,10,3
USW00014763,2025;08;06;23,FM-16,343,64,100,30,3
USW00014763,2025;08;06;23,FM-15,343,64,100,0,0
USW00014763,2025;08;07;00,SOD,,,,,
USW00014763,2025;08;07;00,FM-16,343,64,100,0,0
USW00014763,2025;08;07;00,FM-16,343,64,100,0,0
USW00014763,2025;08;07;00,FM-16,343,64,100,0,0
USW00014763,2025;08;07;00,FM-15,343,63,100,0,0
USW00014763,2025;08;07;01,FM-16,343,63,100,0,0
USW00014763,2025;08;07;01,FM-16,343,64,96,0,0
USW00014763,2025;08;07;01,FM-16,343,63,100,0,0
USW00014763,2025;08;07;01,FM-16,343,63,100,0,0
USW00014763,2025;08;07;01,FM-15,343,63,100,0,0
USW00014763,2025;08;07;02,FM-16,343,62,100,0,0
USW00014763,2025;08;07;02,FM-16,343,63,97,0,0
USW00014763,2025;08;07;02,FM-16,343,63,100,0,0
USW00014763,2025;08;07;02,FM-15,343,62,100,0,0
USW00014763,2025;08;07;03,FM-16,343,62,100,20,3
USW00014763,2025;08;07;03,FM-16,343,62,96,0,0
USW00014763,2025;08;07;03,FM-15,343,61,100,0,0
USW00014763,2025;08;07;04,FM-15,343,61,100,0,0
USW00014763,2025;08;07;05,FM-15,343,62,96,60,3
USW00014763,2025;08;07;06,FM-16,343,62,96,0,0
USW00014763,2025;08;07;06,FM-16,343,62,96,50,5
USW00014763,2025;08;07;06,FM-16,343,62,96,0,0
USW00014763,2025;08;07;06,FM-16,343,62,96,90,3
USW00014763,2025;08;07;06,FM-16,343,62,96,0,0
USW00014763,2025;08;07;06,FM-16,343,63,94,140,3
USW00014763,2025;08;07;06,FM-15,343,62,96,0,0
USW00014763,2025;08;07;07,FM-16,343,62,96,0,0
USW00014763,2025;08;07;07,FM-16,343,62,96,0,0
USW00014763,2025;08;07;07,FM-15,343,63,97,0,0
USW00014763,2025;08;07;08,FM-16,343,63,97,0,0
USW00014763,2025;08;07;08,FM-16,343,63,97,40,3
USW00014763,2025;08;07;08,FM-16,343,64,93,0,0
USW00014763,2025;08;07;08,FM-16,343,65,93,0,0
USW00014763,2025;08;07;08,FM-16,343,64,100,0,0
USW00014763,2025;08;07;08,FM-15,343,65,97,0,0
USW00014763,2025;08;07;09,FM-16,343,65,97,40,3
USW00014763,2025;08;07;09,FM-16,343,67,91,350,3
USW00014763,2025;08;07;09,FM-15,343,68,87,0,0
USW00014763,2025;08;07;10,FM-15,343,71,76,0,0
USW00014763,2025;08;07;11,FM-15,343,75,66,0,0
USW00014763,2025;08;07;12,FM-15,343,74,71,80,6
USW00014763,2025;08;07;13,FM-16,343,77,62,,
USW00014763,2025;08;07;13,FM-16,343,76,64,60,7
USW00014763,2025;08;07;13,FM-15,343,75,64,80,6
USW00014763,2025;08;07;14,FM-15,343,73,74,270,6
USW00014763,2025;08;07;15,FM-15,343,70,76,240,8
USW00014763,2025;08;07;16,FM-15,343,71,71,240,7
USW00014763,2025;08;07;17,FM-15,343,70,79,230,6
USW00014763,2025;08;07;18,FM-15,343,68,81,230,3
USW00014763,2025;08;07;19,FM-15,343,65,90,260,5
USW00014763,2025;08;07;20,FM-15,343,63,97,0,0
USW00014763,2025;08;07;21,FM-15,343,62,93,320,3
USW00014763,2025;08;07;22,FM-15,343,60,96,0,0
USW00014763,2025;08;07;23,FM-15,343,57,100,0,0
USW00014763,2025;08;08;00,SOD,,,,,
USW00014763,2025;08;08;00,FM-15,343,56,97,0,0
USW00014763,2025;08;08;01,FM-16,343,56,97,0,0
USW00014763,2025;08;08;01,FM-16,343,55,100,0,0
USW00014763,2025;08;08;01,FM-15,343,56,97,0,0
USW00014763,2025;08;08;02,FM-16,343,54,100,0,0
USW00014763,2025;08;08;02,FM-16,343,55,96,0,0
USW00014763,2025;08;08;02,FM-16,343,56,97,0,0
USW00014763,2025;08;08;02,FM-15,343,55,100,0,0
USW00014763,2025;08;08;03,FM-16,343,55,100,0,0
USW00014763,2025;08;08;03,FM-16,343,54,100,0,0
USW00014763,2025;08;08;03,FM-16,343,54,100,0,0
USW00014763,2025;08;08;03,FM-16,343,54,100,0,0
USW00014763,2025;08;08;03,FM-15,343,53,100,0,0
USW00014763,2025;08;08;04,FM-16,343,54,97,0,0
USW00014763,2025;08;08;04,FM-16,343,54,100,0,0
USW00014763,2025;08;08;04,FM-16,343,54,100,0,0
USW00014763,2025;08;08;04,FM-16,343,54,100,0,0
USW00014763,2025;08;08;04,FM-15,343,53,100,0,0
USW00014763,2025;08;08;05,FM-16,343,53,100,0,0
USW00014763,2025;08;08;05,FM-16,343,54,100,0,0
USW00014763,2025;08;08;05,FM-16,343,54,100,0,0
USW00014763,2025;08;08;05,FM-15,343,54,100,0,0
USW00014763,2025;08;08;05,FM-16,343,55,96,0,0
USW00014763,2025;08;08;06,FM-16,343,55,96,0,0
USW00014763,2025;08;08;06,FM-15,343,58,97,0,0
USW00014763,2025;08;08;07,FM-15,343,60,90,0,0
USW00014763,2025;08;08;08,FM-15,343,68,59,0,0
USW00014763,2025;08;08;09,FM-15,343,72,55,0,0
USW00014763,2025;08;08;10,FM-15,343,74,56,0,0
USW00014763,2025;08;08;11,FM-15,343,77,54,VRB,6
USW00014763,2025;08;08;12,FM-15,343,77,52,VRB,3
USW00014763,2025;08;08;13,FM-15,343,78,52,VRB,7
USW00014763,2025;08;08;14,FM-15,343,78,50,190,7
USW00014763,2025;08;08;15,FM-15,343,79,49,170,6
USW00014763,2025;08;08;16,FM-15,343,78,45,210,5
USW00014763,2025;08;08;17,FM-15,343,76,52,170,3
USW00014763,2025;08;08;18,FM-15,343,73,55,170,8
USW00014763,2025;08;08;19,FM-15,343,67,73,0,0
USW00014763,2025;08;08;20,FM-15,343,63,84,0,0
USW00014763,2025;08;08;21,FM-15,343,61,87,0,0
USW00014763,2025;08;08;22,FM-15,343,60,93,0,0
USW00014763,2025;08;08;23,FM-15,343,59,93,0,0
USW00014763,2025;08;09;00,SOD,,,,,
USW00014763,2025;08;09;00,FM-15,343,56,97,0,0
USW00014763,2025;08;09;01,FM-15,343,55,96,0,0
USW00014763,2025;08;09;02,FM-15,343,55,96,0,0
USW00014763,2025;08;09;03,FM-16,343,54,97,0,0
USW00014763,2025;08;09;03,FM-16,343,54,97,0,0
USW00014763,2025;08;09;03,FM-15,343,54,97,0,0
USW00014763,2025;08;09;04,FM-16,343,53,100,0,0
USW00014763,2025;08;09;04,FM-16,343,53,100,0,0
USW00014763,2025;08;09;04,FM-16,343,54,97,0,0
USW00014763,2025;08;09;04,FM-16,343,53,96,0,0
USW00014763,2025;08;09;04,FM-16,343,52,100,0,0
USW00014763,2025;08;09;04,FM-15,343,52,100,0,0
USW00014763,2025;08;09;05,FM-16,343,53,96,0,0
USW00014763,2025;08;09;05,FM-16,343,52,100,0,0
USW00014763,2025;08;09;05,FM-16,343,52,100,330,3
USW00014763,2025;08;09;05,FM-16,343,54,100,0,0
USW00014763,2025;08;09;05,FM-15,343,54,97,0,0
USW00014763,2025;08;09;06,FM-16,343,54,100,0,0
USW00014763,2025;08;09;06,FM-16,343,55,100,0,0
USW00014763,2025;08;09;06,FM-16,343,56,97,0,0
USW00014763,2025;08;09;06,FM-16,343,56,97,0,0
USW00014763,2025;08;09;06,FM-16,343,57,96,0,0
USW00014763,2025;08;09;06,FM-15,343,57,96,0,0
USW00014763,2025;08;09;07,FM-15,343,64,81,0,0
USW00014763,2025;08;09;08,FM-15,343,70,59,0,0
USW00014763,2025;08;09;09,FM-15,343,75,52,0,0
USW00014763,2025;08;09;10,FM-15,343,78,47,VRB,5
USW00014763,2025;08;09;11,FM-15,343,79,44,VRB,5
USW00014763,2025;08;09;12,FM-15,343,80,42,,
USW00014763,2025;08;09;13,FM-15,343,81,42,VRB,3
USW00014763,2025;08;09;14,FM-15,343,82,40,260,5
USW00014763,2025;08;09;15,FM-15,343,81,44,VRB,3
USW00014763,2025;08;09;16,FM-15,343,80,52,260,9
USW00014763,2025;08;09;17,FM-15,343,77,56,250,9
USW00014763,2025;08;09;18,FM-15,343,74,64,230,5
USW00014763,2025;08;09;19,FM-15,343,70,73,0,0
USW00014763,2025;08;09;20,FM-15,343,65,87,0,0
USW00014763,2025;08;09;21,FM-15,343,63,90,0,0
USW00014763,2025;08;09;22,FM-15,343,62,93,0,0
USW00014763,2025;08;09;23,FM-15,343,60,93,0,0
USW00014763,2025;08;10;00,SOD,,,,,
USW00014763,2025;08;10;00,FM-15,343,60,93,0,0
USW00014763,2025;08;10;01,FM-15,343,59,93,0,0
USW00014763,2025;08;10;02,FM-15,343,57,100,0,0
USW00014763,2025;08;10;03,FM-15,343,58,93,0,0
USW00014763,2025;08;10;04,FM-15,343,56,100,0,0
USW00014763,2025;08;10;05,FM-16,343,56,100,0,0
USW00014763,2025;08;10;05,FM-16,343,55,100,20,3
USW00014763,2025;08;10;05,FM-16,343,56,100,0,0
USW00014763,2025;08;10;05,FM-16,343,56,100,0,0
USW00014763,2025;08;10;05,FM-16,343,56,100,0,0
USW00014763,2025;08;10;05,FM-16,343,56,97,0,0
USW00014763,2025;08;10;05,FM-16,343,55,100,0,0
USW00014763,2025;08;10;05,FM-15,343,57,96,0,0
USW00014763,2025;08;10;06,FM-15,343,61,90,0,0
USW00014763,2025;08;10;07,FM-15,343,67,79,0,0
USW00014763,2025;08;10;08,FM-15,343,75,62,0,0
USW00014763,2025;08;10;09,FM-15,343,78,52,0,0
USW00014763,2025;08;10;10,FM-15,343,80,51,VRB,5
USW00014763,2025;08;10;11,FM-15,343,82,44,30,5
USW00014763,2025;08;10;12,FM-15,343,83,43,190,3
USW00014763,2025;08;10;13,FM-15,343,84,41,,
USW00014763,2025;08;10;14,FM-15,343,85,43,250,8
USW00014763,2025;08;10;15,FM-15,343,84,44,190,5
USW00014763,2025;08;10;16,FM-15,343,84,46,230,6
USW00014763,2025;08;10;17,FM-15,343,82,47,230,5
USW00014763,2025;08;10;18,FM-15,343,78,56,220,3
USW00014763,2025;08;10;19,FM-15,343,70,82,0,0
USW00014763,2025;08;10;20,FM-15,343,66,87,0,0
USW00014763,2025;08;10;21,FM-15,343,63,93,0,0
USW00014763,2025;08;10;22,FM-15,343,62,96,0,0
USW00014763,2025;08;10;23,FM-15,343,62,96,0,0
USW00014763,2025;08;11;00,SOD,,,,,
USW00014763,2025;08;11;00,FM-15,343,61,100,0,0
USW00014763,2025;08;11;01,FM-15,343,60,100,0,0
USW00014763,2025;08;11;02,FM-15,343,58,100,0,0
USW00014763,2025;08;11;03,FM-15,343,59,96,0,0
USW00014763,2025;08;11;04,FM-15,343,58,100,0,0
USW00014763,2025;08;11;05,FM-16,343,58,100,0,0
USW00014763,2025;08;11;05,FM-16,343,57,100,0,0
USW00014763,2025;08;11;05,FM-16,343,57,100,0,0
USW00014763,2025;08;11;05,FM-16,343,58,100,0,0
USW00014763,2025;08;11;05,FM-16,343,58,100,0,0
USW00014763,2025;08;11;05,FM-16,343,58,100,0,0
USW00014763,2025;08;11;05,FM-16,343,59,96,0,0
USW00014763,2025;08;11;05,FM-16,343,59,100,0,0
USW00014763,2025;08;11;05,FM-15,343,60,96,0,0
USW00014763,2025;08;11;05,FM-16,343,61,93,0,0
USW00014763,2025;08;11;06,FM-16,343,61,97,0,0
USW00014763,2025;08;11;06,FM-15,343,64,90,0,0
USW00014763,2025;08;11;07,FM-15,343,69,81,0,0
USW00014763,2025;08;11;08,FM-15,343,77,56,290,3
USW00014763,2025;08;11;09,FM-15,343,81,47,VRB,5
USW00014763,2025;08;11;10,FM-15,343,81,45,0,0
USW00014763,2025;08;11;11,FM-15,343,82,46,VRB,7
USW00014763,2025;08;11;12,FM-15,343,84,41,210,7
USW00014763,2025;08;11;13,FM-15,343,84,40,210,3
USW00014763,2025;08;11;14,FM-15,343,84,44,270,3
USW00014763,2025;08;11;15,FM-15,343,84,44,180,8
USW00014763,2025;08;11;16,FM-15,343,83,46,230,8
USW00014763,2025;08;11;17,FM-15,343,81,49,200,6
USW00014763,2025;08;11;18,FM-15,343,78,54,200,5
USW00014763,2025;08;11;19,FM-15,343,71,71,250,3
USW00014763,2025;08;11;20,FM-15,343,68,81,0,0
USW00014763,2025;08;11;21,FM-15,343,65,90,0,0
USW00014763,2025;08;11;22,FM-15,343,63,93,0,0
USW00014763,2025;08;11;23,FM-15,343,61,97,0,0
USW00014763,2025;08;12;00,SOD,,,,,
USW00014763,2025;08;12;00,FM-15,343,59,100,0,0
USW00014763,2025;08;12;01,FM-15,343,61,97,0,0
USW00014763,2025;08;12;02,FM-15,343,59,96,0,0
USW00014763,2025;08;12;03,FM-16,343,59,100,0,0
USW00014763,2025;08;12;03,FM-16,343,59,100,0,0
USW00014763,2025;08;12;03,FM-16,343,59,96,0,0
USW00014763,2025;08;12;03,FM-16,343,59,96,0,0
USW00014763,2025;08;12;03,FM-16,343,58,100,0,0
USW00014763,2025;08;12;03,FM-15,343,58,100,0,0
USW00014763,2025;08;12;03,FM-16,343,59,100,0,0
USW00014763,2025;08;12;04,FM-16,343,57,100,0,0
USW00014763,2025;08;12;04,FM-16,343,59,96,0,0
USW00014763,2025;08;12;04,FM-15,343,57,96,120,3
USW00014763,2025;08;12;04,FM-16,343,57,96,0,0
USW00014763,2025;08;12;05,FM-16,343,57,100,0,0
USW00014763,2025;08;12;05,FM-16,343,59,96,0,0
USW00014763,2025;08;12;05,FM-16,343,59,96,0,0
USW00014763,2025;08;12;05,FM-16,343,57,100,0,0
USW00014763,2025;08;12;05,FM-16,343,58,97,0,0
USW00014763,2025;08;12;05,FM-16,343,58,97,0,0
USW00014763,2025;08;12;05,FM-16,343,57,100,0,0
USW00014763,2025;08;12;05,FM-15,343,58,100,0,0
USW00014763,2025;08;12;06,FM-16,343,59,96,0,0
USW00014763,2025;08;12;06,FM-16,343,60,100,0,0
USW00014763,2025;08;12;06,FM-16,343,60,100,0,0
USW00014763,2025;08;12;06,FM-16,343,61,97,0,0
USW00014763,2025;08;12;06,FM-16,343,61,97,0,0
USW00014763,2025;08;12;06,FM-15,343,63,93,0,0
USW00014763,2025;08;12;07,FM-15,343,70,79,0,0
USW00014763,2025;08;12;08,FM-15,343,76,64,0,0
USW00014763,2025;08;12;09,FM-15,343,79,56,0,0
USW00014763,2025;08;12;10,FM-15,343,81,53,VRB,3
USW00014763,2025;08;12;11,FM-15,343,84,41,0,0
USW00014763,2025;08;12;12,FM-15,343,85,42,VRB,3
USW00014763,2025;08;12;13,FM-15,343,86,42,260,6
USW00014763,2025;08;12;14,FM-15,343,86,39,VRB,6
USW00014763,2025;08;12;15,FM-15,343,87,37,180,7
USW00014763,2025;08;12;16,FM-15,343,85,40,210,5
USW00014763,2025;08;12;17,FM-15,343,83,46,200,3
USW00014763,2025;08;12;18,FM-15,343,79,52,230,5
USW00014763,2025;08;12;19,FM-15,343,74,69,0,0
USW00014763,2025;08;12;20,FM-15,343,68,84,200,3
USW00014763,2025;08;12;21,FM-15,343,65,87,0,0
USW00014763,2025;08;12;22,FM-15,343,64,93,0,0
USW00014763,2025;08;12;23,FM-15,343,64,93,0,0
USW00014763,2025;08;13;00,SOD,,,,,
USW00014763,2025;08;13;00,FM-15,343,63,97,0,0
USW00014763,2025;08;13;01,FM-15,343,61,100,0,0
USW00014763,2025;08;13;02,FM-15,343,62,96,0,0
USW00014763,2025;08;13;03,FM-15,343,62,96,0,0
USW00014763,2025;08;13;04,FM-15,343,61,100,0,0
USW00014763,2025;08;13;05,FM-16,343,61,97,0,0
USW00014763,2025;08;13;05,FM-16,343,61,97,0,0
USW00014763,2025;08;13;05,FM-15,343,62,96,0,0
USW00014763,2025;08;13;06,FM-15,343,67,91,0,0
USW00014763,2025;08;13;07,FM-15,343,72,82,0,0
USW00014763,2025;08;13;08,FM-15,343,78,74,0,0
USW00014763,2025;08;13;09,FM-15,343,83,65,130,3
USW00014763,2025;08;13;10,FM-15,343,86,55,180,8
USW00014763,2025;08;13;11,FM-15,343,87,51,190,8
USW00014763,2025;08;13;12,FM-15,343,83,61,210,5
USW00014763,2025;08;13;13,FM-15,343,79,72,250,9
USW00014763,2025;08;13;14,FM-15,343,71,94,250,11
USW00014763,2025;08;13;15,FM-15,343,71,90,0,0
USW00014763,2025;08;13;16,FM-15,343,72,94,180,5
USW00014763,2025;08;13;17,FM-15,343,71,90,270,3
USW00014763,2025;08;13;18,FM-15,343,69,100,0,0
USW00014763,2025;08;13;19,FM-15,343,68,100,0,0
USW00014763,2025;08;13;20,FM-15,343,69,96,0,0
USW00014763,2025;08;13;21,FM-16,343,68,100,0,0
USW00014763,2025;08;13;21,FM-16,343,68,100,0,0
USW00014763,2025;08;13;21,FM-15,343,67,100,0,0
USW00014763,2025;08;13;22,FM-16,343,67,100,0,0
USW00014763,2025;08;13;22,FM-16,343,67,100,0,0
USW00014763,2025;08;13;22,FM-16,343,68,100,0,0
USW00014763,2025;08;13;22,FM-16,343,66,100,0,0
USW00014763,2025;08;13;22,FM-15,343,67,100,0,0
USW00014763,2025;08;13;23,FM-16,343,66,100,0,0
USW00014763,2025;08;13;23,FM-16,343,66,100,0,0
USW00014763,2025;08;13;23,FM-15,343,67,100,0,0
USW00014763,2025;08;14;00,SOD,,,,,
USW00014763,2025;08;14;00,FM-16,343,66,100,0,0
USW00014763,2025;08;14;00,FM-16,343,66,100,0,0
USW00014763,2025;08;14;00,FM-15,343,67,100,0,0
USW00014763,2025;08;14;01,FM-16,343,66,100,0,0
USW00014763,2025;08;14;01,FM-15,343,67,100,0,0
USW00014763,2025;08;14;02,FM-15,343,67,100,0,0
USW00014763,2025;08;14;03,FM-16,343,67,100,0,0
USW00014763,2025;08;14;03,FM-16,343,67,100,0,0
USW00014763,2025;08;14;03,FM-16,343,67,100,0,0
USW00014763,2025;08;14;03,FM-15,343,67,100,0,0
USW00014763,2025;08;14;04,FM-15,343,67,100,0,0
USW00014763,2025;08;14;05,FM-16,343,67,100,0,0
USW00014763,2025;08;14;05,FM-16,343,67,100,0,0
USW00014763,2025;08;14;05,FM-16,343,67,100,,
USW00014763,2025;08;14;05,FM-16,343,66,100,280,3
USW00014763,2025;08;14;05,FM-15,343,67,100,0,0
USW00014763,2025;08;14;06,FM-16,343,67,100,0,0
USW00014763,2025;08;14;06,FM-16,343,68,96,0,0
USW00014763,2025;08;14;06,FM-15,343,68,96,0,0
USW00014763,2025;08;14;06,FM-16,343,68,96,0,0
USW00014763,2025;08;14;07,FM-16,343,68,96,0,0
USW00014763,2025;08;14;07,FM-15,343,69,96,300,3
USW00014763,2025;08;14;08,FM-16,343,69,96,310,7
USW00014763,2025;08;14;08,FM-16,343,69,96,270,7
USW00014763,2025;08;14;08,FM-15,343,71,94,260,6
USW00014763,2025;08;14;09,FM-16,343,73,84,220,5
USW00014763,2025;08;14;09,FM-16,343,74,82,250,5
USW00014763,2025;08;14;09,FM-16,343,76,79,270,5
USW00014763,2025;08;14;09,FM-15,343,76,79,VRB,6
USW00014763,2025;08;14;10,FM-16,343,78,74,VRB,3
USW00014763,2025;08;14;10,FM-15,343,79,72,320,7
USW00014763,2025;08;14;11,FM-15,343,81,65,290,9
USW00014763,2025;08;14;12,FM-15,343,83,53,320,10
USW00014763,2025;08;14;13,FM-15,343,85,45,310,8
USW00014763,2025;08;14;14,FM-15,343,86,46,310,6
USW00014763,2025;08;14;15,FM-15,343,81,54,320,7
USW00014763,2025;08;14;16,FM-15,343,80,56,330,7
USW00014763,2025;08;14;17,FM-15,343,78,62,0,0
USW00014763,2025;08;14;18,FM-15,343,76,60,0,0
USW00014763,2025;08;14;19,FM-15,343,71,76,0,0
USW00014763,2025;08;14;20,FM-15,343,66,84,0,0
USW00014763,2025;08;14;21,FM-15,343,67,87,0,0
USW00014763,2025;08;14;22,FM-15,343,67,84,0,0
USW00014763,2025;08;14;23,FM-15,343,64,90,0,0
USW00014763,2025;08;15;00,SOD,,,,,
USW00014763,2025;08;15;00,FM-15,343,62,90,100,3
USW00014763,2025;08;15;01,FM-15,343,62,93,0,0
USW00014763,2025;08;15;02,FM-15,343,63,81,0,0
USW00014763,2025;08;15;03,FM-15,343,60,90,0,0
USW00014763,2025;08;15;04,FM-15,343,58,93,0,0
USW00014763,2025;08;15;05,FM-15,343,61,87,0,0
USW00014763,2025;08;15;06,FM-15,343,64,87,0,0
USW00014763,2025;08;15;07,FM-15,343,69,70,0,0
USW00014763,2025;08;15;08,FM-15,343,73,55,40,3
USW00014763,2025;08;15;09,FM-15,343,75,54,0,0
USW00014763,2025;08;15;10,FM-15,343,78,50,300,3
USW00014763,2025;08;15;11,FM-15,343,80,44,280,7
USW00014763,2025;08;15;12,FM-15,343,80,47,VRB,5
USW00014763,2025;08;15;13,FM-15,343,82,44,VRB,5
USW00014763,2025;08;15;14,FM-15,343,82,41,270,7
USW00014763,2025;08;15;15,FM-15,343,82,41,VRB,6
USW00014763,2025;08;15;16,FM-15,343,80,42,300,7
USW00014763,2025;08;15;17,FM-15,343,78,48,300,5
USW00014763,2025;08;15;18,FM-15,343,72,68,0,0
USW00014763,2025;08;15;19,FM-15,343,67,81,0,0
USW00014763,2025;08;15;20,FM-15,343,67,76,240,3
USW00014763,2025;08;15;21,FM-15,343,60,93,0,0
USW00014763,2025;08;15;22,FM-15,343,61,90,340,3
USW00014763,2025;08;15;23,FM-15,343,60,90,0,0
USW00014763,2025;08;16;00,SOD,,,,,
USW00014763,2025;08;16;00,FM-16,343,61,90,0,0
USW00014763,2025;08;16;00,FM-16,343,61,94,0,0
USW00014763,2025;08;16;00,FM-15,343,61,93,0,0
USW00014763,2025;08;16;01,FM-15,343,64,90,0,0
USW00014763,2025;08;16;02,FM-15,343,63,93,0,0
USW00014763,2025;08;16;03,FM-16,343,63,93,0,0
USW00014763,2025;08;16;03,FM-16,343,63,93,0,0
USW00014763,2025;08;16;03,FM-15,343,64,90,0,0
USW00014763,2025;08;16;04,FM-16,343,63,93,0,0
USW00014763,2025;08;16;04,FM-15,343,63,93,0,0
USW00014763,2025;08;16;05,FM-16,343,62,96,0,0
USW00014763,2025;08;16;05,FM-15,343,63,97,0,0
USW00014763,2025;08;16;06,FM-16,343,63,97,130,3
USW00014763,2025;08;16;06,FM-15,343,65,93,0,0
USW00014763,2025;08;16;07,FM-16,343,66,90,0,0
USW00014763,2025;08;16;07,FM-16,343,67,91,0,0
USW00014763,2025;08;16;07,FM-16,343,69,90,0,0
USW00014763,2025;08;16;07,FM-15,343,70,84,0,0
USW00014763,2025;08;16;08,FM-15,343,74,76,VRB,6
USW00014763,2025;08;16;09,FM-15,343,75,74,220,7
USW00014763,2025;08;16;10,FM-15,343,77,74,180,6
USW00014763,2025;08;16;11,FM-15,343,79,67,260,6
USW00014763,2025;08;16;12,FM-15,343,80,64,230,7
USW00014763,2025;08;16;13,FM-15,343,80,64,230,6
USW00014763,2025;08;16;14,FM-15,343,82,63,230,5
USW00014763,2025;08;16;15,FM-15,343,82,63,230,6
USW00014763,2025;08;16;16,FM-15,343,81,65,180,7
USW00014763,2025;08;16;17,FM-15,343,79,72,VRB,5
USW00014763,2025;08;16;18,FM-15,343,77,77,180,6
USW00014763,2025;08;16;19,FM-15,343,76,77,180,6
USW00014763,2025;08;16;20,FM-15,343,73,84,VRB,3
USW00014763,2025;08;16;21,FM-15,343,73,84,VRB,5
USW00014763,2025;08;16;22,FM-15,343,71,90,220,6
USW00014763,2025;08;16;23,FM-15,343,70,90,170,5
USW00014763,2025;08;17;00,SOD,,,,,
USW00014763,2025;08;17;00,FM-16,343,70,90,VRB,3
USW00014763,2025;08;17;00,FM-15,343,67,97,0,0
USW00014763,2025;08;17;01,FM-15,343,66,100,0,0
USW00014763,2025;08;17;02,FM-16,343,67,97,0,0
USW00014763,2025;08;17;02,FM-16,343,66,100,0,0
USW00014763,2025;08;17;02,FM-16,343,66,100,0,0
USW00014763,2025;08;17;02,FM-16,343,65,100,30,3
USW00014763,2025;08;17;02,FM-16,343,64,100,0,0
USW00014763,2025;08;17;02,FM-15,343,65,100,0,0
USW00014763,2025;08;17;03,FM-16,343,65,100,0,0
USW00014763,2025;08;17;03,FM-16,343,65,100,0,0
USW00014763,2025;08;17;03,FM-16,343,64,100,0,0
USW00014763,2025;08;17;03,FM-15,343,65,100,0,0
USW00014763,2025;08;17;04,FM-16,343,65,100,0,0
USW00014763,2025;08;17;04,FM-16,343,64,100,0,0
USW00014763,2025;08;17;04,FM-16,343,64,100,0,0
USW00014763,2025;08;17;04,FM-16,343,65,100,0,0
USW00014763,2025;08;17;04,FM-16,343,64,100,0,0
USW00014763,2025;08;17;04,FM-15,343,66,96,0,0
USW00014763,2025;08;17;05,FM-16,343,65,100,0,0
USW00014763,2025;08;17;05,FM-15,343,67,97,0,0
USW00014763,2025;08;17;06,FM-16,343,67,100,0,0
USW00014763,2025;08;17;06,FM-16,343,67,100,0,0
USW00014763,2025;08;17;06,FM-15,343,68,96,0,0
USW00014763,2025;08;17;07,FM-15,343,70,93,0,0
USW00014763,2025;08;17;08,FM-16,343,70,93,0,0
USW00014763,2025;08;17;08,FM-16,343,75,83,0,0
USW00014763,2025;08;17;08,FM-15,343,75,82,VRB,3
USW00014763,2025;08;17;09,FM-15,343,79,67,VRB,6
USW00014763,2025;08;17;10,FM-15,343,82,56,290,9
USW00014763,2025;08;17;11,FM-15,343,82,53,300,6
USW00014763,2025;08;17;12,FM-15,343,85,48,280,11
USW00014763,2025;08;17;13,FM-15,343,85,48,,
USW00014763,2025;08;17;14,FM-15,343,82,56,300,5
USW00014763,2025;08;17;15,FM-15,343,81,61,300,7
USW00014763,2025;08;17;16,FM-15,343,71,90,360,3
USW00014763,2025;08;17;17,FM-15,343,73,87,250,3
USW00014763,2025;08;17;18,FM-15,343,71,94,20,3
USW00014763,2025;08;17;19,FM-15,343,70,82,10,8
USW00014763,2025;08;17;20,FM-15,343,68,87,330,5
USW00014763,2025;08;17;21,FM-15,343,63,90,300,9
USW00014763,2025;08;17;22,FM-15,343,60,86,310,9
USW00014763,2025;08;17;23,FM-16,343,60,86,300,3
USW00014763,2025;08;17;23,FM-16,343,61,83,290,3
USW00014763,2025;08;17;23,FM-15,343,60,86,280,5
USW00014763,2025;08;18;00,SOD,,,,,
USW00014763,2025;08;18;00,FM-16,343,61,84,30,9
USW00014763,2025;08;18;00,FM-15,343,60,86,20,8
USW00014763,2025;08;18;01,FM-16,343,57,88,30,8
USW00014763,2025;08;18;01,FM-15,343,58,87,30,7
USW00014763,2025;08;18;02,FM-15,343,56,84,30,7
USW00014763,2025;08;18;03,FM-15,343,54,80,20,5
USW00014763,2025;08;18;04,FM-15,343,52,77,10,6
USW00014763,2025;08;18;05,FM-15,343,53,72,VRB,6
USW00014763,2025;08;18;06,FM-15,343,56,60,40,8
USW00014763,2025;08;18;07,FM-15,343,58,56,50,7
USW00014763,2025;08;18;08,FM-15,343,61,48,VRB,6
USW00014763,2025;08;18;09,FM-15,343,63,45,VRB,6
USW00014763,2025;08;18;10,FM-15,343,68,33,50,8
USW00014763,2025;08;18;11,FM-15,343,70,32,40,7
USW00014763,2025;08;18;12,FM-15,343,71,30,VRB,3
USW00014763,2025;08;18;13,FM-15,343,73,32,VRB,5
USW00014763,2025;08;18;14,FM-15,343,73,34,VRB,8
USW00014763,2025;08;18;15,FM-15,343,72,38,270,8
USW00014763,2025;08;18;16,FM-15,343,70,41,290,9
USW00014763,2025;08;18;17,FM-15,343,66,47,270,6
USW00014763,2025;08;18;18,FM-15,343,63,52,0,0
USW00014763,2025;08;18;19,FM-15,343,60,60,0,0
USW00014763,2025;08;18;20,FM-15,343,56,77,0,0
USW00014763,2025;08;18;21,FM-15,343,54,83,0,0
USW00014763,2025;08;18;22,FM-15,343,54,80,0,0
USW00014763,2025;08;18;23,FM-15,343,51,86,0,0
USW00014763,2025;08;19;00,SOD,,,,,
USW00014763,2025;08;19;00,FM-15,343,52,86,0,0
USW00014763,2025;08;19;01,FM-15,343,50,83,0,0
USW00014763,2025;08;19;02,FM-15,343,48,93,0,0
USW00014763,2025;08;19;03,FM-15,343,47,97,40,3
USW00014763,2025;08;19;04,FM-16,343,49,93,0,0
USW00014763,2025;08;19;04,FM-15,343,51,86,250,3
USW00014763,2025;08;19;05,FM-15,343,52,89,0,0
USW00014763,2025;08;19;06,FM-15,343,54,87,0,0
USW00014763,2025;08;19;07,FM-16,343,55,82,0,0
USW00014763,2025;08;19;07,FM-15,343,56,81,0,0
USW00014763,2025;08;19;08,FM-15,343,62,62,60,5
USW00014763,2025;08;19;09,FM-15,343,65,47,160,6
USW00014763,2025;08;19;10,FM-15,343,68,42,120,7
USW00014763,2025;08;19;11,FM-15,343,70,44,180,10
USW00014763,2025;08;19;12,FM-15,343,70,41,170,10
USW00014763,2025;08;19;13,FM-15,343,71,39,,
USW00014763,2025;08;19;14,FM-15,343,71,44,VRB,5
USW00014763,2025;08;19;15,FM-15,343,72,43,VRB,6
USW00014763,2025;08;19;16,FM-15,343,70,46,170,5
USW00014763,2025;08;19;17,FM-15,343,68,51,VRB,3
USW00014763,2025;08;19;18,FM-15,343,64,63,100,5
USW00014763,2025;08;19;19,FM-15,343,64,58,150,5
USW00014763,2025;08;19;20,FM-15,343,64,58,200,6
USW00014763,2025;08;19;21,FM-15,343,61,56,160,6
USW00014763,2025;08;19;22,FM-15,343,61,52,160,5
USW00014763,2025;08;19;23,FM-15,343,59,62,VRB,3
USW00014763,2025;08;20;00,SOD,,,,,
USW00014763,2025;08;20;00,FM-15,343,58,75,140,7
USW00014763,2025;08;20;01,FM-15,343,58,78,0,0
USW00014763,2025;08;20;02,FM-15,343,57,83,90,3
USW00014763,2025;08;20;03,FM-15,343,57,83,50,5
USW00014763,2025;08;20;04,FM-15,343,56,90,0,0
USW00014763,2025;08;20;05,FM-15,343,56,93,0,0
USW00014763,2025;08;20;06,FM-15,343,55,96,30,3
USW00014763,2025;08;20;07,FM-15,343,55,93,30,7
USW00014763,2025;08;20;08,FM-16,343,55,93,40,6
USW00014763,2025;08;20;08,FM-16,343,54,93,60,8
USW00014763,2025;08;20;08,FM-16,343,54,93,50,5
USW00014763,2025;08;20;08,FM-16,343,54,94,0,0
USW00014763,2025;08;20;08,FM-15,343,53,93,60,5
USW00014763,2025;08;20;09,FM-16,343,53,93,60,6
USW00014763,2025;08;20;09,FM-15,343,53,93,60,5
USW00014763,2025;08;20;10,FM-15,343,54,90,100,7
USW00014763,2025;08;20;11,FM-15,343,55,87,VRB,5
USW00014763,2025;08;20;12,FM-15,343,55,90,60,6
USW00014763,2025;08;20;13,FM-16,343,54,93,60,8
USW00014763,2025;08;20;13,FM-16,343,54,90,60,8
USW00014763,2025;08;20;13,FM-16,343,54,94,50,8
USW00014763,2025;08;20;13,FM-15,343,54,90,70,8
USW00014763,2025;08;20;14,FM-16,343,53,89,70,10
USW00014763,2025;08;20;14,FM-16,343,53,93,70,10
USW00014763,2025;08;20;14,FM-16,343,53,89,60,10
USW00014763,2025;08;20;14,FM-16,343,54,94,40,11
USW00014763,2025;08;20;14,FM-15,343,52,93,40,10
USW00014763,2025;08;20;15,FM-16,343,52,93,50,9
USW00014763,2025;08;20;15,FM-16,343,52,97,60,8
USW00014763,2025;08;20;15,FM-16,343,53,93,40,7
USW00014763,2025;08;20;15,FM-16,343,53,96,60,8
USW00014763,2025;08;20;15,FM-16,343,54,94,60,8
USW00014763,2025;08;20;15,FM-15,343,53,96,60,13
USW00014763,2025;08;20;16,FM-16,343,52,93,70,9
USW00014763,2025;08;20;16,FM-16,343,52,93,60,8
USW00014763,2025;08;20;16,FM-16,343,52,97,60,6
USW00014763,2025;08;20;16,FM-16,343,52,100,50,8
USW00014763,2025;08;20;16,FM-16,343,52,100,50,8
USW00014763,2025;08;20;16,FM-15,343,53,93,40,7
USW00014763,2025;08;20;17,FM-16,343,52,97,50,9
USW00014763,2025;08;20;17,FM-16,343,52,97,50,8
USW00014763,2025;08;20;17,FM-16,343,53,93,50,7
USW00014763,2025;08;20;17,FM-16,343,54,94,40,7
USW00014763,2025;08;20;17,FM-16,343,54,94,40,7
USW00014763,2025;08;20;17,FM-15,343,53,96,40,7
USW00014763,2025;08;20;18,FM-16,343,52,100,30,5
USW00014763,2025;08;20;18,FM-16,343,52,100,30,6
USW00014763,2025;08;20;18,FM-16,343,52,100,40,6
USW00014763,2025;08;20;18,FM-16,343,52,100,30,6
USW00014763,2025;08;20;18,FM-16,343,52,100,20,8
USW00014763,2025;08;20;18,FM-15,343,52,100,30,6
USW00014763,2025;08;20;19,FM-16,343,53,96,30,5
USW00014763,2025;08;20;19,FM-16,343,53,96,50,5
USW00014763,2025;08;20;19,FM-16,343,53,96,40,3
USW00014763,2025;08;20;19,FM-15,343,53,96,VRB,5
USW00014763,2025;08;20;20,FM-16,343,53,96,90,3
USW00014763,2025;08;20;20,FM-16,343,53,100,50,3
USW00014763,2025;08;20;20,FM-15,343,54,97,60,7
USW00014763,2025;08;20;21,FM-16,343,54,93,VRB,6
USW00014763,2025;08;20;21,FM-16,343,53,93,80,7
USW00014763,2025;08;20;21,FM-16,343,53,93,60,6
USW00014763,2025;08;20;21,FM-15,343,52,97,VRB,6
USW00014763,2025;08;20;22,FM-16,343,52,93,70,7
USW00014763,2025;08;20;22,FM-15,343,52,89,60,6
USW00014763,2025;08;20;23,FM-16,343,52,88,80,5
USW00014763,2025;08;20;23,FM-15,343,51,89,60,5
USW00014763,2025;08;21;00,SOD,,,,,
USW00014763,2025;08;21;00,FM-16,343,50,96,20,6
USW00014763,2025;08;21;00,FM-15,343,50,93,30,7
USW00014763,2025;08;21;01,FM-16,343,51,92,40,5
USW00014763,2025;08;21;01,FM-15,343,51,92,40,3
USW00014763,2025;08;21;02,FM-15,343,51,92,40,6
USW00014763,2025;08;21;03,FM-15,343,52,89,40,7
USW00014763,2025;08;21;04,FM-15,343,52,86,60,6
USW00014763,2025;08;21;05,FM-16,343,52,86,0,0
USW00014763,2025;08;21;05,FM-15,343,52,89,0,0
USW00014763,2025;08;21;06,FM-15,343,55,80,70,6
USW00014763,2025;08;21;07,FM-16,343,56,77,60,8
USW00014763,2025;08;21;07,FM-15,343,58,75,50,6
USW00014763,2025;08;21;08,FM-15,343,61,72,50,11
USW00014763,2025;08;21;09,FM-16,343,62,70,40,10
USW00014763,2025;08;21;09,FM-16,343,64,65,60,7
USW00014763,2025;08;21;09,FM-15,343,64,65,40,13
USW00014763,2025;08;21;10,FM-16,343,65,63,60,11
USW00014763,2025;08;21;10,FM-15,343,67,61,VRB,13
USW00014763,2025;08;21;11,FM-15,343,65,63,70,8
USW00014763,2025;08;21;12,FM-15,343,68,59,VRB,8
USW00014763,2025;08;21;13,FM-15,343,71,51,VRB,8
USW00014763,2025;08;21;14,FM-15,343,71,47,VRB,9
USW00014763,2025;08;21;15,FM-15,343,72,48,50,9
USW00014763,2025;08;21;16,FM-15,343,70,44,40,14
USW00014763,2025;08;21;17,FM-15,343,68,49,40,8
USW00014763,2025;08;21;18,FM-15,343,63,56,0,0
USW00014763,2025;08;21;19,FM-15,343,58,75,0,0
USW00014763,2025;08;21;20,FM-15,343,54,83,0,0
USW00014763,2025;08;21;21,FM-15,343,52,86,90,5
USW00014763,2025;08;21;22,FM-15,343,51,92,0,0
USW00014763,2025;08;21;23,FM-15,343,50,93,150,3
USW00014763,2025;08;22;00,SOD,,,,,
USW00014763,2025;08;22;00,FM-15,343,48,96,0,0
USW00014763,2025;08;22;01,FM-15,343,48,93,0,0
USW00014763,2025;08;22;02,FM-15,343,48,96,0,0
USW00014763,2025;08;22;03,FM-15,343,46,96,220,3
USW00014763,2025;08;22;04,FM-15,343,46,96,0,0
USW00014763,2025;08;22;05,FM-15,343,48,96,0,0
USW00014763,2025;08;22;06,FM-15,343,53,89,0,0
USW00014763,2025;08;22;07,FM-15,343,60,78,0,0
USW00014763,2025;08;22;08,FM-15,343,66,54,0,0
USW00014763,2025;08;22;09,FM-15,343,72,50,10,6
USW00014763,2025;08;22;10,FM-15,343,73,50,330,9
USW00014763,2025;08;22;11,FM-15,343,73,50,300,7
USW00014763,2025;08;22;12,FM-15,343,76,47,310,10
USW00014763,2025;08;22;13,FM-15,343,76,47,270,9
USW00014763,2025;08;22;14,FM-15,343,77,43,290,13
USW00014763,2025;08;22;15,FM-15,343,77,42,300,7
USW00014763,2025;08;22;16,FM-15,343,76,40,300,9
USW00014763,2025;08;22;17,FM-15,343,73,48,290,5
USW00014763,2025;08;22;18,FM-15,343,66,70,0,0
USW00014763,2025;08;22;19,FM-15,343,62,78,0,0
USW00014763,2025;08;22;20,FM-15,343,60,84,0,0
USW00014763,2025;08;22;21,FM-15,343,57,90,0,0
USW00014763,2025;08;22;22,FM-15,343,58,90,0,0
USW00014763,2025;08;22;23,FM-15,343,55,96,0,0
USW00014763,2025;08;23;00,SOD,,,,,
USW00014763,2025;08;23;00,FM-15,343,54,97,0,0
USW00014763,2025;08;23;01,FM-15,343,53,100,0,0
USW00014763,2025;08;23;02,FM-16,343,52,97,0,0
USW00014763,2025;08;23;02,FM-16,343,53,96,0,0
USW00014763,2025;08;23;02,FM-15,343,53,100,0,0
USW00014763,2025;08;23;03,FM-16,343,52,100,0,0
USW00014763,2025;08;23;03,FM-15,343,52,100,0,0
USW00014763,2025;08;23;03,FM-16,343,52,100,0,0
USW00014763,2025;08;23;04,FM-16,343,52,97,0,0
USW00014763,2025;08;23;04,FM-16,343,53,96,0,0
USW00014763,2025;08;23;04,FM-16,343,51,100,0,0
USW00014763,2025;08;23;04,FM-16,343,52,97,0,0
USW00014763,2025;08;23;04,FM-16,343,52,100,0,0
USW00014763,2025;08;23;04,FM-15,343,52,100,0,0
USW00014763,2025;08;23;05,FM-16,343,52,97,0,0
USW00014763,2025;08;23;05,FM-16,343,51,100,0,0
USW00014763,2025;08;23;05,FM-16,343,52,97,0,0
USW00014763,2025;08;23;05,FM-15,343,52,100,0,0
USW00014763,2025;08;23;06,FM-15,343,58,90,0,0
USW00014763,2025;08;23;07,FM-15,343,64,81,0,0
USW00014763,2025;08;23;08,FM-15,343,69,68,0,0
USW00014763,2025;08;23;09,FM-15,343,74,60,180,7
USW00014763,2025;08;23;10,FM-15,343,76,50,210,13
USW00014763,2025;08;23;11,FM-15,343,77,47,230,14
USW00014763,2025;08;23;12,FM-15,343,78,42,220,10
USW00014763,2025;08;23;13,FM-15,343,77,45,230,13
USW00014763,2025;08;23;14,FM-15,343,78,47,VRB,8
USW00014763,2025;08;23;15,FM-15,343,78,45,210,9
USW00014763,2025;08;23;16,FM-15,343,76,43,200,10
USW00014763,2025;08;23;17,FM-15,343,74,46,190,9
USW00014763,2025;08;23;18,FM-15,343,71,49,190,10
USW00014763,2025;08;23;19,FM-15,343,69,55,170,13
USW00014763,2025;08;23;20,FM-15,343,67,59,170,14
USW00014763,2025;08;23;21,FM-15,343,66,54,170,13
USW00014763,2025;08;23;22,FM-15,343,65,56,180,9
USW00014763,2025;08;23;23,FM-15,343,63,68,180,8
USW00014763,2025;08;24;00,SOD,,,,,
USW00014763,2025;08;24;00,FM-15,343,62,78,190,5
USW00014763,2025;08;24;01,FM-15,343,62,84,170,8
USW00014763,2025;08;24;02,FM-15,343,62,84,190,6
USW00014763,2025;08;24;03,FM-16,343,62,84,160,5
USW00014763,2025;08;24;03,FM-15,343,63,84,170,7
USW00014763,2025;08;24;04,FM-16,343,63,83,160,5
USW00014763,2025;08;24;04,FM-15,343,63,84,VRB,6
USW00014763,2025;08;24;05,FM-15,343,63,84,180,6
USW00014763,2025;08;24;06,FM-16,343,63,87,160,7
USW00014763,2025;08;24;06,FM-15,343,64,81,VRB,7
USW00014763,2025;08;24;07,FM-15,343,66,78,200,7
USW00014763,2025;08;24;08,FM-15,343,69,73,VRB,6
USW00014763,2025;08;24;09,FM-15,343,69,73,VRB,6
USW00014763,2025;08;24;10,FM-15,343,71,68,VRB,8
USW00014763,2025;08;24;11,FM-15,343,71,68,VRB,8
USW00014763,2025;08;24;12,FM-15,343,72,68,VRB,6
USW00014763,2025;08;24;13,FM-16,343,74,67,180,9
USW00014763,2025;08;24;13,FM-15,343,73,66,160,9
USW00014763,2025;08;24;14,FM-15,343,73,66,200,6
USW00014763,2025;08;24;15,FM-15,343,73,66,180,8
USW00014763,2025;08;24;16,FM-15,343,73,64,180,10
USW00014763,2025;08;24;17,FM-15,343,71,66,170,8
USW00014763,2025;08;24;18,FM-15,343,70,68,VRB,6
USW00014763,2025;08;24;19,FM-15,343,68,73,120,3
USW00014763,2025;08;24;20,FM-15,343,67,79,VRB,3
USW00014763,2025;08;24;21,FM-15,343,66,81,70,3
USW00014763,2025;08;24;22,FM-15,343,66,84,0,0
USW00014763,2025;08;24;23,FM-15,343,66,81,170,8
USW00014763,2025;08;25;00,SOD,,,,,
USW00014763,2025;08;25;00,FM-15,343,65,84,VRB,5
USW00014763,2025;08;25;01,FM-15,343,65,87,0,0
USW00014763,2025;08;25;02,FM-16,343,64,90,130,3
USW00014763,2025;08;25;02,FM-16,343,64,90,0,0
USW00014763,2025;08;25;02,FM-16,343,64,88,0,0
USW00014763,2025;08;25;02,FM-15,343,64,90,0,0
USW00014763,2025;08;25;03,FM-15,343,64,90,180,3
USW00014763,2025;08;25;04,FM-16,343,63,93,0,0
USW00014763,2025;08;25;04,FM-16,343,63,93,0,0
USW00014763,2025;08;25;04,FM-16,343,64,88,VRB,5
USW00014763,2025;08;25;04,FM-15,343,64,90,VRB,3
USW00014763,2025;08;25;05,FM-16,343,64,93,260,3
USW00014763,2025;08;25;05,FM-16,343,64,94,0,0
USW00014763,2025;08;25;05,FM-15,343,65,90,0,0
USW00014763,2025;08;25;06,FM-15,343,65,90,0,0
USW00014763,2025;08;25;07,FM-15,343,66,90,220,5
USW00014763,2025;08;25;08,FM-16,343,66,90,210,5
USW00014763,2025;08;25;08,FM-16,343,66,90,220,5
USW00014763,2025;08;25;08,FM-16,343,66,90,240,6
USW00014763,2025;08;25;08,FM-16,343,66,88,220,6
USW00014763,2025;08;25;08,FM-16,343,66,88,210,5
USW00014763,2025;08;25;08,FM-15,343,67,91,VRB,5
USW00014763,2025;08;25;09,FM-16,343,64,87,290,7
USW00014763,2025;08;25;09,FM-15,343,67,76,280,10
USW00014763,2025;08;25;10,FM-16,343,68,73,280,7
USW00014763,2025;08;25;10,FM-15,343,72,64,VRB,6
USW00014763,2025;08;25;11,FM-15,343,74,52,270,9
USW00014763,2025;08;25;12,FM-15,343,73,53,VRB,5
USW00014763,2025;08;25;13,FM-15,343,74,50,290,9
USW00014763,2025;08;25;14,FM-15,343,75,48,270,6
USW00014763,2025;08;25;15,FM-15,343,73,51,270,7
USW00014763,2025;08;25;16,FM-15,343,71,59,300,6
USW00014763,2025;08;25;17,FM-15,343,70,61,310,7
USW00014763,2025;08;25;18,FM-15,343,68,61,290,8
USW00014763,2025;08;25;19,FM-15,343,67,57,290,9
USW00014763,2025;08;25;20,FM-15,343,64,60,VRB,8
USW00014763,2025;08;25;21,FM-15,343,62,65,290,10
USW00014763,2025;08;25;22,FM-15,343,61,70,0,0
USW00014763,2025;08;25;23,FM-15,343,58,78,210,6
USW00014763,2025;08;26;00,SOD,,,,,
USW00014763,2025;08;26;00,FM-15,343,56,84,0,0
USW00014763,2025;08;26;01,FM-15,343,56,87,200,5
USW00014763,2025;08;26;02,FM-15,343,56,87,230,6
USW00014763,2025;08;26;03,FM-15,343,56,84,220,7
USW00014763,2025;08;26;04,FM-15,343,55,83,220,6
USW00014763,2025;08;26;05,FM-15,343,55,83,220,5
USW00014763,2025;08;26;06,FM-15,343,59,75,270,8
USW00014763,2025;08;26;07,FM-15,343,61,67,260,9
USW00014763,2025;08;26;08,FM-15,343,63,63,290,15
USW00014763,2025;08;26;09,FM-15,343,65,59,300,10
USW00014763,2025;08;26;10,FM-15,343,65,56,270,13
USW00014763,2025;08;26;11,FM-15,343,69,47,260,16
USW00014763,2025;08;26;12,FM-15,343,67,51,280,10
USW00014763,2025;08;26;13,FM-15,343,67,51,290,7
USW00014763,2025;08;26;14,FM-15,343,68,49,260,7
USW00014763,2025;08;26;15,FM-15,343,67,51,220,5
USW00014763,2025;08;26;16,FM-15,343,67,51,270,6
USW00014763,2025;08;26;17,FM-15,343,66,54,280,3
USW00014763,2025;08;26;18,FM-15,343,60,75,0,0
USW00014763,2025;08;26;19,FM-15,343,56,81,0,0
USW00014763,2025;08;26;20,FM-15,343,54,83,0,0
USW00014763,2025;08;26;21,FM-15,343,52,93,0,0
USW00014763,2025;08;26;22,FM-15,343,54,80,0,0
USW00014763,2025;08;26;23,FM-15,223,53,89,140,3
USW00014763,2025;08;27;00,SOD,,,,,
USW00014763,2025;08;27;00,FM-15,223,54,93,0,0
USW00014763,2025;08;27;01,FM-15,223,56,77,280,5
USW00014763,2025;08;27;02,FM-15,223,53,83,0,0
USW00014763,2025;08;27;03,FM-15,223,54,77,310,7
USW00014763,2025;08;27;04,FM-15,223,55,77,310,5
USW00014763,2025;08;27;05,FM-15,223,55,80,290,6
USW00014763,2025;08;27;06,FM-15,223,56,77,270,7
USW00014763,2025;08;27;07,FM-15,223,58,75,280,11
USW00014763,2025;08;27;08,FM-16,223,58,78,310,8
USW00014763,2025;08;27;08,FM-15,223,59,75,310,10
USW00014763,2025;08;27;09,FM-15,223,62,67,290,10
USW00014763,2025;08;27;10,FM-15,223,59,81,290,8
USW00014763,2025;08;27;11,FM-15,223,65,59,300,14
USW00014763,2025;08;27;12,FM-15,223,66,52,,
USW00014763,2025;08;27;13,FM-15,223,63,60,330,7
USW00014763,2025;08;27;14,FM-15,223,67,44,280,15
USW00014763,2025;08;27;15,FM-15,223,67,39,280,13
USW00014763,2025;08;27;16,FM-15,223,65,40,280,10
USW00014763,2025;08;27;17,FM-15,223,63,41,280,8
USW00014763,2025;08;27;18,FM-15,223,58,53,260,7
USW00014763,2025;08;27;19,FM-15,223,57,58,250,6
USW00014763,2025;08;27;20,FM-15,223,56,60,240,6
USW00014763,2025;08;27;21,FM-15,223,50,77,0,0
USW00014763,2025;08;27;22,FM-15,223,48,83,0,0
USW00014763,2025;08;27;23,FM-15,223,47,86,0,0
USW00014763,2025;08;28;00,SOD,,,,,
USW00014763,2025;08;28;00,FM-15,223,45,93,0,0
USW00014763,2025;08;28;01,FM-15,223,43,97,0,0
USW00014763,2025;08;28;02,FM-15,223,43,93,0,0
USW00014763,2025;08;28;03,FM-16,223,42,96,0,0
USW00014763,2025;08;28;03,FM-15,223,41,100,0,0
USW00014763,2025;08;28;04,FM-16,223,41,100,0,0
USW00014763,2025;08;28;04,FM-16,223,41,100,0,0
USW00014763,2025;08;28;04,FM-16,223,41,100,0,0
USW00014763,2025;08;28;04,FM-15,223,41,100,0,0
USW00014763,2025;08;28;05,FM-16,223,40,100,0,0
USW00014763,2025;08;28;05,FM-16,223,42,100,0,0
USW00014763,2025;08;28;05,FM-16,223,40,100,0,0
USW00014763,2025;08;28;05,FM-15,223,41,96,0,0
USW00014763,2025;08;28;06,FM-16,223,41,100,0,0
USW00014763,2025;08;28;06,FM-16,223,43,100,0,0
USW00014763,2025;08;28;06,FM-16,223,44,100,0,0
USW00014763,2025;08;28;06,FM-15,223,46,96,0,0
USW00014763,2025;08;28;07,FM-15,223,52,83,0,0
USW00014763,2025;08;28;08,FM-15,223,59,69,0,0
USW00014763,2025;08;28;09,FM-15,223,66,54,210,10
USW00014763,2025;08;28;10,FM-15,223,68,49,210,8
USW00014763,2025;08;28;11,FM-15,223,70,41,220,16
USW00014763,2025;08;28;12,FM-15,223,70,38,210,10
USW00014763,2025;08;28;13,FM-15,223,70,38,220,10
USW00014763,2025;08;28;14,FM-15,223,70,39,220,9
USW00014763,2025;08;28;15,FM-15,223,70,38,220,8
USW00014763,2025;08;28;16,FM-15,223,70,38,210,9
USW00014763,2025;08;28;17,FM-15,223,67,44,190,9
USW00014763,2025;08;28;18,FM-15,223,63,50,180,6
USW00014763,2025;08;28;19,FM-15,223,64,52,170,8
USW00014763,2025;08;28;20,FM-15,223,55,77,0,0
USW00014763,2025;08;28;21,FM-15,223,53,86,0,0
USW00014763,2025;08;28;22,FM-15,223,52,89,0,0
USW00014763,2025;08;28;23,FM-15,223,53,89,0,0
USW00014763,2025;08;29;00,SOD,,,,,
USW00014763,2025;08;29;00,FM-15,223,50,93,0,0
USW00014763,2025;08;29;01,FM-15,223,50,96,0,0
USW00014763,2025;08;29;02,FM-15,223,53,93,0,0
USW00014763,2025;08;29;03,FM-15,223,49,100,30,3
USW00014763,2025;08;29;04,FM-15,223,50,96,0,0
USW00014763,2025;08;29;05,FM-15,223,52,97,0,0
USW00014763,2025;08;29;06,FM-15,223,53,96,0,0
USW00014763,2025;08;29;07,FM-15,223,56,93,0,0
USW00014763,2025;08;29;08,FM-15,223,60,86,0,0
USW00014763,2025;08;29;09,FM-15,223,61,75,260,9
USW00014763,2025;08;29;10,FM-15,223,64,70,270,8
USW00014763,2025;08;29;11,FM-15,223,63,73,270,9
USW00014763,2025;08;29;12,FM-15,223,68,63,0,0
USW00014763,2025;08;29;13,FM-15,223,68,59,0,0
USW00014763,2025;08;29;14,FM-15,223,62,65,310,15
USW00014763,2025;08;29;15,FM-15,223,61,67,310,5
USW00014763,2025;08;29;16,FM-15,223,64,65,320,7
USW00014763,2025;08;29;17,FM-15,223,63,68,320,6
USW00014763,2025;08;30;00,SOD,,,,,
USW00014763,2025;08;31;00,SOD,,,,,
USW00014763,2025;08;31;23,SOM,,,,,
USW00014763,2025;09;01;00,SOD,,,,,
USW00014763,2025;09;02;00,SOD,,,,,
USW00014763,2025;09;02;12,FM-15,223,72,41,VRB,3
USW00014763,2025;09;02;13,FM-15,223,75,40,0,0
USW00014763,2025;09;02;14,FM-15,223,75,34,0,0
USW00014763,2025;09;02;15,FM-15,223,71,42,160,3
USW00014763,2025;09;02;16,FM-15,223,72,43,170,5
USW00014763,2025;09;02;17,FM-15,223,70,44,180,6
USW00014763,2025;09;02;18,FM-15,223,66,54,170,8
USW00014763,2025;09;02;20,FM-15,223,56,84,300,3
USW00014763,2025;09;02;21,FM-15,223,53,89,0,0
USW00014763,2025;09;02;22,FM-15,223,52,97,0,0
USW00014763,2025;09;02;23,FM-15,223,51,96,0,0
USW00014763,2025;09;03;00,SOD,,,,,
USW00014763,2025;09;03;00,FM-15,223,48,100,0,0
USW00014763,2025;09;03;01,FM-15,223,47,100,0,0
USW00014763,2025;09;03;02,FM-16,223,47,100,0,0
USW00014763,2025;09;03;02,FM-16,223,48,96,0,0
USW00014763,2025;09;03;02,FM-16,223,48,100,0,0
USW00014763,2025;09;03;02,FM-15,223,48,96,0,0
USW00014763,2025;09;03;03,FM-16,223,47,100,0,0
USW00014763,2025;09;03;03,FM-16,223,47,97,0,0
USW00014763,2025;09;03;03,FM-16,223,47,100,0,0
USW00014763,2025;09;03;03,FM-16,223,47,100,0,0
USW00014763,2025;09;03;03,FM-16,223,47,100,0,0
USW00014763,2025;09;03;03,FM-16,223,47,100,0,0
USW00014763,2025;09;03;03,FM-15,223,47,97,0,0
USW00014763,2025;09;03;04,FM-16,223,46,100,0,0
USW00014763,2025;09;03;04,FM-16,223,46,100,0,0
USW00014763,2025;09;03;04,FM-16,223,46,100,0,0
USW00014763,2025;09;03;04,FM-15,223,46,96,0,0
USW00014763,2025;09;03;05,FM-16,223,45,100,0,0
USW00014763,2025;09;03;05,FM-16,223,45,100,0,0
USW00014763,2025;09;03;05,FM-16,223,46,96,0,0
USW00014763,2025;09;03;05,FM-15,223,46,100,0,0
USW00014763,2025;09;03;06,FM-15,223,51,92,0,0
USW00014763,2025;09;03;07,FM-15,223,58,81,0,0
USW00014763,2025;09;03;09,FM-15,223,69,57,0,0
USW00014763,2025;09;03;10,FM-15,223,71,53,320,3
USW00014763,2025;09;03;11,FM-15,223,72,46,260,6
USW00014763,2025;09;03;12,FM-15,223,74,40,VRB,3
USW00014763,2025;09;03;13,FM-15,223,73,40,220,6
USW00014763,2025;09;03;14,FM-15,223,75,39,260,7
USW00014763,2025;09;03;15,FM-15,223,73,43,190,3
USW00014763,2025;09;03;16,FM-15,223,72,46,170,6
USW00014763,2025;09;03;17,FM-15,223,69,51,190,3
USW00014763,2025;09;03;18,FM-15,223,64,65,260,5
USW00014763,2025;09;03;19,FM-15,223,58,84,0,0
USW00014763,2025;09;03;20,FM-15,223,55,87,0,0
USW00014763,2025;09;03;21,FM-15,223,56,87,0,0
USW00014763,2025;09;03;22,FM-15,223,54,90,0,0
USW00014763,2025;09;03;23,FM-15,223,53,93,0,0
USW00014763,2025;09;04;00,SOD,,,,,
USW00014763,2025;09;04;00,FM-15,223,51,96,0,0
USW00014763,2025;09;04;01,FM-15,223,49,97,0,0
USW00014763,2025;09;04;02,FM-15,223,48,100,0,0
USW00014763,2025;09;04;03,FM-16,223,49,97,0,0
USW00014763,2025;09;04;03,FM-16,223,49,97,0,0
USW00014763,2025;09;04;03,FM-15,223,48,96,0,0
USW00014763,2025;09;04;04,FM-16,223,48,100,0,0
USW00014763,2025;09;04;04,FM-15,223,48,96,0,0
USW00014763,2025;09;04;05,FM-16,223,48,96,0,0
USW00014763,2025;09;04;05,FM-16,223,47,100,0,0
USW00014763,2025;09;04;05,FM-16,223,48,96,0,0
USW00014763,2025;09;04;05,FM-16,223,48,100,0,0
USW00014763,2025;09;04;05,FM-16,223,47,97,0,0
USW00014763,2025;09;04;05,FM-16,223,47,100,0,0
USW00014763,2025;09;04;05,FM-16,223,48,94,0,0
USW00014763,2025;09;04;05,FM-15,223,48,100,0,0
USW00014763,2025;09;04;06,FM-15,223,53,93,0,0
USW00014763,2025;09;04;07,FM-15,223,59,83,0,0
USW00014763,2025;09;04;08,FM-15,223,66,70,0,0
USW00014763,2025;09;04;09,FM-15,223,71,59,210,9
USW00014763,2025;09;04;10,FM-15,223,73,53,180,11
USW00014763,2025;09;04;11,FM-15,223,74,52,180,11
USW00014763,2025;09;04;12,FM-15,223,75,52,VRB,11
USW00014763,2025;09;04;13,FM-15,223,76,52,VRB,13
USW00014763,2025;09;04;14,FM-15,223,75,55,140,10
USW00014763,2025;09;04;15,FM-15,223,72,59,VRB,6
USW00014763,2025;09;04;16,FM-15,223,70,61,VRB,10
USW00014763,2025;09;04;17,FM-15,223,68,65,VRB,11
USW00014763,2025;09;04;19,FM-15,223,66,63,VRB,8
USW00014763,2025;09;04;20,FM-15,223,63,76,150,8
USW00014763,2025;09;04;21,FM-15,223,63,78,VRB,9
USW00014763,2025;09;04;22,FM-15,223,62,90,180,10
USW00014763,2025;09;04;23,FM-15,223,62,93,170,9
USW00014763,2025;09;05;00,SOD,,,,,
USW00014763,2025;09;05;00,FM-15,223,62,93,160,13
USW00014763,2025;09;05;01,FM-16,223,62,93,VRB,6
USW00014763,2025;09;05;01,FM-16,223,62,96,250,6
USW00014763,2025;09;05;01,FM-15,223,62,96,190,7
USW00014763,2025;09;05;02,FM-15,223,62,96,VRB,6
USW00014763,2025;09;05;03,FM-15,223,63,93,0,0
USW00014763,2025;09;05;04,FM-15,223,62,96,0,0
USW00014763,2025;09;05;05,FM-15,223,63,93,0,0
USW00014763,2025;09;05;06,FM-16,223,63,93,240,6
USW00014763,2025;09;05;06,FM-15,223,63,93,140,3
USW00014763,2025;09;05;07,FM-15,223,65,87,0,0
USW00014763,2025;09;05;08,FM-16,223,65,84,250,5
USW00014763,2025;09;05;08,FM-15,223,66,84,250,7
USW00014763,2025;09;05;09,FM-16,223,67,81,200,7
USW00014763,2025;09;05;09,FM-15,223,70,76,200,9
USW00014763,2025;09;05;10,FM-16,223,70,76,VRB,8
USW00014763,2025;09;05;10,FM-16,223,72,71,170,10
USW00014763,2025;09;05;10,FM-15,223,72,68,180,11
USW00014763,2025;09;05;11,FM-16,223,72,69,170,9
USW00014763,2025;09;05;11,FM-15,223,73,69,VRB,9
USW00014763,2025;09;05;12,FM-16,223,74,67,VRB,9
USW00014763,2025;09;05;12,FM-15,223,75,58,170,13
USW00014763,2025;09;05;13,FM-15,223,74,62,VRB,9
USW00014763,2025;09;05;14,FM-15,223,75,55,210,16
USW00014763,2025;09;05;15,FM-15,223,74,62,200,9
USW00014763,2025;09;05;16,FM-15,223,73,64,170,13
USW00014763,2025;09;05;17,FM-15,223,72,66,190,9
USW00014763,2025;09;05;18,FM-15,223,71,71,200,11
USW00014763,2025;09;05;19,FM-15,223,71,71,210,9
USW00014763,2025;09;05;20,FM-15,223,71,71,220,8
USW00014763,2025;09;05;21,FM-15,223,68,78,240,6
USW00014763,2025;09;05;22,FM-15,223,65,87,260,5
USW00014763,2025;09;05;23,FM-15,223,69,81,240,7
USW00014763,2025;09;06;00,SOD,,,,,
USW00014763,2025;09;06;00,FM-15,223,70,82,230,8
USW00014763,2025;09;06;01,FM-15,223,70,84,220,10
USW00014763,2025;09;06;02,FM-15,223,70,84,220,11
USW00014763,2025;09;06;03,FM-15,223,68,90,0,0
USW00014763,2025;09;06;04,FM-16,223,66,94,360,3
USW00014763,2025;09;06;04,FM-15,223,66,93,0,0
USW00014763,2025;09;06;05,FM-15,223,66,96,0,0
USW00014763,2025;09;06;06,FM-15,223,68,93,0,0
USW00014763,2025;09;06;07,FM-15,223,70,87,230,3
USW00014763,2025;09;06;08,FM-15,223,71,87,VRB,7
USW00014763,2025;09;06;09,FM-16,223,74,79,210,8
USW00014763,2025;09;06;09,FM-15,223,74,79,,
USW00014763,2025;09;06;10,FM-16,223,75,76,VRB,10
USW00014763,2025;09;06;10,FM-15,223,74,79,200,10
USW00014763,2025;09;06;11,FM-15,223,75,76,190,10
USW00014763,2025;09;06;12,FM-16,223,73,84,290,17
USW00014763,2025;09;06;12,FM-16,223,64,87,310,26
USW00014763,2025;09;06;12,FM-16,223,61,88,320,18
USW00014763,2025;09;06;12,FM-15,223,61,87,260,14
USW00014763,2025;09;06;13,FM-16,223,60,90,310,17
USW00014763,2025;09;06;13,FM-16,223,59,90,290,16
USW00014763,2025;09;06;13,FM-16,223,59,90,VRB,3
USW00014763,2025;09;06;13,FM-16,223,59,90,300,10
USW00014763,2025;09;06;13,FM-16,223,59,93,300,13
USW00014763,2025;09;06;13,FM-16,223,59,93,310,11
USW00014763,2025;09;06;13,FM-15,223,59,93,320,10
USW00014763,2025;09;06;14,FM-16,223,60,86,340,10
USW00014763,2025;09;06;14,FM-15,223,63,81,320,11
USW00014763,2025;09;06;15,FM-15,223,61,84,300,11
USW00014763,2025;09;06;16,FM-15,223,61,84,300,7
USW00014763,2025;09;06;17,FM-15,223,60,86,0,0
USW00014763,2025;09;06;18,FM-15,223,58,90,0,0
USW00014763,2025;09;06;19,FM-15,223,57,96,0,0
USW00014763,2025;09;06;20,FM-15,223,57,93,0,0
USW00014763,2025;09;06;21,FM-15,223,57,96,0,0
USW00014763,2025;09;06;22,FM-15,223,57,96,0,0
USW00014763,2025;09;06;23,FM-15,223,56,100,0,0
USW00014763,2025;09;07;00,SOD,,,,,
USW00014763,2025;09;07;00,FM-15,223,56,100,0,0
USW00014763,2025;09;07;01,FM-16,223,56,97,0,0
USW00014763,2025;09;07;01,FM-16,223,56,97,0,0
USW00014763,2025;09;07;01,FM-16,223,56,97,0,0
USW00014763,2025;09;07;01,FM-15,223,56,97,0,0
USW00014763,2025;09;07;02,FM-15,223,56,97,0,0
USW00014763,2025;09;07;03,FM-16,223,56,97,0,0
USW00014763,2025;09;07;03,FM-15,223,56,97,0,0
USW00014763,2025;09;07;04,FM-15,223,56,97,0,0
USW00014763,2025;09;07;05,FM-16,223,56,97,0,0
USW00014763,2025;09;07;05,FM-15,223,56,97,0,0
USW00014763,2025;09;07;06,FM-15,223,57,96,0,0
USW00014763,2025;09;07;07,FM-16,223,57,96,0,0
USW00014763,2025;09;07;07,FM-15,223,57,96,0,0
USW00014763,2025;09;07;08,FM-16,223,58,93,0,0
USW00014763,2025;09;07;08,FM-16,223,57,94,0,0
USW00014763,2025;09;07;08,FM-15,223,59,90,0,0
USW00014763,2025;09;07;08,FM-16,223,59,87,0,0
USW00014763,2025;09;07;09,FM-16,223,59,87,0,0
USW00014763,2025;09;07;09,FM-15,223,60,84,0,0
USW00014763,2025;09;07;10,FM-16,223,60,84,0,0
USW00014763,2025;09;07;10,FM-16,223,61,81,0,0
USW00014763,2025;09;07;10,FM-16,223,63,73,0,0
USW00014763,2025;09;07;10,FM-15,223,62,75,0,0
USW00014763,2025;09;07;11,FM-16,223,63,76,270,3
USW00014763,2025;09;07;11,FM-15,223,63,73,230,5
USW00014763,2025;09;07;12,FM-15,223,65,63,210,5
USW00014763,2025;09;07;13,FM-15,223,67,53,300,8
USW00014763,2025;09;07;14,FM-15,223,68,53,310,9
USW00014763,2025;09;07;15,FM-15,223,67,51,290,9
USW00014763,2025;09;07;16,FM-15,223,63,58,300,8
USW00014763,2025;09;07;17,FM-15,223,59,60,300,3
USW00014763,2025;09;07;18,FM-15,223,55,72,170,3
USW00014763,2025;09;07;19,FM-15,223,56,62,310,7
USW00014763,2025;09;07;20,FM-15,223,53,61,290,8
USW00014763,2025;09;07;21,FM-15,223,53,59,310,7
USW00014763,2025;09;07;22,FM-15,223,51,66,0,0
USW00014763,2025;09;07;23,FM-15,223,49,74,240,8
USW00014763,2025;09;08;00,SOD,,,,,
USW00014763,2025;09;08;00,FM-15,223,48,77,0,0
USW00014763,2025;09;08;01,FM-15,223,45,90,250,6
USW00014763,2025;09;08;02,FM-15,223,47,80,250,5
USW00014763,2025;09;08;03,FM-15,223,43,93,0,0
USW00014763,2025;09;08;04,FM-15,223,42,96,0,0
USW00014763,2025;09;08;05,FM-15,223,42,92,0,0
USW00014763,2025;09;08;06,FM-15,223,48,93,0,0
USW00014763,2025;09;08;07,FM-15,223,55,74,300,7
USW00014763,2025;09;08;08,FM-15,223,59,62,330,7
USW00014763,2025;09;08;09,FM-15,223,60,62,280,8
USW00014763,2025;09;08;10,FM-15,223,63,52,300,11
USW00014763,2025;09;08;11,FM-15,223,64,48,290,10
USW00014763,2025;09;08;12,FM-15,223,64,48,VRB,5
USW00014763,2025;09;08;13,FM-15,223,65,47,VRB,8
USW00014763,2025;09;08;14,FM-15,223,66,43,300,10
USW00014763,2025;09;08;15,FM-15,223,66,43,300,7
USW00014763,2025;09;08;16,FM-15,223,65,47,300,8
USW00014763,2025;09;08;18,FM-15,223,58,62,230,5
USW00014763,2025;09;08;20,FM-15,223,48,93,0,0
USW00014763,2025;09;08;22,FM-15,223,47,97,0,0
USW00014763,2025;09;08;23,FM-15,223,46,96,0,0
USW00014763,2025;09;09;00,SOD,,,,,
USW00014763,2025;09;09;00,FM-15,223,45,97,0,0
USW00014763,2025;09;09;01,FM-16,223,44,96,0,0
USW00014763,2025;09;09;01,FM-15,223,44,96,0,0
USW00014763,2025;09;09;02,FM-16,223,44,96,0,0
USW00014763,2025;09;09;02,FM-16,223,44,96,0,0
USW00014763,2025;09;09;02,FM-15,223,43,100,0,0
USW00014763,2025;09;09;03,FM-16,223,43,97,0,0
USW00014763,2025;09;09;03,FM-16,223,43,97,0,0
USW00014763,2025;09;09;03,FM-16,223,43,97,0,0
USW00014763,2025;09;09;03,FM-16,223,43,97,0,0
USW00014763,2025;09;09;03,FM-16,223,41,100,0,0
USW00014763,2025;09;09;03,FM-15,223,41,96,0,0
USW00014763,2025;09;09;04,FM-16,223,42,100,0,0
USW00014763,2025;09;09;04,FM-16,223,42,100,0,0
USW00014763,2025;09;09;04,FM-16,223,42,96,0,0
USW00014763,2025;09;09;04,FM-16,223,43,97,0,0
USW00014763,2025;09;09;04,FM-16,223,43,97,0,0
USW00014763,2025;09;09;04,FM-16,223,42,100,0,0
USW00014763,2025;09;09;04,FM-16,223,41,100,0,0
USW00014763,2025;09;09;04,FM-16,223,43,100,0,0
USW00014763,2025;09;09;04,FM-15,223,42,100,0,0
USW00014763,2025;09;09;05,FM-16,223,41,100,0,0
USW00014763,2025;09;09;05,FM-16,223,41,100,0,0
USW00014763,2025;09;09;05,FM-15,223,42,96,0,0
USW00014763,2025;09;09;05,FM-16,223,42,96,0,0
USW00014763,2025;09;09;06,FM-16,223,41,100,0,0
USW00014763,2025;09;09;06,FM-16,223,41,100,0,0
USW00014763,2025;09;09;06,FM-16,223,42,96,0,0
USW00014763,2025;09;09;06,FM-16,223,43,100,0,0
USW00014763,2025;09;09;06,FM-16,223,44,96,0,0
USW00014763,2025;09;09;06,FM-16,223,44,96,0,0
USW00014763,2025;09;09;06,FM-16,223,45,100,0,0
USW00014763,2025;09;09;06,FM-15,223,47,97,0,0
USW00014763,2025;09;09;07,FM-15,223,54,80,0,0
USW00014763,2025;09;09;08,FM-15,223,61,65,50,3
USW00014763,2025;09;09;09,FM-15,223,65,51,140,14
USW00014763,2025;09;09;10,FM-15,223,67,47,VRB,8
USW00014763,2025;09;09;11,FM-15,223,68,42,110,9
USW00014763,2025;09;09;12,FM-15,223,69,41,VRB,5
USW00014763,2025;09;09;13,FM-15,223,69,41,,
USW00014763,2025;09;09;14,FM-15,223,69,45,120,9
USW00014763,2025;09;09;15,FM-15,223,68,45,120,10
USW00014763,2025;09;09;16,FM-15,223,66,47,110,6
USW00014763,2025;09;09;17,FM-15,223,61,60,130,3
USW00014763,2025;09;09;18,FM-15,223,54,87,0,0
USW00014763,2025;09;09;19,FM-15,223,53,80,0,0
USW00014763,2025;09;09;20,FM-15,223,51,86,VRB,3
USW00014763,2025;09;09;21,FM-15,223,51,80,50,3
USW00014763,2025;09;09;22,FM-15,223,47,90,80,5
USW00014763,2025;09;09;23,FM-15,223,47,93,10,5
USW00014763,2025;09;10;00,SOD,,,,,
USW00014763,2025;09;10;00,FM-15,223,45,97,0,0
USW00014763,2025;09;10;01,FM-15,223,47,90,0,0
USW00014763,2025;09;10;02,FM-15,223,45,97,0,0
USW00014763,2025;09;10;03,FM-15,223,46,96,0,0
USW00014763,2025;09;10;04,FM-15,223,45,97,0,0
USW00014763,2025;09;10;05,FM-15,223,47,97,0,0
USW00014763,2025;09;10;06,FM-15,223,49,97,0,0
USW00014763,2025;09;10;07,FM-15,223,55,87,40,6
USW00014763,2025;09;10;08,FM-15,223,60,72,60,7
USW00014763,2025;09;10;09,FM-15,223,64,60,VRB,3
USW00014763,2025;09;10;10,FM-15,223,66,54,50,5
USW00014763,2025;09;10;11,FM-15,223,68,51,0,0
USW00014763,2025;09;10;12,FM-15,223,70,47,0,0
USW00014763,2025;09;10;13,FM-15,223,72,44,0,0
USW00014763,2025;09;10;14,FM-15,223,72,44,VRB,3
USW00014763,2025;09;10;15,FM-15,223,73,43,340,7
USW00014763,2025;09;10;16,FM-15,223,72,44,330,3
USW00014763,2025;09;10;17,FM-15,223,66,59,330,3
USW00014763,2025;09;10;18,FM-15,223,62,70,0,0
USW00014763,2025;09;10;19,FM-15,223,57,81,0,0
USW00014763,2025;09;10;20,FM-15,223,54,87,0,0
USW00014763,2025;09;10;21,FM-15,223,52,93,0,0
USW00014763,2025;09;10;22,FM-15,223,48,96,0,0
USW00014763,2025;09;10;23,FM-15,223,50,93,0,0
USW00014763,2025;09;11;00,SOD,,,,,
USW00014763,2025;09;11;00,FM-15,223,48,96,0,0
USW00014763,2025;09;11;01,FM-16,223,47,97,0,0
USW00014763,2025;09;11;01,FM-16,223,47,97,0,0
USW00014763,2025;09;11;01,FM-16,223,46,100,0,0
USW00014763,2025;09;11;01,FM-15,223,47,97,0,0
USW00014763,2025;09;11;02,FM-16,223,47,97,0,0
USW00014763,2025;09;11;02,FM-16,223,46,100,0,0
USW00014763,2025;09;11;02,FM-16,223,46,96,270,3
USW00014763,2025;09;11;02,FM-15,223,46,96,0,0
USW00014763,2025;09;11;03,FM-16,223,45,97,0,0
USW00014763,2025;09;11;03,FM-16,223,45,97,0,0
USW00014763,2025;09;11;03,FM-16,223,44,100,0,0
USW00014763,2025;09;11;03,FM-16,223,44,100,0,0
USW00014763,2025;09;11;03,FM-15,223,45,97,0,0
USW00014763,2025;09;11;04,FM-16,223,44,100,0,0
USW00014763,2025;09;11;04,FM-16,223,44,100,0,0
USW00014763,2025;09;11;04,FM-16,223,45,97,0,0
USW00014763,2025;09;11;04,FM-16,223,43,100,0,0
USW00014763,2025;09;11;04,FM-15,223,43,100,0,0
USW00014763,2025;09;11;05,FM-16,223,43,100,0,0
USW00014763,2025;09;11;05,FM-16,223,43,100,0,0
USW00014763,2025;09;11;05,FM-16,223,44,96,0,0
USW00014763,2025;09;11;05,FM-16,223,45,100,0,0
USW00014763,2025;09;11;05,FM-15,223,44,96,0,0
USW00014763,2025;09;11;05,FM-16,223,44,96,0,0
USW00014763,2025;09;11;06,FM-16,223,43,100,0,0
USW00014763,2025;09;11;06,FM-16,223,43,100,0,0
USW00014763,2025;09;11;06,FM-16,223,44,96,0,0
USW00014763,2025;09;11;06,FM-16,223,46,100,0,0
USW00014763,2025;09;11;06,FM-16,223,46,100,0,0
USW00014763,2025;09;11;06,FM-16,223,47,100,0,0
USW00014763,2025;09;11;06,FM-15,223,48,96,0,0
USW00014763,2025;09;11;07,FM-15,223,53,89,0,0
USW00014763,2025;09;11;08,FM-15,223,62,60,0,0
USW00014763,2025;09;11;09,FM-15,223,67,53,VRB,7
USW00014763,2025;09;11;10,FM-15,223,71,46,360,10
USW00014763,2025;09;11;11,FM-15,223,72,43,VRB,8
USW00014763,2025;09;11;12,FM-15,223,73,41,330,8
USW00014763,2025;09;11;13,FM-15,223,74,43,20,6
USW00014763,2025;09;11;14,FM-15,223,73,43,30,7
USW00014763,2025;09;11;15,FM-15,223,74,40,360,7
USW00014763,2025;09;11;16,FM-15,223,73,43,340,3
USW00014763,2025;09;11;17,FM-15,223,67,57,300,5
USW00014763,2025;09;11;18,FM-15,223,63,65,0,0
USW00014763,2025;09;11;19,FM-15,223,56,90,0,0
USW00014763,2025;09;11;20,FM-15,223,58,84,0,0
USW00014763,2025;09;11;21,FM-15,223,59,87,0,0
USW00014763,2025;09;11;22,FM-15,223,62,73,0,0
USW00014763,2025;09;11;23,FM-15,223,60,75,0,0
USW00014763,2025;09;12;00,SOD,,,,,
USW00014763,2025;09;12;00,FM-15,223,59,75,0,0
USW00014763,2025;09;12;01,FM-15,223,56,84,0,0
USW00014763,2025;09;12;02,FM-15,223,54,93,0,0
USW00014763,2025;09;12;03,FM-15,223,51,96,0,0
USW00014763,2025;09;12;04,FM-15,223,50,96,0,0
USW00014763,2025;09;12;05,FM-16,223,48,100,0,0
USW00014763,2025;09;12;05,FM-15,223,49,97,0,0
USW00014763,2025;09;12;06,FM-16,223,49,97,0,0
USW00014763,2025;09;12;06,FM-15,223,53,93,0,0
USW00014763,2025;09;12;07,FM-15,223,59,75,0,0
USW00014763,2025;09;12;08,FM-15,223,64,63,0,0
USW00014763,2025;09;12;09,FM-15,223,68,53,60,6
USW00014763,2025;09;12;10,FM-15,223,69,49,,
USW00014763,2025;09;12;11,FM-15,223,68,53,310,6
USW00014763,2025;09;12;12,FM-15,223,70,46,320,9
USW00014763,2025;09;12;13,FM-15,223,71,42,350,8
USW00014763,2025;09;12;14,FM-15,223,73,40,310,8
USW00014763,2025;09;12;15,FM-15,223,72,34,320,6
USW00014763,2025;09;12;16,FM-15,223,71,34,340,3
USW00014763,2025;09;12;17,FM-15,223,63,60,0,0
USW00014763,2025;09;12;18,FM-15,223,57,72,0,0
USW00014763,2025;09;12;19,FM-15,223,54,72,0,0
USW00014763,2025;09;12;20,FM-15,223,51,83,0,0
USW00014763,2025;09;12;21,FM-15,223,50,86,0,0
USW00014763,2025;09;12;22,FM-15,223,48,93,0,0
USW00014763,2025;09;12;23,FM-15,223,46,96,0,0
USW00014763,2025;09;13;00,SOD,,,,,
USW00014763,2025;09;13;00,FM-15,223,46,93,0,0
USW00014763,2025;09;13;01,FM-16,223,46,96,0,0
USW00014763,2025;09;13;01,FM-15,223,45,93,290,3
USW00014763,2025;09;13;02,FM-15,223,48,93,0,0
USW00014763,2025;09;13;03,FM-15,223,49,90,330,3
USW00014763,2025;09;13;04,FM-15,223,49,93,0,0
USW00014763,2025;09;13;05,FM-15,223,50,89,0,0
USW00014763,2025;09;13;06,FM-15,223,52,89,0,0
USW00014763,2025;09;13;07,FM-16,223,56,87,0,0
USW00014763,2025;09;13;07,FM-15,223,57,87,20,3
USW00014763,2025;09;13;08,FM-15,223,62,80,VRB,3
USW00014763,2025;09;13;09,FM-15,223,67,68,240,7
USW00014763,2025;09;13;10,FM-15,223,71,63,210,6
USW00014763,2025;09;13;11,FM-15,223,72,57,260,6
USW00014763,2025;09;13;12,FM-15,223,74,50,290,6
USW00014763,2025;09;13;13,FM-15,223,73,50,270,6
USW00014763,2025;09;13;14,FM-15,223,73,50,290,5
USW00014763,2025;09;13;15,FM-15,223,71,55,340,6
USW00014763,2025;09;13;16,FM-15,223,69,61,0,0
USW00014763,2025;09;13;17,FM-15,223,66,75,0,0
USW00014763,2025;09;13;18,FM-15,223,63,84,0,0
USW00014763,2025;09;13;19,FM-15,223,62,80,260,6
USW00014763,2025;09;13;20,FM-15,223,61,78,250,3
USW00014763,2025;09;13;21,FM-15,223,57,90,0,0
USW00014763,2025;09;13;22,FM-15,223,53,100,0,0
USW00014763,2025;09;13;23,FM-15,223,53,100,0,0
USW00014763,2025;09;14;00,SOD,,,,,
USW00014763,2025;09;14;00,FM-16,223,54,97,0,0
USW00014763,2025;09;14;00,FM-16,223,53,96,0,0
USW00014763,2025;09;14;00,FM-16,223,53,96,0,0
USW00014763,2025;09;14;00,FM-15,223,52,100,0,0
USW00014763,2025;09;14;01,FM-16,223,53,100,0,0
USW00014763,2025;09;14;01,FM-16,223,53,100,0,0
USW00014763,2025;09;14;01,FM-16,223,52,100,0,0
USW00014763,2025;09;14;01,FM-15,223,54,97,0,0
USW00014763,2025;09;14;02,FM-16,223,52,97,0,0
USW00014763,2025;09;14;02,FM-16,223,53,100,0,0
USW00014763,2025;09;14;02,FM-16,223,54,100,0,0
USW00014763,2025;09;14;02,FM-15,223,54,97,0,0
USW00014763,2025;09;14;03,FM-16,223,54,97,0,0
USW00014763,2025;09;14;03,FM-15,223,54,97,0,0
USW00014763,2025;09;14;04,FM-16,223,55,96,0,0
USW00014763,2025;09;14;04,FM-16,223,55,96,0,0
USW00014763,2025;09;14;04,FM-16,223,54,100,0,0
USW00014763,2025;09;14;04,FM-15,223,55,96,0,0
USW00014763,2025;09;14;05,FM-16,223,55,96,0,0
USW00014763,2025;09;14;05,FM-16,223,54,100,0,0
USW00014763,2025;09;14;05,FM-15,223,54,97,0,0
USW00014763,2025;09;14;05,FM-16,223,54,100,0,0
USW00014763,2025;09;14;06,FM-16,223,53,100,270,3
USW00014763,2025;09;14;06,FM-15,223,55,100,0,0
USW00014763,2025;09;14;07,FM-16,223,56,100,0,0
USW00014763,2025;09;14;07,FM-16,223,57,100,0,0
USW00014763,2025;09;14;07,FM-15,223,57,100,0,0
USW00014763,2025;09;14;08,FM-16,223,57,100,0,0
USW00014763,2025;09;14;08,FM-16,223,58,97,0,0
USW00014763,2025;09;14;08,FM-15,223,66,73,0,0
USW00014763,2025;09;14;09,FM-15,223,69,68,310,11
USW00014763,2025;09;14;10,FM-15,223,71,66,VRB,6
USW00014763,2025;09;14;11,FM-15,223,74,56,300,10
USW00014763,2025;09;14;12,FM-15,223,73,53,290,8
USW00014763,2025;09;14;13,FM-15,223,76,47,290,7
USW00014763,2025;09;14;14,FM-15,223,76,45,290,8
USW00014763,2025;09;14;15,FM-15,223,74,45,310,7
USW00014763,2025;09;14;16,FM-15,223,73,50,310,5
USW00014763,2025;09;14;17,FM-15,223,68,61,0,0
USW00014763,2025;09;14;18,FM-15,223,64,70,0,0
USW00014763,2025;09;14;19,FM-15,223,61,78,0,0
USW00014763,2025;09;14;20,FM-15,223,58,84,0,0
USW00014763,2025;09;14;21,FM-15,223,57,87,0,0
USW00014763,2025;09;14;22,FM-15,223,55,93,0,0
USW00014763,2025;09;14;23,FM-15,223,52,100,0,0
USW00014763,2025;09;15;00,SOD,,,,,
USW00014763,2025;09;15;00,FM-15,223,54,93,0,0
USW00014763,2025;09;15;01,FM-15,223,51,96,0,0
USW00014763,2025;09;15;02,FM-15,223,52,97,0,0
USW00014763,2025;09;15;03,FM-16,223,51,96,0,0
USW00014763,2025;09;15;03,FM-16,223,51,96,0,0
USW00014763,2025;09;15;03,FM-15,223,52,93,0,0
USW00014763,2025;09;15;04,FM-15,223,52,97,0,0
USW00014763,2025;09;15;05,FM-16,223,51,100,0,0
USW00014763,2025;09;15;05,FM-16,223,51,100,0,0
USW00014763,2025;09;15;05,FM-15,223,51,100,0,0
USW00014763,2025;09;15;06,FM-15,223,56,93,0,0
USW00014763,2025;09;15;07,FM-15,223,62,75,0,0
USW00014763,2025;09;15;08,FM-15,223,65,70,0,0
USW00014763,2025;09;15;09,FM-15,223,70,59,VRB,3
USW00014763,2025;09;15;13,FM-15,223,77,45,,
USW00014763,2025;09;15;14,FM-15,223,76,47,280,6
USW00014763,2025;09;15;15,FM-15,223,76,45,220,5
USW00014763,2025;09;15;16,FM-15,223,75,43,240,3
USW00014763,2025;09;15;17,FM-15,223,65,76,0,0
USW00014763,2025;09;15;18,FM-15,223,61,84,0,0
USW00014763,2025;09;15;19,FM-15,223,59,83,0,0
USW00014763,2025;09;15;20,FM-15,223,56,93,0,0
USW00014763,2025;09;15;21,FM-15,223,55,93,360,3
USW00014763,2025;09;15;22,FM-15,223,55,96,0,0
USW00014763,2025;09;15;23,FM-15,223,53,100,0,0
USW00014763,2025;09;16;00,SOD,,,,,
USW00014763,2025;09;16;00,FM-15,223,53,96,0,0
USW00014763,2025;09;16;01,FM-16,223,52,100,0,0
USW00014763,2025;09;16;01,FM-16,223,52,100,0,0
USW00014763,2025;09;16;01,FM-16,223,51,100,0,0
USW00014763,2025;09;16;01,FM-16,223,54,94,0,0
USW00014763,2025;09;16;01,FM-15,223,53,100,0,0
USW00014763,2025;09;16;02,FM-16,223,51,100,0,0
USW00014763,2025;09;16;02,FM-16,223,50,100,0,0
USW00014763,2025;09;16;02,FM-16,223,51,100,0,0
USW00014763,2025;09;16;02,FM-16,223,51,96,0,0
USW00014763,2025;09;16;02,FM-16,223,51,100,0,0
USW00014763,2025;09;16;02,FM-16,223,52,100,0,0
USW00014763,2025;09;16;02,FM-15,223,52,97,0,0
USW00014763,2025;09;16;02,FM-16,223,52,97,0,0
USW00014763,2025;09;16;03,FM-16,223,51,100,0,0
USW00014763,2025;09;16;03,FM-16,223,51,100,0,0
USW00014763,2025;09;16;03,FM-16,223,54,100,0,0
USW00014763,2025;09;16;03,FM-15,223,54,97,0,0
USW00014763,2025;09;16;04,FM-15,223,54,100,0,0
USW00014763,2025;09;16;05,FM-16,223,54,97,0,0
USW00014763,2025;09;16;05,FM-15,223,53,100,0,0
USW00014763,2025;09;16;06,FM-16,223,54,100,0,0
USW00014763,2025;09;16;06,FM-16,223,54,97,0,0
USW00014763,2025;09;16;06,FM-15,223,54,100,0,0
USW00014763,2025;09;16;07,FM-16,223,55,100,0,0
USW00014763,2025;09;16;07,FM-16,223,56,100,0,0
USW00014763,2025;09;16;07,FM-16,223,57,96,0,0
USW00014763,2025;09;16;07,FM-15,223,57,96,0,0
USW00014763,2025;09;16;08,FM-16,223,57,100,0,0
USW00014763,2025;09;16;08,FM-16,223,57,100,0,0
USW00014763,2025;09;16;08,FM-16,223,59,96,0,0
USW00014763,2025;09;16;08,FM-15,223,60,93,0,0
USW00014763,2025;09;16;09,FM-15,223,63,84,VRB,3
USW00014763,2025;09;16;10,FM-15,223,72,61,30,6
USW00014763,2025;09;16;11,FM-15,223,72,55,110,7
USW00014763,2025;09;16;12,FM-15,223,72,53,VRB,8
USW00014763,2025;09;16;13,FM-15,223,71,55,VRB,3
USW00014763,2025;09;16;14,FM-15,223,72,53,70,6
USW00014763,2025;09;16;15,FM-15,223,71,55,100,5
USW00014763,2025;09;16;16,FM-15,223,69,61,120,5
USW00014763,2025;09;16;17,FM-15,223,65,61,140,8
USW00014763,2025;09;16;18,FM-15,223,62,65,60,5
USW00014763,2025;09;16;19,FM-15,223,59,72,90,3
USW00014763,2025;09;16;20,FM-15,223,56,81,110,6
USW00014763,2025;09;16;21,FM-15,223,57,69,90,3
USW00014763,2025;09;16;22,FM-15,223,56,75,60,3
USW00014763,2025;09;16;23,FM-15,223,55,72,90,3
USW00014763,2025;09;17;00,SOD,,,,,
USW00014763,2025;09;17;00,FM-15,223,54,72,70,6
USW00014763,2025;09;17;01,FM-15,223,52,80,50,3
USW00014763,2025;09;17;02,FM-15,223,50,86,0,0
USW00014763,2025;09;17;03,FM-15,223,48,89,0,0
USW00014763,2025;09;17;04,FM-15,223,47,93,0,0
USW00014763,2025;09;17;05,FM-15,223,47,93,0,0
USW00014763,2025;09;17;06,FM-15,223,51,86,0,0
USW00014763,2025;09;17;07,FM-15,223,58,67,60,5
USW00014763,2025;09;17;08,FM-15,223,60,65,0,0
USW00014763,2025;09;17;09,FM-15,223,61,63,60,5
USW00014763,2025;09;17;10,FM-15,223,64,56,60,8
USW00014763,2025;09;17;11,FM-15,223,68,51,VRB,8
USW00014763,2025;09;17;12,FM-15,223,70,46,VRB,8
USW00014763,2025;09;17;13,FM-15,223,70,44,VRB,7
USW00014763,2025;09;17;14,FM-15,223,68,45,110,6
USW00014763,2025;09;17;15,FM-15,223,70,46,70,6
USW00014763,2025;09;17;16,FM-15,223,67,55,90,5
USW00014763,2025;09;17;17,FM-15,223,64,60,100,3
USW00014763,2025;09;17;18,FM-15,223,60,72,0,0
USW00014763,2025;09;17;19,FM-15,223,57,81,0,0
USW00014763,2025;09;17;20,FM-15,223,55,87,0,0
USW00014763,2025;09;17;21,FM-15,223,54,90,0,0
USW00014763,2025;09;17;22,FM-15,223,53,89,0,0
USW00014763,2025;09;17;23,FM-15,223,52,93,0,0
USW00014763,2025;09;18;00,SOD,,,,,
USW00014763,2025;09;18;00,FM-15,223,52,93,0,0
USW00014763,2025;09;18;01,FM-15,223,52,93,0,0
USW00014763,2025;09;18;02,FM-15,223,52,93,0,0
USW00014763,2025;09;18;03,FM-15,223,52,93,0,0
USW00014763,2025;09;18;04,FM-15,223,50,100,0,0
USW00014763,2025;09;18;05,FM-15,223,48,96,0,0
USW00014763,2025;09;18;06,FM-15,223,55,90,0,0
USW00014763,2025;09;18;07,FM-15,223,60,78,0,0
USW00014763,2025;09;18;08,FM-15,223,67,61,300,6
USW00014763,2025;09;18;09,FM-15,223,70,53,300,7
USW00014763,2025;09;18;10,FM-15,223,71,53,VRB,8
USW00014763,2025;09;18;11,FM-15,223,75,45,290,5
USW00014763,2025;09;18;12,FM-15,223,76,39,290,8
USW00014763,2025;09;18;13,FM-15,223,77,32,310,7
USW00014763,2025;09;18;14,FM-15,223,77,31,290,11
USW00014763,2025;09;18;15,FM-15,223,77,30,320,8
USW00014763,2025;09;18;16,FM-15,223,75,32,310,7
USW00014763,2025;09;18;17,FM-15,223,68,47,0,0
USW00014763,2025;09;18;18,FM-15,223,67,47,210,5
USW00014763,2025;09;18;19,FM-15,223,69,51,220,6
USW00014763,2025;09;18;20,FM-15,223,66,61,250,5
USW00014763,2025;09;18;21,FM-15,223,65,66,240,7
USW00014763,2025;09;18;22,FM-15,223,64,68,240,5
USW00014763,2025;09;18;23,FM-15,223,62,73,230,3
USW00014763,2025;09;19;00,SOD,,,,,
USW00014763,2025;09;19;00,FM-15,223,62,73,240,8
USW00014763,2025;09;19;01,FM-15,223,56,90,0,0
USW00014763,2025;09;19;02,FM-15,223,55,90,0,0
USW00014763,2025;09;19;03,FM-15,223,60,80,240,6
USW00014763,2025;09;19;04,FM-15,223,54,90,0,0
USW00014763,2025;09;19;05,FM-15,223,61,81,260,8
USW00014763,2025;09;19;06,FM-15,223,62,80,250,9
USW00014763,2025;09;19;07,FM-15,223,65,76,270,10
USW00014763,2025;09;19;08,FM-15,223,64,78,290,10
USW00014763,2025;09;19;09,FM-15,223,65,76,300,13
USW00014763,2025;09;19;10,FM-15,223,67,71,310,9
USW00014763,2025;09;19;11,FM-15,223,71,57,300,11
USW00014763,2025;09;19;12,FM-15,223,73,48,290,14
USW00014763,2025;09;19;13,FM-15,223,73,50,300,13
USW00014763,2025;09;19;14,FM-15,223,74,46,300,11
USW00014763,2025;09;19;15,FM-15,223,73,46,290,13
USW00014763,2025;09;19;16,FM-15,223,70,46,290,10
USW00014763,2025;09;19;17,FM-15,223,65,52,290,7
USW00014763,2025;09;19;18,FM-15,223,61,58,0,0
USW00014763,2025;09;19;19,FM-15,223,57,69,0,0
USW00014763,2025;09;19;20,FM-15,223,54,72,320,3
USW00014763,2025;09;19;21,FM-15,223,52,80,100,3
USW00014763,2025;09;19;22,FM-15,223,54,69,0,0
USW00014763,2025;09;19;23,FM-15,223,52,75,0,0
USW00014763,2025;09;20;00,SOD,,,,,
USW00014763,2025;09;20;00,FM-15,223,50,80,0,0
USW00014763,2025;09;20;01,FM-15,223,48,80,0,0
USW00014763,2025;09;20;02,FM-15,223,44,93,0,0
USW00014763,2025;09;20;03,FM-15,223,40,100,0,0
USW00014763,2025;09;20;04,FM-15,223,41,96,0,0
USW00014763,2025;09;20;05,FM-16,223,40,97,0,0
USW00014763,2025;09;20;05,FM-15,223,40,97,0,0
USW00014763,2025;09;20;06,FM-15,223,46,89,0,0
USW00014763,2025;09;20;07,FM-15,223,52,66,0,0
USW00014763,2025;09;20;08,FM-15,223,56,53,0,0
USW00014763,2025;09;20;09,FM-15,223,60,41,340,3
USW00014763,2025;09;20;10,FM-15,223,63,37,320,6
USW00014763,2025;09;20;11,FM-15,223,64,35,VRB,3
USW00014763,2025;09;20;12,FM-15,223,66,36,200,6
USW00014763,2025;09;20;13,FM-15,223,67,36,0,0
USW00014763,2025;09;20;14,FM-15,223,68,33,300,5
USW00014763,2025;09;20;15,FM-15,223,67,33,VRB,6
USW00014763,2025;09;20;16,FM-15,223,65,32,320,7
USW00014763,2025;09;20;17,FM-15,223,60,38,0,0
USW00014763,2025;09;20;18,FM-15,223,53,52,0,0
USW00014763,2025;09;20;19,FM-15,223,53,47,0,0
USW00014763,2025;09;20;20,FM-15,223,49,56,0,0
USW00014763,2025;09;20;21,FM-15,223,45,68,0,0
USW00014763,2025;09;20;22,FM-15,223,43,76,0,0
USW00014763,2025;09;20;23,FM-15,223,41,86,0,0
USW00014763,2025;09;21;00,SOD,,,,,
USW00014763,2025;09;21;00,FM-15,223,42,82,0,0
USW00014763,2025;09;21;01,FM-15,223,39,93,0,0
USW00014763,2025;09;21;02,FM-15,223,40,93,80,3
USW00014763,2025;09;21;03,FM-15,223,41,86,0,0
USW00014763,2025;09;21;04,FM-15,223,38,97,0,0
USW00014763,2025;09;21;05,FM-15,223,38,93,0,0
USW00014763,2025;09;21;06,FM-16,223,40,93,0,0
USW00014763,2025;09;21;06,FM-15,223,44,83,0,0
USW00014763,2025;09;21;07,FM-15,223,51,71,0,0
USW00014763,2025;09;21;08,FM-15,223,57,69,360,3
USW00014763,2025;09;21;09,FM-15,223,63,52,VRB,8
USW00014763,2025;09;21;10,FM-15,223,64,46,140,8
USW00014763,2025;09;21;11,FM-15,223,65,45,150,8
USW00014763,2025;09;21;12,FM-15,223,67,37,VRB,6
USW00014763,2025;09;21;13,FM-15,223,68,39,150,8
USW00014763,2025;09;21;14,FM-15,223,68,35,190,11
USW00014763,2025;09;21;15,FM-15,223,66,36,160,6
USW00014763,2025;09;21;16,FM-15,223,62,44,160,8
USW00014763,2025;09;21;17,FM-15,223,56,57,140,5
USW00014763,2025;09;21;18,FM-15,223,51,71,0,0
USW00014763,2025;09;21;19,FM-15,223,47,83,0,0
USW00014763,2025;09;21;20,FM-15,223,46,83,0,0
USW00014763,2025;09;21;21,FM-15,223,46,83,70,3
USW00014763,2025;09;21;22,FM-15,223,41,96,0,0
USW00014763,2025;09;21;23,FM-15,223,40,97,0,0
USW00014763,2025;09;22;00,SOD,,,,,
USW00014763,2025;09;22;00,FM-15,223,41,93,0,0
USW00014763,2025;09;22;01,FM-15,223,39,96,0,0
USW00014763,2025;09;22;02,FM-15,223,40,97,0,0
USW00014763,2025;09;22;03,FM-15,223,40,97,0,0
USW00014763,2025;09;22;04,FM-15,223,39,96,110,3
USW00014763,2025;09;22;05,FM-15,223,39,96,0,0
USW00014763,2025;09;22;06,FM-16,223,39,96,0,0
USW00014763,2025;09;22;06,FM-16,223,41,96,0,0
USW00014763,2025;09;22;06,FM-15,223,44,93,0,0
USW00014763,2025;09;22;07,FM-15,223,49,86,0,0
USW00014763,2025;09;22;08,FM-16,223,53,77,,
USW00014763,2025;09;22;08,FM-15,223,56,72,0,0
USW00014763,2025;09;22;09,FM-15,223,63,60,170,7
USW00014763,2025;09;22;10,FM-16,223,65,59,230,9
USW00014763,2025;09;22;10,FM-15,223,66,56,240,10
USW00014763,2025;09;22;11,FM-16,223,67,57,160,7
USW00014763,2025;09;22;11,FM-15,223,68,59,140,10
USW00014763,2025;09;22;12,FM-15,223,68,57,180,10
USW00014763,2025;09;22;13,FM-15,223,69,57,170,6
USW00014763,2025;09;22;14,FM-15,223,66,65,190,7
USW00014763,2025;09;22;15,FM-16,223,67,63,210,6
USW00014763,2025;09;22;15,FM-16,223,67,63,VRB,8
USW00014763,2025;09;22;15,FM-15,223,68,63,210,9
USW00014763,2025;09;22;16,FM-15,223,67,66,180,9
USW00014763,2025;09;22;17,FM-15,223,64,70,170,5
USW00014763,2025;09;22;18,FM-15,223,63,73,190,3
USW00014763,2025;09;22;19,FM-15,223,58,87,0,0
USW00014763,2025;09;22;20,FM-15,223,55,90,0,0
USW00014763,2025;09;22;21,FM-15,223,54,97,0,0
USW00014763,2025;09;22;22,FM-15,223,54,97,0,0
USW00014763,2025;09;22;23,FM-15,223,54,93,0,0
USW00014763,2025;09;23;00,SOD,,,,,
USW00014763,2025;09;23;00,FM-15,223,52,100,40,5
USW00014763,2025;09;23;01,FM-15,223,53,96,0,0
USW00014763,2025;09;23;02,FM-15,223,52,100,0,0
USW00014763,2025;09;23;03,FM-16,223,52,97,0,0
USW00014763,2025;09;23;03,FM-15,223,52,100,0,0
USW00014763,2025;09;23;04,FM-15,223,54,97,0,0
USW00014763,2025;09;23;05,FM-15,223,53,96,0,0
USW00014763,2025;09;23;06,FM-15,223,56,97,0,0
USW00014763,2025;09;23;07,FM-15,223,61,87,40,3
USW00014763,2025;09;23;08,FM-15,223,66,78,0,0
USW00014763,2025;09;23;09,FM-16,223,66,78,350,3
USW00014763,2025;09;23;09,FM-15,223,66,81,230,9
USW00014763,2025;09;23;10,FM-16,223,67,79,250,7
USW00014763,2025;09;23;10,FM-15,223,66,81,210,6
USW00014763,2025;09;23;11,FM-15,223,67,81,220,6
USW00014763,2025;09;23;12,FM-16,223,67,84,220,7
USW00014763,2025;09;23;12,FM-16,223,68,83,230,5
USW00014763,2025;09;23;12,FM-15,223,67,84,240,5
USW00014763,2025;09;23;13,FM-15,223,69,81,230,6
USW00014763,2025;09;23;14,FM-15,223,70,79,220,5
USW00014763,2025;09;23;15,FM-16,223,70,79,220,5
USW00014763,2025;09;23;15,FM-16,223,70,78,230,5
USW00014763,2025;09;23;15,FM-15,223,70,79,200,5
USW00014763,2025;09;23;16,FM-16,223,70,79,220,3
USW00014763,2025;09;23;16,FM-15,223,70,79,0,0
USW00014763,2025;09;23;17,FM-16,223,69,81,330,3
USW00014763,2025;09;23;17,FM-15,223,67,91,0,0
USW00014763,2025;09;23;18,FM-16,223,67,91,0,0
USW00014763,2025;09;23;18,FM-16,223,67,91,0,0
USW00014763,2025;09;23;18,FM-16,223,67,91,0,0
USW00014763,2025;09;23;18,FM-15,223,66,90,0,0
USW00014763,2025;09;23;19,FM-15,223,66,93,0,0
USW00014763,2025;09;23;20,FM-15,223,65,97,0,0
USW00014763,2025;09;23;21,FM-15,223,64,96,0,0
USW00014763,2025;09;23;22,FM-16,223,64,100,0,0
USW00014763,2025;09;23;22,FM-16,223,64,100,0,0
USW00014763,2025;09;23;22,FM-16,223,64,100,0,0
USW00014763,2025;09;23;22,FM-16,223,63,100,0,0
USW00014763,2025;09;23;22,FM-15,223,64,100,0,0
USW00014763,2025;09;23;22,FM-16,223,64,100,0,0
USW00014763,2025;09;23;23,FM-16,223,64,100,0,0
USW00014763,2025;09;23;23,FM-16,223,64,100,0,0
USW00014763,2025;09;23;23,FM-16,223,64,100,340,3
USW00014763,2025;09;23;23,FM-16,223,64,100,50,3
USW00014763,2025;09;23;23,FM-16,223,64,100,110,5
USW00014763,2025;09;23;23,FM-15,223,64,100,0,0
USW00014763,2025;09;24;00,SOD,,,,,
USW00014763,2025;09;24;00,FM-16,223,64,100,0,0
USW00014763,2025;09;24;00,FM-16,223,64,100,0,0
USW00014763,2025;09;24;00,FM-16,223,64,100,0,0
USW00014763,2025;09;24;00,FM-16,223,64,100,360,6
USW00014763,2025;09;24;00,FM-15,223,64,100,360,5
USW00014763,2025;09;24;01,FM-16,223,64,100,0,0
USW00014763,2025;09;24;01,FM-16,223,64,100,0,0
USW00014763,2025;09;24;01,FM-15,223,64,100,0,0
USW00014763,2025;09;24;02,FM-16,223,64,100,0,0
USW00014763,2025;09;24;02,FM-16,223,64,100,0,0
USW00014763,2025;09;24;02,FM-15,223,64,100,0,0
USW00014763,2025;09;24;03,FM-16,223,64,100,0,0
USW00014763,2025;09;24;03,FM-16,223,64,100,0,0
USW00014763,2025;09;24;03,FM-16,223,64,100,0,0
USW00014763,2025;09;24;03,FM-15,223,64,100,0,0
USW00014763,2025;09;24;04,FM-16,223,64,100,0,0
USW00014763,2025;09;24;04,FM-16,223,64,100,0,0
USW00014763,2025;09;24;04,FM-15,223,64,96,50,3
USW00014763,2025;09;24;05,FM-15,223,64,96,0,0
USW00014763,2025;09;24;06,FM-16,223,64,96,0,0
USW00014763,2025;09;24;06,FM-15,223,64,96,0,0
USW00014763,2025;09;24;07,FM-16,223,64,96,0,0
USW00014763,2025;09;24;07,FM-15,223,64,96,0,0
USW00014763,2025;09;24;08,FM-15,223,65,93,50,3
USW00014763,2025;09;24;09,FM-16,223,66,94,70,3
USW00014763,2025;09;24;09,FM-15,223,66,93,70,6
USW00014763,2025;09;24;10,FM-15,223,66,96,90,3
USW00014763,2025;09;24;11,FM-16,223,66,96,130,3
USW00014763,2025;09;24;11,FM-15,223,66,93,110,3
USW00014763,2025;09;24;12,FM-15,223,67,93,110,5
USW00014763,2025;09;24;13,FM-16,223,66,96,120,7
USW00014763,2025;09;24;13,FM-16,223,66,93,100,7
USW00014763,2025;09;24;13,FM-16,223,66,93,100,6
USW00014763,2025;09;24;13,FM-15,223,66,93,0,0
USW00014763,2025;09;24;14,FM-15,223,65,93,70,7
USW00014763,2025;09;24;15,FM-16,223,64,96,80,6
USW00014763,2025;09;24;15,FM-15,223,64,93,60,3
USW00014763,2025;09;24;16,FM-16,223,64,93,70,3
USW00014763,2025;09;24;16,FM-16,223,64,93,110,3
USW00014763,2025;09;24;16,FM-15,223,64,96,90,5
USW00014763,2025;09;24;17,FM-16,223,64,93,60,7
USW00014763,2025;09;24;17,FM-16,223,64,94,90,5
USW00014763,2025;09;24;17,FM-15,223,64,93,90,5
USW00014763,2025;09;24;18,FM-15,223,63,97,50,5
USW00014763,2025;09;24;19,FM-15,223,63,97,70,5
USW00014763,2025;09;24;20,FM-15,223,63,93,60,5
USW00014763,2025;09;24;21,FM-15,223,62,96,100,5
USW00014763,2025;09;24;22,FM-16,223,62,96,50,3
USW00014763,2025;09;24;22,FM-15,223,62,96,70,5
USW00014763,2025;09;24;23,FM-15,223,62,93,80,7
USW00014763,2025;09;25;00,SOD,,,,,
USW00014763,2025;09;25;00,FM-15,223,62,93,50,5
USW00014763,2025;09;25;01,FM-15,223,62,93,50,7
USW00014763,2025;09;25;02,FM-15,223,61,97,60,6
USW00014763,2025;09;25;03,FM-16,223,61,97,60,7
USW00014763,2025;09;25;03,FM-15,223,61,97,60,5
USW00014763,2025;09;25;04,FM-16,223,61,97,VRB,7
USW00014763,2025;09;25;04,FM-15,223,62,93,90,5
USW00014763,2025;09;25;05,FM-16,223,61,100,100,6
USW00014763,2025;09;25;05,FM-15,223,62,96,110,7
USW00014763,2025;09;25;06,FM-16,223,62,96,120,3
USW00014763,2025;09;25;06,FM-16,223,62,96,0,0
USW00014763,2025;09;25;06,FM-16,223,61,100,80,3
USW00014763,2025;09;25;06,FM-15,223,61,100,60,3
USW00014763,2025;09;25;07,FM-16,223,61,100,60,6
USW00014763,2025;09;25;07,FM-16,223,61,100,50,5
USW00014763,2025;09;25;07,FM-15,223,62,96,50,5
USW00014763,2025;09;25;08,FM-15,223,62,100,20,3
USW00014763,2025;09;25;09,FM-16,223,63,97,40,3
USW00014763,2025;09;25;09,FM-16,223,63,100,40,6
USW00014763,2025;09;25;09,FM-15,223,63,100,50,6
USW00014763,2025;09;25;10,FM-16,223,64,96,0,0
USW00014763,2025;09;25;10,FM-16,223,64,96,VRB,7
USW00014763,2025;09;25;10,FM-16,223,64,100,VRB,5
USW00014763,2025;09;25;10,FM-16,223,65,97,350,3
USW00014763,2025;09;25;10,FM-16,223,64,96,360,5
USW00014763,2025;09;25;10,FM-15,223,64,96,40,5
USW00014763,2025;09;25;11,FM-16,223,65,100,VRB,5
USW00014763,2025;09;25;11,FM-15,223,66,96,80,5
USW00014763,2025;09;25;12,FM-16,223,65,97,60,5
USW00014763,2025;09;25;12,FM-16,223,65,100,50,5
USW00014763,2025;09;25;12,FM-15,223,66,96,0,0
USW00014763,2025;09;25;13,FM-16,223,66,96,120,7
USW00014763,2025;09;25;13,FM-16,223,68,96,110,8
USW00014763,2025;09;25;13,FM-16,223,68,96,VRB,5
USW00014763,2025;09;25;13,FM-15,223,69,93,,
USW00014763,2025;09;25;14,FM-16,223,70,90,200,11
USW00014763,2025;09;25;14,FM-15,223,70,93,180,11
USW00014763,2025;09;25;15,FM-16,223,70,93,180,14
USW00014763,2025;09;25;15,FM-16,223,70,93,180,13
USW00014763,2025;09;25;15,FM-15,223,70,93,180,11
USW00014763,2025;09;25;16,FM-16,223,70,93,180,14
USW00014763,2025;09;25;16,FM-15,223,70,93,180,16
USW00014763,2025;09;25;17,FM-16,223,71,90,190,14
USW00014763,2025;09;25;17,FM-15,223,71,90,180,13
USW00014763,2025;09;25;18,FM-16,223,71,90,170,13
USW00014763,2025;09;25;18,FM-16,223,70,93,180,14
USW00014763,2025;09;25;18,FM-16,223,71,90,170,14
USW00014763,2025;09;25;18,FM-16,223,70,94,170,14
USW00014763,2025;09;25;18,FM-15,223,70,93,180,15
USW00014763,2025;09;25;19,FM-16,223,70,93,VRB,18
USW00014763,2025;09;25;19,FM-16,223,69,96,270,13
USW00014763,2025;09;25;19,FM-16,223,69,93,260,10
USW00014763,2025;09;25;19,FM-16,223,68,93,250,10
USW00014763,2025;09;25;19,FM-16,223,68,93,VRB,10
USW00014763,2025;09;25;19,FM-16,223,68,93,270,7
USW00014763,2025;09;25;19,FM-16,223,67,93,200,5
USW00014763,2025;09;25;19,FM-16,223,67,97,220,3
USW00014763,2025;09;25;19,FM-16,223,67,93,210,5
USW00014763,2025;09;25;19,FM-15,223,67,93,230,7
USW00014763,2025;09;25;20,FM-15,223,66,93,290,9
USW00014763,2025;09;25;21,FM-16,223,66,90,280,9
USW00014763,2025;09;25;21,FM-15,223,65,93,300,11
USW00014763,2025;09;25;22,FM-15,223,65,93,230,5
USW00014763,2025;09;25;23,FM-16,223,64,96,270,7
USW00014763,2025;09;25;23,FM-15,223,64,93,VRB,6
USW00014763,2025;09;26;00,SOD,,,,,
USW00014763,2025;09;26;00,FM-16,223,64,93,270,5
USW00014763,2025;09;26;00,FM-16,223,64,93,280,7
USW00014763,2025;09;26;00,FM-16,223,63,93,260,5
USW00014763,2025;09;26;00,FM-15,223,63,93,260,6
USW00014763,2025;09;26;01,FM-16,223,62,96,260,3
USW00014763,2025;09;26;01,FM-15,223,64,90,270,3
USW00014763,2025;09;26;02,FM-16,223,64,90,280,7
USW00014763,2025;09;26;02,FM-16,223,63,93,280,3
USW00014763,2025;09;26;02,FM-15,223,64,90,240,7
USW00014763,2025;09;26;03,FM-15,223,63,93,250,7
USW00014763,2025;09;26;04,FM-15,223,63,93,230,5
USW00014763,2025;09;26;05,FM-15,223,63,90,230,5
USW00014763,2025;09;26;06,FM-15,223,64,90,240,5
USW00014763,2025;09;26;07,FM-15,223,64,90,270,9
USW00014763,2025;09;26;08,FM-16,223,63,93,270,7
USW00014763,2025;09;26;08,FM-15,223,64,90,270,8
USW00014763,2025;09;26;09,FM-15,223,65,87,280,10
USW00014763,2025;09;26;10,FM-16,223,67,84,300,6
USW00014763,2025;09;26;10,FM-15,223,68,78,300,10
USW00014763,2025;09;26;11,FM-16,223,68,76,VRB,7
USW00014763,2025;09;26;11,FM-15,223,71,68,320,11
USW00014763,2025;09;26;12,FM-15,223,72,68,240,7
USW00014763,2025;09;26;13,FM-15,223,71,66,VRB,8
USW00014763,2025;09;26;14,FM-15,223,73,64,290,8
USW00014763,2025;09;26;15,FM-15,223,72,66,290,7
USW00014763,2025;09;26;16,FM-15,223,70,71,290,8
USW00014763,2025;09;26;17,FM-15,223,66,75,290,6
USW00014763,2025;09;26;18,FM-15,223,63,84,250,7
USW00014763,2025;09;26;19,FM-15,223,64,78,300,9
USW00014763,2025;09;26;20,FM-15,223,62,84,260,8
USW00014763,2025;09;26;21,FM-15,223,61,87,230,5
USW00014763,2025;09;26;22,FM-15,223,61,87,230,5
USW00014763,2025;09;26;23,FM-15,223,60,90,240,3
USW00014763,2025;09;27;00,SOD,,,,,
USW00014763,2025;09;27;00,FM-15,223,58,90,300,5
USW00014763,2025;09;27;01,FM-15,223,58,90,280,8
USW00014763,2025;09;27;02,FM-15,223,58,90,250,6
USW00014763,2025;09;27;03,FM-16,223,56,97,0,0
USW00014763,2025;09;27;03,FM-15,223,58,90,250,6
USW00014763,2025;09;27;04,FM-16,223,57,93,VRB,3
USW00014763,2025;09;27;04,FM-15,223,56,93,0,0
USW00014763,2025;09;27;05,FM-16,223,58,90,240,5
USW00014763,2025;09;27;05,FM-15,223,56,97,260,3
USW00014763,2025;09;27;06,FM-15,223,57,93,0,0
USW00014763,2025;09;27;07,FM-15,223,60,86,0,0
USW00014763,2025;09;27;08,FM-15,223,64,78,0,0
USW00014763,2025;09;27;09,FM-15,223,66,73,0,0
USW00014763,2025;09;27;10,FM-15,223,69,68,VRB,3
USW00014763,2025;09;27;11,FM-15,223,72,64,VRB,3
USW00014763,2025;09;27;12,FM-15,223,73,55,0,0
USW00014763,2025;09;27;13,FM-15,223,74,50,180,5
USW00014763,2025;09;27;14,FM-15,223,75,50,240,6
USW00014763,2025;09;27;15,FM-15,223,72,61,210,3
USW00014763,2025;09;27;16,FM-15,223,70,68,0,0
USW00014763,2025;09;27;17,FM-15,223,66,78,220,3
USW00014763,2025;09;27;18,FM-15,223,62,90,0,0
USW00014763,2025;09;27;19,FM-15,223,62,90,0,0
USW00014763,2025;09;27;20,FM-15,223,62,93,0,0
USW00014763,2025;09;27;21,FM-15,223,61,93,0,0
USW00014763,2025;09;27;22,FM-15,223,60,100,0,0
USW00014763,2025;09;27;23,FM-15,223,61,97,0,0
USW00014763,2025;09;28;00,SOD,,,,,
USW00014763,2025;09;28;00,FM-15,223,60,96,0,0
USW00014763,2025;09;28;01,FM-16,223,59,96,0,0
USW00014763,2025;09;28;01,FM-15,223,59,100,0,0
USW00014763,2025;09;28;02,FM-15,223,59,96,0,0
USW00014763,2025;09;28;03,FM-16,223,57,100,0,0
USW00014763,2025;09;28;03,FM-16,223,57,100,0,0
USW00014763,2025;09;28;03,FM-16,223,57,100,0,0
USW00014763,2025;09;28;03,FM-15,223,57,100,0,0
USW00014763,2025;09;28;04,FM-16,223,59,96,0,0
USW00014763,2025;09;28;04,FM-16,223,59,96,0,0
USW00014763,2025;09;28;04,FM-16,223,59,100,0,0
USW00014763,2025;09;28;04,FM-15,223,58,100,0,0
USW00014763,2025;09;28;05,FM-16,223,56,100,0,0
USW00014763,2025;09;28;05,FM-16,223,56,100,0,0
USW00014763,2025;09;28;05,FM-15,223,55,100,0,0
USW00014763,2025;09;28;06,FM-16,223,55,100,0,0
USW00014763,2025;09;28;06,FM-16,223,55,100,0,0
USW00014763,2025;09;28;06,FM-16,223,55,100,0,0
USW00014763,2025;09;28;06,FM-15,223,56,100,0,0
USW00014763,2025;09;28;07,FM-16,223,57,96,0,0
USW00014763,2025;09;28;07,FM-16,223,59,100,0,0
USW00014763,2025;09;28;07,FM-16,223,59,100,0,0
USW00014763,2025;09;28;07,FM-16,223,59,100,0,0
USW00014763,2025;09;28;07,FM-15,223,61,97,0,0
USW00014763,2025;09;28;08,FM-15,223,64,87,230,7
USW00014763,2025;09;28;09,FM-15,223,72,66,260,6
USW00014763,2025;09;28;10,FM-15,223,75,55,260,11
USW00014763,2025;09;28;11,FM-15,223,77,50,320,8
USW00014763,2025;09;28;12,FM-15,223,78,50,300,10
USW00014763,2025;09;28;13,FM-15,223,79,49,310,8
USW00014763,2025;09;28;14,FM-15,223,80,49,280,11
USW00014763,2025;09;28;15,FM-15,223,79,49,340,9
USW00014763,2025;09;28;16,FM-15,223,76,54,300,9
USW00014763,2025;09;28;17,FM-15,223,72,59,300,9
USW00014763,2025;09;28;18,FM-15,223,71,61,300,9
USW00014763,2025;09;28;19,FM-15,223,69,66,280,6
USW00014763,2025;09;28;20,FM-15,223,66,73,250,3
USW00014763,2025;09;28;21,FM-15,223,64,73,230,6
USW00014763,2025;09;28;22,FM-15,223,60,84,280,6
USW00014763,2025;09;28;23,FM-15,223,56,90,250,3
USW00014763,2025;09;29;00,SOD,,,,,
USW00014763,2025;09;29;00,FM-15,223,53,93,0,0
USW00014763,2025;09;29;01,FM-15,223,53,96,0,0
USW00014763,2025;09;29;02,FM-15,223,50,100,260,3
USW00014763,2025;09;29;03,FM-16,223,50,94,0,0
USW00014763,2025;09;29;03,FM-15,223,50,96,0,0
USW00014763,2025;09;29;04,FM-16,223,51,96,0,0
USW00014763,2025;09;29;04,FM-16,223,50,100,0,0
USW00014763,2025;09;29;04,FM-15,223,49,97,0,0
USW00014763,2025;09;29;05,FM-16,223,48,100,0,0
USW00014763,2025;09;29;05,FM-16,223,49,100,0,0
USW00014763,2025;09;29;05,FM-15,223,49,100,0,0
USW00014763,2025;09;29;06,FM-16,223,48,100,0,0
USW00014763,2025;09;29;06,FM-16,223,48,100,0,0
USW00014763,2025;09;29;06,FM-16,223,49,100,0,0
USW00014763,2025;09;29;06,FM-16,223,49,100,0,0
USW00014763,2025;09;29;06,FM-15,223,50,100,0,0
USW00014763,2025;09;29;07,FM-15,223,54,93,0,0
USW00014763,2025;09;29;08,FM-15,223,60,78,0,0
USW00014763,2025;09;29;09,FM-15,223,69,47,0,0
USW00014763,2025;09;29;11,FM-15,223,72,35,270,5
USW00014763,2025;09;29;12,FM-15,223,73,34,,
USW00014763,2025;09;29;13,FM-15,223,74,33,330,5
USW00014763,2025;09;29;14,FM-15,223,72,37,290,7
USW00014763,2025;09;29;15,FM-15,223,70,42,300,7
USW00014763,2025;09;29;16,FM-15,223,68,51,240,6
USW00014763,2025;09;29;17,FM-15,223,62,67,240,6
USW00014763,2025;09;29;18,FM-15,223,59,69,0,0
USW00014763,2025;09;29;19,FM-15,223,54,87,0,0
USW00014763,2025;09;29;20,FM-15,223,55,83,0,0
USW00014763,2025;09;29;21,FM-15,223,52,93,0,0
USW00014763,2025;09;29;22,FM-15,223,52,89,0,0
USW00014763,2025;09;29;23,FM-15,223,50,96,0,0
USW00014763,2025;09;30;00,SOD,,,,,
USW00014763,2025;09;30;00,FM-15,223,51,92,0,0
USW00014763,2025;09;30;01,FM-15,223,51,92,0,0
USW00014763,2025;09;30;02,FM-15,223,50,96,0,0
USW00014763,2025;09;30;03,FM-15,223,49,97,0,0
USW00014763,2025;09;30;04,FM-15,223,49,97,0,0
USW00014763,2025;09;30;05,FM-15,223,48,96,0,0
USW00014763,2025;09;30;06,FM-16,223,48,100,0,0
USW00014763,2025;09;30;06,FM-16,223,48,100,0,0
USW00014763,2025;09;30;06,FM-15,223,50,96,0,0
USW00014763,2025;09;30;07,FM-15,223,56,84,0,0
USW00014763,2025;09;30;08,FM-15,223,61,72,0,0
USW00014763,2025;09;30;09,FM-15,223,67,57,0,0
USW00014763,2025;09;30;10,FM-15,223,73,44,340,6
USW00014763,2025;09;30;11,FM-15,223,74,45,30,7
USW00014763,2025;09;30;12,FM-15,223,76,42,VRB,7
USW00014763,2025;09;30;13,FM-15,223,76,40,360,8
USW00014763,2025;09;30;14,FM-15,223,75,41,360,10
USW00014763,2025;09;30;15,FM-15,223,71,42,350,10
USW00014763,2025;09;30;16,FM-15,223,69,35,VRB,3
USW00014763,2025;09;30;17,FM-15,223,60,56,0,0
USW00014763,2025;09;30;18,FM-15,223,61,48,20,7
USW00014763,2025;09;30;19,FM-15,223,58,46,30,6
USW00014763,2025;09;30;20,FM-15,223,55,45,30,5
USW00014763,2025;09;30;21,FM-15,223,54,43,10,7
USW00014763,2025;09;30;22,FM-15,223,51,50,20,5
USW00014763,2025;09;30;23,FM-15,223,49,55,360,3
USW00014763,2025;09;30;23,SOM,,,,,