"State","Facility Name","Facility ID","Date","Hour","Gross Load (MW)","Steam Load (1000 lb/hr)","SO2 Mass (lbs)","CO2 Mass (short tons)","NOx Mass (lbs)","Heat Input (mmBtu)"
"MA","Pittsfield Generating",50002,"2024-04-01",0,,,,,,
"MA","Pittsfield Generating",50002,"2024-04-01",1,,,,,,
"MA","Pittsfield Generating",50002,"2024-04-01",2,,,,,,
"MA","Pittsfield Generating",50002,"2024-04-01",3,,,,,,
"MA","Pittsfield Generating",50002,"2024-04-01",4,,,,,,
"MA","Pittsfield Generating",50002,"2024-04-01",5,,,,,,
"MA","Pittsfield Generating",50002,"2024-04-01",6,,,,,,
"MA","Pittsfield Generating",50002,"2024-04-01",7,,,,,,
"MA","Pittsfield Generating",50002,"2024-04-01",8,,,,,,
"MA","Pittsfield Generating",50002,"2024-04-01",9,,,,,,
"MA","Pittsfield Generating",50002,"2024-04-01",10,,,,,,
"MA","Pittsfield Generating",50002,"2024-04-01",11,,,,,,
"MA","Pittsfield Generating",50002,"2024-04-01",12,,,,,,
"MA","Pittsfield Generating",50002,"2024-04-01",13,,,,,,
"MA","Pittsfield Generating",50002,"2024-04-01",14,,,,,,
"MA","Pittsfield Generating",50002,"2024-04-01",15,,,,,,
"MA","Pittsfield Generating",50002,"2024-04-01",16,,,,,,
"MA","Pittsfield Generating",50002,"2024-04-01",17,,,,,,
"MA","Pittsfield Generating",50002,"2024-04-01",18,,,,,,
"MA","Pittsfield Generating",50002,"2024-04-01",19,,,,,,
"MA","Pittsfield Generating",50002,"2024-04-01",20,,,,,,
"MA","Pittsfield Generating",50002,"2024-04-01",21,,,,,,
"MA","Pittsfield Generating",50002,"2024-04-01",22,,,,,,
"MA","Pittsfield Generating",50002,"2024-04-01",23,,,,,,
"MA","Pittsfield Generating",50002,"2024-04-02",0,,,,,,
"MA","Pittsfield Generating",50002,"2024-04-02",1,,,,,,
"MA","Pittsfield Generating",50002,"2024-04-02",2,,,,,,
"MA","Pittsfield Generating",50002,"2024-04-02",3,,,,,,
"MA","Pittsfield Generating",50002,"2024-04-02",4,,,,,,
"MA","Pittsfield Generating",50002,"2024-04-02",5,,,,,,
"MA","Pittsfield Generating",50002,"2024-04-02",6,,,,,,
"MA","Pittsfield Generating",50002,"2024-04-02",7,,,,,,
"MA","Pittsfield Generating",50002,"2024-04-02",8,,,,,,
"MA","Pittsfield Generating",50002,"2024-04-02",9,,,,,,
"MA","Pittsfield Generating",50002,"2024-04-02",10,,,,,,
"MA","Pittsfield Generating",50002,"2024-04-02",11,,,,,,
"MA","Pittsfield Generating",50002,"2024-04-02",12,,,,,,
"MA","Pittsfield Generating",50002,"2024-04-02",13,,,,,,
"MA","Pittsfield Generating",50002,"2024-04-02",14,,,,,,
"MA","Pittsfield Generating",50002,"2024-04-02",15,,,,,,
"MA","Pittsfield Generating",50002,"2024-04-02",16,,,,,,
"MA","Pittsfield Generating",50002,"2024-04-02",17,,,,,,
"MA","Pittsfield Generating",50002,"2024-04-02",18,,,,,,
"MA","Pittsfield Generating",50002,"2024-04-02",19,,,,,,
"MA","Pittsfield Generating",50002,"2024-04-02",20,,,,,,
"MA","Pittsfield Generating",50002,"2024-04-02",21,,,,,,
"MA","Pittsfield Generating",50002,"2024-04-02",22,,,,,,
"MA","Pittsfield Generating",50002,"2024-04-02",23,,,,,,
"MA","Pittsfield Generating",50002,"2024-04-03",0,,,,,,
"MA","Pittsfield Generating",50002,"2024-04-03",1,,,,,,
"MA","Pittsfield Generating",50002,"2024-04-03",2,,,,,,
"MA","Pittsfield Generating",50002,"2024-04-03",3,,,,,,
"MA","Pittsfield Generating",50002,"2024-04-03",4,,,,,,
"MA","Pittsfield Generating",50002,"2024-04-03",5,,,,,,
"MA","Pittsfield Generating",50002,"2024-04-03",6,,,,,,
"MA","Pittsfield Generating",50002,"2024-04-03",7,,,,,,
"MA","Pittsfield Generating",50002,"2024-04-03",8,,,,,,
"MA","Pittsfield Generating",50002,"2024-04-03",9,,,,,,
"MA","Pittsfield Generating",50002,"2024-04-03",10,,,,,,
"MA","Pittsfield Generating",50002,"2024-04-03",11,,,,,,
"MA","Pittsfield Generating",50002,"2024-04-03",12,,,,,,
"MA","Pittsfield Generating",50002,"2024-04-03",13,,,,,,
"MA","Pittsfield Generating",50002,"2024-04-03",14,,,,,,
"MA","Pittsfield Generating",50002,"2024-04-03",15,,,,,,
"MA","Pittsfield Generating",50002,"2024-04-03",16,,,,,,
"MA","Pittsfield Generating",50002,"2024-04-03",17,,,,,,
"MA","Pittsfield Generating",50002,"2024-04-03",18,,,,,,
"MA","Pittsfield Generating",50002,"2024-04-03",19,,,,,,
"MA","Pittsfield Generating",50002,"2024-04-03",20,,,,,,
"MA","Pittsfield Generating",50002,"2024-04-03",21,,,,,,
"MA","Pittsfield Generating",50002,"2024-04-03",22,,,,,,
"MA","Pittsfield Generating",50002,"2024-04-03",23,,,,,,
"MA","Pittsfield Generating",50002,"2024-04-04",0,,,,,,
"MA","Pittsfield Generating",50002,"2024-04-04",1,,,,,,
"MA","Pittsfield Generating",50002,"2024-04-04",2,,,,,,
"MA","Pittsfield Generating",50002,"2024-04-04",3,,,,,,
"MA","Pittsfield Generating",50002,"2024-04-04",4,,,,,,
"MA","Pittsfield Generating",50002,"2024-04-04",5,,,,,,
"MA","Pittsfield Generating",50002,"2024-04-04",6,,,,,,
"MA","Pittsfield Generating",50002,"2024-04-04",7,,,,,,
"MA","Pittsfield Generating",50002,"2024-04-04",8,,,,,,
"MA","Pittsfield Generating",50002,"2024-04-04",9,,,,,,
"MA","Pittsfield Generating",50002,"2024-04-04",10,,,,,,
"MA","Pittsfield Generating",50002,"2024-04-04",11,,,,,,
"MA","Pittsfield Generating",50002,"2024-04-04",12,,,,,,
"MA","Pittsfield Generating",50002,"2024-04-04",13,,,,,,
"MA","Pittsfield Generating",50002,"2024-04-04",14,,,,,,
"MA","Pittsfield Generating",50002,"2024-04-04",15,,,,,,
"MA","Pittsfield Generating",50002,"2024-04-04",16,,,,,,
"MA","Pittsfield Generating",50002,"2024-04-04",17,,,,,,
"MA","Pittsfield Generating",50002,"2024-04-04",18,,,,,,
"MA","Pittsfield Generating",50002,"2024-04-04",19,,,,,,
"MA","Pittsfield Generating",50002,"2024-04-04",20,,,,,,
"MA","Pittsfield Generating",50002,"2024-04-04",21,,,,,,
"MA","Pittsfield Generating",50002,"2024-04-04",22,,,,,,
"MA","Pittsfield Generating",50002,"2024-04-04",23,,,,,,
"MA","Pittsfield Generating",50002,"2024-04-05",0,,,,,,
"MA","Pittsfield Generating",50002,"2024-04-05",1,,,,,,
"MA","Pittsfield Generating",50002,"2024-04-05",2,,,,,,
"MA","Pittsfield Generating",50002,"2024-04-05",3,,,,,,
"MA","Pittsfield Generating",50002,"2024-04-05",4,,,,,,
"MA","Pittsfield Generating",50002,"2024-04-05",5,,,,,,
"MA","Pittsfield Generating",50002,"2024-04-05",6,,,,,,
"MA","Pittsfield Generating",50002,"2024-04-05",7,,,,,,
"MA","Pittsfield Generating",50002,"2024-04-05",8,,,,,,
"MA","Pittsfield Generating",50002,"2024-04-05",9,,,,,,
"MA","Pittsfield Generating",50002,"2024-04-05",10,,,,,,
"MA","Pittsfield Generating",50002,"2024-04-05",11,,,,,,
"MA","Pittsfield Generating",50002,"2024-04-05",12,,,,,,
"MA","Pittsfield Generating",50002,"2024-04-05",13,,,,,,
"MA","Pittsfield Generating",50002,"2024-04-05",14,,,,,,
"MA","Pittsfield Generating",50002,"2024-04-05",15,,,,,,
"MA","Pittsfield Generating",50002,"2024-04-05",16,,,,,,
"MA","Pittsfield Generating",50002,"2024-04-05",17,,,,,,
"MA","Pittsfield Generating",50002,"2024-04-05",18,,,,,,
"MA","Pittsfield Generating",50002,"2024-04-05",19,,,,,,
"MA","Pittsfield Generating",50002,"2024-04-05",20,,,,,,
"MA","Pittsfield Generating",50002,"2024-04-05",21,,,,,,
"MA","Pittsfield Generating",50002,"2024-04-05",22,,,,,,
"MA","Pittsfield Generating",50002,"2024-04-05",23,,,,,,
"MA","Pittsfield Generating",50002,"2024-04-06",0,,,,,,
"MA","Pittsfield Generating",50002,"2024-04-06",1,,,,,,
"MA","Pittsfield Generating",50002,"2024-04-06",2,,,,,,
"MA","Pittsfield Generating",50002,"2024-04-06",3,,,,,,
"MA","Pittsfield Generating",50002,"2024-04-06",4,,,,,,
"MA","Pittsfield Generating",50002,"2024-04-06",5,,,,,,
"MA","Pittsfield Generating",50002,"2024-04-06",6,,,,,,
"MA","Pittsfield Generating",50002,"2024-04-06",7,,,,,,
"MA","Pittsfield Generating",50002,"2024-04-06",8,,,,,,
"MA","Pittsfield Generating",50002,"2024-04-06",9,,,,,,
"MA","Pittsfield Generating",50002,"2024-04-06",10,,,,,,
"MA","Pittsfield Generating",50002,"2024-04-06",11,,,,,,
"MA","Pittsfield Generating",50002,"2024-04-06",12,,,,,,
"MA","Pittsfield Generating",50002,"2024-04-06",13,,,,,,
"MA","Pittsfield Generating",50002,"2024-04-06",14,,,,,,
"MA","Pittsfield Generating",50002,"2024-04-06",15,,,,,,
"MA","Pittsfield Generating",50002,"2024-04-06",16,,,,,,
"MA","Pittsfield Generating",50002,"2024-04-06",17,,,,,,
"MA","Pittsfield Generating",50002,"2024-04-06",18,,,,,,
"MA","Pittsfield Generating",50002,"2024-04-06",19,,,,,,
"MA","Pittsfield Generating",50002,"2024-04-06",20,,,,,,
"MA","Pittsfield Generating",50002,"2024-04-06",21,,,,,,
"MA","Pittsfield Generating",50002,"2024-04-06",22,,,,,,
"MA","Pittsfield Generating",50002,"2024-04-06",23,,,,,,
"MA","Pittsfield Generating",50002,"2024-04-07",0,,,,,,
"MA","Pittsfield Generating",50002,"2024-04-07",1,,,,,,
"MA","Pittsfield Generating",50002,"2024-04-07",2,,,,,,
"MA","Pittsfield Generating",50002,"2024-04-07",3,,,,,,
"MA","Pittsfield Generating",50002,"2024-04-07",4,,,,,,
"MA","Pittsfield Generating",50002,"2024-04-07",5,,,,,,
"MA","Pittsfield Generating",50002,"2024-04-07",6,,,,,,
"MA","Pittsfield Generating",50002,"2024-04-07",7,,,,,,
"MA","Pittsfield Generating",50002,"2024-04-07",8,,,,,,
"MA","Pittsfield Generating",50002,"2024-04-07",9,,,,,,
"MA","Pittsfield Generating",50002,"2024-04-07",10,,,,,,
"MA","Pittsfield Generating",50002,"2024-04-07",11,,,,,,
"MA","Pittsfield Generating",50002,"2024-04-07",12,,,,,,
"MA","Pittsfield Generating",50002,"2024-04-07",13,,,,,,
"MA","Pittsfield Generating",50002,"2024-04-07",14,,,,,,
"MA","Pittsfield Generating",50002,"2024-04-07",15,,,,,,
"MA","Pittsfield Generating",50002,"2024-04-07",16,,,,,,
"MA","Pittsfield Generating",50002,"2024-04-07",17,,,,,,
"MA","Pittsfield Generating",50002,"2024-04-07",18,,,,,,
"MA","Pittsfield Generating",50002,"2024-04-07",19,,,,,,
"MA","Pittsfield Generating",50002,"2024-04-07",20,,,,,,
"MA","Pittsfield Generating",50002,"2024-04-07",21,,,,,,
"MA","Pittsfield Generating",50002,"2024-04-07",22,,,,,,
"MA","Pittsfield Generating",50002,"2024-04-07",23,,,,,,
"MA","Pittsfield Generating",50002,"2024-04-08",0,,,,,,
"MA","Pittsfield Generating",50002,"2024-04-08",1,,,,,,
"MA","Pittsfield Generating",50002,"2024-04-08",2,,,,,,
"MA","Pittsfield Generating",50002,"2024-04-08",3,,,,,,
"MA","Pittsfield Generating",50002,"2024-04-08",4,,,,,,
"MA","Pittsfield Generating",50002,"2024-04-08",5,,,,,,
"MA","Pittsfield Generating",50002,"2024-04-08",6,,,,,,
"MA","Pittsfield Generating",50002,"2024-04-08",7,,,,,,
"MA","Pittsfield Generating",50002,"2024-04-08",8,,,,,,
"MA","Pittsfield Generating",50002,"2024-04-08",9,,,,,,
"MA","Pittsfield Generating",50002,"2024-04-08",10,,,,,,
"MA","Pittsfield Generating",50002,"2024-04-08",11,,,,,,
"MA","Pittsfield Generating",50002,"2024-04-08",12,,,,,,
"MA","Pittsfield Generating",50002,"2024-04-08",13,,,,,,
"MA","Pittsfield Generating",50002,"2024-04-08",14,,,,,,
"MA","Pittsfield Generating",50002,"2024-04-08",15,,,,,,
"MA","Pittsfield Generating",50002,"2024-04-08",16,,,,,,
"MA","Pittsfield Generating",50002,"2024-04-08",17,,,,,,
"MA","Pittsfield Generating",50002,"2024-04-08",18,,,,,,
"MA","Pittsfield Generating",50002,"2024-04-08",19,,,,,,
"MA","Pittsfield Generating",50002,"2024-04-08",20,,,,,,
"MA","Pittsfield Generating",50002,"2024-04-08",21,,,,,,
"MA","Pittsfield Generating",50002,"2024-04-08",22,,,,,,
"MA","Pittsfield Generating",50002,"2024-04-08",23,,,,,,
"MA","Pittsfield Generating",50002,"2024-04-09",0,,,,,,
"MA","Pittsfield Generating",50002,"2024-04-09",1,,,,,,
"MA","Pittsfield Generating",50002,"2024-04-09",2,,,,,,
"MA","Pittsfield Generating",50002,"2024-04-09",3,,,,,,
"MA","Pittsfield Generating",50002,"2024-04-09",4,,,,,,
"MA","Pittsfield Generating",50002,"2024-04-09",5,,,,,,
"MA","Pittsfield Generating",50002,"2024-04-09",6,,,,,,
"MA","Pittsfield Generating",50002,"2024-04-09",7,,,,,,
"MA","Pittsfield Generating",50002,"2024-04-09",8,,,,,,
"MA","Pittsfield Generating",50002,"2024-04-09",9,,,,,,
"MA","Pittsfield Generating",50002,"2024-04-09",10,,,,,,
"MA","Pittsfield Generating",50002,"2024-04-09",11,,,,,,
"MA","Pittsfield Generating",50002,"2024-04-09",12,,,,,,
"MA","Pittsfield Generating",50002,"2024-04-09",13,,,,,,
"MA","Pittsfield Generating",50002,"2024-04-09",14,,,,,,
"MA","Pittsfield Generating",50002,"2024-04-09",15,,,,,,
"MA","Pittsfield Generating",50002,"2024-04-09",16,,,,,,
"MA","Pittsfield Generating",50002,"2024-04-09",17,,,,,,
"MA","Pittsfield Generating",50002,"2024-04-09",18,,,,,,
"MA","Pittsfield Generating",50002,"2024-04-09",19,,,,,,
"MA","Pittsfield Generating",50002,"2024-04-09",20,,,,,,
"MA","Pittsfield Generating",50002,"2024-04-09",21,,,,,,
"MA","Pittsfield Generating",50002,"2024-04-09",22,,,,,,
"MA","Pittsfield Generating",50002,"2024-04-09",23,,,,,,
"MA","Pittsfield Generating",50002,"2024-04-10",0,,,,,,
"MA","Pittsfield Generating",50002,"2024-04-10",1,,,,,,
"MA","Pittsfield Generating",50002,"2024-04-10",2,,,,,,
"MA","Pittsfield Generating",50002,"2024-04-10",3,,,,,,
"MA","Pittsfield Generating",50002,"2024-04-10",4,,,,,,
"MA","Pittsfield Generating",50002,"2024-04-10",5,,,,,,
"MA","Pittsfield Generating",50002,"2024-04-10",6,,,,,,
"MA","Pittsfield Generating",50002,"2024-04-10",7,,,,,,
"MA","Pittsfield Generating",50002,"2024-04-10",8,,,,,,
"MA","Pittsfield Generating",50002,"2024-04-10",9,,,,,,
"MA","Pittsfield Generating",50002,"2024-04-10",10,,,,,,
"MA","Pittsfield Generating",50002,"2024-04-10",11,,,,,,
"MA","Pittsfield Generating",50002,"2024-04-10",12,,,,,,
"MA","Pittsfield Generating",50002,"2024-04-10",13,,,,,,
"MA","Pittsfield Generating",50002,"2024-04-10",14,,,,,,
"MA","Pittsfield Generating",50002,"2024-04-10",15,,,,,,
"MA","Pittsfield Generating",50002,"2024-04-10",16,,,,,,
"MA","Pittsfield Generating",50002,"2024-04-10",17,,,,,,
"MA","Pittsfield Generating",50002,"2024-04-10",18,,,,,,
"MA","Pittsfield Generating",50002,"2024-04-10",19,,,,,,
"MA","Pittsfield Generating",50002,"2024-04-10",20,,,,,,
"MA","Pittsfield Generating",50002,"2024-04-10",21,,,,,,
"MA","Pittsfield Generating",50002,"2024-04-10",22,,,,,,
"MA","Pittsfield Generating",50002,"2024-04-10",23,,,,,,
"MA","Pittsfield Generating",50002,"2024-04-11",0,,,,,,
"MA","Pittsfield Generating",50002,"2024-04-11",1,,,,,,
"MA","Pittsfield Generating",50002,"2024-04-11",2,,,,,,
"MA","Pittsfield Generating",50002,"2024-04-11",3,,,,,,
"MA","Pittsfield Generating",50002,"2024-04-11",4,,,,,,
"MA","Pittsfield Generating",50002,"2024-04-11",5,,,,,,
"MA","Pittsfield Generating",50002,"2024-04-11",6,,,,,,
"MA","Pittsfield Generating",50002,"2024-04-11",7,,,,,,
"MA","Pittsfield Generating",50002,"2024-04-11",8,,,,,,
"MA","Pittsfield Generating",50002,"2024-04-11",9,,,,,,
"MA","Pittsfield Generating",50002,"2024-04-11",10,,,,,,
"MA","Pittsfield Generating",50002,"2024-04-11",11,,,,,,
"MA","Pittsfield Generating",50002,"2024-04-11",12,,,,,,
"MA","Pittsfield Generating",50002,"2024-04-11",13,,,,,,
"MA","Pittsfield Generating",50002,"2024-04-11",14,,,,,,
"MA","Pittsfield Generating",50002,"2024-04-11",15,,,,,,
"MA","Pittsfield Generating",50002,"2024-04-11",16,,,,,,
"MA","Pittsfield Generating",50002,"2024-04-11",17,,,,,,
"MA","Pittsfield Generating",50002,"2024-04-11",18,,,,,,
"MA","Pittsfield Generating",50002,"2024-04-11",19,,,,,,
"MA","Pittsfield Generating",50002,"2024-04-11",20,,,,,,
"MA","Pittsfield Generating",50002,"2024-04-11",21,,,,,,
"MA","Pittsfield Generating",50002,"2024-04-11",22,,,,,,
"MA","Pittsfield Generating",50002,"2024-04-11",23,,,,,,
"MA","Pittsfield Generating",50002,"2024-04-12",0,,,,,,
"MA","Pittsfield Generating",50002,"2024-04-12",1,,,,,,
"MA","Pittsfield Generating",50002,"2024-04-12",2,,,,,,
"MA","Pittsfield Generating",50002,"2024-04-12",3,,,,,,
"MA","Pittsfield Generating",50002,"2024-04-12",4,,,,,,
"MA","Pittsfield Generating",50002,"2024-04-12",5,,,,,,
"MA","Pittsfield Generating",50002,"2024-04-12",6,,,,,,
"MA","Pittsfield Generating",50002,"2024-04-12",7,,,,,,
"MA","Pittsfield Generating",50002,"2024-04-12",8,,,,,,
"MA","Pittsfield Generating",50002,"2024-04-12",9,,,,,,
"MA","Pittsfield Generating",50002,"2024-04-12",10,,,,,,
"MA","Pittsfield Generating",50002,"2024-04-12",11,,,,,,
"MA","Pittsfield Generating",50002,"2024-04-12",12,,,,,,
"MA","Pittsfield Generating",50002,"2024-04-12",13,,,,,,
"MA","Pittsfield Generating",50002,"2024-04-12",14,,,,,,
"MA","Pittsfield Generating",50002,"2024-04-12",15,,,,,,
"MA","Pittsfield Generating",50002,"2024-04-12",16,,,,,,
"MA","Pittsfield Generating",50002,"2024-04-12",17,,,,,,
"MA","Pittsfield Generating",50002,"2024-04-12",18,,,,,,
"MA","Pittsfield Generating",50002,"2024-04-12",19,,,,,,
"MA","Pittsfield Generating",50002,"2024-04-12",20,,,,,,
"MA","Pittsfield Generating",50002,"2024-04-12",21,,,,,,
"MA","Pittsfield Generating",50002,"2024-04-12",22,,,,,,
"MA","Pittsfield Generating",50002,"2024-04-12",23,,,,,,
"MA","Pittsfield Generating",50002,"2024-04-13",0,,,,,,
"MA","Pittsfield Generating",50002,"2024-04-13",1,,,,,,
"MA","Pittsfield Generating",50002,"2024-04-13",2,,,,,,
"MA","Pittsfield Generating",50002,"2024-04-13",3,,,,,,
"MA","Pittsfield Generating",50002,"2024-04-13",4,,,,,,
"MA","Pittsfield Generating",50002,"2024-04-13",5,,,,,,
"MA","Pittsfield Generating",50002,"2024-04-13",6,,,,,,
"MA","Pittsfield Generating",50002,"2024-04-13",7,,,,,,
"MA","Pittsfield Generating",50002,"2024-04-13",8,,,,,,
"MA","Pittsfield Generating",50002,"2024-04-13",9,,,,,,
"MA","Pittsfield Generating",50002,"2024-04-13",10,,,,,,
"MA","Pittsfield Generating",50002,"2024-04-13",11,,,,,,
"MA","Pittsfield Generating",50002,"2024-04-13",12,,,,,,
"MA","Pittsfield Generating",50002,"2024-04-13",13,,,,,,
"MA","Pittsfield Generating",50002,"2024-04-13",14,,,,,,
"MA","Pittsfield Generating",50002,"2024-04-13",15,,,,,,
"MA","Pittsfield Generating",50002,"2024-04-13",16,,,,,,
"MA","Pittsfield Generating",50002,"2024-04-13",17,,,,,,
"MA","Pittsfield Generating",50002,"2024-04-13",18,,,,,,
"MA","Pittsfield Generating",50002,"2024-04-13",19,,,,,,
"MA","Pittsfield Generating",50002,"2024-04-13",20,,,,,,
"MA","Pittsfield Generating",50002,"2024-04-13",21,,,,,,
"MA","Pittsfield Generating",50002,"2024-04-13",22,,,,,,
"MA","Pittsfield Generating",50002,"2024-04-13",23,,,,,,
"MA","Pittsfield Generating",50002,"2024-04-14",0,,,,,,
"MA","Pittsfield Generating",50002,"2024-04-14",1,,,,,,
"MA","Pittsfield Generating",50002,"2024-04-14",2,,,,,,
"MA","Pittsfield Generating",50002,"2024-04-14",3,,,,,,
"MA","Pittsfield Generating",50002,"2024-04-14",4,,,,,,
"MA","Pittsfield Generating",50002,"2024-04-14",5,,,,,,
"MA","Pittsfield Generating",50002,"2024-04-14",6,,,,,,
"MA","Pittsfield Generating",50002,"2024-04-14",7,,,,,,
"MA","Pittsfield Generating",50002,"2024-04-14",8,,,,,,
"MA","Pittsfield Generating",50002,"2024-04-14",9,,,,,,
"MA","Pittsfield Generating",50002,"2024-04-14",10,,,,,,
"MA","Pittsfield Generating",50002,"2024-04-14",11,,,,,,
"MA","Pittsfield Generating",50002,"2024-04-14",12,,,,,,
"MA","Pittsfield Generating",50002,"2024-04-14",13,,,,,,
"MA","Pittsfield Generating",50002,"2024-04-14",14,,,,,,
"MA","Pittsfield Generating",50002,"2024-04-14",15,,,,,,
"MA","Pittsfield Generating",50002,"2024-04-14",16,,,,,,
"MA","Pittsfield Generating",50002,"2024-04-14",17,,,,,,
"MA","Pittsfield Generating",50002,"2024-04-14",18,,,,,,
"MA","Pittsfield Generating",50002,"2024-04-14",19,,,,,,
"MA","Pittsfield Generating",50002,"2024-04-14",20,,,,,,
"MA","Pittsfield Generating",50002,"2024-04-14",21,,,,,,
"MA","Pittsfield Generating",50002,"2024-04-14",22,,,,,,
"MA","Pittsfield Generating",50002,"2024-04-14",23,,,,,,
"MA","Pittsfield Generating",50002,"2024-04-15",0,,,,,,
"MA","Pittsfield Generating",50002,"2024-04-15",1,,,,,,
"MA","Pittsfield Generating",50002,"2024-04-15",2,,,,,,
"MA","Pittsfield Generating",50002,"2024-04-15",3,,,,,,
"MA","Pittsfield Generating",50002,"2024-04-15",4,,,,,,
"MA","Pittsfield Generating",50002,"2024-04-15",5,,,,,,
"MA","Pittsfield Generating",50002,"2024-04-15",6,,,,,,
"MA","Pittsfield Generating",50002,"2024-04-15",7,,,,,,
"MA","Pittsfield Generating",50002,"2024-04-15",8,,,,,,
"MA","Pittsfield Generating",50002,"2024-04-15",9,,,,,,
"MA","Pittsfield Generating",50002,"2024-04-15",10,,,,,,
"MA","Pittsfield Generating",50002,"2024-04-15",11,,,,,,
"MA","Pittsfield Generating",50002,"2024-04-15",12,,,,,,
"MA","Pittsfield Generating",50002,"2024-04-15",13,,,,,,
"MA","Pittsfield Generating",50002,"2024-04-15",14,,,,,,
"MA","Pittsfield Generating",50002,"2024-04-15",15,,,,,,
"MA","Pittsfield Generating",50002,"2024-04-15",16,,,,,,
"MA","Pittsfield Generating",50002,"2024-04-15",17,,,,,,
"MA","Pittsfield Generating",50002,"2024-04-15",18,,,,,,
"MA","Pittsfield Generating",50002,"2024-04-15",19,,,,,,
"MA","Pittsfield Generating",50002,"2024-04-15",20,,,,,,
"MA","Pittsfield Generating",50002,"2024-04-15",21,,,,,,
"MA","Pittsfield Generating",50002,"2024-04-15",22,,,,,,
"MA","Pittsfield Generating",50002,"2024-04-15",23,,,,,,
"MA","Pittsfield Generating",50002,"2024-04-16",0,,,,,,
"MA","Pittsfield Generating",50002,"2024-04-16",1,,,,,,
"MA","Pittsfield Generating",50002,"2024-04-16",2,,,,,,
"MA","Pittsfield Generating",50002,"2024-04-16",3,,,,,,
"MA","Pittsfield Generating",50002,"2024-04-16",4,,,,,,
"MA","Pittsfield Generating",50002,"2024-04-16",5,,,,,,
"MA","Pittsfield Generating",50002,"2024-04-16",6,,,,,,
"MA","Pittsfield Generating",50002,"2024-04-16",7,,,,,,
"MA","Pittsfield Generating",50002,"2024-04-16",8,,,,,,
"MA","Pittsfield Generating",50002,"2024-04-16",9,,,,,,
"MA","Pittsfield Generating",50002,"2024-04-16",10,,,,,,
"MA","Pittsfield Generating",50002,"2024-04-16",11,,,,,,
"MA","Pittsfield Generating",50002,"2024-04-16",12,,,,,,
"MA","Pittsfield Generating",50002,"2024-04-16",13,,,,,,
"MA","Pittsfield Generating",50002,"2024-04-16",14,,,,,,
"MA","Pittsfield Generating",50002,"2024-04-16",15,,,,,,
"MA","Pittsfield Generating",50002,"2024-04-16",16,,,,,,
"MA","Pittsfield Generating",50002,"2024-04-16",17,,,,,,
"MA","Pittsfield Generating",50002,"2024-04-16",18,,,,,,
"MA","Pittsfield Generating",50002,"2024-04-16",19,,,,,,
"MA","Pittsfield Generating",50002,"2024-04-16",20,,,,,,
"MA","Pittsfield Generating",50002,"2024-04-16",21,,,,,,
"MA","Pittsfield Generating",50002,"2024-04-16",22,,,,,,
"MA","Pittsfield Generating",50002,"2024-04-16",23,,,,,,
"MA","Pittsfield Generating",50002,"2024-04-17",0,,,,,,
"MA","Pittsfield Generating",50002,"2024-04-17",1,,,,,,
"MA","Pittsfield Generating",50002,"2024-04-17",2,,,,,,
"MA","Pittsfield Generating",50002,"2024-04-17",3,,,,,,
"MA","Pittsfield Generating",50002,"2024-04-17",4,,,,,,
"MA","Pittsfield Generating",50002,"2024-04-17",5,,,,,,
"MA","Pittsfield Generating",50002,"2024-04-17",6,,,,,,
"MA","Pittsfield Generating",50002,"2024-04-17",7,,,,,,
"MA","Pittsfield Generating",50002,"2024-04-17",8,,,,,,
"MA","Pittsfield Generating",50002,"2024-04-17",9,,,,,,
"MA","Pittsfield Generating",50002,"2024-04-17",10,,,,,,
"MA","Pittsfield Generating",50002,"2024-04-17",11,,,,,,
"MA","Pittsfield Generating",50002,"2024-04-17",12,,,,,,
"MA","Pittsfield Generating",50002,"2024-04-17",13,,,,,,
"MA","Pittsfield Generating",50002,"2024-04-17",14,,,,,,
"MA","Pittsfield Generating",50002,"2024-04-17",15,,,,,,
"MA","Pittsfield Generating",50002,"2024-04-17",16,,,,,,
"MA","Pittsfield Generating",50002,"2024-04-17",17,,,,,,
"MA","Pittsfield Generating",50002,"2024-04-17",18,,,,,,
"MA","Pittsfield Generating",50002,"2024-04-17",19,,,,,,
"MA","Pittsfield Generating",50002,"2024-04-17",20,,,,,,
"MA","Pittsfield Generating",50002,"2024-04-17",21,,,,,,
"MA","Pittsfield Generating",50002,"2024-04-17",22,,,,,,
"MA","Pittsfield Generating",50002,"2024-04-17",23,,,,,,
"MA","Pittsfield Generating",50002,"2024-04-18",0,,,,,,
"MA","Pittsfield Generating",50002,"2024-04-18",1,,,,,,
"MA","Pittsfield Generating",50002,"2024-04-18",2,,,,,,
"MA","Pittsfield Generating",50002,"2024-04-18",3,,,,,,
"MA","Pittsfield Generating",50002,"2024-04-18",4,,,,,,
"MA","Pittsfield Generating",50002,"2024-04-18",5,,,,,,
"MA","Pittsfield Generating",50002,"2024-04-18",6,,,,,,
"MA","Pittsfield Generating",50002,"2024-04-18",7,,,,,,
"MA","Pittsfield Generating",50002,"2024-04-18",8,,,,,,
"MA","Pittsfield Generating",50002,"2024-04-18",9,,,,,,
"MA","Pittsfield Generating",50002,"2024-04-18",10,,,,,,
"MA","Pittsfield Generating",50002,"2024-04-18",11,,,,,,
"MA","Pittsfield Generating",50002,"2024-04-18",12,,,,,,
"MA","Pittsfield Generating",50002,"2024-04-18",13,,,,,,
"MA","Pittsfield Generating",50002,"2024-04-18",14,,,,,,
"MA","Pittsfield Generating",50002,"2024-04-18",15,,,,,,
"MA","Pittsfield Generating",50002,"2024-04-18",16,,,,,,
"MA","Pittsfield Generating",50002,"2024-04-18",17,,,,,,
"MA","Pittsfield Generating",50002,"2024-04-18",18,,,,,,
"MA","Pittsfield Generating",50002,"2024-04-18",19,,,,,,
"MA","Pittsfield Generating",50002,"2024-04-18",20,,,,,,
"MA","Pittsfield Generating",50002,"2024-04-18",21,,,,,,
"MA","Pittsfield Generating",50002,"2024-04-18",22,,,,,,
"MA","Pittsfield Generating",50002,"2024-04-18",23,,,,,,
"MA","Pittsfield Generating",50002,"2024-04-19",0,,,,,,
"MA","Pittsfield Generating",50002,"2024-04-19",1,,,,,,
"MA","Pittsfield Generating",50002,"2024-04-19",2,,,,,,
"MA","Pittsfield Generating",50002,"2024-04-19",3,,,,,,
"MA","Pittsfield Generating",50002,"2024-04-19",4,,,,,,
"MA","Pittsfield Generating",50002,"2024-04-19",5,,,,,,
"MA","Pittsfield Generating",50002,"2024-04-19",6,,,,,,
"MA","Pittsfield Generating",50002,"2024-04-19",7,,,,,,
"MA","Pittsfield Generating",50002,"2024-04-19",8,,,,,,
"MA","Pittsfield Generating",50002,"2024-04-19",9,,,,,,
"MA","Pittsfield Generating",50002,"2024-04-19",10,,,,,,
"MA","Pittsfield Generating",50002,"2024-04-19",11,,,,,,
"MA","Pittsfield Generating",50002,"2024-04-19",12,,,,,,
"MA","Pittsfield Generating",50002,"2024-04-19",13,,,,,,
"MA","Pittsfield Generating",50002,"2024-04-19",14,,,,,,
"MA","Pittsfield Generating",50002,"2024-04-19",15,,,,,,
"MA","Pittsfield Generating",50002,"2024-04-19",16,,,,,,
"MA","Pittsfield Generating",50002,"2024-04-19",17,,,,,,
"MA","Pittsfield Generating",50002,"2024-04-19",18,,,,,,
"MA","Pittsfield Generating",50002,"2024-04-19",19,,,,,,
"MA","Pittsfield Generating",50002,"2024-04-19",20,,,,,,
"MA","Pittsfield Generating",50002,"2024-04-19",21,,,,,,
"MA","Pittsfield Generating",50002,"2024-04-19",22,,,,,,
"MA","Pittsfield Generating",50002,"2024-04-19",23,,,,,,
"MA","Pittsfield Generating",50002,"2024-04-20",0,,,,,,
"MA","Pittsfield Generating",50002,"2024-04-20",1,,,,,,
"MA","Pittsfield Generating",50002,"2024-04-20",2,,,,,,
"MA","Pittsfield Generating",50002,"2024-04-20",3,,,,,,
"MA","Pittsfield Generating",50002,"2024-04-20",4,,,,,,
"MA","Pittsfield Generating",50002,"2024-04-20",5,,,,,,
"MA","Pittsfield Generating",50002,"2024-04-20",6,,,,,,
"MA","Pittsfield Generating",50002,"2024-04-20",7,,,,,,
"MA","Pittsfield Generating",50002,"2024-04-20",8,,,,,,
"MA","Pittsfield Generating",50002,"2024-04-20",9,,,,,,
"MA","Pittsfield Generating",50002,"2024-04-20",10,,,,,,
"MA","Pittsfield Generating",50002,"2024-04-20",11,,,,,,
"MA","Pittsfield Generating",50002,"2024-04-20",12,,,,,,
"MA","Pittsfield Generating",50002,"2024-04-20",13,,,,,,
"MA","Pittsfield Generating",50002,"2024-04-20",14,,,,,,
"MA","Pittsfield Generating",50002,"2024-04-20",15,,,,,,
"MA","Pittsfield Generating",50002,"2024-04-20",16,,,,,,
"MA","Pittsfield Generating",50002,"2024-04-20",17,,,,,,
"MA","Pittsfield Generating",50002,"2024-04-20",18,,,,,,
"MA","Pittsfield Generating",50002,"2024-04-20",19,,,,,,
"MA","Pittsfield Generating",50002,"2024-04-20",20,,,,,,
"MA","Pittsfield Generating",50002,"2024-04-20",21,,,,,,
"MA","Pittsfield Generating",50002,"2024-04-20",22,,,,,,
"MA","Pittsfield Generating",50002,"2024-04-20",23,,,,,,
"MA","Pittsfield Generating",50002,"2024-04-21",0,,,,,,
"MA","Pittsfield Generating",50002,"2024-04-21",1,,,,,,
"MA","Pittsfield Generating",50002,"2024-04-21",2,,,,,,
"MA","Pittsfield Generating",50002,"2024-04-21",3,,,,,,
"MA","Pittsfield Generating",50002,"2024-04-21",4,,,,,,
"MA","Pittsfield Generating",50002,"2024-04-21",5,,,,,,
"MA","Pittsfield Generating",50002,"2024-04-21",6,,,,,,
"MA","Pittsfield Generating",50002,"2024-04-21",7,,,,,,
"MA","Pittsfield Generating",50002,"2024-04-21",8,,,,,,
"MA","Pittsfield Generating",50002,"2024-04-21",9,,,,,,
"MA","Pittsfield Generating",50002,"2024-04-21",10,,,,,,
"MA","Pittsfield Generating",50002,"2024-04-21",11,,,,,,
"MA","Pittsfield Generating",50002,"2024-04-21",12,,,,,,
"MA","Pittsfield Generating",50002,"2024-04-21",13,,,,,,
"MA","Pittsfield Generating",50002,"2024-04-21",14,,,,,,
"MA","Pittsfield Generating",50002,"2024-04-21",15,,,,,,
"MA","Pittsfield Generating",50002,"2024-04-21",16,,,,,,
"MA","Pittsfield Generating",50002,"2024-04-21",17,,,,,,
"MA","Pittsfield Generating",50002,"2024-04-21",18,,,,,,
"MA","Pittsfield Generating",50002,"2024-04-21",19,,,,,,
"MA","Pittsfield Generating",50002,"2024-04-21",20,,,,,,
"MA","Pittsfield Generating",50002,"2024-04-21",21,,,,,,
"MA","Pittsfield Generating",50002,"2024-04-21",22,,,,,,
"MA","Pittsfield Generating",50002,"2024-04-21",23,,,,,,
"MA","Pittsfield Generating",50002,"2024-04-22",0,,,,,,
"MA","Pittsfield Generating",50002,"2024-04-22",1,,,,,,
"MA","Pittsfield Generating",50002,"2024-04-22",2,,,,,,
"MA","Pittsfield Generating",50002,"2024-04-22",3,,,,,,
"MA","Pittsfield Generating",50002,"2024-04-22",4,,,,,,
"MA","Pittsfield Generating",50002,"2024-04-22",5,,,,,,
"MA","Pittsfield Generating",50002,"2024-04-22",6,,,,,,
"MA","Pittsfield Generating",50002,"2024-04-22",7,,,,,,
"MA","Pittsfield Generating",50002,"2024-04-22",8,,,,,,
"MA","Pittsfield Generating",50002,"2024-04-22",9,,,,,,
"MA","Pittsfield Generating",50002,"2024-04-22",10,,,,,,
"MA","Pittsfield Generating",50002,"2024-04-22",11,,,,,,
"MA","Pittsfield Generating",50002,"2024-04-22",12,,,,,,
"MA","Pittsfield Generating",50002,"2024-04-22",13,,,,,,
"MA","Pittsfield Generating",50002,"2024-04-22",14,,,,,,
"MA","Pittsfield Generating",50002,"2024-04-22",15,,,,,,
"MA","Pittsfield Generating",50002,"2024-04-22",16,,,,,,
"MA","Pittsfield Generating",50002,"2024-04-22",17,,,,,,
"MA","Pittsfield Generating",50002,"2024-04-22",18,,,,,,
"MA","Pittsfield Generating",50002,"2024-04-22",19,,,,,,
"MA","Pittsfield Generating",50002,"2024-04-22",20,,,,,,
"MA","Pittsfield Generating",50002,"2024-04-22",21,,,,,,
"MA","Pittsfield Generating",50002,"2024-04-22",22,,,,,,
"MA","Pittsfield Generating",50002,"2024-04-22",23,,,,,,
"MA","Pittsfield Generating",50002,"2024-04-23",0,,,,,,
"MA","Pittsfield Generating",50002,"2024-04-23",1,,,,,,
"MA","Pittsfield Generating",50002,"2024-04-23",2,,,,,,
"MA","Pittsfield Generating",50002,"2024-04-23",3,,,,,,
"MA","Pittsfield Generating",50002,"2024-04-23",4,,,,,,
"MA","Pittsfield Generating",50002,"2024-04-23",5,,,,,,
"MA","Pittsfield Generating",50002,"2024-04-23",6,,,,,,
"MA","Pittsfield Generating",50002,"2024-04-23",7,,,,,,
"MA","Pittsfield Generating",50002,"2024-04-23",8,,,,,,
"MA","Pittsfield Generating",50002,"2024-04-23",9,,,,,,
"MA","Pittsfield Generating",50002,"2024-04-23",10,,,,,,
"MA","Pittsfield Generating",50002,"2024-04-23",11,,,,,,
"MA","Pittsfield Generating",50002,"2024-04-23",12,,,,,,
"MA","Pittsfield Generating",50002,"2024-04-23",13,,,,,,
"MA","Pittsfield Generating",50002,"2024-04-23",14,,,,,,
"MA","Pittsfield Generating",50002,"2024-04-23",15,,,,,,
"MA","Pittsfield Generating",50002,"2024-04-23",16,,,,,,
"MA","Pittsfield Generating",50002,"2024-04-23",17,,,,,,
"MA","Pittsfield Generating",50002,"2024-04-23",18,,,,,,
"MA","Pittsfield Generating",50002,"2024-04-23",19,,,,,,
"MA","Pittsfield Generating",50002,"2024-04-23",20,,,,,,
"MA","Pittsfield Generating",50002,"2024-04-23",21,,,,,,
"MA","Pittsfield Generating",50002,"2024-04-23",22,,,,,,
"MA","Pittsfield Generating",50002,"2024-04-23",23,,,,,,
"MA","Pittsfield Generating",50002,"2024-04-24",0,,,,,,
"MA","Pittsfield Generating",50002,"2024-04-24",1,,,,,,
"MA","Pittsfield Generating",50002,"2024-04-24",2,,,,,,
"MA","Pittsfield Generating",50002,"2024-04-24",3,,,,,,
"MA","Pittsfield Generating",50002,"2024-04-24",4,,,,,,
"MA","Pittsfield Generating",50002,"2024-04-24",5,,,,,,
"MA","Pittsfield Generating",50002,"2024-04-24",6,,,,,,
"MA","Pittsfield Generating",50002,"2024-04-24",7,,,,,,
"MA","Pittsfield Generating",50002,"2024-04-24",8,,,,,,
"MA","Pittsfield Generating",50002,"2024-04-24",9,,,,,,
"MA","Pittsfield Generating",50002,"2024-04-24",10,,,,,,
"MA","Pittsfield Generating",50002,"2024-04-24",11,,,,,,
"MA","Pittsfield Generating",50002,"2024-04-24",12,,,,,,
"MA","Pittsfield Generating",50002,"2024-04-24",13,,,,,,
"MA","Pittsfield Generating",50002,"2024-04-24",14,,,,,,
"MA","Pittsfield Generating",50002,"2024-04-24",15,,,,,,
"MA","Pittsfield Generating",50002,"2024-04-24",16,,,,,,
"MA","Pittsfield Generating",50002,"2024-04-24",17,,,,,,
"MA","Pittsfield Generating",50002,"2024-04-24",18,,,,,,
"MA","Pittsfield Generating",50002,"2024-04-24",19,,,,,,
"MA","Pittsfield Generating",50002,"2024-04-24",20,,,,,,
"MA","Pittsfield Generating",50002,"2024-04-24",21,,,,,,
"MA","Pittsfield Generating",50002,"2024-04-24",22,,,,,,
"MA","Pittsfield Generating",50002,"2024-04-24",23,,,,,,
"MA","Pittsfield Generating",50002,"2024-04-25",0,,,,,,
"MA","Pittsfield Generating",50002,"2024-04-25",1,,,,,,
"MA","Pittsfield Generating",50002,"2024-04-25",2,,,,,,
"MA","Pittsfield Generating",50002,"2024-04-25",3,,,,,,
"MA","Pittsfield Generating",50002,"2024-04-25",4,,,,,,
"MA","Pittsfield Generating",50002,"2024-04-25",5,,,,,,
"MA","Pittsfield Generating",50002,"2024-04-25",6,,,,,,
"MA","Pittsfield Generating",50002,"2024-04-25",7,,,,,,
"MA","Pittsfield Generating",50002,"2024-04-25",8,,,,,,
"MA","Pittsfield Generating",50002,"2024-04-25",9,,,,,,
"MA","Pittsfield Generating",50002,"2024-04-25",10,,,,,,
"MA","Pittsfield Generating",50002,"2024-04-25",11,,,,,,
"MA","Pittsfield Generating",50002,"2024-04-25",12,,,,,,
"MA","Pittsfield Generating",50002,"2024-04-25",13,,,,,,
"MA","Pittsfield Generating",50002,"2024-04-25",14,,,,,,
"MA","Pittsfield Generating",50002,"2024-04-25",15,,,,,,
"MA","Pittsfield Generating",50002,"2024-04-25",16,,,,,,
"MA","Pittsfield Generating",50002,"2024-04-25",17,,,,,,
"MA","Pittsfield Generating",50002,"2024-04-25",18,,,,,,
"MA","Pittsfield Generating",50002,"2024-04-25",19,,,,,,
"MA","Pittsfield Generating",50002,"2024-04-25",20,,,,,,
"MA","Pittsfield Generating",50002,"2024-04-25",21,,,,,,
"MA","Pittsfield Generating",50002,"2024-04-25",22,,,,,,
"MA","Pittsfield Generating",50002,"2024-04-25",23,,,,,,
"MA","Pittsfield Generating",50002,"2024-04-26",0,,,,,,
"MA","Pittsfield Generating",50002,"2024-04-26",1,,,,,,
"MA","Pittsfield Generating",50002,"2024-04-26",2,,,,,,
"MA","Pittsfield Generating",50002,"2024-04-26",3,,,,,,
"MA","Pittsfield Generating",50002,"2024-04-26",4,,,,,,
"MA","Pittsfield Generating",50002,"2024-04-26",5,,,,,,
"MA","Pittsfield Generating",50002,"2024-04-26",6,,,,,,
"MA","Pittsfield Generating",50002,"2024-04-26",7,,,,,,
"MA","Pittsfield Generating",50002,"2024-04-26",8,,,,,,
"MA","Pittsfield Generating",50002,"2024-04-26",9,,,,,,
"MA","Pittsfield Generating",50002,"2024-04-26",10,,,,,,
"MA","Pittsfield Generating",50002,"2024-04-26",11,,,,,,
"MA","Pittsfield Generating",50002,"2024-04-26",12,,,,,,
"MA","Pittsfield Generating",50002,"2024-04-26",13,,,,,,
"MA","Pittsfield Generating",50002,"2024-04-26",14,,,,,,
"MA","Pittsfield Generating",50002,"2024-04-26",15,,,,,,
"MA","Pittsfield Generating",50002,"2024-04-26",16,,,,,,
"MA","Pittsfield Generating",50002,"2024-04-26",17,,,,,,
"MA","Pittsfield Generating",50002,"2024-04-26",18,,,,,,
"MA","Pittsfield Generating",50002,"2024-04-26",19,,,,,,
"MA","Pittsfield Generating",50002,"2024-04-26",20,,,,,,
"MA","Pittsfield Generating",50002,"2024-04-26",21,,,,,,
"MA","Pittsfield Generating",50002,"2024-04-26",22,,,,,,
"MA","Pittsfield Generating",50002,"2024-04-26",23,,,,,,
"MA","Pittsfield Generating",50002,"2024-04-27",0,,,,,,
"MA","Pittsfield Generating",50002,"2024-04-27",1,,,,,,
"MA","Pittsfield Generating",50002,"2024-04-27",2,,,,,,
"MA","Pittsfield Generating",50002,"2024-04-27",3,,,,,,
"MA","Pittsfield Generating",50002,"2024-04-27",4,,,,,,
"MA","Pittsfield Generating",50002,"2024-04-27",5,,,,,,
"MA","Pittsfield Generating",50002,"2024-04-27",6,,,,,,
"MA","Pittsfield Generating",50002,"2024-04-27",7,,,,,,
"MA","Pittsfield Generating",50002,"2024-04-27",8,,,,,,
"MA","Pittsfield Generating",50002,"2024-04-27",9,,,,,,
"MA","Pittsfield Generating",50002,"2024-04-27",10,,,,,,
"MA","Pittsfield Generating",50002,"2024-04-27",11,,,,,,
"MA","Pittsfield Generating",50002,"2024-04-27",12,,,,,,
"MA","Pittsfield Generating",50002,"2024-04-27",13,,,,,,
"MA","Pittsfield Generating",50002,"2024-04-27",14,,,,,,
"MA","Pittsfield Generating",50002,"2024-04-27",15,,,,,,
"MA","Pittsfield Generating",50002,"2024-04-27",16,,,,,,
"MA","Pittsfield Generating",50002,"2024-04-27",17,,,,,,
"MA","Pittsfield Generating",50002,"2024-04-27",18,,,,,,
"MA","Pittsfield Generating",50002,"2024-04-27",19,,,,,,
"MA","Pittsfield Generating",50002,"2024-04-27",20,,,,,,
"MA","Pittsfield Generating",50002,"2024-04-27",21,,,,,,
"MA","Pittsfield Generating",50002,"2024-04-27",22,,,,,,
"MA","Pittsfield Generating",50002,"2024-04-27",23,,,,,,
"MA","Pittsfield Generating",50002,"2024-04-28",0,,,,,,
"MA","Pittsfield Generating",50002,"2024-04-28",1,,,,,,
"MA","Pittsfield Generating",50002,"2024-04-28",2,,,,,,
"MA","Pittsfield Generating",50002,"2024-04-28",3,,,,,,
"MA","Pittsfield Generating",50002,"2024-04-28",4,,,,,,
"MA","Pittsfield Generating",50002,"2024-04-28",5,,,,,,
"MA","Pittsfield Generating",50002,"2024-04-28",6,,,,,,
"MA","Pittsfield Generating",50002,"2024-04-28",7,,,,,,
"MA","Pittsfield Generating",50002,"2024-04-28",8,,,,,,
"MA","Pittsfield Generating",50002,"2024-04-28",9,,,,,,
"MA","Pittsfield Generating",50002,"2024-04-28",10,,,,,,
"MA","Pittsfield Generating",50002,"2024-04-28",11,,,,,,
"MA","Pittsfield Generating",50002,"2024-04-28",12,,,,,,
"MA","Pittsfield Generating",50002,"2024-04-28",13,,,,,,
"MA","Pittsfield Generating",50002,"2024-04-28",14,,,,,,
"MA","Pittsfield Generating",50002,"2024-04-28",15,,,,,,
"MA","Pittsfield Generating",50002,"2024-04-28",16,,,,,,
"MA","Pittsfield Generating",50002,"2024-04-28",17,,,,,,
"MA","Pittsfield Generating",50002,"2024-04-28",18,,,,,,
"MA","Pittsfield Generating",50002,"2024-04-28",19,,,,,,
"MA","Pittsfield Generating",50002,"2024-04-28",20,,,,,,
"MA","Pittsfield Generating",50002,"2024-04-28",21,,,,,,
"MA","Pittsfield Generating",50002,"2024-04-28",22,,,,,,
"MA","Pittsfield Generating",50002,"2024-04-28",23,,,,,,
"MA","Pittsfield Generating",50002,"2024-04-29",0,,,,,,
"MA","Pittsfield Generating",50002,"2024-04-29",1,,,,,,
"MA","Pittsfield Generating",50002,"2024-04-29",2,,,,,,
"MA","Pittsfield Generating",50002,"2024-04-29",3,,,,,,
"MA","Pittsfield Generating",50002,"2024-04-29",4,,,,,,
"MA","Pittsfield Generating",50002,"2024-04-29",5,,,,,,
"MA","Pittsfield Generating",50002,"2024-04-29",6,,,,,,
"MA","Pittsfield Generating",50002,"2024-04-29",7,,,,,,
"MA","Pittsfield Generating",50002,"2024-04-29",8,,,,,,
"MA","Pittsfield Generating",50002,"2024-04-29",9,,,,,,
"MA","Pittsfield Generating",50002,"2024-04-29",10,,,,,,
"MA","Pittsfield Generating",50002,"2024-04-29",11,,,,,,
"MA","Pittsfield Generating",50002,"2024-04-29",12,,,,,,
"MA","Pittsfield Generating",50002,"2024-04-29",13,,,,,,
"MA","Pittsfield Generating",50002,"2024-04-29",14,,,,,,
"MA","Pittsfield Generating",50002,"2024-04-29",15,,,,,,
"MA","Pittsfield Generating",50002,"2024-04-29",16,,,,,,
"MA","Pittsfield Generating",50002,"2024-04-29",17,,,,,,
"MA","Pittsfield Generating",50002,"2024-04-29",18,,,,,,
"MA","Pittsfield Generating",50002,"2024-04-29",19,,,,,,
"MA","Pittsfield Generating",50002,"2024-04-29",20,,,,,,
"MA","Pittsfield Generating",50002,"2024-04-29",21,,,,,,
"MA","Pittsfield Generating",50002,"2024-04-29",22,,,,,,
"MA","Pittsfield Generating",50002,"2024-04-29",23,,,,,,
"MA","Pittsfield Generating",50002,"2024-04-30",0,,,,,,
"MA","Pittsfield Generating",50002,"2024-04-30",1,,,,,,
"MA","Pittsfield Generating",50002,"2024-04-30",2,,,,,,
"MA","Pittsfield Generating",50002,"2024-04-30",3,,,,,,
"MA","Pittsfield Generating",50002,"2024-04-30",4,,,,,,
"MA","Pittsfield Generating",50002,"2024-04-30",5,,,,,,
"MA","Pittsfield Generating",50002,"2024-04-30",6,,,,,,
"MA","Pittsfield Generating",50002,"2024-04-30",7,,,,,,
"MA","Pittsfield Generating",50002,"2024-04-30",8,,,,,,
"MA","Pittsfield Generating",50002,"2024-04-30",9,,,,,,
"MA","Pittsfield Generating",50002,"2024-04-30",10,,,,,,
"MA","Pittsfield Generating",50002,"2024-04-30",11,,,,,,
"MA","Pittsfield Generating",50002,"2024-04-30",12,,,,,,
"MA","Pittsfield Generating",50002,"2024-04-30",13,,,,,,
"MA","Pittsfield Generating",50002,"2024-04-30",14,,,,,,
"MA","Pittsfield Generating",50002,"2024-04-30",15,,,,,,
"MA","Pittsfield Generating",50002,"2024-04-30",16,,,,,,
"MA","Pittsfield Generating",50002,"2024-04-30",17,,,,,,
"MA","Pittsfield Generating",50002,"2024-04-30",18,,,,,,
"MA","Pittsfield Generating",50002,"2024-04-30",19,,,,,,
"MA","Pittsfield Generating",50002,"2024-04-30",20,,,,,,
"MA","Pittsfield Generating",50002,"2024-04-30",21,,,,,,
"MA","Pittsfield Generating",50002,"2024-04-30",22,,,,,,
"MA","Pittsfield Generating",50002,"2024-04-30",23,,,,,,
"MA","Pittsfield Generating",50002,"2024-05-01",0,,,,,,
"MA","Pittsfield Generating",50002,"2024-05-01",1,,,,,,
"MA","Pittsfield Generating",50002,"2024-05-01",2,,,,,,
"MA","Pittsfield Generating",50002,"2024-05-01",3,,,,,,
"MA","Pittsfield Generating",50002,"2024-05-01",4,,,,,,
"MA","Pittsfield Generating",50002,"2024-05-01",5,,,,,,
"MA","Pittsfield Generating",50002,"2024-05-01",6,,,,,,
"MA","Pittsfield Generating",50002,"2024-05-01",7,,,,,,
"MA","Pittsfield Generating",50002,"2024-05-01",8,,,,,,
"MA","Pittsfield Generating",50002,"2024-05-01",9,,,,,,
"MA","Pittsfield Generating",50002,"2024-05-01",10,,,,,,
"MA","Pittsfield Generating",50002,"2024-05-01",11,,,,,,
"MA","Pittsfield Generating",50002,"2024-05-01",12,,,,,,
"MA","Pittsfield Generating",50002,"2024-05-01",13,,,,,,
"MA","Pittsfield Generating",50002,"2024-05-01",14,,,,,,
"MA","Pittsfield Generating",50002,"2024-05-01",15,,,,,,
"MA","Pittsfield Generating",50002,"2024-05-01",16,,,,,,
"MA","Pittsfield Generating",50002,"2024-05-01",17,,,,,,
"MA","Pittsfield Generating",50002,"2024-05-01",18,,,,,,
"MA","Pittsfield Generating",50002,"2024-05-01",19,,,,,,
"MA","Pittsfield Generating",50002,"2024-05-01",20,,,,,,
"MA","Pittsfield Generating",50002,"2024-05-01",21,,,,,,
"MA","Pittsfield Generating",50002,"2024-05-01",22,,,,,,
"MA","Pittsfield Generating",50002,"2024-05-01",23,,,,,,
"MA","Pittsfield Generating",50002,"2024-05-02",0,,,,,,
"MA","Pittsfield Generating",50002,"2024-05-02",1,,,,,,
"MA","Pittsfield Generating",50002,"2024-05-02",2,,,,,,
"MA","Pittsfield Generating",50002,"2024-05-02",3,,,,,,
"MA","Pittsfield Generating",50002,"2024-05-02",4,,,,,,
"MA","Pittsfield Generating",50002,"2024-05-02",5,,,,,,
"MA","Pittsfield Generating",50002,"2024-05-02",6,,,,,,
"MA","Pittsfield Generating",50002,"2024-05-02",7,,,,,,
"MA","Pittsfield Generating",50002,"2024-05-02",8,,,,,,
"MA","Pittsfield Generating",50002,"2024-05-02",9,,,,,,
"MA","Pittsfield Generating",50002,"2024-05-02",10,,,,,,
"MA","Pittsfield Generating",50002,"2024-05-02",11,,,,,,
"MA","Pittsfield Generating",50002,"2024-05-02",12,,,,,,
"MA","Pittsfield Generating",50002,"2024-05-02",13,,,,,,
"MA","Pittsfield Generating",50002,"2024-05-02",14,,,,,,
"MA","Pittsfield Generating",50002,"2024-05-02",15,,,,,,
"MA","Pittsfield Generating",50002,"2024-05-02",16,,,,,,
"MA","Pittsfield Generating",50002,"2024-05-02",17,,,,,,
"MA","Pittsfield Generating",50002,"2024-05-02",18,,,,,,
"MA","Pittsfield Generating",50002,"2024-05-02",19,,,,,,
"MA","Pittsfield Generating",50002,"2024-05-02",20,,,,,,
"MA","Pittsfield Generating",50002,"2024-05-02",21,,,,,,
"MA","Pittsfield Generating",50002,"2024-05-02",22,,,,,,
"MA","Pittsfield Generating",50002,"2024-05-02",23,,,,,,
"MA","Pittsfield Generating",50002,"2024-05-03",0,,,,,,
"MA","Pittsfield Generating",50002,"2024-05-03",1,,,,,,
"MA","Pittsfield Generating",50002,"2024-05-03",2,,,,,,
"MA","Pittsfield Generating",50002,"2024-05-03",3,,,,,,
"MA","Pittsfield Generating",50002,"2024-05-03",4,,,,,,
"MA","Pittsfield Generating",50002,"2024-05-03",5,,,,,,
"MA","Pittsfield Generating",50002,"2024-05-03",6,,,,,,
"MA","Pittsfield Generating",50002,"2024-05-03",7,,,,,,
"MA","Pittsfield Generating",50002,"2024-05-03",8,,,,,,
"MA","Pittsfield Generating",50002,"2024-05-03",9,,,,,,
"MA","Pittsfield Generating",50002,"2024-05-03",10,,,,,,
"MA","Pittsfield Generating",50002,"2024-05-03",11,,,,,,
"MA","Pittsfield Generating",50002,"2024-05-03",12,,,,,,
"MA","Pittsfield Generating",50002,"2024-05-03",13,,,,,,
"MA","Pittsfield Generating",50002,"2024-05-03",14,,,,,,
"MA","Pittsfield Generating",50002,"2024-05-03",15,,,,,,
"MA","Pittsfield Generating",50002,"2024-05-03",16,,,,,,
"MA","Pittsfield Generating",50002,"2024-05-03",17,,,,,,
"MA","Pittsfield Generating",50002,"2024-05-03",18,,,,,,
"MA","Pittsfield Generating",50002,"2024-05-03",19,,,,,,
"MA","Pittsfield Generating",50002,"2024-05-03",20,,,,,,
"MA","Pittsfield Generating",50002,"2024-05-03",21,,,,,,
"MA","Pittsfield Generating",50002,"2024-05-03",22,,,,,,
"MA","Pittsfield Generating",50002,"2024-05-03",23,,,,,,
"MA","Pittsfield Generating",50002,"2024-05-04",0,,,,,,
"MA","Pittsfield Generating",50002,"2024-05-04",1,,,,,,
"MA","Pittsfield Generating",50002,"2024-05-04",2,,,,,,
"MA","Pittsfield Generating",50002,"2024-05-04",3,,,,,,
"MA","Pittsfield Generating",50002,"2024-05-04",4,,,,,,
"MA","Pittsfield Generating",50002,"2024-05-04",5,,,,,,
"MA","Pittsfield Generating",50002,"2024-05-04",6,,,,,,
"MA","Pittsfield Generating",50002,"2024-05-04",7,,,,,,
"MA","Pittsfield Generating",50002,"2024-05-04",8,,,,,,
"MA","Pittsfield Generating",50002,"2024-05-04",9,,,,,,
"MA","Pittsfield Generating",50002,"2024-05-04",10,,,,,,
"MA","Pittsfield Generating",50002,"2024-05-04",11,,,,,,
"MA","Pittsfield Generating",50002,"2024-05-04",12,,,,,,
"MA","Pittsfield Generating",50002,"2024-05-04",13,,,,,,
"MA","Pittsfield Generating",50002,"2024-05-04",14,,,,,,
"MA","Pittsfield Generating",50002,"2024-05-04",15,,,,,,
"MA","Pittsfield Generating",50002,"2024-05-04",16,,,,,,
"MA","Pittsfield Generating",50002,"2024-05-04",17,,,,,,
"MA","Pittsfield Generating",50002,"2024-05-04",18,,,,,,
"MA","Pittsfield Generating",50002,"2024-05-04",19,,,,,,
"MA","Pittsfield Generating",50002,"2024-05-04",20,,,,,,
"MA","Pittsfield Generating",50002,"2024-05-04",21,,,,,,
"MA","Pittsfield Generating",50002,"2024-05-04",22,,,,,,
"MA","Pittsfield Generating",50002,"2024-05-04",23,,,,,,
"MA","Pittsfield Generating",50002,"2024-05-05",0,,,,,,
"MA","Pittsfield Generating",50002,"2024-05-05",1,,,,,,
"MA","Pittsfield Generating",50002,"2024-05-05",2,,,,,,
"MA","Pittsfield Generating",50002,"2024-05-05",3,,,,,,
"MA","Pittsfield Generating",50002,"2024-05-05",4,,,,,,
"MA","Pittsfield Generating",50002,"2024-05-05",5,,,,,,
"MA","Pittsfield Generating",50002,"2024-05-05",6,,,,,,
"MA","Pittsfield Generating",50002,"2024-05-05",7,,,,,,
"MA","Pittsfield Generating",50002,"2024-05-05",8,,,,,,
"MA","Pittsfield Generating",50002,"2024-05-05",9,,,,,,
"MA","Pittsfield Generating",50002,"2024-05-05",10,,,,,,
"MA","Pittsfield Generating",50002,"2024-05-05",11,,,,,,
"MA","Pittsfield Generating",50002,"2024-05-05",12,,,,,,
"MA","Pittsfield Generating",50002,"2024-05-05",13,,,,,,
"MA","Pittsfield Generating",50002,"2024-05-05",14,,,,,,
"MA","Pittsfield Generating",50002,"2024-05-05",15,,,,,,
"MA","Pittsfield Generating",50002,"2024-05-05",16,,,,,,
"MA","Pittsfield Generating",50002,"2024-05-05",17,,,,,,
"MA","Pittsfield Generating",50002,"2024-05-05",18,,,,,,
"MA","Pittsfield Generating",50002,"2024-05-05",19,,,,,,
"MA","Pittsfield Generating",50002,"2024-05-05",20,,,,,,
"MA","Pittsfield Generating",50002,"2024-05-05",21,,,,,,
"MA","Pittsfield Generating",50002,"2024-05-05",22,,,,,,
"MA","Pittsfield Generating",50002,"2024-05-05",23,,,,,,
"MA","Pittsfield Generating",50002,"2024-05-06",0,,,,,,
"MA","Pittsfield Generating",50002,"2024-05-06",1,,,,,,
"MA","Pittsfield Generating",50002,"2024-05-06",2,,,,,,
"MA","Pittsfield Generating",50002,"2024-05-06",3,,,,,,
"MA","Pittsfield Generating",50002,"2024-05-06",4,,,,,,
"MA","Pittsfield Generating",50002,"2024-05-06",5,,,,,,
"MA","Pittsfield Generating",50002,"2024-05-06",6,,,,,,
"MA","Pittsfield Generating",50002,"2024-05-06",7,,,,,,
"MA","Pittsfield Generating",50002,"2024-05-06",8,,,,,,
"MA","Pittsfield Generating",50002,"2024-05-06",9,,,,,,
"MA","Pittsfield Generating",50002,"2024-05-06",10,,,,,,
"MA","Pittsfield Generating",50002,"2024-05-06",11,,,,,,
"MA","Pittsfield Generating",50002,"2024-05-06",12,,,,,,
"MA","Pittsfield Generating",50002,"2024-05-06",13,,,,,,
"MA","Pittsfield Generating",50002,"2024-05-06",14,,,,,,
"MA","Pittsfield Generating",50002,"2024-05-06",15,,,,,,
"MA","Pittsfield Generating",50002,"2024-05-06",16,,,,,,
"MA","Pittsfield Generating",50002,"2024-05-06",17,,,,,,
"MA","Pittsfield Generating",50002,"2024-05-06",18,,,,,,
"MA","Pittsfield Generating",50002,"2024-05-06",19,,,,,,
"MA","Pittsfield Generating",50002,"2024-05-06",20,,,,,,
"MA","Pittsfield Generating",50002,"2024-05-06",21,,,,,,
"MA","Pittsfield Generating",50002,"2024-05-06",22,,,,,,
"MA","Pittsfield Generating",50002,"2024-05-06",23,,,,,,
"MA","Pittsfield Generating",50002,"2024-05-07",0,,,,,,
"MA","Pittsfield Generating",50002,"2024-05-07",1,,,,,,
"MA","Pittsfield Generating",50002,"2024-05-07",2,,,,,,
"MA","Pittsfield Generating",50002,"2024-05-07",3,,,,,,
"MA","Pittsfield Generating",50002,"2024-05-07",4,,,,,,
"MA","Pittsfield Generating",50002,"2024-05-07",5,,,,,,
"MA","Pittsfield Generating",50002,"2024-05-07",6,,,,,,
"MA","Pittsfield Generating",50002,"2024-05-07",7,,,,,,
"MA","Pittsfield Generating",50002,"2024-05-07",8,,,,,,
"MA","Pittsfield Generating",50002,"2024-05-07",9,,,,,,
"MA","Pittsfield Generating",50002,"2024-05-07",10,,,,,,
"MA","Pittsfield Generating",50002,"2024-05-07",11,,,,,,
"MA","Pittsfield Generating",50002,"2024-05-07",12,,,,,,
"MA","Pittsfield Generating",50002,"2024-05-07",13,,,,,,
"MA","Pittsfield Generating",50002,"2024-05-07",14,,,,,,
"MA","Pittsfield Generating",50002,"2024-05-07",15,,,,,,
"MA","Pittsfield Generating",50002,"2024-05-07",16,,,,,,
"MA","Pittsfield Generating",50002,"2024-05-07",17,,,,,,
"MA","Pittsfield Generating",50002,"2024-05-07",18,,,,,,
"MA","Pittsfield Generating",50002,"2024-05-07",19,,,,,,
"MA","Pittsfield Generating",50002,"2024-05-07",20,,,,,,
"MA","Pittsfield Generating",50002,"2024-05-07",21,,,,,,
"MA","Pittsfield Generating",50002,"2024-05-07",22,,,,,,
"MA","Pittsfield Generating",50002,"2024-05-07",23,,,,,,
"MA","Pittsfield Generating",50002,"2024-05-08",0,,,,,,
"MA","Pittsfield Generating",50002,"2024-05-08",1,,,,,,
"MA","Pittsfield Generating",50002,"2024-05-08",2,,,,,,
"MA","Pittsfield Generating",50002,"2024-05-08",3,,,,,,
"MA","Pittsfield Generating",50002,"2024-05-08",4,,,,,,
"MA","Pittsfield Generating",50002,"2024-05-08",5,,,,,,
"MA","Pittsfield Generating",50002,"2024-05-08",6,,,,,,
"MA","Pittsfield Generating",50002,"2024-05-08",7,,,,,,
"MA","Pittsfield Generating",50002,"2024-05-08",8,,,,,,
"MA","Pittsfield Generating",50002,"2024-05-08",9,,,,,,
"MA","Pittsfield Generating",50002,"2024-05-08",10,,,,,,
"MA","Pittsfield Generating",50002,"2024-05-08",11,,,,,,
"MA","Pittsfield Generating",50002,"2024-05-08",12,,,,,,
"MA","Pittsfield Generating",50002,"2024-05-08",13,,,,,,
"MA","Pittsfield Generating",50002,"2024-05-08",14,,,,,,
"MA","Pittsfield Generating",50002,"2024-05-08",15,,,,,,
"MA","Pittsfield Generating",50002,"2024-05-08",16,,,,,,
"MA","Pittsfield Generating",50002,"2024-05-08",17,,,,,,
"MA","Pittsfield Generating",50002,"2024-05-08",18,,,,,,
"MA","Pittsfield Generating",50002,"2024-05-08",19,,,,,,
"MA","Pittsfield Generating",50002,"2024-05-08",20,,,,,,
"MA","Pittsfield Generating",50002,"2024-05-08",21,,,,,,
"MA","Pittsfield Generating",50002,"2024-05-08",22,,,,,,
"MA","Pittsfield Generating",50002,"2024-05-08",23,,,,,,
"MA","Pittsfield Generating",50002,"2024-05-09",0,,,,,,
"MA","Pittsfield Generating",50002,"2024-05-09",1,,,,,,
"MA","Pittsfield Generating",50002,"2024-05-09",2,,,,,,
"MA","Pittsfield Generating",50002,"2024-05-09",3,,,,,,
"MA","Pittsfield Generating",50002,"2024-05-09",4,,,,,,
"MA","Pittsfield Generating",50002,"2024-05-09",5,,,,,,
"MA","Pittsfield Generating",50002,"2024-05-09",6,,,,,,
"MA","Pittsfield Generating",50002,"2024-05-09",7,,,,,,
"MA","Pittsfield Generating",50002,"2024-05-09",8,,,,,,
"MA","Pittsfield Generating",50002,"2024-05-09",9,,,,,,
"MA","Pittsfield Generating",50002,"2024-05-09",10,,,,,,
"MA","Pittsfield Generating",50002,"2024-05-09",11,,,,,,
"MA","Pittsfield Generating",50002,"2024-05-09",12,,,,,,
"MA","Pittsfield Generating",50002,"2024-05-09",13,,,,,,
"MA","Pittsfield Generating",50002,"2024-05-09",14,,,,,,
"MA","Pittsfield Generating",50002,"2024-05-09",15,,,,,,
"MA","Pittsfield Generating",50002,"2024-05-09",16,,,,,,
"MA","Pittsfield Generating",50002,"2024-05-09",17,,,,,,
"MA","Pittsfield Generating",50002,"2024-05-09",18,,,,,,
"MA","Pittsfield Generating",50002,"2024-05-09",19,,,,,,
"MA","Pittsfield Generating",50002,"2024-05-09",20,,,,,,
"MA","Pittsfield Generating",50002,"2024-05-09",21,,,,,,
"MA","Pittsfield Generating",50002,"2024-05-09",22,,,,,,
"MA","Pittsfield Generating",50002,"2024-05-09",23,,,,,,
"MA","Pittsfield Generating",50002,"2024-05-10",0,,,,,,
"MA","Pittsfield Generating",50002,"2024-05-10",1,,,,,,
"MA","Pittsfield Generating",50002,"2024-05-10",2,,,,,,
"MA","Pittsfield Generating",50002,"2024-05-10",3,,,,,,
"MA","Pittsfield Generating",50002,"2024-05-10",4,,,,,,
"MA","Pittsfield Generating",50002,"2024-05-10",5,,,,,,
"MA","Pittsfield Generating",50002,"2024-05-10",6,,,,,,
"MA","Pittsfield Generating",50002,"2024-05-10",7,,,,,,
"MA","Pittsfield Generating",50002,"2024-05-10",8,,,,,,
"MA","Pittsfield Generating",50002,"2024-05-10",9,,,,,,
"MA","Pittsfield Generating",50002,"2024-05-10",10,,,,,,
"MA","Pittsfield Generating",50002,"2024-05-10",11,,,,,,
"MA","Pittsfield Generating",50002,"2024-05-10",12,,,,,,
"MA","Pittsfield Generating",50002,"2024-05-10",13,,,,,,
"MA","Pittsfield Generating",50002,"2024-05-10",14,,,,,,
"MA","Pittsfield Generating",50002,"2024-05-10",15,,,,,,
"MA","Pittsfield Generating",50002,"2024-05-10",16,,,,,,
"MA","Pittsfield Generating",50002,"2024-05-10",17,,,,,,
"MA","Pittsfield Generating",50002,"2024-05-10",18,,,,,,
"MA","Pittsfield Generating",50002,"2024-05-10",19,,,,,,
"MA","Pittsfield Generating",50002,"2024-05-10",20,,,,,,
"MA","Pittsfield Generating",50002,"2024-05-10",21,,,,,,
"MA","Pittsfield Generating",50002,"2024-05-10",22,,,,,,
"MA","Pittsfield Generating",50002,"2024-05-10",23,,,,,,
"MA","Pittsfield Generating",50002,"2024-05-11",0,,,,,,
"MA","Pittsfield Generating",50002,"2024-05-11",1,,,,,,
"MA","Pittsfield Generating",50002,"2024-05-11",2,,,,,,
"MA","Pittsfield Generating",50002,"2024-05-11",3,,,,,,
"MA","Pittsfield Generating",50002,"2024-05-11",4,,,,,,
"MA","Pittsfield Generating",50002,"2024-05-11",5,,,,,,
"MA","Pittsfield Generating",50002,"2024-05-11",6,,,,,,
"MA","Pittsfield Generating",50002,"2024-05-11",7,,,,,,
"MA","Pittsfield Generating",50002,"2024-05-11",8,,,,,,
"MA","Pittsfield Generating",50002,"2024-05-11",9,,,,,,
"MA","Pittsfield Generating",50002,"2024-05-11",10,,,,,,
"MA","Pittsfield Generating",50002,"2024-05-11",11,,,,,,
"MA","Pittsfield Generating",50002,"2024-05-11",12,,,,,,
"MA","Pittsfield Generating",50002,"2024-05-11",13,,,,,,
"MA","Pittsfield Generating",50002,"2024-05-11",14,,,,,,
"MA","Pittsfield Generating",50002,"2024-05-11",15,,,,,,
"MA","Pittsfield Generating",50002,"2024-05-11",16,,,,,,
"MA","Pittsfield Generating",50002,"2024-05-11",17,,,,,,
"MA","Pittsfield Generating",50002,"2024-05-11",18,,,,,,
"MA","Pittsfield Generating",50002,"2024-05-11",19,,,,,,
"MA","Pittsfield Generating",50002,"2024-05-11",20,,,,,,
"MA","Pittsfield Generating",50002,"2024-05-11",21,,,,,,
"MA","Pittsfield Generating",50002,"2024-05-11",22,,,,,,
"MA","Pittsfield Generating",50002,"2024-05-11",23,,,,,,
"MA","Pittsfield Generating",50002,"2024-05-12",0,,,,,,
"MA","Pittsfield Generating",50002,"2024-05-12",1,,,,,,
"MA","Pittsfield Generating",50002,"2024-05-12",2,,,,,,
"MA","Pittsfield Generating",50002,"2024-05-12",3,,,,,,
"MA","Pittsfield Generating",50002,"2024-05-12",4,,,,,,
"MA","Pittsfield Generating",50002,"2024-05-12",5,,,,,,
"MA","Pittsfield Generating",50002,"2024-05-12",6,,,,,,
"MA","Pittsfield Generating",50002,"2024-05-12",7,,,,,,
"MA","Pittsfield Generating",50002,"2024-05-12",8,,,,,,
"MA","Pittsfield Generating",50002,"2024-05-12",9,,,,,,
"MA","Pittsfield Generating",50002,"2024-05-12",10,,,,,,
"MA","Pittsfield Generating",50002,"2024-05-12",11,,,,,,
"MA","Pittsfield Generating",50002,"2024-05-12",12,,,,,,
"MA","Pittsfield Generating",50002,"2024-05-12",13,,,,,,
"MA","Pittsfield Generating",50002,"2024-05-12",14,,,,,,
"MA","Pittsfield Generating",50002,"2024-05-12",15,,,,,,
"MA","Pittsfield Generating",50002,"2024-05-12",16,,,,,,
"MA","Pittsfield Generating",50002,"2024-05-12",17,,,,,,
"MA","Pittsfield Generating",50002,"2024-05-12",18,,,,,,
"MA","Pittsfield Generating",50002,"2024-05-12",19,,,,,,
"MA","Pittsfield Generating",50002,"2024-05-12",20,,,,,,
"MA","Pittsfield Generating",50002,"2024-05-12",21,,,,,,
"MA","Pittsfield Generating",50002,"2024-05-12",22,,,,,,
"MA","Pittsfield Generating",50002,"2024-05-12",23,,,,,,
"MA","Pittsfield Generating",50002,"2024-05-13",0,,,,,,
"MA","Pittsfield Generating",50002,"2024-05-13",1,,,,,,
"MA","Pittsfield Generating",50002,"2024-05-13",2,,,,,,
"MA","Pittsfield Generating",50002,"2024-05-13",3,,,,,,
"MA","Pittsfield Generating",50002,"2024-05-13",4,,,,,,
"MA","Pittsfield Generating",50002,"2024-05-13",5,,,,,,
"MA","Pittsfield Generating",50002,"2024-05-13",6,,,,,,
"MA","Pittsfield Generating",50002,"2024-05-13",7,,,,,,
"MA","Pittsfield Generating",50002,"2024-05-13",8,,,,,,
"MA","Pittsfield Generating",50002,"2024-05-13",9,,,,,,
"MA","Pittsfield Generating",50002,"2024-05-13",10,,,,,,
"MA","Pittsfield Generating",50002,"2024-05-13",11,,,,,,
"MA","Pittsfield Generating",50002,"2024-05-13",12,,,,,,
"MA","Pittsfield Generating",50002,"2024-05-13",13,,,,,,
"MA","Pittsfield Generating",50002,"2024-05-13",14,,,,,,
"MA","Pittsfield Generating",50002,"2024-05-13",15,,,,,,
"MA","Pittsfield Generating",50002,"2024-05-13",16,,,,,,
"MA","Pittsfield Generating",50002,"2024-05-13",17,,,,,,
"MA","Pittsfield Generating",50002,"2024-05-13",18,,,,,,
"MA","Pittsfield Generating",50002,"2024-05-13",19,,,,,,
"MA","Pittsfield Generating",50002,"2024-05-13",20,,,,,,
"MA","Pittsfield Generating",50002,"2024-05-13",21,,,,,,
"MA","Pittsfield Generating",50002,"2024-05-13",22,,,,,,
"MA","Pittsfield Generating",50002,"2024-05-13",23,,,,,,
"MA","Pittsfield Generating",50002,"2024-05-14",0,,,,,,
"MA","Pittsfield Generating",50002,"2024-05-14",1,,,,,,
"MA","Pittsfield Generating",50002,"2024-05-14",2,,,,,,
"MA","Pittsfield Generating",50002,"2024-05-14",3,,,,,,
"MA","Pittsfield Generating",50002,"2024-05-14",4,,,,,,
"MA","Pittsfield Generating",50002,"2024-05-14",5,,,,,,
"MA","Pittsfield Generating",50002,"2024-05-14",6,,,,,,
"MA","Pittsfield Generating",50002,"2024-05-14",7,,,,,,
"MA","Pittsfield Generating",50002,"2024-05-14",8,,,,,,
"MA","Pittsfield Generating",50002,"2024-05-14",9,,,,,,
"MA","Pittsfield Generating",50002,"2024-05-14",10,,,,,,
"MA","Pittsfield Generating",50002,"2024-05-14",11,,,,,,
"MA","Pittsfield Generating",50002,"2024-05-14",12,,,,,,
"MA","Pittsfield Generating",50002,"2024-05-14",13,,,,,,
"MA","Pittsfield Generating",50002,"2024-05-14",14,,,,,,
"MA","Pittsfield Generating",50002,"2024-05-14",15,,,,,,
"MA","Pittsfield Generating",50002,"2024-05-14",16,,,,,,
"MA","Pittsfield Generating",50002,"2024-05-14",17,,,,,,
"MA","Pittsfield Generating",50002,"2024-05-14",18,,,,,,
"MA","Pittsfield Generating",50002,"2024-05-14",19,,,,,,
"MA","Pittsfield Generating",50002,"2024-05-14",20,,,,,,
"MA","Pittsfield Generating",50002,"2024-05-14",21,,,,,,
"MA","Pittsfield Generating",50002,"2024-05-14",22,,,,,,
"MA","Pittsfield Generating",50002,"2024-05-14",23,,,,,,
"MA","Pittsfield Generating",50002,"2024-05-15",0,,,,,,
"MA","Pittsfield Generating",50002,"2024-05-15",1,,,,,,
"MA","Pittsfield Generating",50002,"2024-05-15",2,,,,,,
"MA","Pittsfield Generating",50002,"2024-05-15",3,,,,,,
"MA","Pittsfield Generating",50002,"2024-05-15",4,,,,,,
"MA","Pittsfield Generating",50002,"2024-05-15",5,,,,,,
"MA","Pittsfield Generating",50002,"2024-05-15",6,,,,,,
"MA","Pittsfield Generating",50002,"2024-05-15",7,,,,,,
"MA","Pittsfield Generating",50002,"2024-05-15",8,,,,,,
"MA","Pittsfield Generating",50002,"2024-05-15",9,,,,,,
"MA","Pittsfield Generating",50002,"2024-05-15",10,,,,,,
"MA","Pittsfield Generating",50002,"2024-05-15",11,,,,,,
"MA","Pittsfield Generating",50002,"2024-05-15",12,,,,,,
"MA","Pittsfield Generating",50002,"2024-05-15",13,,,,,,
"MA","Pittsfield Generating",50002,"2024-05-15",14,,,,,,
"MA","Pittsfield Generating",50002,"2024-05-15",15,,,,,,
"MA","Pittsfield Generating",50002,"2024-05-15",16,,,,,,
"MA","Pittsfield Generating",50002,"2024-05-15",17,,,,,,
"MA","Pittsfield Generating",50002,"2024-05-15",18,,,,,,
"MA","Pittsfield Generating",50002,"2024-05-15",19,,,,,,
"MA","Pittsfield Generating",50002,"2024-05-15",20,,,,,,
"MA","Pittsfield Generating",50002,"2024-05-15",21,,,,,,
"MA","Pittsfield Generating",50002,"2024-05-15",22,,,,,,
"MA","Pittsfield Generating",50002,"2024-05-15",23,,,,,,
"MA","Pittsfield Generating",50002,"2024-05-16",0,,,,,,
"MA","Pittsfield Generating",50002,"2024-05-16",1,,,,,,
"MA","Pittsfield Generating",50002,"2024-05-16",2,,,,,,
"MA","Pittsfield Generating",50002,"2024-05-16",3,,,,,,
"MA","Pittsfield Generating",50002,"2024-05-16",4,,,,,,
"MA","Pittsfield Generating",50002,"2024-05-16",5,,,,,,
"MA","Pittsfield Generating",50002,"2024-05-16",6,,,,,,
"MA","Pittsfield Generating",50002,"2024-05-16",7,,,,,,
"MA","Pittsfield Generating",50002,"2024-05-16",8,,,,,,
"MA","Pittsfield Generating",50002,"2024-05-16",9,,,,,,
"MA","Pittsfield Generating",50002,"2024-05-16",10,,,,,,
"MA","Pittsfield Generating",50002,"2024-05-16",11,,,,,,
"MA","Pittsfield Generating",50002,"2024-05-16",12,,,,,,
"MA","Pittsfield Generating",50002,"2024-05-16",13,,,,,,
"MA","Pittsfield Generating",50002,"2024-05-16",14,,,,,,
"MA","Pittsfield Generating",50002,"2024-05-16",15,,,,,,
"MA","Pittsfield Generating",50002,"2024-05-16",16,,,,,,
"MA","Pittsfield Generating",50002,"2024-05-16",17,,,,,,
"MA","Pittsfield Generating",50002,"2024-05-16",18,,,,,,
"MA","Pittsfield Generating",50002,"2024-05-16",19,,,,,,
"MA","Pittsfield Generating",50002,"2024-05-16",20,,,,,,
"MA","Pittsfield Generating",50002,"2024-05-16",21,,,,,,
"MA","Pittsfield Generating",50002,"2024-05-16",22,,,,,,
"MA","Pittsfield Generating",50002,"2024-05-16",23,,,,,,
"MA","Pittsfield Generating",50002,"2024-05-17",0,,,,,,
"MA","Pittsfield Generating",50002,"2024-05-17",1,,,,,,
"MA","Pittsfield Generating",50002,"2024-05-17",2,,,,,,
"MA","Pittsfield Generating",50002,"2024-05-17",3,,,,,,
"MA","Pittsfield Generating",50002,"2024-05-17",4,,,,,,
"MA","Pittsfield Generating",50002,"2024-05-17",5,,,,,,
"MA","Pittsfield Generating",50002,"2024-05-17",6,,,,,,
"MA","Pittsfield Generating",50002,"2024-05-17",7,,,,,,
"MA","Pittsfield Generating",50002,"2024-05-17",8,,,,,,
"MA","Pittsfield Generating",50002,"2024-05-17",9,,,,,,
"MA","Pittsfield Generating",50002,"2024-05-17",10,,,,,,
"MA","Pittsfield Generating",50002,"2024-05-17",11,,,,,,
"MA","Pittsfield Generating",50002,"2024-05-17",12,,,,,,
"MA","Pittsfield Generating",50002,"2024-05-17",13,,,,,,
"MA","Pittsfield Generating",50002,"2024-05-17",14,,,,,,
"MA","Pittsfield Generating",50002,"2024-05-17",15,,,,,,
"MA","Pittsfield Generating",50002,"2024-05-17",16,,,,,,
"MA","Pittsfield Generating",50002,"2024-05-17",17,,,,,,
"MA","Pittsfield Generating",50002,"2024-05-17",18,,,,,,
"MA","Pittsfield Generating",50002,"2024-05-17",19,,,,,,
"MA","Pittsfield Generating",50002,"2024-05-17",20,,,,,,
"MA","Pittsfield Generating",50002,"2024-05-17",21,,,,,,
"MA","Pittsfield Generating",50002,"2024-05-17",22,,,,,,
"MA","Pittsfield Generating",50002,"2024-05-17",23,,,,,,
"MA","Pittsfield Generating",50002,"2024-05-18",0,,,,,,
"MA","Pittsfield Generating",50002,"2024-05-18",1,,,,,,
"MA","Pittsfield Generating",50002,"2024-05-18",2,,,,,,
"MA","Pittsfield Generating",50002,"2024-05-18",3,,,,,,
"MA","Pittsfield Generating",50002,"2024-05-18",4,,,,,,
"MA","Pittsfield Generating",50002,"2024-05-18",5,,,,,,
"MA","Pittsfield Generating",50002,"2024-05-18",6,,,,,,
"MA","Pittsfield Generating",50002,"2024-05-18",7,,,,,,
"MA","Pittsfield Generating",50002,"2024-05-18",8,,,,,,
"MA","Pittsfield Generating",50002,"2024-05-18",9,,,,,,
"MA","Pittsfield Generating",50002,"2024-05-18",10,,,,,,
"MA","Pittsfield Generating",50002,"2024-05-18",11,,,,,,
"MA","Pittsfield Generating",50002,"2024-05-18",12,,,,,,
"MA","Pittsfield Generating",50002,"2024-05-18",13,,,,,,
"MA","Pittsfield Generating",50002,"2024-05-18",14,,,,,,
"MA","Pittsfield Generating",50002,"2024-05-18",15,,,,,,
"MA","Pittsfield Generating",50002,"2024-05-18",16,,,,,,
"MA","Pittsfield Generating",50002,"2024-05-18",17,,,,,,
"MA","Pittsfield Generating",50002,"2024-05-18",18,,,,,,
"MA","Pittsfield Generating",50002,"2024-05-18",19,,,,,,
"MA","Pittsfield Generating",50002,"2024-05-18",20,,,,,,
"MA","Pittsfield Generating",50002,"2024-05-18",21,,,,,,
"MA","Pittsfield Generating",50002,"2024-05-18",22,,,,,,
"MA","Pittsfield Generating",50002,"2024-05-18",23,,,,,,
"MA","Pittsfield Generating",50002,"2024-05-19",0,,,,,,
"MA","Pittsfield Generating",50002,"2024-05-19",1,,,,,,
"MA","Pittsfield Generating",50002,"2024-05-19",2,,,,,,
"MA","Pittsfield Generating",50002,"2024-05-19",3,,,,,,
"MA","Pittsfield Generating",50002,"2024-05-19",4,,,,,,
"MA","Pittsfield Generating",50002,"2024-05-19",5,,,,,,
"MA","Pittsfield Generating",50002,"2024-05-19",6,,,,,,
"MA","Pittsfield Generating",50002,"2024-05-19",7,,,,,,
"MA","Pittsfield Generating",50002,"2024-05-19",8,,,,,,
"MA","Pittsfield Generating",50002,"2024-05-19",9,,,,,,
"MA","Pittsfield Generating",50002,"2024-05-19",10,,,,,,
"MA","Pittsfield Generating",50002,"2024-05-19",11,,,,,,
"MA","Pittsfield Generating",50002,"2024-05-19",12,,,,,,
"MA","Pittsfield Generating",50002,"2024-05-19",13,,,,,,
"MA","Pittsfield Generating",50002,"2024-05-19",14,,,,,,
"MA","Pittsfield Generating",50002,"2024-05-19",15,,,,,,
"MA","Pittsfield Generating",50002,"2024-05-19",16,,,,,,
"MA","Pittsfield Generating",50002,"2024-05-19",17,,,,,,
"MA","Pittsfield Generating",50002,"2024-05-19",18,,,,,,
"MA","Pittsfield Generating",50002,"2024-05-19",19,,,,,,
"MA","Pittsfield Generating",50002,"2024-05-19",20,,,,,,
"MA","Pittsfield Generating",50002,"2024-05-19",21,,,,,,
"MA","Pittsfield Generating",50002,"2024-05-19",22,,,,,,
"MA","Pittsfield Generating",50002,"2024-05-19",23,,,,,,
"MA","Pittsfield Generating",50002,"2024-05-20",0,,,,,,
"MA","Pittsfield Generating",50002,"2024-05-20",1,,,,,,
"MA","Pittsfield Generating",50002,"2024-05-20",2,,,,,,
"MA","Pittsfield Generating",50002,"2024-05-20",3,,,,,,
"MA","Pittsfield Generating",50002,"2024-05-20",4,,,,,,
"MA","Pittsfield Generating",50002,"2024-05-20",5,,,,,,
"MA","Pittsfield Generating",50002,"2024-05-20",6,,,,,,
"MA","Pittsfield Generating",50002,"2024-05-20",7,,,,,,
"MA","Pittsfield Generating",50002,"2024-05-20",8,,,,,,
"MA","Pittsfield Generating",50002,"2024-05-20",9,,,,,,
"MA","Pittsfield Generating",50002,"2024-05-20",10,,,,,,
"MA","Pittsfield Generating",50002,"2024-05-20",11,,,,,,
"MA","Pittsfield Generating",50002,"2024-05-20",12,,,,,,
"MA","Pittsfield Generating",50002,"2024-05-20",13,,,,,,
"MA","Pittsfield Generating",50002,"2024-05-20",14,,,,,,
"MA","Pittsfield Generating",50002,"2024-05-20",15,,,,,,
"MA","Pittsfield Generating",50002,"2024-05-20",16,,,,,,
"MA","Pittsfield Generating",50002,"2024-05-20",17,,,,,,
"MA","Pittsfield Generating",50002,"2024-05-20",18,,,,,,
"MA","Pittsfield Generating",50002,"2024-05-20",19,,,,,,
"MA","Pittsfield Generating",50002,"2024-05-20",20,,,,,,
"MA","Pittsfield Generating",50002,"2024-05-20",21,,,,,,
"MA","Pittsfield Generating",50002,"2024-05-20",22,,,,,,
"MA","Pittsfield Generating",50002,"2024-05-20",23,,,,,,
"MA","Pittsfield Generating",50002,"2024-05-21",0,,,,,,
"MA","Pittsfield Generating",50002,"2024-05-21",1,,,,,,
"MA","Pittsfield Generating",50002,"2024-05-21",2,,,,,,
"MA","Pittsfield Generating",50002,"2024-05-21",3,,,,,,
"MA","Pittsfield Generating",50002,"2024-05-21",4,,,,,,
"MA","Pittsfield Generating",50002,"2024-05-21",5,,,,,,
"MA","Pittsfield Generating",50002,"2024-05-21",6,,,,,,
"MA","Pittsfield Generating",50002,"2024-05-21",7,,,,,,
"MA","Pittsfield Generating",50002,"2024-05-21",8,,,,,,
"MA","Pittsfield Generating",50002,"2024-05-21",9,,,,,,
"MA","Pittsfield Generating",50002,"2024-05-21",10,,,,,,
"MA","Pittsfield Generating",50002,"2024-05-21",11,,,,,,
"MA","Pittsfield Generating",50002,"2024-05-21",12,,,,,,
"MA","Pittsfield Generating",50002,"2024-05-21",13,,,,,,
"MA","Pittsfield Generating",50002,"2024-05-21",14,,,,,,
"MA","Pittsfield Generating",50002,"2024-05-21",15,,,,,,
"MA","Pittsfield Generating",50002,"2024-05-21",16,,,,,,
"MA","Pittsfield Generating",50002,"2024-05-21",17,,,,,,
"MA","Pittsfield Generating",50002,"2024-05-21",18,,,,,,
"MA","Pittsfield Generating",50002,"2024-05-21",19,,,,,,
"MA","Pittsfield Generating",50002,"2024-05-21",20,,,,,,
"MA","Pittsfield Generating",50002,"2024-05-21",21,,,,,,
"MA","Pittsfield Generating",50002,"2024-05-21",22,,,,,,
"MA","Pittsfield Generating",50002,"2024-05-21",23,,,,,,
"MA","Pittsfield Generating",50002,"2024-05-22",0,,,,,,
"MA","Pittsfield Generating",50002,"2024-05-22",1,,,,,,
"MA","Pittsfield Generating",50002,"2024-05-22",2,,,,,,
"MA","Pittsfield Generating",50002,"2024-05-22",3,,,,,,
"MA","Pittsfield Generating",50002,"2024-05-22",4,,,,,,
"MA","Pittsfield Generating",50002,"2024-05-22",5,,,,,,
"MA","Pittsfield Generating",50002,"2024-05-22",6,,,,,,
"MA","Pittsfield Generating",50002,"2024-05-22",7,7,,,7.276,21.488,122.876
"MA","Pittsfield Generating",50002,"2024-05-22",8,25,,,20.4,27.8,343.5
"MA","Pittsfield Generating",50002,"2024-05-22",9,34,,,25.036,12.7,421.74
"MA","Pittsfield Generating",50002,"2024-05-22",10,45,,,37.9,36.6,637.5
"MA","Pittsfield Generating",50002,"2024-05-22",11,57,,,44.305,5.685,744.34
"MA","Pittsfield Generating",50002,"2024-05-22",12,72,,,58.6,33,987.5
"MA","Pittsfield Generating",50002,"2024-05-22",13,79,,,63,12.3,1060
"MA","Pittsfield Generating",50002,"2024-05-22",14,89,,,67.8,16.7,1141.4
"MA","Pittsfield Generating",50002,"2024-05-22",15,106,,,77.4,21.6,1303.7
"MA","Pittsfield Generating",50002,"2024-05-22",16,106,,,77.6,20.9,1304.6
"MA","Pittsfield Generating",50002,"2024-05-22",17,79,,,33.15,7.89,557.742
"MA","Pittsfield Generating",50002,"2024-05-22",18,,,,,,
"MA","Pittsfield Generating",50002,"2024-05-22",19,,,,,,
"MA","Pittsfield Generating",50002,"2024-05-22",20,,,,,,
"MA","Pittsfield Generating",50002,"2024-05-22",21,,,,,,
"MA","Pittsfield Generating",50002,"2024-05-22",22,,,,,,
"MA","Pittsfield Generating",50002,"2024-05-22",23,,,,,,
"MA","Pittsfield Generating",50002,"2024-05-23",0,,,,,,
"MA","Pittsfield Generating",50002,"2024-05-23",1,,,,,,
"MA","Pittsfield Generating",50002,"2024-05-23",2,,,,,,
"MA","Pittsfield Generating",50002,"2024-05-23",3,,,,,,
"MA","Pittsfield Generating",50002,"2024-05-23",4,,,,,,
"MA","Pittsfield Generating",50002,"2024-05-23",5,,,,,,
"MA","Pittsfield Generating",50002,"2024-05-23",6,,,,,,
"MA","Pittsfield Generating",50002,"2024-05-23",7,,,,,,
"MA","Pittsfield Generating",50002,"2024-05-23",8,,,,,,
"MA","Pittsfield Generating",50002,"2024-05-23",9,,,,,,
"MA","Pittsfield Generating",50002,"2024-05-23",10,,,,,,
"MA","Pittsfield Generating",50002,"2024-05-23",11,,,,,,
"MA","Pittsfield Generating",50002,"2024-05-23",12,,,,,,
"MA","Pittsfield Generating",50002,"2024-05-23",13,,,,,,
"MA","Pittsfield Generating",50002,"2024-05-23",14,,,,,,
"MA","Pittsfield Generating",50002,"2024-05-23",15,,,,,,
"MA","Pittsfield Generating",50002,"2024-05-23",16,,,,,,
"MA","Pittsfield Generating",50002,"2024-05-23",17,,,,,,
"MA","Pittsfield Generating",50002,"2024-05-23",18,,,,,,
"MA","Pittsfield Generating",50002,"2024-05-23",19,,,,,,
"MA","Pittsfield Generating",50002,"2024-05-23",20,,,,,,
"MA","Pittsfield Generating",50002,"2024-05-23",21,,,,,,
"MA","Pittsfield Generating",50002,"2024-05-23",22,,,,,,
"MA","Pittsfield Generating",50002,"2024-05-23",23,,,,,,
"MA","Pittsfield Generating",50002,"2024-05-24",0,,,,,,
"MA","Pittsfield Generating",50002,"2024-05-24",1,,,,,,
"MA","Pittsfield Generating",50002,"2024-05-24",2,,,,,,
"MA","Pittsfield Generating",50002,"2024-05-24",3,,,,,,
"MA","Pittsfield Generating",50002,"2024-05-24",4,,,,,,
"MA","Pittsfield Generating",50002,"2024-05-24",5,,,,,,
"MA","Pittsfield Generating",50002,"2024-05-24",6,,,,,,
"MA","Pittsfield Generating",50002,"2024-05-24",7,,,,,,
"MA","Pittsfield Generating",50002,"2024-05-24",8,,,,,,
"MA","Pittsfield Generating",50002,"2024-05-24",9,,,,,,
"MA","Pittsfield Generating",50002,"2024-05-24",10,,,,,,
"MA","Pittsfield Generating",50002,"2024-05-24",11,,,,,,
"MA","Pittsfield Generating",50002,"2024-05-24",12,,,,,,
"MA","Pittsfield Generating",50002,"2024-05-24",13,,,,,,
"MA","Pittsfield Generating",50002,"2024-05-24",14,,,,,,
"MA","Pittsfield Generating",50002,"2024-05-24",15,,,,,,
"MA","Pittsfield Generating",50002,"2024-05-24",16,,,,,,
"MA","Pittsfield Generating",50002,"2024-05-24",17,,,,,,
"MA","Pittsfield Generating",50002,"2024-05-24",18,,,,,,
"MA","Pittsfield Generating",50002,"2024-05-24",19,,,,,,
"MA","Pittsfield Generating",50002,"2024-05-24",20,,,,,,
"MA","Pittsfield Generating",50002,"2024-05-24",21,,,,,,
"MA","Pittsfield Generating",50002,"2024-05-24",22,,,,,,
"MA","Pittsfield Generating",50002,"2024-05-24",23,,,,,,
"MA","Pittsfield Generating",50002,"2024-05-25",0,,,,,,
"MA","Pittsfield Generating",50002,"2024-05-25",1,,,,,,
"MA","Pittsfield Generating",50002,"2024-05-25",2,,,,,,
"MA","Pittsfield Generating",50002,"2024-05-25",3,,,,,,
"MA","Pittsfield Generating",50002,"2024-05-25",4,,,,,,
"MA","Pittsfield Generating",50002,"2024-05-25",5,,,,,,
"MA","Pittsfield Generating",50002,"2024-05-25",6,,,,,,
"MA","Pittsfield Generating",50002,"2024-05-25",7,,,,,,
"MA","Pittsfield Generating",50002,"2024-05-25",8,,,,,,
"MA","Pittsfield Generating",50002,"2024-05-25",9,,,,,,
"MA","Pittsfield Generating",50002,"2024-05-25",10,,,,,,
"MA","Pittsfield Generating",50002,"2024-05-25",11,,,,,,
"MA","Pittsfield Generating",50002,"2024-05-25",12,,,,,,
"MA","Pittsfield Generating",50002,"2024-05-25",13,,,,,,
"MA","Pittsfield Generating",50002,"2024-05-25",14,,,,,,
"MA","Pittsfield Generating",50002,"2024-05-25",15,,,,,,
"MA","Pittsfield Generating",50002,"2024-05-25",16,,,,,,
"MA","Pittsfield Generating",50002,"2024-05-25",17,,,,,,
"MA","Pittsfield Generating",50002,"2024-05-25",18,,,,,,
"MA","Pittsfield Generating",50002,"2024-05-25",19,,,,,,
"MA","Pittsfield Generating",50002,"2024-05-25",20,,,,,,
"MA","Pittsfield Generating",50002,"2024-05-25",21,,,,,,
"MA","Pittsfield Generating",50002,"2024-05-25",22,,,,,,
"MA","Pittsfield Generating",50002,"2024-05-25",23,,,,,,
"MA","Pittsfield Generating",50002,"2024-05-26",0,,,,,,
"MA","Pittsfield Generating",50002,"2024-05-26",1,,,,,,
"MA","Pittsfield Generating",50002,"2024-05-26",2,,,,,,
"MA","Pittsfield Generating",50002,"2024-05-26",3,,,,,,
"MA","Pittsfield Generating",50002,"2024-05-26",4,,,,,,
"MA","Pittsfield Generating",50002,"2024-05-26",5,,,,,,
"MA","Pittsfield Generating",50002,"2024-05-26",6,,,,,,
"MA","Pittsfield Generating",50002,"2024-05-26",7,,,,,,
"MA","Pittsfield Generating",50002,"2024-05-26",8,,,,,,
"MA","Pittsfield Generating",50002,"2024-05-26",9,,,,,,
"MA","Pittsfield Generating",50002,"2024-05-26",10,,,,,,
"MA","Pittsfield Generating",50002,"2024-05-26",11,,,,,,
"MA","Pittsfield Generating",50002,"2024-05-26",12,,,,,,
"MA","Pittsfield Generating",50002,"2024-05-26",13,,,,,,
"MA","Pittsfield Generating",50002,"2024-05-26",14,,,,,,
"MA","Pittsfield Generating",50002,"2024-05-26",15,,,,,,
"MA","Pittsfield Generating",50002,"2024-05-26",16,,,,,,
"MA","Pittsfield Generating",50002,"2024-05-26",17,,,,,,
"MA","Pittsfield Generating",50002,"2024-05-26",18,,,,,,
"MA","Pittsfield Generating",50002,"2024-05-26",19,,,,,,
"MA","Pittsfield Generating",50002,"2024-05-26",20,,,,,,
"MA","Pittsfield Generating",50002,"2024-05-26",21,,,,,,
"MA","Pittsfield Generating",50002,"2024-05-26",22,,,,,,
"MA","Pittsfield Generating",50002,"2024-05-26",23,,,,,,
"MA","Pittsfield Generating",50002,"2024-05-27",0,,,,,,
"MA","Pittsfield Generating",50002,"2024-05-27",1,,,,,,
"MA","Pittsfield Generating",50002,"2024-05-27",2,,,,,,
"MA","Pittsfield Generating",50002,"2024-05-27",3,,,,,,
"MA","Pittsfield Generating",50002,"2024-05-27",4,,,,,,
"MA","Pittsfield Generating",50002,"2024-05-27",5,,,,,,
"MA","Pittsfield Generating",50002,"2024-05-27",6,,,,,,
"MA","Pittsfield Generating",50002,"2024-05-27",7,,,,,,
"MA","Pittsfield Generating",50002,"2024-05-27",8,,,,,,
"MA","Pittsfield Generating",50002,"2024-05-27",9,,,,,,
"MA","Pittsfield Generating",50002,"2024-05-27",10,,,,,,
"MA","Pittsfield Generating",50002,"2024-05-27",11,,,,,,
"MA","Pittsfield Generating",50002,"2024-05-27",12,,,,,,
"MA","Pittsfield Generating",50002,"2024-05-27",13,,,,,,
"MA","Pittsfield Generating",50002,"2024-05-27",14,,,,,,
"MA","Pittsfield Generating",50002,"2024-05-27",15,,,,,,
"MA","Pittsfield Generating",50002,"2024-05-27",16,,,,,,
"MA","Pittsfield Generating",50002,"2024-05-27",17,,,,,,
"MA","Pittsfield Generating",50002,"2024-05-27",18,,,,,,
"MA","Pittsfield Generating",50002,"2024-05-27",19,,,,,,
"MA","Pittsfield Generating",50002,"2024-05-27",20,,,,,,
"MA","Pittsfield Generating",50002,"2024-05-27",21,,,,,,
"MA","Pittsfield Generating",50002,"2024-05-27",22,,,,,,
"MA","Pittsfield Generating",50002,"2024-05-27",23,,,,,,
"MA","Pittsfield Generating",50002,"2024-05-28",0,,,,,,
"MA","Pittsfield Generating",50002,"2024-05-28",1,,,,,,
"MA","Pittsfield Generating",50002,"2024-05-28",2,,,,,,
"MA","Pittsfield Generating",50002,"2024-05-28",3,,,,,,
"MA","Pittsfield Generating",50002,"2024-05-28",4,,,,,,
"MA","Pittsfield Generating",50002,"2024-05-28",5,,,,,,
"MA","Pittsfield Generating",50002,"2024-05-28",6,,,,,,
"MA","Pittsfield Generating",50002,"2024-05-28",7,,,,,,
"MA","Pittsfield Generating",50002,"2024-05-28",8,,,,,,
"MA","Pittsfield Generating",50002,"2024-05-28",9,,,,,,
"MA","Pittsfield Generating",50002,"2024-05-28",10,,,,,,
"MA","Pittsfield Generating",50002,"2024-05-28",11,,,,,,
"MA","Pittsfield Generating",50002,"2024-05-28",12,,,,,,
"MA","Pittsfield Generating",50002,"2024-05-28",13,,,,,,
"MA","Pittsfield Generating",50002,"2024-05-28",14,,,,,,
"MA","Pittsfield Generating",50002,"2024-05-28",15,,,,,,
"MA","Pittsfield Generating",50002,"2024-05-28",16,,,,,,
"MA","Pittsfield Generating",50002,"2024-05-28",17,,,,,,
"MA","Pittsfield Generating",50002,"2024-05-28",18,,,,,,
"MA","Pittsfield Generating",50002,"2024-05-28",19,,,,,,
"MA","Pittsfield Generating",50002,"2024-05-28",20,,,,,,
"MA","Pittsfield Generating",50002,"2024-05-28",21,,,,,,
"MA","Pittsfield Generating",50002,"2024-05-28",22,,,,,,
"MA","Pittsfield Generating",50002,"2024-05-28",23,,,,,,
"MA","Pittsfield Generating",50002,"2024-05-29",0,,,,,,
"MA","Pittsfield Generating",50002,"2024-05-29",1,,,,,,
"MA","Pittsfield Generating",50002,"2024-05-29",2,,,,,,
"MA","Pittsfield Generating",50002,"2024-05-29",3,,,,,,
"MA","Pittsfield Generating",50002,"2024-05-29",4,,,,,,
"MA","Pittsfield Generating",50002,"2024-05-29",5,,,,,,
"MA","Pittsfield Generating",50002,"2024-05-29",6,,,,,,
"MA","Pittsfield Generating",50002,"2024-05-29",7,,,,,,
"MA","Pittsfield Generating",50002,"2024-05-29",8,,,,,,
"MA","Pittsfield Generating",50002,"2024-05-29",9,,,,,,
"MA","Pittsfield Generating",50002,"2024-05-29",10,,,,,,
"MA","Pittsfield Generating",50002,"2024-05-29",11,,,,,,
"MA","Pittsfield Generating",50002,"2024-05-29",12,,,,,,
"MA","Pittsfield Generating",50002,"2024-05-29",13,,,,,,
"MA","Pittsfield Generating",50002,"2024-05-29",14,,,,,,
"MA","Pittsfield Generating",50002,"2024-05-29",15,,,,,,
"MA","Pittsfield Generating",50002,"2024-05-29",16,,,,,,
"MA","Pittsfield Generating",50002,"2024-05-29",17,,,,,,
"MA","Pittsfield Generating",50002,"2024-05-29",18,,,,,,
"MA","Pittsfield Generating",50002,"2024-05-29",19,,,,,,
"MA","Pittsfield Generating",50002,"2024-05-29",20,,,,,,
"MA","Pittsfield Generating",50002,"2024-05-29",21,,,,,,
"MA","Pittsfield Generating",50002,"2024-05-29",22,,,,,,
"MA","Pittsfield Generating",50002,"2024-05-29",23,,,,,,
"MA","Pittsfield Generating",50002,"2024-05-30",0,,,,,,
"MA","Pittsfield Generating",50002,"2024-05-30",1,,,,,,
"MA","Pittsfield Generating",50002,"2024-05-30",2,,,,,,
"MA","Pittsfield Generating",50002,"2024-05-30",3,,,,,,
"MA","Pittsfield Generating",50002,"2024-05-30",4,,,,,,
"MA","Pittsfield Generating",50002,"2024-05-30",5,,,,,,
"MA","Pittsfield Generating",50002,"2024-05-30",6,,,,,,
"MA","Pittsfield Generating",50002,"2024-05-30",7,,,,,,
"MA","Pittsfield Generating",50002,"2024-05-30",8,,,,,,
"MA","Pittsfield Generating",50002,"2024-05-30",9,,,,,,
"MA","Pittsfield Generating",50002,"2024-05-30",10,,,,,,
"MA","Pittsfield Generating",50002,"2024-05-30",11,,,,,,
"MA","Pittsfield Generating",50002,"2024-05-30",12,,,,,,
"MA","Pittsfield Generating",50002,"2024-05-30",13,,,,,,
"MA","Pittsfield Generating",50002,"2024-05-30",14,,,,,,
"MA","Pittsfield Generating",50002,"2024-05-30",15,,,,,,
"MA","Pittsfield Generating",50002,"2024-05-30",16,,,,,,
"MA","Pittsfield Generating",50002,"2024-05-30",17,,,,,,
"MA","Pittsfield Generating",50002,"2024-05-30",18,,,,,,
"MA","Pittsfield Generating",50002,"2024-05-30",19,,,,,,
"MA","Pittsfield Generating",50002,"2024-05-30",20,,,,,,
"MA","Pittsfield Generating",50002,"2024-05-30",21,,,,,,
"MA","Pittsfield Generating",50002,"2024-05-30",22,,,,,,
"MA","Pittsfield Generating",50002,"2024-05-30",23,,,,,,
"MA","Pittsfield Generating",50002,"2024-05-31",0,,,,,,
"MA","Pittsfield Generating",50002,"2024-05-31",1,,,,,,
"MA","Pittsfield Generating",50002,"2024-05-31",2,,,,,,
"MA","Pittsfield Generating",50002,"2024-05-31",3,,,,,,
"MA","Pittsfield Generating",50002,"2024-05-31",4,,,,,,
"MA","Pittsfield Generating",50002,"2024-05-31",5,,,,,,
"MA","Pittsfield Generating",50002,"2024-05-31",6,,,,,,
"MA","Pittsfield Generating",50002,"2024-05-31",7,,,,,,
"MA","Pittsfield Generating",50002,"2024-05-31",8,,,,,,
"MA","Pittsfield Generating",50002,"2024-05-31",9,,,,,,
"MA","Pittsfield Generating",50002,"2024-05-31",10,,,,,,
"MA","Pittsfield Generating",50002,"2024-05-31",11,,,,,,
"MA","Pittsfield Generating",50002,"2024-05-31",12,,,,,,
"MA","Pittsfield Generating",50002,"2024-05-31",13,,,,,,
"MA","Pittsfield Generating",50002,"2024-05-31",14,,,,,,
"MA","Pittsfield Generating",50002,"2024-05-31",15,,,,,,
"MA","Pittsfield Generating",50002,"2024-05-31",16,,,,,,
"MA","Pittsfield Generating",50002,"2024-05-31",17,,,,,,
"MA","Pittsfield Generating",50002,"2024-05-31",18,,,,,,
"MA","Pittsfield Generating",50002,"2024-05-31",19,,,,,,
"MA","Pittsfield Generating",50002,"2024-05-31",20,,,,,,
"MA","Pittsfield Generating",50002,"2024-05-31",21,,,,,,
"MA","Pittsfield Generating",50002,"2024-05-31",22,,,,,,
"MA","Pittsfield Generating",50002,"2024-05-31",23,,,,,,
"MA","Pittsfield Generating",50002,"2024-06-01",0,,,,,,
"MA","Pittsfield Generating",50002,"2024-06-01",1,,,,,,
"MA","Pittsfield Generating",50002,"2024-06-01",2,,,,,,
"MA","Pittsfield Generating",50002,"2024-06-01",3,,,,,,
"MA","Pittsfield Generating",50002,"2024-06-01",4,,,,,,
"MA","Pittsfield Generating",50002,"2024-06-01",5,,,,,,
"MA","Pittsfield Generating",50002,"2024-06-01",6,,,,,,
"MA","Pittsfield Generating",50002,"2024-06-01",7,,,,,,
"MA","Pittsfield Generating",50002,"2024-06-01",8,,,,,,
"MA","Pittsfield Generating",50002,"2024-06-01",9,,,,,,
"MA","Pittsfield Generating",50002,"2024-06-01",10,,,,,,
"MA","Pittsfield Generating",50002,"2024-06-01",11,,,,,,
"MA","Pittsfield Generating",50002,"2024-06-01",12,,,,,,
"MA","Pittsfield Generating",50002,"2024-06-01",13,,,,,,
"MA","Pittsfield Generating",50002,"2024-06-01",14,,,,,,
"MA","Pittsfield Generating",50002,"2024-06-01",15,,,,,,
"MA","Pittsfield Generating",50002,"2024-06-01",16,,,,,,
"MA","Pittsfield Generating",50002,"2024-06-01",17,,,,,,
"MA","Pittsfield Generating",50002,"2024-06-01",18,,,,,,
"MA","Pittsfield Generating",50002,"2024-06-01",19,,,,,,
"MA","Pittsfield Generating",50002,"2024-06-01",20,,,,,,
"MA","Pittsfield Generating",50002,"2024-06-01",21,,,,,,
"MA","Pittsfield Generating",50002,"2024-06-01",22,,,,,,
"MA","Pittsfield Generating",50002,"2024-06-01",23,,,,,,
"MA","Pittsfield Generating",50002,"2024-06-02",0,,,,,,
"MA","Pittsfield Generating",50002,"2024-06-02",1,,,,,,
"MA","Pittsfield Generating",50002,"2024-06-02",2,,,,,,
"MA","Pittsfield Generating",50002,"2024-06-02",3,,,,,,
"MA","Pittsfield Generating",50002,"2024-06-02",4,,,,,,
"MA","Pittsfield Generating",50002,"2024-06-02",5,,,,,,
"MA","Pittsfield Generating",50002,"2024-06-02",6,,,,,,
"MA","Pittsfield Generating",50002,"2024-06-02",7,,,,,,
"MA","Pittsfield Generating",50002,"2024-06-02",8,,,,,,
"MA","Pittsfield Generating",50002,"2024-06-02",9,,,,,,
"MA","Pittsfield Generating",50002,"2024-06-02",10,,,,,,
"MA","Pittsfield Generating",50002,"2024-06-02",11,,,,,,
"MA","Pittsfield Generating",50002,"2024-06-02",12,,,,,,
"MA","Pittsfield Generating",50002,"2024-06-02",13,,,,,,
"MA","Pittsfield Generating",50002,"2024-06-02",14,,,,,,
"MA","Pittsfield Generating",50002,"2024-06-02",15,,,,,,
"MA","Pittsfield Generating",50002,"2024-06-02",16,,,,,,
"MA","Pittsfield Generating",50002,"2024-06-02",17,,,,,,
"MA","Pittsfield Generating",50002,"2024-06-02",18,,,,,,
"MA","Pittsfield Generating",50002,"2024-06-02",19,,,,,,
"MA","Pittsfield Generating",50002,"2024-06-02",20,,,,,,
"MA","Pittsfield Generating",50002,"2024-06-02",21,,,,,,
"MA","Pittsfield Generating",50002,"2024-06-02",22,,,,,,
"MA","Pittsfield Generating",50002,"2024-06-02",23,,,,,,
"MA","Pittsfield Generating",50002,"2024-06-03",0,,,,,,
"MA","Pittsfield Generating",50002,"2024-06-03",1,,,,,,
"MA","Pittsfield Generating",50002,"2024-06-03",2,,,,,,
"MA","Pittsfield Generating",50002,"2024-06-03",3,,,,,,
"MA","Pittsfield Generating",50002,"2024-06-03",4,,,,,,
"MA","Pittsfield Generating",50002,"2024-06-03",5,,,,,,
"MA","Pittsfield Generating",50002,"2024-06-03",6,,,,,,
"MA","Pittsfield Generating",50002,"2024-06-03",7,,,,,,
"MA","Pittsfield Generating",50002,"2024-06-03",8,,,,,,
"MA","Pittsfield Generating",50002,"2024-06-03",9,,,,,,
"MA","Pittsfield Generating",50002,"2024-06-03",10,,,,,,
"MA","Pittsfield Generating",50002,"2024-06-03",11,,,,,,
"MA","Pittsfield Generating",50002,"2024-06-03",12,,,,,,
"MA","Pittsfield Generating",50002,"2024-06-03",13,,,,,,
"MA","Pittsfield Generating",50002,"2024-06-03",14,,,,,,
"MA","Pittsfield Generating",50002,"2024-06-03",15,,,,,,
"MA","Pittsfield Generating",50002,"2024-06-03",16,,,,,,
"MA","Pittsfield Generating",50002,"2024-06-03",17,,,,,,
"MA","Pittsfield Generating",50002,"2024-06-03",18,,,,,,
"MA","Pittsfield Generating",50002,"2024-06-03",19,,,,,,
"MA","Pittsfield Generating",50002,"2024-06-03",20,,,,,,
"MA","Pittsfield Generating",50002,"2024-06-03",21,,,,,,
"MA","Pittsfield Generating",50002,"2024-06-03",22,,,,,,
"MA","Pittsfield Generating",50002,"2024-06-03",23,,,,,,
"MA","Pittsfield Generating",50002,"2024-06-04",0,,,,,,
"MA","Pittsfield Generating",50002,"2024-06-04",1,,,,,,
"MA","Pittsfield Generating",50002,"2024-06-04",2,,,,,,
"MA","Pittsfield Generating",50002,"2024-06-04",3,,,,,,
"MA","Pittsfield Generating",50002,"2024-06-04",4,,,,,,
"MA","Pittsfield Generating",50002,"2024-06-04",5,,,,,,
"MA","Pittsfield Generating",50002,"2024-06-04",6,,,,,,
"MA","Pittsfield Generating",50002,"2024-06-04",7,,,,,,
"MA","Pittsfield Generating",50002,"2024-06-04",8,,,,,,
"MA","Pittsfield Generating",50002,"2024-06-04",9,,,,,,
"MA","Pittsfield Generating",50002,"2024-06-04",10,,,,,,
"MA","Pittsfield Generating",50002,"2024-06-04",11,,,,,,
"MA","Pittsfield Generating",50002,"2024-06-04",12,,,,,,
"MA","Pittsfield Generating",50002,"2024-06-04",13,,,,,,
"MA","Pittsfield Generating",50002,"2024-06-04",14,,,,,,
"MA","Pittsfield Generating",50002,"2024-06-04",15,,,,,,
"MA","Pittsfield Generating",50002,"2024-06-04",16,,,,,,
"MA","Pittsfield Generating",50002,"2024-06-04",17,,,,,,
"MA","Pittsfield Generating",50002,"2024-06-04",18,,,,,,
"MA","Pittsfield Generating",50002,"2024-06-04",19,,,,,,
"MA","Pittsfield Generating",50002,"2024-06-04",20,,,,,,
"MA","Pittsfield Generating",50002,"2024-06-04",21,,,,,,
"MA","Pittsfield Generating",50002,"2024-06-04",22,,,,,,
"MA","Pittsfield Generating",50002,"2024-06-04",23,,,,,,
"MA","Pittsfield Generating",50002,"2024-06-05",0,,,,,,
"MA","Pittsfield Generating",50002,"2024-06-05",1,,,,,,
"MA","Pittsfield Generating",50002,"2024-06-05",2,,,,,,
"MA","Pittsfield Generating",50002,"2024-06-05",3,,,,,,
"MA","Pittsfield Generating",50002,"2024-06-05",4,,,,,,
"MA","Pittsfield Generating",50002,"2024-06-05",5,,,,,,
"MA","Pittsfield Generating",50002,"2024-06-05",6,,,,,,
"MA","Pittsfield Generating",50002,"2024-06-05",7,,,,,,
"MA","Pittsfield Generating",50002,"2024-06-05",8,,,,,,
"MA","Pittsfield Generating",50002,"2024-06-05",9,,,,,,
"MA","Pittsfield Generating",50002,"2024-06-05",10,,,,,,
"MA","Pittsfield Generating",50002,"2024-06-05",11,,,,,,
"MA","Pittsfield Generating",50002,"2024-06-05",12,,,,,,
"MA","Pittsfield Generating",50002,"2024-06-05",13,,,,,,
"MA","Pittsfield Generating",50002,"2024-06-05",14,,,,,,
"MA","Pittsfield Generating",50002,"2024-06-05",15,,,,,,
"MA","Pittsfield Generating",50002,"2024-06-05",16,,,,,,
"MA","Pittsfield Generating",50002,"2024-06-05",17,,,,,,
"MA","Pittsfield Generating",50002,"2024-06-05",18,,,,,,
"MA","Pittsfield Generating",50002,"2024-06-05",19,,,,,,
"MA","Pittsfield Generating",50002,"2024-06-05",20,,,,,,
"MA","Pittsfield Generating",50002,"2024-06-05",21,,,,,,
"MA","Pittsfield Generating",50002,"2024-06-05",22,,,,,,
"MA","Pittsfield Generating",50002,"2024-06-05",23,,,,,,
"MA","Pittsfield Generating",50002,"2024-06-06",0,,,,,,
"MA","Pittsfield Generating",50002,"2024-06-06",1,,,,,,
"MA","Pittsfield Generating",50002,"2024-06-06",2,,,,,,
"MA","Pittsfield Generating",50002,"2024-06-06",3,,,,,,
"MA","Pittsfield Generating",50002,"2024-06-06",4,,,,,,
"MA","Pittsfield Generating",50002,"2024-06-06",5,,,,,,
"MA","Pittsfield Generating",50002,"2024-06-06",6,,,,,,
"MA","Pittsfield Generating",50002,"2024-06-06",7,,,,,,
"MA","Pittsfield Generating",50002,"2024-06-06",8,,,,,,
"MA","Pittsfield Generating",50002,"2024-06-06",9,,,,,,
"MA","Pittsfield Generating",50002,"2024-06-06",10,,,,,,
"MA","Pittsfield Generating",50002,"2024-06-06",11,,,,,,
"MA","Pittsfield Generating",50002,"2024-06-06",12,,,,,,
"MA","Pittsfield Generating",50002,"2024-06-06",13,,,,,,
"MA","Pittsfield Generating",50002,"2024-06-06",14,,,,,,
"MA","Pittsfield Generating",50002,"2024-06-06",15,,,,,,
"MA","Pittsfield Generating",50002,"2024-06-06",16,,,,,,
"MA","Pittsfield Generating",50002,"2024-06-06",17,,,,,,
"MA","Pittsfield Generating",50002,"2024-06-06",18,,,,,,
"MA","Pittsfield Generating",50002,"2024-06-06",19,,,,,,
"MA","Pittsfield Generating",50002,"2024-06-06",20,,,,,,
"MA","Pittsfield Generating",50002,"2024-06-06",21,,,,,,
"MA","Pittsfield Generating",50002,"2024-06-06",22,,,,,,
"MA","Pittsfield Generating",50002,"2024-06-06",23,,,,,,
"MA","Pittsfield Generating",50002,"2024-06-07",0,,,,,,
"MA","Pittsfield Generating",50002,"2024-06-07",1,,,,,,
"MA","Pittsfield Generating",50002,"2024-06-07",2,,,,,,
"MA","Pittsfield Generating",50002,"2024-06-07",3,,,,,,
"MA","Pittsfield Generating",50002,"2024-06-07",4,,,,,,
"MA","Pittsfield Generating",50002,"2024-06-07",5,,,,,,
"MA","Pittsfield Generating",50002,"2024-06-07",6,,,,,,
"MA","Pittsfield Generating",50002,"2024-06-07",7,,,,,,
"MA","Pittsfield Generating",50002,"2024-06-07",8,,,,,,
"MA","Pittsfield Generating",50002,"2024-06-07",9,,,,,,
"MA","Pittsfield Generating",50002,"2024-06-07",10,,,,,,
"MA","Pittsfield Generating",50002,"2024-06-07",11,,,,,,
"MA","Pittsfield Generating",50002,"2024-06-07",12,,,,,,
"MA","Pittsfield Generating",50002,"2024-06-07",13,,,,,,
"MA","Pittsfield Generating",50002,"2024-06-07",14,,,,,,
"MA","Pittsfield Generating",50002,"2024-06-07",15,,,,,,
"MA","Pittsfield Generating",50002,"2024-06-07",16,,,,,,
"MA","Pittsfield Generating",50002,"2024-06-07",17,,,,,,
"MA","Pittsfield Generating",50002,"2024-06-07",18,,,,,,
"MA","Pittsfield Generating",50002,"2024-06-07",19,,,,,,
"MA","Pittsfield Generating",50002,"2024-06-07",20,,,,,,
"MA","Pittsfield Generating",50002,"2024-06-07",21,,,,,,
"MA","Pittsfield Generating",50002,"2024-06-07",22,,,,,,
"MA","Pittsfield Generating",50002,"2024-06-07",23,,,,,,
"MA","Pittsfield Generating",50002,"2024-06-08",0,,,,,,
"MA","Pittsfield Generating",50002,"2024-06-08",1,,,,,,
"MA","Pittsfield Generating",50002,"2024-06-08",2,,,,,,
"MA","Pittsfield Generating",50002,"2024-06-08",3,,,,,,
"MA","Pittsfield Generating",50002,"2024-06-08",4,,,,,,
"MA","Pittsfield Generating",50002,"2024-06-08",5,,,,,,
"MA","Pittsfield Generating",50002,"2024-06-08",6,,,,,,
"MA","Pittsfield Generating",50002,"2024-06-08",7,,,,,,
"MA","Pittsfield Generating",50002,"2024-06-08",8,,,,,,
"MA","Pittsfield Generating",50002,"2024-06-08",9,,,,,,
"MA","Pittsfield Generating",50002,"2024-06-08",10,,,,,,
"MA","Pittsfield Generating",50002,"2024-06-08",11,,,,,,
"MA","Pittsfield Generating",50002,"2024-06-08",12,,,,,,
"MA","Pittsfield Generating",50002,"2024-06-08",13,,,,,,
"MA","Pittsfield Generating",50002,"2024-06-08",14,,,,,,
"MA","Pittsfield Generating",50002,"2024-06-08",15,,,,,,
"MA","Pittsfield Generating",50002,"2024-06-08",16,,,,,,
"MA","Pittsfield Generating",50002,"2024-06-08",17,,,,,,
"MA","Pittsfield Generating",50002,"2024-06-08",18,,,,,,
"MA","Pittsfield Generating",50002,"2024-06-08",19,,,,,,
"MA","Pittsfield Generating",50002,"2024-06-08",20,,,,,,
"MA","Pittsfield Generating",50002,"2024-06-08",21,,,,,,
"MA","Pittsfield Generating",50002,"2024-06-08",22,,,,,,
"MA","Pittsfield Generating",50002,"2024-06-08",23,,,,,,
"MA","Pittsfield Generating",50002,"2024-06-09",0,,,,,,
"MA","Pittsfield Generating",50002,"2024-06-09",1,,,,,,
"MA","Pittsfield Generating",50002,"2024-06-09",2,,,,,,
"MA","Pittsfield Generating",50002,"2024-06-09",3,,,,,,
"MA","Pittsfield Generating",50002,"2024-06-09",4,,,,,,
"MA","Pittsfield Generating",50002,"2024-06-09",5,,,,,,
"MA","Pittsfield Generating",50002,"2024-06-09",6,,,,,,
"MA","Pittsfield Generating",50002,"2024-06-09",7,,,,,,
"MA","Pittsfield Generating",50002,"2024-06-09",8,,,,,,
"MA","Pittsfield Generating",50002,"2024-06-09",9,,,,,,
"MA","Pittsfield Generating",50002,"2024-06-09",10,,,,,,
"MA","Pittsfield Generating",50002,"2024-06-09",11,,,,,,
"MA","Pittsfield Generating",50002,"2024-06-09",12,,,,,,
"MA","Pittsfield Generating",50002,"2024-06-09",13,,,,,,
"MA","Pittsfield Generating",50002,"2024-06-09",14,,,,,,
"MA","Pittsfield Generating",50002,"2024-06-09",15,,,,,,
"MA","Pittsfield Generating",50002,"2024-06-09",16,,,,,,
"MA","Pittsfield Generating",50002,"2024-06-09",17,,,,,,
"MA","Pittsfield Generating",50002,"2024-06-09",18,,,,,,
"MA","Pittsfield Generating",50002,"2024-06-09",19,,,,,,
"MA","Pittsfield Generating",50002,"2024-06-09",20,,,,,,
"MA","Pittsfield Generating",50002,"2024-06-09",21,,,,,,
"MA","Pittsfield Generating",50002,"2024-06-09",22,,,,,,
"MA","Pittsfield Generating",50002,"2024-06-09",23,,,,,,
"MA","Pittsfield Generating",50002,"2024-06-10",0,,,,,,
"MA","Pittsfield Generating",50002,"2024-06-10",1,,,,,,
"MA","Pittsfield Generating",50002,"2024-06-10",2,,,,,,
"MA","Pittsfield Generating",50002,"2024-06-10",3,,,,,,
"MA","Pittsfield Generating",50002,"2024-06-10",4,,,,,,
"MA","Pittsfield Generating",50002,"2024-06-10",5,,,,,,
"MA","Pittsfield Generating",50002,"2024-06-10",6,,,,,,
"MA","Pittsfield Generating",50002,"2024-06-10",7,,,,,,
"MA","Pittsfield Generating",50002,"2024-06-10",8,,,,,,
"MA","Pittsfield Generating",50002,"2024-06-10",9,,,,,,
"MA","Pittsfield Generating",50002,"2024-06-10",10,,,,,,
"MA","Pittsfield Generating",50002,"2024-06-10",11,,,,,,
"MA","Pittsfield Generating",50002,"2024-06-10",12,,,,,,
"MA","Pittsfield Generating",50002,"2024-06-10",13,,,,,,
"MA","Pittsfield Generating",50002,"2024-06-10",14,,,,,,
"MA","Pittsfield Generating",50002,"2024-06-10",15,,,,,,
"MA","Pittsfield Generating",50002,"2024-06-10",16,,,,,,
"MA","Pittsfield Generating",50002,"2024-06-10",17,,,,,,
"MA","Pittsfield Generating",50002,"2024-06-10",18,,,,,,
"MA","Pittsfield Generating",50002,"2024-06-10",19,,,,,,
"MA","Pittsfield Generating",50002,"2024-06-10",20,,,,,,
"MA","Pittsfield Generating",50002,"2024-06-10",21,,,,,,
"MA","Pittsfield Generating",50002,"2024-06-10",22,,,,,,
"MA","Pittsfield Generating",50002,"2024-06-10",23,,,,,,
"MA","Pittsfield Generating",50002,"2024-06-11",0,,,,,,
"MA","Pittsfield Generating",50002,"2024-06-11",1,,,,,,
"MA","Pittsfield Generating",50002,"2024-06-11",2,,,,,,
"MA","Pittsfield Generating",50002,"2024-06-11",3,,,,,,
"MA","Pittsfield Generating",50002,"2024-06-11",4,,,,,,
"MA","Pittsfield Generating",50002,"2024-06-11",5,,,,,,
"MA","Pittsfield Generating",50002,"2024-06-11",6,,,,,,
"MA","Pittsfield Generating",50002,"2024-06-11",7,,,,,,
"MA","Pittsfield Generating",50002,"2024-06-11",8,,,,,,
"MA","Pittsfield Generating",50002,"2024-06-11",9,,,,,,
"MA","Pittsfield Generating",50002,"2024-06-11",10,,,,,,
"MA","Pittsfield Generating",50002,"2024-06-11",11,,,,,,
"MA","Pittsfield Generating",50002,"2024-06-11",12,,,,,,
"MA","Pittsfield Generating",50002,"2024-06-11",13,,,,,,
"MA","Pittsfield Generating",50002,"2024-06-11",14,,,,,,
"MA","Pittsfield Generating",50002,"2024-06-11",15,,,,,,
"MA","Pittsfield Generating",50002,"2024-06-11",16,,,,,,
"MA","Pittsfield Generating",50002,"2024-06-11",17,,,,,,
"MA","Pittsfield Generating",50002,"2024-06-11",18,,,,,,
"MA","Pittsfield Generating",50002,"2024-06-11",19,,,,,,
"MA","Pittsfield Generating",50002,"2024-06-11",20,,,,,,
"MA","Pittsfield Generating",50002,"2024-06-11",21,,,,,,
"MA","Pittsfield Generating",50002,"2024-06-11",22,,,,,,
"MA","Pittsfield Generating",50002,"2024-06-11",23,,,,,,
"MA","Pittsfield Generating",50002,"2024-06-12",0,,,,,,
"MA","Pittsfield Generating",50002,"2024-06-12",1,,,,,,
"MA","Pittsfield Generating",50002,"2024-06-12",2,,,,,,
"MA","Pittsfield Generating",50002,"2024-06-12",3,,,,,,
"MA","Pittsfield Generating",50002,"2024-06-12",4,,,,,,
"MA","Pittsfield Generating",50002,"2024-06-12",5,,,,,,
"MA","Pittsfield Generating",50002,"2024-06-12",6,,,,,,
"MA","Pittsfield Generating",50002,"2024-06-12",7,,,,,,
"MA","Pittsfield Generating",50002,"2024-06-12",8,,,,,,
"MA","Pittsfield Generating",50002,"2024-06-12",9,,,,,,
"MA","Pittsfield Generating",50002,"2024-06-12",10,,,,,,
"MA","Pittsfield Generating",50002,"2024-06-12",11,,,,,,
"MA","Pittsfield Generating",50002,"2024-06-12",12,,,,,,
"MA","Pittsfield Generating",50002,"2024-06-12",13,,,,,,
"MA","Pittsfield Generating",50002,"2024-06-12",14,,,,,,
"MA","Pittsfield Generating",50002,"2024-06-12",15,,,,,,
"MA","Pittsfield Generating",50002,"2024-06-12",16,,,,,,
"MA","Pittsfield Generating",50002,"2024-06-12",17,,,,,,
"MA","Pittsfield Generating",50002,"2024-06-12",18,,,,,,
"MA","Pittsfield Generating",50002,"2024-06-12",19,,,,,,
"MA","Pittsfield Generating",50002,"2024-06-12",20,,,,,,
"MA","Pittsfield Generating",50002,"2024-06-12",21,,,,,,
"MA","Pittsfield Generating",50002,"2024-06-12",22,,,,,,
"MA","Pittsfield Generating",50002,"2024-06-12",23,,,,,,
"MA","Pittsfield Generating",50002,"2024-06-13",0,,,,,,
"MA","Pittsfield Generating",50002,"2024-06-13",1,,,,,,
"MA","Pittsfield Generating",50002,"2024-06-13",2,,,,,,
"MA","Pittsfield Generating",50002,"2024-06-13",3,,,,,,
"MA","Pittsfield Generating",50002,"2024-06-13",4,,,,,,
"MA","Pittsfield Generating",50002,"2024-06-13",5,,,,,,
"MA","Pittsfield Generating",50002,"2024-06-13",6,,,,,,
"MA","Pittsfield Generating",50002,"2024-06-13",7,,,,,,
"MA","Pittsfield Generating",50002,"2024-06-13",8,,,,,,
"MA","Pittsfield Generating",50002,"2024-06-13",9,,,,,,
"MA","Pittsfield Generating",50002,"2024-06-13",10,,,,,,
"MA","Pittsfield Generating",50002,"2024-06-13",11,,,,,,
"MA","Pittsfield Generating",50002,"2024-06-13",12,,,,,,
"MA","Pittsfield Generating",50002,"2024-06-13",13,,,,,,
"MA","Pittsfield Generating",50002,"2024-06-13",14,,,,,,
"MA","Pittsfield Generating",50002,"2024-06-13",15,,,,,,
"MA","Pittsfield Generating",50002,"2024-06-13",16,,,,,,
"MA","Pittsfield Generating",50002,"2024-06-13",17,,,,,,
"MA","Pittsfield Generating",50002,"2024-06-13",18,,,,,,
"MA","Pittsfield Generating",50002,"2024-06-13",19,,,,,,
"MA","Pittsfield Generating",50002,"2024-06-13",20,,,,,,
"MA","Pittsfield Generating",50002,"2024-06-13",21,,,,,,
"MA","Pittsfield Generating",50002,"2024-06-13",22,,,,,,
"MA","Pittsfield Generating",50002,"2024-06-13",23,,,,,,
"MA","Pittsfield Generating",50002,"2024-06-14",0,,,,,,
"MA","Pittsfield Generating",50002,"2024-06-14",1,,,,,,
"MA","Pittsfield Generating",50002,"2024-06-14",2,,,,,,
"MA","Pittsfield Generating",50002,"2024-06-14",3,,,,,,
"MA","Pittsfield Generating",50002,"2024-06-14",4,,,,,,
"MA","Pittsfield Generating",50002,"2024-06-14",5,,,,,,
"MA","Pittsfield Generating",50002,"2024-06-14",6,,,,,,
"MA","Pittsfield Generating",50002,"2024-06-14",7,,,,,,
"MA","Pittsfield Generating",50002,"2024-06-14",8,,,,,,
"MA","Pittsfield Generating",50002,"2024-06-14",9,,,,,,
"MA","Pittsfield Generating",50002,"2024-06-14",10,,,,,,
"MA","Pittsfield Generating",50002,"2024-06-14",11,,,,,,
"MA","Pittsfield Generating",50002,"2024-06-14",12,,,,,,
"MA","Pittsfield Generating",50002,"2024-06-14",13,,,,,,
"MA","Pittsfield Generating",50002,"2024-06-14",14,0,,,0.588,0.6,9.804
"MA","Pittsfield Generating",50002,"2024-06-14",15,0,,,0.55,0.49,9.22
"MA","Pittsfield Generating",50002,"2024-06-14",16,,,,,,
"MA","Pittsfield Generating",50002,"2024-06-14",17,,,,,,
"MA","Pittsfield Generating",50002,"2024-06-14",18,,,,,,
"MA","Pittsfield Generating",50002,"2024-06-14",19,,,,,,
"MA","Pittsfield Generating",50002,"2024-06-14",20,,,,,,
"MA","Pittsfield Generating",50002,"2024-06-14",21,,,,,,
"MA","Pittsfield Generating",50002,"2024-06-14",22,,,,,,
"MA","Pittsfield Generating",50002,"2024-06-14",23,,,,,,
"MA","Pittsfield Generating",50002,"2024-06-15",0,,,,,,
"MA","Pittsfield Generating",50002,"2024-06-15",1,,,,,,
"MA","Pittsfield Generating",50002,"2024-06-15",2,,,,,,
"MA","Pittsfield Generating",50002,"2024-06-15",3,,,,,,
"MA","Pittsfield Generating",50002,"2024-06-15",4,,,,,,
"MA","Pittsfield Generating",50002,"2024-06-15",5,,,,,,
"MA","Pittsfield Generating",50002,"2024-06-15",6,,,,,,
"MA","Pittsfield Generating",50002,"2024-06-15",7,,,,,,
"MA","Pittsfield Generating",50002,"2024-06-15",8,,,,,,
"MA","Pittsfield Generating",50002,"2024-06-15",9,0,,,0.78,0.923,13.182
"MA","Pittsfield Generating",50002,"2024-06-15",10,,,,,,
"MA","Pittsfield Generating",50002,"2024-06-15",11,,,,,,
"MA","Pittsfield Generating",50002,"2024-06-15",12,,,,,,
"MA","Pittsfield Generating",50002,"2024-06-15",13,,,,,,
"MA","Pittsfield Generating",50002,"2024-06-15",14,,,,,,
"MA","Pittsfield Generating",50002,"2024-06-15",15,,,,,,
"MA","Pittsfield Generating",50002,"2024-06-15",16,,,,,,
"MA","Pittsfield Generating",50002,"2024-06-15",17,,,,,,
"MA","Pittsfield Generating",50002,"2024-06-15",18,,,,,,
"MA","Pittsfield Generating",50002,"2024-06-15",19,,,,,,
"MA","Pittsfield Generating",50002,"2024-06-15",20,,,,,,
"MA","Pittsfield Generating",50002,"2024-06-15",21,,,,,,
"MA","Pittsfield Generating",50002,"2024-06-15",22,,,,,,
"MA","Pittsfield Generating",50002,"2024-06-15",23,,,,,,
"MA","Pittsfield Generating",50002,"2024-06-16",0,,,,,,
"MA","Pittsfield Generating",50002,"2024-06-16",1,,,,,,
"MA","Pittsfield Generating",50002,"2024-06-16",2,,,,,,
"MA","Pittsfield Generating",50002,"2024-06-16",3,,,,,,
"MA","Pittsfield Generating",50002,"2024-06-16",4,,,,,,
"MA","Pittsfield Generating",50002,"2024-06-16",5,,,,,,
"MA","Pittsfield Generating",50002,"2024-06-16",6,,,,,,
"MA","Pittsfield Generating",50002,"2024-06-16",7,,,,,,
"MA","Pittsfield Generating",50002,"2024-06-16",8,,,,,,
"MA","Pittsfield Generating",50002,"2024-06-16",9,,,,,,
"MA","Pittsfield Generating",50002,"2024-06-16",10,,,,,,
"MA","Pittsfield Generating",50002,"2024-06-16",11,,,,,,
"MA","Pittsfield Generating",50002,"2024-06-16",12,,,,,,
"MA","Pittsfield Generating",50002,"2024-06-16",13,,,,,,
"MA","Pittsfield Generating",50002,"2024-06-16",14,,,,,,
"MA","Pittsfield Generating",50002,"2024-06-16",15,,,,,,
"MA","Pittsfield Generating",50002,"2024-06-16",16,,,,,,
"MA","Pittsfield Generating",50002,"2024-06-16",17,,,,,,
"MA","Pittsfield Generating",50002,"2024-06-16",18,,,,,,
"MA","Pittsfield Generating",50002,"2024-06-16",19,,,,,,
"MA","Pittsfield Generating",50002,"2024-06-16",20,,,,,,
"MA","Pittsfield Generating",50002,"2024-06-16",21,,,,,,
"MA","Pittsfield Generating",50002,"2024-06-16",22,,,,,,
"MA","Pittsfield Generating",50002,"2024-06-16",23,,,,,,
"MA","Pittsfield Generating",50002,"2024-06-17",0,,,,,,
"MA","Pittsfield Generating",50002,"2024-06-17",1,,,,,,
"MA","Pittsfield Generating",50002,"2024-06-17",2,,,,,,
"MA","Pittsfield Generating",50002,"2024-06-17",3,,,,,,
"MA","Pittsfield Generating",50002,"2024-06-17",4,,,,,,
"MA","Pittsfield Generating",50002,"2024-06-17",5,,,,,,
"MA","Pittsfield Generating",50002,"2024-06-17",6,,,,,,
"MA","Pittsfield Generating",50002,"2024-06-17",7,,,,,,
"MA","Pittsfield Generating",50002,"2024-06-17",8,,,,,,
"MA","Pittsfield Generating",50002,"2024-06-17",9,,,,,,
"MA","Pittsfield Generating",50002,"2024-06-17",10,,,,,,
"MA","Pittsfield Generating",50002,"2024-06-17",11,,,,,,
"MA","Pittsfield Generating",50002,"2024-06-17",12,,,,,,
"MA","Pittsfield Generating",50002,"2024-06-17",13,,,,,,
"MA","Pittsfield Generating",50002,"2024-06-17",14,,,,,,
"MA","Pittsfield Generating",50002,"2024-06-17",15,,,,,,
"MA","Pittsfield Generating",50002,"2024-06-17",16,,,,,,
"MA","Pittsfield Generating",50002,"2024-06-17",17,,,,,,
"MA","Pittsfield Generating",50002,"2024-06-17",18,,,,,,
"MA","Pittsfield Generating",50002,"2024-06-17",19,,,,,,
"MA","Pittsfield Generating",50002,"2024-06-17",20,,,,,,
"MA","Pittsfield Generating",50002,"2024-06-17",21,,,,,,
"MA","Pittsfield Generating",50002,"2024-06-17",22,,,,,,
"MA","Pittsfield Generating",50002,"2024-06-17",23,,,,,,
"MA","Pittsfield Generating",50002,"2024-06-18",0,,,,,,
"MA","Pittsfield Generating",50002,"2024-06-18",1,,,,,,
"MA","Pittsfield Generating",50002,"2024-06-18",2,,,,,,
"MA","Pittsfield Generating",50002,"2024-06-18",3,,,,,,
"MA","Pittsfield Generating",50002,"2024-06-18",4,,,,,,
"MA","Pittsfield Generating",50002,"2024-06-18",5,,,,,,
"MA","Pittsfield Generating",50002,"2024-06-18",6,,,,,,
"MA","Pittsfield Generating",50002,"2024-06-18",7,,,,,,
"MA","Pittsfield Generating",50002,"2024-06-18",8,,,,,,
"MA","Pittsfield Generating",50002,"2024-06-18",9,3,,,1.44,1.32,24.34
"MA","Pittsfield Generating",50002,"2024-06-18",10,25,,,20.638,52.116,347.548
"MA","Pittsfield Generating",50002,"2024-06-18",11,61,,,50.417,36.734,847.495
"MA","Pittsfield Generating",50002,"2024-06-18",12,89,,,67.8,15.9,1140.4
"MA","Pittsfield Generating",50002,"2024-06-18",13,84,,,65.8,11.7,1106.7
"MA","Pittsfield Generating",50002,"2024-06-18",14,99,,,74.1,16.2,1247
"MA","Pittsfield Generating",50002,"2024-06-18",15,81,,,63.5,12.1,1069
"MA","Pittsfield Generating",50002,"2024-06-18",16,87,,,66.9,12.7,1126
"MA","Pittsfield Generating",50002,"2024-06-18",17,83,,,64.7,11.9,1087.9
"MA","Pittsfield Generating",50002,"2024-06-18",18,83,,,64.7,11.6,1088.4
"MA","Pittsfield Generating",50002,"2024-06-18",19,82,,,64.3,12.2,1083
"MA","Pittsfield Generating",50002,"2024-06-18",20,80,,,62.9,11.2,1058.5
"MA","Pittsfield Generating",50002,"2024-06-18",21,44,,,17.285,2.715,290.862
"MA","Pittsfield Generating",50002,"2024-06-18",22,,,,,,
"MA","Pittsfield Generating",50002,"2024-06-18",23,,,,,,
"MA","Pittsfield Generating",50002,"2024-06-19",0,,,,,,
"MA","Pittsfield Generating",50002,"2024-06-19",1,,,,,,
"MA","Pittsfield Generating",50002,"2024-06-19",2,,,,,,
"MA","Pittsfield Generating",50002,"2024-06-19",3,,,,,,
"MA","Pittsfield Generating",50002,"2024-06-19",4,,,,,,
"MA","Pittsfield Generating",50002,"2024-06-19",5,,,,,,
"MA","Pittsfield Generating",50002,"2024-06-19",6,,,,,,
"MA","Pittsfield Generating",50002,"2024-06-19",7,,,,,,
"MA","Pittsfield Generating",50002,"2024-06-19",8,,,,,,
"MA","Pittsfield Generating",50002,"2024-06-19",9,,,,,,
"MA","Pittsfield Generating",50002,"2024-06-19",10,20,,,15.838,32.437,266.507
"MA","Pittsfield Generating",50002,"2024-06-19",11,59,,,46.5,19.16,783.16
"MA","Pittsfield Generating",50002,"2024-06-19",12,80,,,63.6,12.1,1069.9
"MA","Pittsfield Generating",50002,"2024-06-19",13,84,,,65.7,13.3,1105.3
"MA","Pittsfield Generating",50002,"2024-06-19",14,92,,,70.4,16.6,1184.3
"MA","Pittsfield Generating",50002,"2024-06-19",15,84,,,64.8,13.4,1090.2
"MA","Pittsfield Generating",50002,"2024-06-19",16,83,,,64.4,12.7,1084.5
"MA","Pittsfield Generating",50002,"2024-06-19",17,83,,,64.7,11.3,1088.7
"MA","Pittsfield Generating",50002,"2024-06-19",18,83,,,64.6,10.5,1086.6
"MA","Pittsfield Generating",50002,"2024-06-19",19,83,,,64.5,10.9,1085.6
"MA","Pittsfield Generating",50002,"2024-06-19",20,80,,,63.6,10.7,1070.7
"MA","Pittsfield Generating",50002,"2024-06-19",21,39,,,13.623,1.797,228.819
"MA","Pittsfield Generating",50002,"2024-06-19",22,,,,,,
"MA","Pittsfield Generating",50002,"2024-06-19",23,,,,,,
"MA","Pittsfield Generating",50002,"2024-06-20",0,,,,,,
"MA","Pittsfield Generating",50002,"2024-06-20",1,,,,,,
"MA","Pittsfield Generating",50002,"2024-06-20",2,,,,,,
"MA","Pittsfield Generating",50002,"2024-06-20",3,,,,,,
"MA","Pittsfield Generating",50002,"2024-06-20",4,,,,,,
"MA","Pittsfield Generating",50002,"2024-06-20",5,,,,,,
"MA","Pittsfield Generating",50002,"2024-06-20",6,,,,,,
"MA","Pittsfield Generating",50002,"2024-06-20",7,,,,,,
"MA","Pittsfield Generating",50002,"2024-06-20",8,22,,,16.758,25.059,281.838
"MA","Pittsfield Generating",50002,"2024-06-20",9,64,,,51.22,14.064,862.616
"MA","Pittsfield Generating",50002,"2024-06-20",10,80,,,63.2,6.4,1063.8
"MA","Pittsfield Generating",50002,"2024-06-20",11,81,,,63.2,6.4,1063.6
"MA","Pittsfield Generating",50002,"2024-06-20",12,84,,,65.2,7,1098
"MA","Pittsfield Generating",50002,"2024-06-20",13,92,,,69.6,10.1,1171.9
"MA","Pittsfield Generating",50002,"2024-06-20",14,97,,,72.3,11.4,1217.9
"MA","Pittsfield Generating",50002,"2024-06-20",15,85,,,65.8,8.9,1106.8
"MA","Pittsfield Generating",50002,"2024-06-20",16,93,,,70.4,10.3,1183.8
"MA","Pittsfield Generating",50002,"2024-06-20",17,103,,,76.5,16.8,1287.2
"MA","Pittsfield Generating",50002,"2024-06-20",18,109,,,79.8,20.1,1342.6
"MA","Pittsfield Generating",50002,"2024-06-20",19,109,,,80.1,21.1,1347.1
"MA","Pittsfield Generating",50002,"2024-06-20",20,110,,,80.1,22,1347
"MA","Pittsfield Generating",50002,"2024-06-20",21,73,,,29.172,5.054,490.612
"MA","Pittsfield Generating",50002,"2024-06-20",22,,,,,,
"MA","Pittsfield Generating",50002,"2024-06-20",23,,,,,,
"MA","Pittsfield Generating",50002,"2024-06-21",0,,,,,,
"MA","Pittsfield Generating",50002,"2024-06-21",1,,,,,,
"MA","Pittsfield Generating",50002,"2024-06-21",2,,,,,,
"MA","Pittsfield Generating",50002,"2024-06-21",3,,,,,,
"MA","Pittsfield Generating",50002,"2024-06-21",4,,,,,,
"MA","Pittsfield Generating",50002,"2024-06-21",5,,,,,,
"MA","Pittsfield Generating",50002,"2024-06-21",6,,,,,,
"MA","Pittsfield Generating",50002,"2024-06-21",7,,,,,,
"MA","Pittsfield Generating",50002,"2024-06-21",8,,,,,,
"MA","Pittsfield Generating",50002,"2024-06-21",9,,,,,,
"MA","Pittsfield Generating",50002,"2024-06-21",10,,,,,,
"MA","Pittsfield Generating",50002,"2024-06-21",11,,,,,,
"MA","Pittsfield Generating",50002,"2024-06-21",12,,,,,,
"MA","Pittsfield Generating",50002,"2024-06-21",13,,,,,,
"MA","Pittsfield Generating",50002,"2024-06-21",14,,,,,,
"MA","Pittsfield Generating",50002,"2024-06-21",15,,,,,,
"MA","Pittsfield Generating",50002,"2024-06-21",16,,,,,,
"MA","Pittsfield Generating",50002,"2024-06-21",17,,,,,,
"MA","Pittsfield Generating",50002,"2024-06-21",18,,,,,,
"MA","Pittsfield Generating",50002,"2024-06-21",19,,,,,,
"MA","Pittsfield Generating",50002,"2024-06-21",20,,,,,,
"MA","Pittsfield Generating",50002,"2024-06-21",21,,,,,,
"MA","Pittsfield Generating",50002,"2024-06-21",22,,,,,,
"MA","Pittsfield Generating",50002,"2024-06-21",23,,,,,,
"MA","Pittsfield Generating",50002,"2024-06-22",0,,,,,,
"MA","Pittsfield Generating",50002,"2024-06-22",1,,,,,,
"MA","Pittsfield Generating",50002,"2024-06-22",2,,,,,,
"MA","Pittsfield Generating",50002,"2024-06-22",3,,,,,,
"MA","Pittsfield Generating",50002,"2024-06-22",4,,,,,,
"MA","Pittsfield Generating",50002,"2024-06-22",5,,,,,,
"MA","Pittsfield Generating",50002,"2024-06-22",6,,,,,,
"MA","Pittsfield Generating",50002,"2024-06-22",7,,,,,,
"MA","Pittsfield Generating",50002,"2024-06-22",8,,,,,,
"MA","Pittsfield Generating",50002,"2024-06-22",9,,,,,,
"MA","Pittsfield Generating",50002,"2024-06-22",10,,,,,,
"MA","Pittsfield Generating",50002,"2024-06-22",11,,,,,,
"MA","Pittsfield Generating",50002,"2024-06-22",12,,,,,,
"MA","Pittsfield Generating",50002,"2024-06-22",13,,,,,,
"MA","Pittsfield Generating",50002,"2024-06-22",14,,,,,,
"MA","Pittsfield Generating",50002,"2024-06-22",15,,,,,,
"MA","Pittsfield Generating",50002,"2024-06-22",16,,,,,,
"MA","Pittsfield Generating",50002,"2024-06-22",17,,,,,,
"MA","Pittsfield Generating",50002,"2024-06-22",18,,,,,,
"MA","Pittsfield Generating",50002,"2024-06-22",19,,,,,,
"MA","Pittsfield Generating",50002,"2024-06-22",20,,,,,,
"MA","Pittsfield Generating",50002,"2024-06-22",21,,,,,,
"MA","Pittsfield Generating",50002,"2024-06-22",22,,,,,,
"MA","Pittsfield Generating",50002,"2024-06-22",23,,,,,,
"MA","Pittsfield Generating",50002,"2024-06-23",0,,,,,,
"MA","Pittsfield Generating",50002,"2024-06-23",1,,,,,,
"MA","Pittsfield Generating",50002,"2024-06-23",2,,,,,,
"MA","Pittsfield Generating",50002,"2024-06-23",3,,,,,,
"MA","Pittsfield Generating",50002,"2024-06-23",4,,,,,,
"MA","Pittsfield Generating",50002,"2024-06-23",5,,,,,,
"MA","Pittsfield Generating",50002,"2024-06-23",6,,,,,,
"MA","Pittsfield Generating",50002,"2024-06-23",7,,,,,,
"MA","Pittsfield Generating",50002,"2024-06-23",8,,,,,,
"MA","Pittsfield Generating",50002,"2024-06-23",9,,,,,,
"MA","Pittsfield Generating",50002,"2024-06-23",10,,,,,,
"MA","Pittsfield Generating",50002,"2024-06-23",11,,,,,,
"MA","Pittsfield Generating",50002,"2024-06-23",12,,,,,,
"MA","Pittsfield Generating",50002,"2024-06-23",13,,,,,,
"MA","Pittsfield Generating",50002,"2024-06-23",14,,,,,,
"MA","Pittsfield Generating",50002,"2024-06-23",15,,,,,,
"MA","Pittsfield Generating",50002,"2024-06-23",16,,,,,,
"MA","Pittsfield Generating",50002,"2024-06-23",17,,,,,,
"MA","Pittsfield Generating",50002,"2024-06-23",18,,,,,,
"MA","Pittsfield Generating",50002,"2024-06-23",19,,,,,,
"MA","Pittsfield Generating",50002,"2024-06-23",20,,,,,,
"MA","Pittsfield Generating",50002,"2024-06-23",21,,,,,,
"MA","Pittsfield Generating",50002,"2024-06-23",22,,,,,,
"MA","Pittsfield Generating",50002,"2024-06-23",23,,,,,,
"MA","Pittsfield Generating",50002,"2024-06-24",0,,,,,,
"MA","Pittsfield Generating",50002,"2024-06-24",1,,,,,,
"MA","Pittsfield Generating",50002,"2024-06-24",2,,,,,,
"MA","Pittsfield Generating",50002,"2024-06-24",3,,,,,,
"MA","Pittsfield Generating",50002,"2024-06-24",4,,,,,,
"MA","Pittsfield Generating",50002,"2024-06-24",5,,,,,,
"MA","Pittsfield Generating",50002,"2024-06-24",6,,,,,,
"MA","Pittsfield Generating",50002,"2024-06-24",7,,,,,,
"MA","Pittsfield Generating",50002,"2024-06-24",8,,,,,,
"MA","Pittsfield Generating",50002,"2024-06-24",9,,,,,,
"MA","Pittsfield Generating",50002,"2024-06-24",10,,,,,,
"MA","Pittsfield Generating",50002,"2024-06-24",11,,,,,,
"MA","Pittsfield Generating",50002,"2024-06-24",12,,,,,,
"MA","Pittsfield Generating",50002,"2024-06-24",13,,,,,,
"MA","Pittsfield Generating",50002,"2024-06-24",14,,,,,,
"MA","Pittsfield Generating",50002,"2024-06-24",15,,,,,,
"MA","Pittsfield Generating",50002,"2024-06-24",16,,,,,,
"MA","Pittsfield Generating",50002,"2024-06-24",17,,,,,,
"MA","Pittsfield Generating",50002,"2024-06-24",18,,,,,,
"MA","Pittsfield Generating",50002,"2024-06-24",19,,,,,,
"MA","Pittsfield Generating",50002,"2024-06-24",20,,,,,,
"MA","Pittsfield Generating",50002,"2024-06-24",21,,,,,,
"MA","Pittsfield Generating",50002,"2024-06-24",22,,,,,,
"MA","Pittsfield Generating",50002,"2024-06-24",23,,,,,,
"MA","Pittsfield Generating",50002,"2024-06-25",0,,,,,,
"MA","Pittsfield Generating",50002,"2024-06-25",1,,,,,,
"MA","Pittsfield Generating",50002,"2024-06-25",2,,,,,,
"MA","Pittsfield Generating",50002,"2024-06-25",3,,,,,,
"MA","Pittsfield Generating",50002,"2024-06-25",4,,,,,,
"MA","Pittsfield Generating",50002,"2024-06-25",5,,,,,,
"MA","Pittsfield Generating",50002,"2024-06-25",6,,,,,,
"MA","Pittsfield Generating",50002,"2024-06-25",7,,,,,,
"MA","Pittsfield Generating",50002,"2024-06-25",8,,,,,,
"MA","Pittsfield Generating",50002,"2024-06-25",9,,,,,,
"MA","Pittsfield Generating",50002,"2024-06-25",10,,,,,,
"MA","Pittsfield Generating",50002,"2024-06-25",11,,,,,,
"MA","Pittsfield Generating",50002,"2024-06-25",12,,,,,,
"MA","Pittsfield Generating",50002,"2024-06-25",13,,,,,,
"MA","Pittsfield Generating",50002,"2024-06-25",14,,,,,,
"MA","Pittsfield Generating",50002,"2024-06-25",15,,,,,,
"MA","Pittsfield Generating",50002,"2024-06-25",16,,,,,,
"MA","Pittsfield Generating",50002,"2024-06-25",17,,,,,,
"MA","Pittsfield Generating",50002,"2024-06-25",18,,,,,,
"MA","Pittsfield Generating",50002,"2024-06-25",19,,,,,,
"MA","Pittsfield Generating",50002,"2024-06-25",20,,,,,,
"MA","Pittsfield Generating",50002,"2024-06-25",21,,,,,,
"MA","Pittsfield Generating",50002,"2024-06-25",22,,,,,,
"MA","Pittsfield Generating",50002,"2024-06-25",23,,,,,,
"MA","Pittsfield Generating",50002,"2024-06-26",0,,,,,,
"MA","Pittsfield Generating",50002,"2024-06-26",1,,,,,,
"MA","Pittsfield Generating",50002,"2024-06-26",2,,,,,,
"MA","Pittsfield Generating",50002,"2024-06-26",3,,,,,,
"MA","Pittsfield Generating",50002,"2024-06-26",4,,,,,,
"MA","Pittsfield Generating",50002,"2024-06-26",5,,,,,,
"MA","Pittsfield Generating",50002,"2024-06-26",6,,,,,,
"MA","Pittsfield Generating",50002,"2024-06-26",7,,,,,,
"MA","Pittsfield Generating",50002,"2024-06-26",8,,,,,,
"MA","Pittsfield Generating",50002,"2024-06-26",9,,,,,,
"MA","Pittsfield Generating",50002,"2024-06-26",10,,,,,,
"MA","Pittsfield Generating",50002,"2024-06-26",11,,,,,,
"MA","Pittsfield Generating",50002,"2024-06-26",12,14,,,13.617,48.699,228.743
"MA","Pittsfield Generating",50002,"2024-06-26",13,49,,,40.648,29.74,682.94
"MA","Pittsfield Generating",50002,"2024-06-26",14,76,,,61.3,28.1,1032.6
"MA","Pittsfield Generating",50002,"2024-06-26",15,84,,,65,18.5,1093.6
"MA","Pittsfield Generating",50002,"2024-06-26",16,84,,,64.6,21.8,1087.5
"MA","Pittsfield Generating",50002,"2024-06-26",17,84,,,64.8,25,1091
"MA","Pittsfield Generating",50002,"2024-06-26",18,79,,,57.819,22.703,973.312
"MA","Pittsfield Generating",50002,"2024-06-26",19,24,,,6.615,3.115,111.335
"MA","Pittsfield Generating",50002,"2024-06-26",20,,,,,,
"MA","Pittsfield Generating",50002,"2024-06-26",21,,,,,,
"MA","Pittsfield Generating",50002,"2024-06-26",22,,,,,,
"MA","Pittsfield Generating",50002,"2024-06-26",23,,,,,,
"MA","Pittsfield Generating",50002,"2024-06-27",0,,,,,,
"MA","Pittsfield Generating",50002,"2024-06-27",1,,,,,,
"MA","Pittsfield Generating",50002,"2024-06-27",2,,,,,,
"MA","Pittsfield Generating",50002,"2024-06-27",3,,,,,,
"MA","Pittsfield Generating",50002,"2024-06-27",4,,,,,,
"MA","Pittsfield Generating",50002,"2024-06-27",5,,,,,,
"MA","Pittsfield Generating",50002,"2024-06-27",6,,,,,,
"MA","Pittsfield Generating",50002,"2024-06-27",7,,,,,,
"MA","Pittsfield Generating",50002,"2024-06-27",8,,,,,,
"MA","Pittsfield Generating",50002,"2024-06-27",9,,,,,,
"MA","Pittsfield Generating",50002,"2024-06-27",10,,,,,,
"MA","Pittsfield Generating",50002,"2024-06-27",11,,,,,,
"MA","Pittsfield Generating",50002,"2024-06-27",12,,,,,,
"MA","Pittsfield Generating",50002,"2024-06-27",13,,,,,,
"MA","Pittsfield Generating",50002,"2024-06-27",14,,,,,,
"MA","Pittsfield Generating",50002,"2024-06-27",15,,,,,,
"MA","Pittsfield Generating",50002,"2024-06-27",16,,,,,,
"MA","Pittsfield Generating",50002,"2024-06-27",17,,,,,,
"MA","Pittsfield Generating",50002,"2024-06-27",18,,,,,,
"MA","Pittsfield Generating",50002,"2024-06-27",19,,,,,,
"MA","Pittsfield Generating",50002,"2024-06-27",20,,,,,,
"MA","Pittsfield Generating",50002,"2024-06-27",21,,,,,,
"MA","Pittsfield Generating",50002,"2024-06-27",22,,,,,,
"MA","Pittsfield Generating",50002,"2024-06-27",23,,,,,,
"MA","Pittsfield Generating",50002,"2024-06-28",0,,,,,,
"MA","Pittsfield Generating",50002,"2024-06-28",1,,,,,,
"MA","Pittsfield Generating",50002,"2024-06-28",2,,,,,,
"MA","Pittsfield Generating",50002,"2024-06-28",3,,,,,,
"MA","Pittsfield Generating",50002,"2024-06-28",4,,,,,,
"MA","Pittsfield Generating",50002,"2024-06-28",5,,,,,,
"MA","Pittsfield Generating",50002,"2024-06-28",6,,,,,,
"MA","Pittsfield Generating",50002,"2024-06-28",7,,,,,,
"MA","Pittsfield Generating",50002,"2024-06-28",8,,,,,,
"MA","Pittsfield Generating",50002,"2024-06-28",9,,,,,,
"MA","Pittsfield Generating",50002,"2024-06-28",10,,,,,,
"MA","Pittsfield Generating",50002,"2024-06-28",11,,,,,,
"MA","Pittsfield Generating",50002,"2024-06-28",12,,,,,,
"MA","Pittsfield Generating",50002,"2024-06-28",13,,,,,,
"MA","Pittsfield Generating",50002,"2024-06-28",14,,,,,,
"MA","Pittsfield Generating",50002,"2024-06-28",15,,,,,,
"MA","Pittsfield Generating",50002,"2024-06-28",16,,,,,,
"MA","Pittsfield Generating",50002,"2024-06-28",17,,,,,,
"MA","Pittsfield Generating",50002,"2024-06-28",18,,,,,,
"MA","Pittsfield Generating",50002,"2024-06-28",19,,,,,,
"MA","Pittsfield Generating",50002,"2024-06-28",20,,,,,,
"MA","Pittsfield Generating",50002,"2024-06-28",21,,,,,,
"MA","Pittsfield Generating",50002,"2024-06-28",22,,,,,,
"MA","Pittsfield Generating",50002,"2024-06-28",23,,,,,,
"MA","Pittsfield Generating",50002,"2024-06-29",0,,,,,,
"MA","Pittsfield Generating",50002,"2024-06-29",1,,,,,,
"MA","Pittsfield Generating",50002,"2024-06-29",2,,,,,,
"MA","Pittsfield Generating",50002,"2024-06-29",3,,,,,,
"MA","Pittsfield Generating",50002,"2024-06-29",4,,,,,,
"MA","Pittsfield Generating",50002,"2024-06-29",5,,,,,,
"MA","Pittsfield Generating",50002,"2024-06-29",6,,,,,,
"MA","Pittsfield Generating",50002,"2024-06-29",7,,,,,,
"MA","Pittsfield Generating",50002,"2024-06-29",8,,,,,,
"MA","Pittsfield Generating",50002,"2024-06-29",9,,,,,,
"MA","Pittsfield Generating",50002,"2024-06-29",10,,,,,,
"MA","Pittsfield Generating",50002,"2024-06-29",11,,,,,,
"MA","Pittsfield Generating",50002,"2024-06-29",12,,,,,,
"MA","Pittsfield Generating",50002,"2024-06-29",13,,,,,,
"MA","Pittsfield Generating",50002,"2024-06-29",14,,,,,,
"MA","Pittsfield Generating",50002,"2024-06-29",15,,,,,,
"MA","Pittsfield Generating",50002,"2024-06-29",16,,,,,,
"MA","Pittsfield Generating",50002,"2024-06-29",17,,,,,,
"MA","Pittsfield Generating",50002,"2024-06-29",18,,,,,,
"MA","Pittsfield Generating",50002,"2024-06-29",19,,,,,,
"MA","Pittsfield Generating",50002,"2024-06-29",20,,,,,,
"MA","Pittsfield Generating",50002,"2024-06-29",21,,,,,,
"MA","Pittsfield Generating",50002,"2024-06-29",22,,,,,,
"MA","Pittsfield Generating",50002,"2024-06-29",23,,,,,,
"MA","Pittsfield Generating",50002,"2024-06-30",0,,,,,,
"MA","Pittsfield Generating",50002,"2024-06-30",1,,,,,,
"MA","Pittsfield Generating",50002,"2024-06-30",2,,,,,,
"MA","Pittsfield Generating",50002,"2024-06-30",3,,,,,,
"MA","Pittsfield Generating",50002,"2024-06-30",4,,,,,,
"MA","Pittsfield Generating",50002,"2024-06-30",5,,,,,,
"MA","Pittsfield Generating",50002,"2024-06-30",6,,,,,,
"MA","Pittsfield Generating",50002,"2024-06-30",7,,,,,,
"MA","Pittsfield Generating",50002,"2024-06-30",8,,,,,,
"MA","Pittsfield Generating",50002,"2024-06-30",9,,,,,,
"MA","Pittsfield Generating",50002,"2024-06-30",10,,,,,,
"MA","Pittsfield Generating",50002,"2024-06-30",11,,,,,,
"MA","Pittsfield Generating",50002,"2024-06-30",12,,,,,,
"MA","Pittsfield Generating",50002,"2024-06-30",13,,,,,,
"MA","Pittsfield Generating",50002,"2024-06-30",14,,,,,,
"MA","Pittsfield Generating",50002,"2024-06-30",15,,,,,,
"MA","Pittsfield Generating",50002,"2024-06-30",16,,,,,,
"MA","Pittsfield Generating",50002,"2024-06-30",17,,,,,,
"MA","Pittsfield Generating",50002,"2024-06-30",18,,,,,,
"MA","Pittsfield Generating",50002,"2024-06-30",19,,,,,,
"MA","Pittsfield Generating",50002,"2024-06-30",20,,,,,,
"MA","Pittsfield Generating",50002,"2024-06-30",21,,,,,,
"MA","Pittsfield Generating",50002,"2024-06-30",22,,,,,,
"MA","Pittsfield Generating",50002,"2024-06-30",23,,,,,,
"MA","Pittsfield Generating",50002,"2024-07-01",0,,,,,,
"MA","Pittsfield Generating",50002,"2024-07-01",1,,,,,,
"MA","Pittsfield Generating",50002,"2024-07-01",2,,,,,,
"MA","Pittsfield Generating",50002,"2024-07-01",3,,,,,,
"MA","Pittsfield Generating",50002,"2024-07-01",4,,,,,,
"MA","Pittsfield Generating",50002,"2024-07-01",5,,,,,,
"MA","Pittsfield Generating",50002,"2024-07-01",6,,,,,,
"MA","Pittsfield Generating",50002,"2024-07-01",7,,,,,,
"MA","Pittsfield Generating",50002,"2024-07-01",8,,,,,,
"MA","Pittsfield Generating",50002,"2024-07-01",9,,,,,,
"MA","Pittsfield Generating",50002,"2024-07-01",10,,,,,,
"MA","Pittsfield Generating",50002,"2024-07-01",11,,,,,,
"MA","Pittsfield Generating",50002,"2024-07-01",12,,,,,,
"MA","Pittsfield Generating",50002,"2024-07-01",13,,,,,,
"MA","Pittsfield Generating",50002,"2024-07-01",14,,,,,,
"MA","Pittsfield Generating",50002,"2024-07-01",15,,,,,,
"MA","Pittsfield Generating",50002,"2024-07-01",16,,,,,,
"MA","Pittsfield Generating",50002,"2024-07-01",17,,,,,,
"MA","Pittsfield Generating",50002,"2024-07-01",18,,,,,,
"MA","Pittsfield Generating",50002,"2024-07-01",19,,,,,,
"MA","Pittsfield Generating",50002,"2024-07-01",20,,,,,,
"MA","Pittsfield Generating",50002,"2024-07-01",21,,,,,,
"MA","Pittsfield Generating",50002,"2024-07-01",22,,,,,,
"MA","Pittsfield Generating",50002,"2024-07-01",23,,,,,,
"MA","Pittsfield Generating",50002,"2024-07-02",0,,,,,,
"MA","Pittsfield Generating",50002,"2024-07-02",1,,,,,,
"MA","Pittsfield Generating",50002,"2024-07-02",2,,,,,,
"MA","Pittsfield Generating",50002,"2024-07-02",3,,,,,,
"MA","Pittsfield Generating",50002,"2024-07-02",4,,,,,,
"MA","Pittsfield Generating",50002,"2024-07-02",5,,,,,,
"MA","Pittsfield Generating",50002,"2024-07-02",6,,,,,,
"MA","Pittsfield Generating",50002,"2024-07-02",7,,,,,,
"MA","Pittsfield Generating",50002,"2024-07-02",8,,,,,,
"MA","Pittsfield Generating",50002,"2024-07-02",9,,,,,,
"MA","Pittsfield Generating",50002,"2024-07-02",10,,,,,,
"MA","Pittsfield Generating",50002,"2024-07-02",11,,,,,,
"MA","Pittsfield Generating",50002,"2024-07-02",12,,,,,,
"MA","Pittsfield Generating",50002,"2024-07-02",13,,,,,,
"MA","Pittsfield Generating",50002,"2024-07-02",14,,,,,,
"MA","Pittsfield Generating",50002,"2024-07-02",15,,,,,,
"MA","Pittsfield Generating",50002,"2024-07-02",16,,,,,,
"MA","Pittsfield Generating",50002,"2024-07-02",17,,,,,,
"MA","Pittsfield Generating",50002,"2024-07-02",18,,,,,,
"MA","Pittsfield Generating",50002,"2024-07-02",19,,,,,,
"MA","Pittsfield Generating",50002,"2024-07-02",20,,,,,,
"MA","Pittsfield Generating",50002,"2024-07-02",21,,,,,,
"MA","Pittsfield Generating",50002,"2024-07-02",22,,,,,,
"MA","Pittsfield Generating",50002,"2024-07-02",23,,,,,,
"MA","Pittsfield Generating",50002,"2024-07-03",0,,,,,,
"MA","Pittsfield Generating",50002,"2024-07-03",1,,,,,,
"MA","Pittsfield Generating",50002,"2024-07-03",2,,,,,,
"MA","Pittsfield Generating",50002,"2024-07-03",3,,,,,,
"MA","Pittsfield Generating",50002,"2024-07-03",4,,,,,,
"MA","Pittsfield Generating",50002,"2024-07-03",5,,,,,,
"MA","Pittsfield Generating",50002,"2024-07-03",6,,,,,,
"MA","Pittsfield Generating",50002,"2024-07-03",7,,,,,,
"MA","Pittsfield Generating",50002,"2024-07-03",8,,,,,,
"MA","Pittsfield Generating",50002,"2024-07-03",9,,,,,,
"MA","Pittsfield Generating",50002,"2024-07-03",10,,,,,,
"MA","Pittsfield Generating",50002,"2024-07-03",11,,,,,,
"MA","Pittsfield Generating",50002,"2024-07-03",12,,,,,,
"MA","Pittsfield Generating",50002,"2024-07-03",13,,,,,,
"MA","Pittsfield Generating",50002,"2024-07-03",14,,,,,,
"MA","Pittsfield Generating",50002,"2024-07-03",15,,,,,,
"MA","Pittsfield Generating",50002,"2024-07-03",16,,,,,,
"MA","Pittsfield Generating",50002,"2024-07-03",17,,,,,,
"MA","Pittsfield Generating",50002,"2024-07-03",18,,,,,,
"MA","Pittsfield Generating",50002,"2024-07-03",19,,,,,,
"MA","Pittsfield Generating",50002,"2024-07-03",20,,,,,,
"MA","Pittsfield Generating",50002,"2024-07-03",21,,,,,,
"MA","Pittsfield Generating",50002,"2024-07-03",22,,,,,,
"MA","Pittsfield Generating",50002,"2024-07-03",23,,,,,,
"MA","Pittsfield Generating",50002,"2024-07-04",0,,,,,,
"MA","Pittsfield Generating",50002,"2024-07-04",1,,,,,,
"MA","Pittsfield Generating",50002,"2024-07-04",2,,,,,,
"MA","Pittsfield Generating",50002,"2024-07-04",3,,,,,,
"MA","Pittsfield Generating",50002,"2024-07-04",4,,,,,,
"MA","Pittsfield Generating",50002,"2024-07-04",5,,,,,,
"MA","Pittsfield Generating",50002,"2024-07-04",6,,,,,,
"MA","Pittsfield Generating",50002,"2024-07-04",7,,,,,,
"MA","Pittsfield Generating",50002,"2024-07-04",8,,,,,,
"MA","Pittsfield Generating",50002,"2024-07-04",9,,,,,,
"MA","Pittsfield Generating",50002,"2024-07-04",10,,,,,,
"MA","Pittsfield Generating",50002,"2024-07-04",11,,,,,,
"MA","Pittsfield Generating",50002,"2024-07-04",12,,,,,,
"MA","Pittsfield Generating",50002,"2024-07-04",13,,,,,,
"MA","Pittsfield Generating",50002,"2024-07-04",14,,,,,,
"MA","Pittsfield Generating",50002,"2024-07-04",15,,,,,,
"MA","Pittsfield Generating",50002,"2024-07-04",16,,,,,,
"MA","Pittsfield Generating",50002,"2024-07-04",17,,,,,,
"MA","Pittsfield Generating",50002,"2024-07-04",18,,,,,,
"MA","Pittsfield Generating",50002,"2024-07-04",19,,,,,,
"MA","Pittsfield Generating",50002,"2024-07-04",20,,,,,,
"MA","Pittsfield Generating",50002,"2024-07-04",21,,,,,,
"MA","Pittsfield Generating",50002,"2024-07-04",22,,,,,,
"MA","Pittsfield Generating",50002,"2024-07-04",23,,,,,,
"MA","Pittsfield Generating",50002,"2024-07-05",0,,,,,,
"MA","Pittsfield Generating",50002,"2024-07-05",1,,,,,,
"MA","Pittsfield Generating",50002,"2024-07-05",2,,,,,,
"MA","Pittsfield Generating",50002,"2024-07-05",3,,,,,,
"MA","Pittsfield Generating",50002,"2024-07-05",4,,,,,,
"MA","Pittsfield Generating",50002,"2024-07-05",5,,,,,,
"MA","Pittsfield Generating",50002,"2024-07-05",6,,,,,,
"MA","Pittsfield Generating",50002,"2024-07-05",7,,,,,,
"MA","Pittsfield Generating",50002,"2024-07-05",8,,,,,,
"MA","Pittsfield Generating",50002,"2024-07-05",9,,,,,,
"MA","Pittsfield Generating",50002,"2024-07-05",10,,,,,,
"MA","Pittsfield Generating",50002,"2024-07-05",11,,,,,,
"MA","Pittsfield Generating",50002,"2024-07-05",12,,,,,,
"MA","Pittsfield Generating",50002,"2024-07-05",13,,,,,,
"MA","Pittsfield Generating",50002,"2024-07-05",14,,,,,,
"MA","Pittsfield Generating",50002,"2024-07-05",15,,,,,,
"MA","Pittsfield Generating",50002,"2024-07-05",16,,,,,,
"MA","Pittsfield Generating",50002,"2024-07-05",17,,,,,,
"MA","Pittsfield Generating",50002,"2024-07-05",18,,,,,,
"MA","Pittsfield Generating",50002,"2024-07-05",19,,,,,,
"MA","Pittsfield Generating",50002,"2024-07-05",20,,,,,,
"MA","Pittsfield Generating",50002,"2024-07-05",21,,,,,,
"MA","Pittsfield Generating",50002,"2024-07-05",22,,,,,,
"MA","Pittsfield Generating",50002,"2024-07-05",23,,,,,,
"MA","Pittsfield Generating",50002,"2024-07-06",0,,,,,,
"MA","Pittsfield Generating",50002,"2024-07-06",1,,,,,,
"MA","Pittsfield Generating",50002,"2024-07-06",2,,,,,,
"MA","Pittsfield Generating",50002,"2024-07-06",3,,,,,,
"MA","Pittsfield Generating",50002,"2024-07-06",4,,,,,,
"MA","Pittsfield Generating",50002,"2024-07-06",5,,,,,,
"MA","Pittsfield Generating",50002,"2024-07-06",6,,,,,,
"MA","Pittsfield Generating",50002,"2024-07-06",7,,,,,,
"MA","Pittsfield Generating",50002,"2024-07-06",8,,,,,,
"MA","Pittsfield Generating",50002,"2024-07-06",9,,,,,,
"MA","Pittsfield Generating",50002,"2024-07-06",10,,,,,,
"MA","Pittsfield Generating",50002,"2024-07-06",11,,,,,,
"MA","Pittsfield Generating",50002,"2024-07-06",12,,,,,,
"MA","Pittsfield Generating",50002,"2024-07-06",13,,,,,,
"MA","Pittsfield Generating",50002,"2024-07-06",14,,,,,,
"MA","Pittsfield Generating",50002,"2024-07-06",15,,,,,,
"MA","Pittsfield Generating",50002,"2024-07-06",16,,,,,,
"MA","Pittsfield Generating",50002,"2024-07-06",17,,,,,,
"MA","Pittsfield Generating",50002,"2024-07-06",18,,,,,,
"MA","Pittsfield Generating",50002,"2024-07-06",19,,,,,,
"MA","Pittsfield Generating",50002,"2024-07-06",20,,,,,,
"MA","Pittsfield Generating",50002,"2024-07-06",21,,,,,,
"MA","Pittsfield Generating",50002,"2024-07-06",22,,,,,,
"MA","Pittsfield Generating",50002,"2024-07-06",23,,,,,,
"MA","Pittsfield Generating",50002,"2024-07-07",0,,,,,,
"MA","Pittsfield Generating",50002,"2024-07-07",1,,,,,,
"MA","Pittsfield Generating",50002,"2024-07-07",2,,,,,,
"MA","Pittsfield Generating",50002,"2024-07-07",3,,,,,,
"MA","Pittsfield Generating",50002,"2024-07-07",4,,,,,,
"MA","Pittsfield Generating",50002,"2024-07-07",5,,,,,,
"MA","Pittsfield Generating",50002,"2024-07-07",6,,,,,,
"MA","Pittsfield Generating",50002,"2024-07-07",7,,,,,,
"MA","Pittsfield Generating",50002,"2024-07-07",8,,,,,,
"MA","Pittsfield Generating",50002,"2024-07-07",9,,,,,,
"MA","Pittsfield Generating",50002,"2024-07-07",10,,,,,,
"MA","Pittsfield Generating",50002,"2024-07-07",11,8,,,8.175,19.725,137.775
"MA","Pittsfield Generating",50002,"2024-07-07",12,33,,,26.24,49.36,441.28
"MA","Pittsfield Generating",50002,"2024-07-07",13,64,,,51.572,52.731,867.984
"MA","Pittsfield Generating",50002,"2024-07-07",14,89,,,68.4,21,1151.1
"MA","Pittsfield Generating",50002,"2024-07-07",15,87,,,66.3,19,1115.6
"MA","Pittsfield Generating",50002,"2024-07-07",16,97,,,72.3,20.2,1217.7
"MA","Pittsfield Generating",50002,"2024-07-07",17,84,,,65.1,14.3,1096
"MA","Pittsfield Generating",50002,"2024-07-07",18,83,,,65,13.5,1092.9
"MA","Pittsfield Generating",50002,"2024-07-07",19,84,,,65.1,13.2,1096.1
"MA","Pittsfield Generating",50002,"2024-07-07",20,90,,,68.9,13.1,1159.7
"MA","Pittsfield Generating",50002,"2024-07-07",21,54,,,18.306,2.746,308.17
"MA","Pittsfield Generating",50002,"2024-07-07",22,,,,,,
"MA","Pittsfield Generating",50002,"2024-07-07",23,,,,,,
"MA","Pittsfield Generating",50002,"2024-07-08",0,,,,,,
"MA","Pittsfield Generating",50002,"2024-07-08",1,,,,,,
"MA","Pittsfield Generating",50002,"2024-07-08",2,,,,,,
"MA","Pittsfield Generating",50002,"2024-07-08",3,,,,,,
"MA","Pittsfield Generating",50002,"2024-07-08",4,,,,,,
"MA","Pittsfield Generating",50002,"2024-07-08",5,,,,,,
"MA","Pittsfield Generating",50002,"2024-07-08",6,,,,,,
"MA","Pittsfield Generating",50002,"2024-07-08",7,,,,,,
"MA","Pittsfield Generating",50002,"2024-07-08",8,,,,,,
"MA","Pittsfield Generating",50002,"2024-07-08",9,21,,,17.214,26.504,288.954
"MA","Pittsfield Generating",50002,"2024-07-08",10,57,,,46.512,25.562,783.896
"MA","Pittsfield Generating",50002,"2024-07-08",11,83,,,65.2,15.4,1098.6
"MA","Pittsfield Generating",50002,"2024-07-08",12,83,,,64.5,18.9,1086.3
"MA","Pittsfield Generating",50002,"2024-07-08",13,90,,,68.2,23,1148.9
"MA","Pittsfield Generating",50002,"2024-07-08",14,100,,,74.8,28,1256.9
"MA","Pittsfield Generating",50002,"2024-07-08",15,90,,,69.2,23.2,1164.1
"MA","Pittsfield Generating",50002,"2024-07-08",16,88,,,67.7,20.5,1139.6
"MA","Pittsfield Generating",50002,"2024-07-08",17,84,,,64.9,19,1091.1
"MA","Pittsfield Generating",50002,"2024-07-08",18,83,,,64.5,17.3,1086.3
"MA","Pittsfield Generating",50002,"2024-07-08",19,84,,,65,16.4,1092.7
"MA","Pittsfield Generating",50002,"2024-07-08",20,83,,,64.8,15.3,1090.1
"MA","Pittsfield Generating",50002,"2024-07-08",21,67,,,27.338,6.247,459.607
"MA","Pittsfield Generating",50002,"2024-07-08",22,,,,,,
"MA","Pittsfield Generating",50002,"2024-07-08",23,,,,,,
"MA","Pittsfield Generating",50002,"2024-07-09",0,,,,,,
"MA","Pittsfield Generating",50002,"2024-07-09",1,,,,,,
"MA","Pittsfield Generating",50002,"2024-07-09",2,,,,,,
"MA","Pittsfield Generating",50002,"2024-07-09",3,,,,,,
"MA","Pittsfield Generating",50002,"2024-07-09",4,,,,,,
"MA","Pittsfield Generating",50002,"2024-07-09",5,,,,,,
"MA","Pittsfield Generating",50002,"2024-07-09",6,,,,,,
"MA","Pittsfield Generating",50002,"2024-07-09",7,,,,,,
"MA","Pittsfield Generating",50002,"2024-07-09",8,,,,,,
"MA","Pittsfield Generating",50002,"2024-07-09",9,15,,,14.903,34.654,250.577
"MA","Pittsfield Generating",50002,"2024-07-09",10,52,,,42.65,21.5,716.95
"MA","Pittsfield Generating",50002,"2024-07-09",11,83,,,65.1,17.2,1096.8
"MA","Pittsfield Generating",50002,"2024-07-09",12,90,,,68.9,17.7,1158.5
"MA","Pittsfield Generating",50002,"2024-07-09",13,90,,,68.6,18.8,1154
"MA","Pittsfield Generating",50002,"2024-07-09",14,90,,,68.9,21.7,1161.1
"MA","Pittsfield Generating",50002,"2024-07-09",15,83,,,64.7,17,1088.4
"MA","Pittsfield Generating",50002,"2024-07-09",16,83,,,64.5,17.1,1086
"MA","Pittsfield Generating",50002,"2024-07-09",17,83,,,64.5,17.4,1085.8
"MA","Pittsfield Generating",50002,"2024-07-09",18,83,,,65,16.4,1093.4
"MA","Pittsfield Generating",50002,"2024-07-09",19,101,,,75.2,23.6,1265.8
"MA","Pittsfield Generating",50002,"2024-07-09",20,88,,,68.1,19,1145.9
"MA","Pittsfield Generating",50002,"2024-07-09",21,49,,,15.69,3.397,264.217
"MA","Pittsfield Generating",50002,"2024-07-09",22,,,,,,
"MA","Pittsfield Generating",50002,"2024-07-09",23,,,,,,
"MA","Pittsfield Generating",50002,"2024-07-10",0,,,,,,
"MA","Pittsfield Generating",50002,"2024-07-10",1,,,,,,
"MA","Pittsfield Generating",50002,"2024-07-10",2,,,,,,
"MA","Pittsfield Generating",50002,"2024-07-10",3,,,,,,
"MA","Pittsfield Generating",50002,"2024-07-10",4,,,,,,
"MA","Pittsfield Generating",50002,"2024-07-10",5,0,,,0.099,0.078,1.644
"MA","Pittsfield Generating",50002,"2024-07-10",6,24,,,19.622,25.878,329.212
"MA","Pittsfield Generating",50002,"2024-07-10",7,65,,,51.45,23.85,864.2
"MA","Pittsfield Generating",50002,"2024-07-10",8,80,,,63.1,21.5,1062.9
"MA","Pittsfield Generating",50002,"2024-07-10",9,84,,,65.2,15.4,1097.4
"MA","Pittsfield Generating",50002,"2024-07-10",10,86,,,66.4,16.4,1117.4
"MA","Pittsfield Generating",50002,"2024-07-10",11,84,,,65.9,19.6,1110
"MA","Pittsfield Generating",50002,"2024-07-10",12,87,,,67.4,21.5,1133.4
"MA","Pittsfield Generating",50002,"2024-07-10",13,87,,,67.5,22.4,1135.1
"MA","Pittsfield Generating",50002,"2024-07-10",14,87,,,67.7,21.6,1137.7
"MA","Pittsfield Generating",50002,"2024-07-10",15,81,,,63.5,21,1069.2
"MA","Pittsfield Generating",50002,"2024-07-10",16,90,,,68.5,23.4,1150.9
"MA","Pittsfield Generating",50002,"2024-07-10",17,102,,,75.6,23.7,1271.9
"MA","Pittsfield Generating",50002,"2024-07-10",18,98,,,73,24.1,1227.2
"MA","Pittsfield Generating",50002,"2024-07-10",19,100,,,74.5,28.1,1254.5
"MA","Pittsfield Generating",50002,"2024-07-10",20,86,,,66.2,20.3,1114.7
"MA","Pittsfield Generating",50002,"2024-07-10",21,45,,,15.091,4.245,254.233
"MA","Pittsfield Generating",50002,"2024-07-10",22,,,,,,
"MA","Pittsfield Generating",50002,"2024-07-10",23,,,,,,
"MA","Pittsfield Generating",50002,"2024-07-11",0,,,,,,
"MA","Pittsfield Generating",50002,"2024-07-11",1,,,,,,
"MA","Pittsfield Generating",50002,"2024-07-11",2,,,,,,
"MA","Pittsfield Generating",50002,"2024-07-11",3,,,,,,
"MA","Pittsfield Generating",50002,"2024-07-11",4,,,,,,
"MA","Pittsfield Generating",50002,"2024-07-11",5,,,,,,
"MA","Pittsfield Generating",50002,"2024-07-11",6,,,,,,
"MA","Pittsfield Generating",50002,"2024-07-11",7,,,,,,
"MA","Pittsfield Generating",50002,"2024-07-11",8,,,,,,
"MA","Pittsfield Generating",50002,"2024-07-11",9,0,,,0.231,0.203,3.899
"MA","Pittsfield Generating",50002,"2024-07-11",10,13,,,13.262,41.67,223.711
"MA","Pittsfield Generating",50002,"2024-07-11",11,46,,,38.5,19.1,648.6
"MA","Pittsfield Generating",50002,"2024-07-11",12,67,,,49.531,25.547,833.068
"MA","Pittsfield Generating",50002,"2024-07-11",13,82,,,64.3,24.2,1082.7
"MA","Pittsfield Generating",50002,"2024-07-11",14,93,,,70.2,23.3,1179.6
"MA","Pittsfield Generating",50002,"2024-07-11",15,107,,,78.8,25.6,1326.3
"MA","Pittsfield Generating",50002,"2024-07-11",16,108,,,79.1,25.2,1330.9
"MA","Pittsfield Generating",50002,"2024-07-11",17,109,,,79.4,26.2,1335.7
"MA","Pittsfield Generating",50002,"2024-07-11",18,87,,,66.8,18.7,1123.3
"MA","Pittsfield Generating",50002,"2024-07-11",19,79,,,62.9,16.6,1057.4
"MA","Pittsfield Generating",50002,"2024-07-11",20,45,,,16.443,4.384,276.49
"MA","Pittsfield Generating",50002,"2024-07-11",21,,,,,,
"MA","Pittsfield Generating",50002,"2024-07-11",22,,,,,,
"MA","Pittsfield Generating",50002,"2024-07-11",23,,,,,,
"MA","Pittsfield Generating",50002,"2024-07-12",0,,,,,,
"MA","Pittsfield Generating",50002,"2024-07-12",1,,,,,,
"MA","Pittsfield Generating",50002,"2024-07-12",2,,,,,,
"MA","Pittsfield Generating",50002,"2024-07-12",3,,,,,,
"MA","Pittsfield Generating",50002,"2024-07-12",4,,,,,,
"MA","Pittsfield Generating",50002,"2024-07-12",5,,,,,,
"MA","Pittsfield Generating",50002,"2024-07-12",6,,,,,,
"MA","Pittsfield Generating",50002,"2024-07-12",7,,,,,,
"MA","Pittsfield Generating",50002,"2024-07-12",8,,,,,,
"MA","Pittsfield Generating",50002,"2024-07-12",9,,,,,,
"MA","Pittsfield Generating",50002,"2024-07-12",10,,,,,,
"MA","Pittsfield Generating",50002,"2024-07-12",11,,,,,,
"MA","Pittsfield Generating",50002,"2024-07-12",12,,,,,,
"MA","Pittsfield Generating",50002,"2024-07-12",13,,,,,,
"MA","Pittsfield Generating",50002,"2024-07-12",14,,,,,,
"MA","Pittsfield Generating",50002,"2024-07-12",15,,,,,,
"MA","Pittsfield Generating",50002,"2024-07-12",16,,,,,,
"MA","Pittsfield Generating",50002,"2024-07-12",17,,,,,,
"MA","Pittsfield Generating",50002,"2024-07-12",18,,,,,,
"MA","Pittsfield Generating",50002,"2024-07-12",19,,,,,,
"MA","Pittsfield Generating",50002,"2024-07-12",20,,,,,,
"MA","Pittsfield Generating",50002,"2024-07-12",21,,,,,,
"MA","Pittsfield Generating",50002,"2024-07-12",22,,,,,,
"MA","Pittsfield Generating",50002,"2024-07-12",23,,,,,,
"MA","Pittsfield Generating",50002,"2024-07-13",0,,,,,,
"MA","Pittsfield Generating",50002,"2024-07-13",1,,,,,,
"MA","Pittsfield Generating",50002,"2024-07-13",2,,,,,,
"MA","Pittsfield Generating",50002,"2024-07-13",3,,,,,,
"MA","Pittsfield Generating",50002,"2024-07-13",4,,,,,,
"MA","Pittsfield Generating",50002,"2024-07-13",5,,,,,,
"MA","Pittsfield Generating",50002,"2024-07-13",6,,,,,,
"MA","Pittsfield Generating",50002,"2024-07-13",7,,,,,,
"MA","Pittsfield Generating",50002,"2024-07-13",8,,,,,,
"MA","Pittsfield Generating",50002,"2024-07-13",9,,,,,,
"MA","Pittsfield Generating",50002,"2024-07-13",10,,,,,,
"MA","Pittsfield Generating",50002,"2024-07-13",11,,,,,,
"MA","Pittsfield Generating",50002,"2024-07-13",12,,,,,,
"MA","Pittsfield Generating",50002,"2024-07-13",13,,,,,,
"MA","Pittsfield Generating",50002,"2024-07-13",14,,,,,,
"MA","Pittsfield Generating",50002,"2024-07-13",15,,,,,,
"MA","Pittsfield Generating",50002,"2024-07-13",16,,,,,,
"MA","Pittsfield Generating",50002,"2024-07-13",17,,,,,,
"MA","Pittsfield Generating",50002,"2024-07-13",18,,,,,,
"MA","Pittsfield Generating",50002,"2024-07-13",19,,,,,,
"MA","Pittsfield Generating",50002,"2024-07-13",20,,,,,,
"MA","Pittsfield Generating",50002,"2024-07-13",21,,,,,,
"MA","Pittsfield Generating",50002,"2024-07-13",22,,,,,,
"MA","Pittsfield Generating",50002,"2024-07-13",23,,,,,,
"MA","Pittsfield Generating",50002,"2024-07-14",0,,,,,,
"MA","Pittsfield Generating",50002,"2024-07-14",1,,,,,,
"MA","Pittsfield Generating",50002,"2024-07-14",2,,,,,,
"MA","Pittsfield Generating",50002,"2024-07-14",3,,,,,,
"MA","Pittsfield Generating",50002,"2024-07-14",4,,,,,,
"MA","Pittsfield Generating",50002,"2024-07-14",5,,,,,,
"MA","Pittsfield Generating",50002,"2024-07-14",6,,,,,,
"MA","Pittsfield Generating",50002,"2024-07-14",7,,,,,,
"MA","Pittsfield Generating",50002,"2024-07-14",8,,,,,,
"MA","Pittsfield Generating",50002,"2024-07-14",9,,,,,,
"MA","Pittsfield Generating",50002,"2024-07-14",10,0,,,0.312,0.232,5.264
"MA","Pittsfield Generating",50002,"2024-07-14",11,23,,,19.863,51.692,334.968
"MA","Pittsfield Generating",50002,"2024-07-14",12,63,,,50.862,28.07,856.46
"MA","Pittsfield Generating",50002,"2024-07-14",13,84,,,64.7,13,1088.4
"MA","Pittsfield Generating",50002,"2024-07-14",14,81,,,63.6,15,1068.7
"MA","Pittsfield Generating",50002,"2024-07-14",15,91,,,69.5,19.8,1168.9
"MA","Pittsfield Generating",50002,"2024-07-14",16,82,,,63.9,17.2,1076.9
"MA","Pittsfield Generating",50002,"2024-07-14",17,81,,,63.7,16,1071.4
"MA","Pittsfield Generating",50002,"2024-07-14",18,83,,,64.4,15.9,1083.1
"MA","Pittsfield Generating",50002,"2024-07-14",19,84,,,65.5,15.8,1100.3
"MA","Pittsfield Generating",50002,"2024-07-14",20,50,,,20.225,4.97,339.712
"MA","Pittsfield Generating",50002,"2024-07-14",21,,,,,,
"MA","Pittsfield Generating",50002,"2024-07-14",22,,,,,,
"MA","Pittsfield Generating",50002,"2024-07-14",23,,,,,,
"MA","Pittsfield Generating",50002,"2024-07-15",0,,,,,,
"MA","Pittsfield Generating",50002,"2024-07-15",1,,,,,,
"MA","Pittsfield Generating",50002,"2024-07-15",2,,,,,,
"MA","Pittsfield Generating",50002,"2024-07-15",3,,,,,,
"MA","Pittsfield Generating",50002,"2024-07-15",4,,,,,,
"MA","Pittsfield Generating",50002,"2024-07-15",5,,,,,,
"MA","Pittsfield Generating",50002,"2024-07-15",6,,,,,,
"MA","Pittsfield Generating",50002,"2024-07-15",7,0,,,0.058,0.032,0.978
"MA","Pittsfield Generating",50002,"2024-07-15",8,24,,,19.84,30.1,334.94
"MA","Pittsfield Generating",50002,"2024-07-15",9,68,,,54.416,22.091,917.046
"MA","Pittsfield Generating",50002,"2024-07-15",10,84,,,65,12.4,1094
"MA","Pittsfield Generating",50002,"2024-07-15",11,81,,,63.8,12.9,1072.1
"MA","Pittsfield Generating",50002,"2024-07-15",12,81,,,63.8,13.9,1073.7
"MA","Pittsfield Generating",50002,"2024-07-15",13,101,,,74.5,18.9,1254.2
"MA","Pittsfield Generating",50002,"2024-07-15",14,101,,,74.7,20.5,1256.7
"MA","Pittsfield Generating",50002,"2024-07-15",15,81,,,63.6,17.5,1070.3
"MA","Pittsfield Generating",50002,"2024-07-15",16,81,,,63.5,17.9,1068.7
"MA","Pittsfield Generating",50002,"2024-07-15",17,81,,,63.8,16.5,1073
"MA","Pittsfield Generating",50002,"2024-07-15",18,81,,,63.5,16.8,1068.8
"MA","Pittsfield Generating",50002,"2024-07-15",19,81,,,63.5,17.1,1069.5
"MA","Pittsfield Generating",50002,"2024-07-15",20,78,,,61.305,15.965,1030.085
"MA","Pittsfield Generating",50002,"2024-07-15",21,28,,,9.228,2.736,154.995
"MA","Pittsfield Generating",50002,"2024-07-15",22,,,,,,
"MA","Pittsfield Generating",50002,"2024-07-15",23,,,,,,
"MA","Pittsfield Generating",50002,"2024-07-16",0,,,,,,
"MA","Pittsfield Generating",50002,"2024-07-16",1,,,,,,
"MA","Pittsfield Generating",50002,"2024-07-16",2,,,,,,
"MA","Pittsfield Generating",50002,"2024-07-16",3,,,,,,
"MA","Pittsfield Generating",50002,"2024-07-16",4,,,,,,
"MA","Pittsfield Generating",50002,"2024-07-16",5,,,,,,
"MA","Pittsfield Generating",50002,"2024-07-16",6,,,,,,
"MA","Pittsfield Generating",50002,"2024-07-16",7,27,,,19.426,24.905,326.853
"MA","Pittsfield Generating",50002,"2024-07-16",8,68,,,53.918,19.982,906.92
"MA","Pittsfield Generating",50002,"2024-07-16",9,81,,,63.9,17.2,1075.5
"MA","Pittsfield Generating",50002,"2024-07-16",10,78,,,62.8,18,1055.7
"MA","Pittsfield Generating",50002,"2024-07-16",11,78,,,62.4,22.7,1049.1
"MA","Pittsfield Generating",50002,"2024-07-16",12,78,,,62.4,23.7,1051.5
"MA","Pittsfield Generating",50002,"2024-07-16",13,79,,,62.4,21,1051.5
"MA","Pittsfield Generating",50002,"2024-07-16",14,84,,,65.4,20.1,1101.3
"MA","Pittsfield Generating",50002,"2024-07-16",15,88,,,67.7,21.3,1138.6
"MA","Pittsfield Generating",50002,"2024-07-16",16,81,,,63.2,19.6,1064.3
"MA","Pittsfield Generating",50002,"2024-07-16",17,82,,,64.2,19.4,1078.7
"MA","Pittsfield Generating",50002,"2024-07-16",18,81,,,63.8,19,1074.1
"MA","Pittsfield Generating",50002,"2024-07-16",19,84,,,65,19.3,1094.2
"MA","Pittsfield Generating",50002,"2024-07-16",20,84,,,65.2,19.3,1097.8
"MA","Pittsfield Generating",50002,"2024-07-16",21,87,,,66.9,20.3,1125.8
"MA","Pittsfield Generating",50002,"2024-07-16",22,93,,,70.3,23.3,1181.8
"MA","Pittsfield Generating",50002,"2024-07-16",23,87,,,67.5,20.5,1135.9
"MA","Pittsfield Generating",50002,"2024-07-17",0,84,,,65.5,19.8,1102.1
"MA","Pittsfield Generating",50002,"2024-07-17",1,81,,,63.7,19.2,1071.4
"MA","Pittsfield Generating",50002,"2024-07-17",2,82,,,64.1,19.4,1078.1
"MA","Pittsfield Generating",50002,"2024-07-17",3,82,,,64,19.4,1076.6
"MA","Pittsfield Generating",50002,"2024-07-17",4,81,,,63.7,19.2,1071.4
"MA","Pittsfield Generating",50002,"2024-07-17",5,81,,,63.4,19.2,1066.6
"MA","Pittsfield Generating",50002,"2024-07-17",6,81,,,63.4,16.7,1066.1
"MA","Pittsfield Generating",50002,"2024-07-17",7,82,,,63.8,16.1,1073.7
"MA","Pittsfield Generating",50002,"2024-07-17",8,81,,,63.7,20.3,1070.9
"MA","Pittsfield Generating",50002,"2024-07-17",9,81,,,63.6,20.3,1070.8
"MA","Pittsfield Generating",50002,"2024-07-17",10,81,,,63.5,20.3,1069.2
"MA","Pittsfield Generating",50002,"2024-07-17",11,80,,,63,20.1,1060.2
"MA","Pittsfield Generating",50002,"2024-07-17",12,80,,,63.4,20.2,1065.8
"MA","Pittsfield Generating",50002,"2024-07-17",13,81,,,63.3,20.2,1066.7
"MA","Pittsfield Generating",50002,"2024-07-17",14,90,,,68.2,21.9,1148.4
"MA","Pittsfield Generating",50002,"2024-07-17",15,95,,,71.1,23.9,1197.2
"MA","Pittsfield Generating",50002,"2024-07-17",16,110,,,80.5,28.4,1355.3
"MA","Pittsfield Generating",50002,"2024-07-17",17,111,,,80.8,28.5,1359.4
"MA","Pittsfield Generating",50002,"2024-07-17",18,111,,,80.8,28.5,1359.5
"MA","Pittsfield Generating",50002,"2024-07-17",19,87,,,67.2,21.5,1130.2
"MA","Pittsfield Generating",50002,"2024-07-17",20,82,,,64.2,20.5,1079.7
"MA","Pittsfield Generating",50002,"2024-07-17",21,82,,,64.2,20.6,1080.7
"MA","Pittsfield Generating",50002,"2024-07-17",22,82,,,64,21.6,1076.8
"MA","Pittsfield Generating",50002,"2024-07-17",23,41,,,14.472,27.967,243.964
"MA","Pittsfield Generating",50002,"2024-07-18",0,,,,,,
"MA","Pittsfield Generating",50002,"2024-07-18",1,,,,,,
"MA","Pittsfield Generating",50002,"2024-07-18",2,,,,,,
"MA","Pittsfield Generating",50002,"2024-07-18",3,,,,,,
"MA","Pittsfield Generating",50002,"2024-07-18",4,,,,,,
"MA","Pittsfield Generating",50002,"2024-07-18",5,,,,,,
"MA","Pittsfield Generating",50002,"2024-07-18",6,,,,,,
"MA","Pittsfield Generating",50002,"2024-07-18",7,,,,,,
"MA","Pittsfield Generating",50002,"2024-07-18",8,,,,,,
"MA","Pittsfield Generating",50002,"2024-07-18",9,,,,,,
"MA","Pittsfield Generating",50002,"2024-07-18",10,,,,,,
"MA","Pittsfield Generating",50002,"2024-07-18",11,,,,,,
"MA","Pittsfield Generating",50002,"2024-07-18",12,,,,,,
"MA","Pittsfield Generating",50002,"2024-07-18",13,,,,,,
"MA","Pittsfield Generating",50002,"2024-07-18",14,,,,,,
"MA","Pittsfield Generating",50002,"2024-07-18",15,,,,,,
"MA","Pittsfield Generating",50002,"2024-07-18",16,,,,,,
"MA","Pittsfield Generating",50002,"2024-07-18",17,,,,,,
"MA","Pittsfield Generating",50002,"2024-07-18",18,,,,,,
"MA","Pittsfield Generating",50002,"2024-07-18",19,,,,,,
"MA","Pittsfield Generating",50002,"2024-07-18",20,,,,,,
"MA","Pittsfield Generating",50002,"2024-07-18",21,,,,,,
"MA","Pittsfield Generating",50002,"2024-07-18",22,,,,,,
"MA","Pittsfield Generating",50002,"2024-07-18",23,,,,,,
"MA","Pittsfield Generating",50002,"2024-07-19",0,,,,,,
"MA","Pittsfield Generating",50002,"2024-07-19",1,,,,,,
"MA","Pittsfield Generating",50002,"2024-07-19",2,,,,,,
"MA","Pittsfield Generating",50002,"2024-07-19",3,,,,,,
"MA","Pittsfield Generating",50002,"2024-07-19",4,,,,,,
"MA","Pittsfield Generating",50002,"2024-07-19",5,,,,,,
"MA","Pittsfield Generating",50002,"2024-07-19",6,,,,,,
"MA","Pittsfield Generating",50002,"2024-07-19",7,,,,,,
"MA","Pittsfield Generating",50002,"2024-07-19",8,,,,,,
"MA","Pittsfield Generating",50002,"2024-07-19",9,,,,,,
"MA","Pittsfield Generating",50002,"2024-07-19",10,,,,,,
"MA","Pittsfield Generating",50002,"2024-07-19",11,,,,,,
"MA","Pittsfield Generating",50002,"2024-07-19",12,,,,,,
"MA","Pittsfield Generating",50002,"2024-07-19",13,,,,,,
"MA","Pittsfield Generating",50002,"2024-07-19",14,,,,,,
"MA","Pittsfield Generating",50002,"2024-07-19",15,,,,,,
"MA","Pittsfield Generating",50002,"2024-07-19",16,,,,,,
"MA","Pittsfield Generating",50002,"2024-07-19",17,,,,,,
"MA","Pittsfield Generating",50002,"2024-07-19",18,,,,,,
"MA","Pittsfield Generating",50002,"2024-07-19",19,,,,,,
"MA","Pittsfield Generating",50002,"2024-07-19",20,,,,,,
"MA","Pittsfield Generating",50002,"2024-07-19",21,,,,,,
"MA","Pittsfield Generating",50002,"2024-07-19",22,,,,,,
"MA","Pittsfield Generating",50002,"2024-07-19",23,,,,,,
"MA","Pittsfield Generating",50002,"2024-07-20",0,,,,,,
"MA","Pittsfield Generating",50002,"2024-07-20",1,,,,,,
"MA","Pittsfield Generating",50002,"2024-07-20",2,,,,,,
"MA","Pittsfield Generating",50002,"2024-07-20",3,,,,,,
"MA","Pittsfield Generating",50002,"2024-07-20",4,,,,,,
"MA","Pittsfield Generating",50002,"2024-07-20",5,,,,,,
"MA","Pittsfield Generating",50002,"2024-07-20",6,,,,,,
"MA","Pittsfield Generating",50002,"2024-07-20",7,,,,,,
"MA","Pittsfield Generating",50002,"2024-07-20",8,,,,,,
"MA","Pittsfield Generating",50002,"2024-07-20",9,,,,,,
"MA","Pittsfield Generating",50002,"2024-07-20",10,,,,,,
"MA","Pittsfield Generating",50002,"2024-07-20",11,,,,,,
"MA","Pittsfield Generating",50002,"2024-07-20",12,,,,,,
"MA","Pittsfield Generating",50002,"2024-07-20",13,,,,,,
"MA","Pittsfield Generating",50002,"2024-07-20",14,,,,,,
"MA","Pittsfield Generating",50002,"2024-07-20",15,,,,,,
"MA","Pittsfield Generating",50002,"2024-07-20",16,,,,,,
"MA","Pittsfield Generating",50002,"2024-07-20",17,,,,,,
"MA","Pittsfield Generating",50002,"2024-07-20",18,,,,,,
"MA","Pittsfield Generating",50002,"2024-07-20",19,,,,,,
"MA","Pittsfield Generating",50002,"2024-07-20",20,,,,,,
"MA","Pittsfield Generating",50002,"2024-07-20",21,,,,,,
"MA","Pittsfield Generating",50002,"2024-07-20",22,,,,,,
"MA","Pittsfield Generating",50002,"2024-07-20",23,,,,,,
"MA","Pittsfield Generating",50002,"2024-07-21",0,,,,,,
"MA","Pittsfield Generating",50002,"2024-07-21",1,,,,,,
"MA","Pittsfield Generating",50002,"2024-07-21",2,,,,,,
"MA","Pittsfield Generating",50002,"2024-07-21",3,,,,,,
"MA","Pittsfield Generating",50002,"2024-07-21",4,,,,,,
"MA","Pittsfield Generating",50002,"2024-07-21",5,,,,,,
"MA","Pittsfield Generating",50002,"2024-07-21",6,,,,,,
"MA","Pittsfield Generating",50002,"2024-07-21",7,,,,,,
"MA","Pittsfield Generating",50002,"2024-07-21",8,,,,,,
"MA","Pittsfield Generating",50002,"2024-07-21",9,,,,,,
"MA","Pittsfield Generating",50002,"2024-07-21",10,,,,,,
"MA","Pittsfield Generating",50002,"2024-07-21",11,,,,,,
"MA","Pittsfield Generating",50002,"2024-07-21",12,,,,,,
"MA","Pittsfield Generating",50002,"2024-07-21",13,,,,,,
"MA","Pittsfield Generating",50002,"2024-07-21",14,,,,,,
"MA","Pittsfield Generating",50002,"2024-07-21",15,,,,,,
"MA","Pittsfield Generating",50002,"2024-07-21",16,,,,,,
"MA","Pittsfield Generating",50002,"2024-07-21",17,,,,,,
"MA","Pittsfield Generating",50002,"2024-07-21",18,,,,,,
"MA","Pittsfield Generating",50002,"2024-07-21",19,,,,,,
"MA","Pittsfield Generating",50002,"2024-07-21",20,,,,,,
"MA","Pittsfield Generating",50002,"2024-07-21",21,,,,,,
"MA","Pittsfield Generating",50002,"2024-07-21",22,,,,,,
"MA","Pittsfield Generating",50002,"2024-07-21",23,,,,,,
"MA","Pittsfield Generating",50002,"2024-07-22",0,,,,,,
"MA","Pittsfield Generating",50002,"2024-07-22",1,,,,,,
"MA","Pittsfield Generating",50002,"2024-07-22",2,,,,,,
"MA","Pittsfield Generating",50002,"2024-07-22",3,,,,,,
"MA","Pittsfield Generating",50002,"2024-07-22",4,,,,,,
"MA","Pittsfield Generating",50002,"2024-07-22",5,,,,,,
"MA","Pittsfield Generating",50002,"2024-07-22",6,,,,,,
"MA","Pittsfield Generating",50002,"2024-07-22",7,,,,,,
"MA","Pittsfield Generating",50002,"2024-07-22",8,,,,,,
"MA","Pittsfield Generating",50002,"2024-07-22",9,,,,,,
"MA","Pittsfield Generating",50002,"2024-07-22",10,,,,,,
"MA","Pittsfield Generating",50002,"2024-07-22",11,,,,,,
"MA","Pittsfield Generating",50002,"2024-07-22",12,,,,,,
"MA","Pittsfield Generating",50002,"2024-07-22",13,,,,,,
"MA","Pittsfield Generating",50002,"2024-07-22",14,,,,,,
"MA","Pittsfield Generating",50002,"2024-07-22",15,,,,,,
"MA","Pittsfield Generating",50002,"2024-07-22",16,,,,,,
"MA","Pittsfield Generating",50002,"2024-07-22",17,,,,,,
"MA","Pittsfield Generating",50002,"2024-07-22",18,,,,,,
"MA","Pittsfield Generating",50002,"2024-07-22",19,,,,,,
"MA","Pittsfield Generating",50002,"2024-07-22",20,,,,,,
"MA","Pittsfield Generating",50002,"2024-07-22",21,,,,,,
"MA","Pittsfield Generating",50002,"2024-07-22",22,,,,,,
"MA","Pittsfield Generating",50002,"2024-07-22",23,,,,,,
"MA","Pittsfield Generating",50002,"2024-07-23",0,,,,,,
"MA","Pittsfield Generating",50002,"2024-07-23",1,,,,,,
"MA","Pittsfield Generating",50002,"2024-07-23",2,,,,,,
"MA","Pittsfield Generating",50002,"2024-07-23",3,,,,,,
"MA","Pittsfield Generating",50002,"2024-07-23",4,,,,,,
"MA","Pittsfield Generating",50002,"2024-07-23",5,,,,,,
"MA","Pittsfield Generating",50002,"2024-07-23",6,,,,,,
"MA","Pittsfield Generating",50002,"2024-07-23",7,,,,,,
"MA","Pittsfield Generating",50002,"2024-07-23",8,,,,,,
"MA","Pittsfield Generating",50002,"2024-07-23",9,,,,,,
"MA","Pittsfield Generating",50002,"2024-07-23",10,,,,,,
"MA","Pittsfield Generating",50002,"2024-07-23",11,,,,,,
"MA","Pittsfield Generating",50002,"2024-07-23",12,,,,,,
"MA","Pittsfield Generating",50002,"2024-07-23",13,,,,,,
"MA","Pittsfield Generating",50002,"2024-07-23",14,,,,,,
"MA","Pittsfield Generating",50002,"2024-07-23",15,,,,,,
"MA","Pittsfield Generating",50002,"2024-07-23",16,,,,,,
"MA","Pittsfield Generating",50002,"2024-07-23",17,,,,,,
"MA","Pittsfield Generating",50002,"2024-07-23",18,,,,,,
"MA","Pittsfield Generating",50002,"2024-07-23",19,,,,,,
"MA","Pittsfield Generating",50002,"2024-07-23",20,,,,,,
"MA","Pittsfield Generating",50002,"2024-07-23",21,,,,,,
"MA","Pittsfield Generating",50002,"2024-07-23",22,,,,,,
"MA","Pittsfield Generating",50002,"2024-07-23",23,,,,,,
"MA","Pittsfield Generating",50002,"2024-07-24",0,,,,,,
"MA","Pittsfield Generating",50002,"2024-07-24",1,,,,,,
"MA","Pittsfield Generating",50002,"2024-07-24",2,,,,,,
"MA","Pittsfield Generating",50002,"2024-07-24",3,,,,,,
"MA","Pittsfield Generating",50002,"2024-07-24",4,,,,,,
"MA","Pittsfield Generating",50002,"2024-07-24",5,,,,,,
"MA","Pittsfield Generating",50002,"2024-07-24",6,,,,,,
"MA","Pittsfield Generating",50002,"2024-07-24",7,,,,,,
"MA","Pittsfield Generating",50002,"2024-07-24",8,,,,,,
"MA","Pittsfield Generating",50002,"2024-07-24",9,,,,,,
"MA","Pittsfield Generating",50002,"2024-07-24",10,,,,,,
"MA","Pittsfield Generating",50002,"2024-07-24",11,,,,,,
"MA","Pittsfield Generating",50002,"2024-07-24",12,,,,,,
"MA","Pittsfield Generating",50002,"2024-07-24",13,,,,,,
"MA","Pittsfield Generating",50002,"2024-07-24",14,,,,,,
"MA","Pittsfield Generating",50002,"2024-07-24",15,,,,,,
"MA","Pittsfield Generating",50002,"2024-07-24",16,,,,,,
"MA","Pittsfield Generating",50002,"2024-07-24",17,,,,,,
"MA","Pittsfield Generating",50002,"2024-07-24",18,,,,,,
"MA","Pittsfield Generating",50002,"2024-07-24",19,,,,,,
"MA","Pittsfield Generating",50002,"2024-07-24",20,,,,,,
"MA","Pittsfield Generating",50002,"2024-07-24",21,,,,,,
"MA","Pittsfield Generating",50002,"2024-07-24",22,,,,,,
"MA","Pittsfield Generating",50002,"2024-07-24",23,,,,,,
"MA","Pittsfield Generating",50002,"2024-07-25",0,,,,,,
"MA","Pittsfield Generating",50002,"2024-07-25",1,,,,,,
"MA","Pittsfield Generating",50002,"2024-07-25",2,,,,,,
"MA","Pittsfield Generating",50002,"2024-07-25",3,,,,,,
"MA","Pittsfield Generating",50002,"2024-07-25",4,,,,,,
"MA","Pittsfield Generating",50002,"2024-07-25",5,,,,,,
"MA","Pittsfield Generating",50002,"2024-07-25",6,,,,,,
"MA","Pittsfield Generating",50002,"2024-07-25",7,,,,,,
"MA","Pittsfield Generating",50002,"2024-07-25",8,,,,,,
"MA","Pittsfield Generating",50002,"2024-07-25",9,,,,,,
"MA","Pittsfield Generating",50002,"2024-07-25",10,,,,,,
"MA","Pittsfield Generating",50002,"2024-07-25",11,,,,,,
"MA","Pittsfield Generating",50002,"2024-07-25",12,,,,,,
"MA","Pittsfield Generating",50002,"2024-07-25",13,,,,,,
"MA","Pittsfield Generating",50002,"2024-07-25",14,,,,,,
"MA","Pittsfield Generating",50002,"2024-07-25",15,,,,,,
"MA","Pittsfield Generating",50002,"2024-07-25",16,,,,,,
"MA","Pittsfield Generating",50002,"2024-07-25",17,,,,,,
"MA","Pittsfield Generating",50002,"2024-07-25",18,,,,,,
"MA","Pittsfield Generating",50002,"2024-07-25",19,,,,,,
"MA","Pittsfield Generating",50002,"2024-07-25",20,,,,,,
"MA","Pittsfield Generating",50002,"2024-07-25",21,,,,,,
"MA","Pittsfield Generating",50002,"2024-07-25",22,,,,,,
"MA","Pittsfield Generating",50002,"2024-07-25",23,,,,,,
"MA","Pittsfield Generating",50002,"2024-07-26",0,,,,,,
"MA","Pittsfield Generating",50002,"2024-07-26",1,,,,,,
"MA","Pittsfield Generating",50002,"2024-07-26",2,,,,,,
"MA","Pittsfield Generating",50002,"2024-07-26",3,,,,,,
"MA","Pittsfield Generating",50002,"2024-07-26",4,,,,,,
"MA","Pittsfield Generating",50002,"2024-07-26",5,,,,,,
"MA","Pittsfield Generating",50002,"2024-07-26",6,,,,,,
"MA","Pittsfield Generating",50002,"2024-07-26",7,,,,,,
"MA","Pittsfield Generating",50002,"2024-07-26",8,,,,,,
"MA","Pittsfield Generating",50002,"2024-07-26",9,,,,,,
"MA","Pittsfield Generating",50002,"2024-07-26",10,,,,,,
"MA","Pittsfield Generating",50002,"2024-07-26",11,,,,,,
"MA","Pittsfield Generating",50002,"2024-07-26",12,,,,,,
"MA","Pittsfield Generating",50002,"2024-07-26",13,,,,,,
"MA","Pittsfield Generating",50002,"2024-07-26",14,,,,,,
"MA","Pittsfield Generating",50002,"2024-07-26",15,,,,,,
"MA","Pittsfield Generating",50002,"2024-07-26",16,,,,,,
"MA","Pittsfield Generating",50002,"2024-07-26",17,,,,,,
"MA","Pittsfield Generating",50002,"2024-07-26",18,,,,,,
"MA","Pittsfield Generating",50002,"2024-07-26",19,,,,,,
"MA","Pittsfield Generating",50002,"2024-07-26",20,,,,,,
"MA","Pittsfield Generating",50002,"2024-07-26",21,,,,,,
"MA","Pittsfield Generating",50002,"2024-07-26",22,,,,,,
"MA","Pittsfield Generating",50002,"2024-07-26",23,,,,,,
"MA","Pittsfield Generating",50002,"2024-07-27",0,,,,,,
"MA","Pittsfield Generating",50002,"2024-07-27",1,,,,,,
"MA","Pittsfield Generating",50002,"2024-07-27",2,,,,,,
"MA","Pittsfield Generating",50002,"2024-07-27",3,,,,,,
"MA","Pittsfield Generating",50002,"2024-07-27",4,,,,,,
"MA","Pittsfield Generating",50002,"2024-07-27",5,,,,,,
"MA","Pittsfield Generating",50002,"2024-07-27",6,,,,,,
"MA","Pittsfield Generating",50002,"2024-07-27",7,,,,,,
"MA","Pittsfield Generating",50002,"2024-07-27",8,,,,,,
"MA","Pittsfield Generating",50002,"2024-07-27",9,,,,,,
"MA","Pittsfield Generating",50002,"2024-07-27",10,,,,,,
"MA","Pittsfield Generating",50002,"2024-07-27",11,,,,,,
"MA","Pittsfield Generating",50002,"2024-07-27",12,,,,,,
"MA","Pittsfield Generating",50002,"2024-07-27",13,,,,,,
"MA","Pittsfield Generating",50002,"2024-07-27",14,,,,,,
"MA","Pittsfield Generating",50002,"2024-07-27",15,,,,,,
"MA","Pittsfield Generating",50002,"2024-07-27",16,,,,,,
"MA","Pittsfield Generating",50002,"2024-07-27",17,,,,,,
"MA","Pittsfield Generating",50002,"2024-07-27",18,,,,,,
"MA","Pittsfield Generating",50002,"2024-07-27",19,,,,,,
"MA","Pittsfield Generating",50002,"2024-07-27",20,,,,,,
"MA","Pittsfield Generating",50002,"2024-07-27",21,,,,,,
"MA","Pittsfield Generating",50002,"2024-07-27",22,,,,,,
"MA","Pittsfield Generating",50002,"2024-07-27",23,,,,,,
"MA","Pittsfield Generating",50002,"2024-07-28",0,,,,,,
"MA","Pittsfield Generating",50002,"2024-07-28",1,,,,,,
"MA","Pittsfield Generating",50002,"2024-07-28",2,,,,,,
"MA","Pittsfield Generating",50002,"2024-07-28",3,,,,,,
"MA","Pittsfield Generating",50002,"2024-07-28",4,,,,,,
"MA","Pittsfield Generating",50002,"2024-07-28",5,,,,,,
"MA","Pittsfield Generating",50002,"2024-07-28",6,,,,,,
"MA","Pittsfield Generating",50002,"2024-07-28",7,,,,,,
"MA","Pittsfield Generating",50002,"2024-07-28",8,,,,,,
"MA","Pittsfield Generating",50002,"2024-07-28",9,,,,,,
"MA","Pittsfield Generating",50002,"2024-07-28",10,,,,,,
"MA","Pittsfield Generating",50002,"2024-07-28",11,,,,,,
"MA","Pittsfield Generating",50002,"2024-07-28",12,,,,,,
"MA","Pittsfield Generating",50002,"2024-07-28",13,,,,,,
"MA","Pittsfield Generating",50002,"2024-07-28",14,,,,,,
"MA","Pittsfield Generating",50002,"2024-07-28",15,,,,,,
"MA","Pittsfield Generating",50002,"2024-07-28",16,,,,,,
"MA","Pittsfield Generating",50002,"2024-07-28",17,,,,,,
"MA","Pittsfield Generating",50002,"2024-07-28",18,,,,,,
"MA","Pittsfield Generating",50002,"2024-07-28",19,,,,,,
"MA","Pittsfield Generating",50002,"2024-07-28",20,,,,,,
"MA","Pittsfield Generating",50002,"2024-07-28",21,,,,,,
"MA","Pittsfield Generating",50002,"2024-07-28",22,,,,,,
"MA","Pittsfield Generating",50002,"2024-07-28",23,,,,,,
"MA","Pittsfield Generating",50002,"2024-07-29",0,,,,,,
"MA","Pittsfield Generating",50002,"2024-07-29",1,,,,,,
"MA","Pittsfield Generating",50002,"2024-07-29",2,,,,,,
"MA","Pittsfield Generating",50002,"2024-07-29",3,,,,,,
"MA","Pittsfield Generating",50002,"2024-07-29",4,,,,,,
"MA","Pittsfield Generating",50002,"2024-07-29",5,,,,,,
"MA","Pittsfield Generating",50002,"2024-07-29",6,,,,,,
"MA","Pittsfield Generating",50002,"2024-07-29",7,,,,,,
"MA","Pittsfield Generating",50002,"2024-07-29",8,,,,,,
"MA","Pittsfield Generating",50002,"2024-07-29",9,,,,,,
"MA","Pittsfield Generating",50002,"2024-07-29",10,,,,,,
"MA","Pittsfield Generating",50002,"2024-07-29",11,,,,,,
"MA","Pittsfield Generating",50002,"2024-07-29",12,,,,,,
"MA","Pittsfield Generating",50002,"2024-07-29",13,,,,,,
"MA","Pittsfield Generating",50002,"2024-07-29",14,,,,,,
"MA","Pittsfield Generating",50002,"2024-07-29",15,,,,,,
"MA","Pittsfield Generating",50002,"2024-07-29",16,,,,,,
"MA","Pittsfield Generating",50002,"2024-07-29",17,,,,,,
"MA","Pittsfield Generating",50002,"2024-07-29",18,,,,,,
"MA","Pittsfield Generating",50002,"2024-07-29",19,,,,,,
"MA","Pittsfield Generating",50002,"2024-07-29",20,,,,,,
"MA","Pittsfield Generating",50002,"2024-07-29",21,,,,,,
"MA","Pittsfield Generating",50002,"2024-07-29",22,,,,,,
"MA","Pittsfield Generating",50002,"2024-07-29",23,,,,,,
"MA","Pittsfield Generating",50002,"2024-07-30",0,,,,,,
"MA","Pittsfield Generating",50002,"2024-07-30",1,,,,,,
"MA","Pittsfield Generating",50002,"2024-07-30",2,,,,,,
"MA","Pittsfield Generating",50002,"2024-07-30",3,,,,,,
"MA","Pittsfield Generating",50002,"2024-07-30",4,,,,,,
"MA","Pittsfield Generating",50002,"2024-07-30",5,,,,,,
"MA","Pittsfield Generating",50002,"2024-07-30",6,,,,,,
"MA","Pittsfield Generating",50002,"2024-07-30",7,,,,,,
"MA","Pittsfield Generating",50002,"2024-07-30",8,,,,,,
"MA","Pittsfield Generating",50002,"2024-07-30",9,,,,,,
"MA","Pittsfield Generating",50002,"2024-07-30",10,,,,,,
"MA","Pittsfield Generating",50002,"2024-07-30",11,,,,,,
"MA","Pittsfield Generating",50002,"2024-07-30",12,,,,,,
"MA","Pittsfield Generating",50002,"2024-07-30",13,,,,,,
"MA","Pittsfield Generating",50002,"2024-07-30",14,,,,,,
"MA","Pittsfield Generating",50002,"2024-07-30",15,,,,,,
"MA","Pittsfield Generating",50002,"2024-07-30",16,,,,,,
"MA","Pittsfield Generating",50002,"2024-07-30",17,,,,,,
"MA","Pittsfield Generating",50002,"2024-07-30",18,,,,,,
"MA","Pittsfield Generating",50002,"2024-07-30",19,,,,,,
"MA","Pittsfield Generating",50002,"2024-07-30",20,,,,,,
"MA","Pittsfield Generating",50002,"2024-07-30",21,,,,,,
"MA","Pittsfield Generating",50002,"2024-07-30",22,,,,,,
"MA","Pittsfield Generating",50002,"2024-07-30",23,,,,,,
"MA","Pittsfield Generating",50002,"2024-07-31",0,,,,,,
"MA","Pittsfield Generating",50002,"2024-07-31",1,,,,,,
"MA","Pittsfield Generating",50002,"2024-07-31",2,,,,,,
"MA","Pittsfield Generating",50002,"2024-07-31",3,,,,,,
"MA","Pittsfield Generating",50002,"2024-07-31",4,,,,,,
"MA","Pittsfield Generating",50002,"2024-07-31",5,,,,,,
"MA","Pittsfield Generating",50002,"2024-07-31",6,,,,,,
"MA","Pittsfield Generating",50002,"2024-07-31",7,,,,,,
"MA","Pittsfield Generating",50002,"2024-07-31",8,,,,,,
"MA","Pittsfield Generating",50002,"2024-07-31",9,,,,,,
"MA","Pittsfield Generating",50002,"2024-07-31",10,,,,,,
"MA","Pittsfield Generating",50002,"2024-07-31",11,,,,,,
"MA","Pittsfield Generating",50002,"2024-07-31",12,,,,,,
"MA","Pittsfield Generating",50002,"2024-07-31",13,,,,,,
"MA","Pittsfield Generating",50002,"2024-07-31",14,,,,,,
"MA","Pittsfield Generating",50002,"2024-07-31",15,,,,,,
"MA","Pittsfield Generating",50002,"2024-07-31",16,,,,,,
"MA","Pittsfield Generating",50002,"2024-07-31",17,,,,,,
"MA","Pittsfield Generating",50002,"2024-07-31",18,,,,,,
"MA","Pittsfield Generating",50002,"2024-07-31",19,,,,,,
"MA","Pittsfield Generating",50002,"2024-07-31",20,,,,,,
"MA","Pittsfield Generating",50002,"2024-07-31",21,,,,,,
"MA","Pittsfield Generating",50002,"2024-07-31",22,,,,,,
"MA","Pittsfield Generating",50002,"2024-07-31",23,,,,,,
"MA","Pittsfield Generating",50002,"2024-08-01",0,,,,,,
"MA","Pittsfield Generating",50002,"2024-08-01",1,,,,,,
"MA","Pittsfield Generating",50002,"2024-08-01",2,,,,,,
"MA","Pittsfield Generating",50002,"2024-08-01",3,,,,,,
"MA","Pittsfield Generating",50002,"2024-08-01",4,,,,,,
"MA","Pittsfield Generating",50002,"2024-08-01",5,,,,,,
"MA","Pittsfield Generating",50002,"2024-08-01",6,,,,,,
"MA","Pittsfield Generating",50002,"2024-08-01",7,10,,,12.472,50.512,209.477
"MA","Pittsfield Generating",50002,"2024-08-01",8,41,,,36.2,122.1,610.2
"MA","Pittsfield Generating",50002,"2024-08-01",9,74,,,59.7,68.6,1004.9
"MA","Pittsfield Generating",50002,"2024-08-01",10,87,,,66.4,22.3,1117
"MA","Pittsfield Generating",50002,"2024-08-01",11,94,,,71.1,24.7,1196.1
"MA","Pittsfield Generating",50002,"2024-08-01",12,82,,,64.2,21.6,1079.9
"MA","Pittsfield Generating",50002,"2024-08-01",13,98,,,73,25.5,1228.3
"MA","Pittsfield Generating",50002,"2024-08-01",14,104,,,76.6,27.6,1289.9
"MA","Pittsfield Generating",50002,"2024-08-01",15,91,,,69.2,23.2,1163.6
"MA","Pittsfield Generating",50002,"2024-08-01",16,92,,,69.9,24.7,1175.8
"MA","Pittsfield Generating",50002,"2024-08-01",17,87,,,67.2,23.4,1131.6
"MA","Pittsfield Generating",50002,"2024-08-01",18,81,,,63.5,22.8,1067.2
"MA","Pittsfield Generating",50002,"2024-08-01",19,87,,,66.6,23.9,1121.5
"MA","Pittsfield Generating",50002,"2024-08-01",20,87,,,66.8,24,1125.2
"MA","Pittsfield Generating",50002,"2024-08-01",21,81,,,64,22.9,1075.9
"MA","Pittsfield Generating",50002,"2024-08-01",22,52,,,20.555,50.72,345.637
"MA","Pittsfield Generating",50002,"2024-08-01",23,,,,,,
"MA","Pittsfield Generating",50002,"2024-08-02",0,,,,,,
"MA","Pittsfield Generating",50002,"2024-08-02",1,,,,,,
"MA","Pittsfield Generating",50002,"2024-08-02",2,,,,,,
"MA","Pittsfield Generating",50002,"2024-08-02",3,,,,,,
"MA","Pittsfield Generating",50002,"2024-08-02",4,,,,,,
"MA","Pittsfield Generating",50002,"2024-08-02",5,,,,,,
"MA","Pittsfield Generating",50002,"2024-08-02",6,5,,,4.876,12.932,82.415
"MA","Pittsfield Generating",50002,"2024-08-02",7,14,,,14.8,69.6,248.7
"MA","Pittsfield Generating",50002,"2024-08-02",8,25,,,20.4,68.3,343.2
"MA","Pittsfield Generating",50002,"2024-08-02",9,46,,,36.624,60.146,615.026
"MA","Pittsfield Generating",50002,"2024-08-02",10,80,,,63,60.4,1059.5
"MA","Pittsfield Generating",50002,"2024-08-02",11,94,,,70.8,26.1,1189.9
"MA","Pittsfield Generating",50002,"2024-08-02",12,100,,,74.4,27.6,1252.8
"MA","Pittsfield Generating",50002,"2024-08-02",13,97,,,72.4,26.8,1216.7
"MA","Pittsfield Generating",50002,"2024-08-02",14,98,,,73.5,27.2,1235.9
"MA","Pittsfield Generating",50002,"2024-08-02",15,82,,,64.6,23.1,1085.1
"MA","Pittsfield Generating",50002,"2024-08-02",16,82,,,64.2,23,1080.2
"MA","Pittsfield Generating",50002,"2024-08-02",17,82,,,64.3,23,1082.5
"MA","Pittsfield Generating",50002,"2024-08-02",18,85,,,65.9,23.6,1108.7
"MA","Pittsfield Generating",50002,"2024-08-02",19,85,,,65.5,23.5,1104.3
"MA","Pittsfield Generating",50002,"2024-08-02",20,75,,,57.395,114.009,965.753
"MA","Pittsfield Generating",50002,"2024-08-02",21,23,,,7.56,15.92,127.48
"MA","Pittsfield Generating",50002,"2024-08-02",22,,,,,,
"MA","Pittsfield Generating",50002,"2024-08-02",23,,,,,,
"MA","Pittsfield Generating",50002,"2024-08-03",0,,,,,,
"MA","Pittsfield Generating",50002,"2024-08-03",1,,,,,,
"MA","Pittsfield Generating",50002,"2024-08-03",2,,,,,,
"MA","Pittsfield Generating",50002,"2024-08-03",3,,,,,,
"MA","Pittsfield Generating",50002,"2024-08-03",4,,,,,,
"MA","Pittsfield Generating",50002,"2024-08-03",5,,,,,,
"MA","Pittsfield Generating",50002,"2024-08-03",6,,,,,,
"MA","Pittsfield Generating",50002,"2024-08-03",7,,,,,,
"MA","Pittsfield Generating",50002,"2024-08-03",8,,,,,,
"MA","Pittsfield Generating",50002,"2024-08-03",9,0,,,21.9,51.2,326.4
"MA","Pittsfield Generating",50002,"2024-08-03",10,0,,,21.9,51.2,326.4
"MA","Pittsfield Generating",50002,"2024-08-03",11,81,,,63.6,22.9,1071.7
"MA","Pittsfield Generating",50002,"2024-08-03",12,82,,,64.3,23.1,1081.4
"MA","Pittsfield Generating",50002,"2024-08-03",13,81,,,63.5,22.8,1069.4
"MA","Pittsfield Generating",50002,"2024-08-03",14,94,,,70.6,26.1,1188.4
"MA","Pittsfield Generating",50002,"2024-08-03",15,101,,,75.5,27.9,1270.4
"MA","Pittsfield Generating",50002,"2024-08-03",16,85,,,65.5,23.5,1101.2
"MA","Pittsfield Generating",50002,"2024-08-03",17,84,,,64.9,23.3,1092.5
"MA","Pittsfield Generating",50002,"2024-08-03",18,84,,,65.1,23.3,1096.2
"MA","Pittsfield Generating",50002,"2024-08-03",19,81,,,63.8,22.9,1073.7
"MA","Pittsfield Generating",50002,"2024-08-03",20,41,,,14.497,34.721,244.351
"MA","Pittsfield Generating",50002,"2024-08-03",21,,,,,,
"MA","Pittsfield Generating",50002,"2024-08-03",22,,,,,,
"MA","Pittsfield Generating",50002,"2024-08-03",23,,,,,,
"MA","Pittsfield Generating",50002,"2024-08-04",0,,,,,,
"MA","Pittsfield Generating",50002,"2024-08-04",1,,,,,,
"MA","Pittsfield Generating",50002,"2024-08-04",2,,,,,,
"MA","Pittsfield Generating",50002,"2024-08-04",3,,,,,,
"MA","Pittsfield Generating",50002,"2024-08-04",4,,,,,,
"MA","Pittsfield Generating",50002,"2024-08-04",5,,,,,,
"MA","Pittsfield Generating",50002,"2024-08-04",6,,,,,,
"MA","Pittsfield Generating",50002,"2024-08-04",7,,,,,,
"MA","Pittsfield Generating",50002,"2024-08-04",8,,,,,,
"MA","Pittsfield Generating",50002,"2024-08-04",9,,,,,,
"MA","Pittsfield Generating",50002,"2024-08-04",10,,,,,,
"MA","Pittsfield Generating",50002,"2024-08-04",11,4,,,1.909,5.037,32.016
"MA","Pittsfield Generating",50002,"2024-08-04",12,28,,,23.755,84.347,399.881
"MA","Pittsfield Generating",50002,"2024-08-04",13,68,,,55.775,65.23,939.96
"MA","Pittsfield Generating",50002,"2024-08-04",14,84,,,64.6,23.2,1087.1
"MA","Pittsfield Generating",50002,"2024-08-04",15,84,,,65.1,23.3,1095.6
"MA","Pittsfield Generating",50002,"2024-08-04",16,83,,,64.9,23.3,1094.1
"MA","Pittsfield Generating",50002,"2024-08-04",17,83,,,65,23.3,1094.5
"MA","Pittsfield Generating",50002,"2024-08-04",18,83,,,64.9,23.3,1091.4
"MA","Pittsfield Generating",50002,"2024-08-04",19,83,,,65.2,23.3,1095.8
"MA","Pittsfield Generating",50002,"2024-08-04",20,78,,,56.436,52.18,948.752
"MA","Pittsfield Generating",50002,"2024-08-04",21,22,,,5.824,12.256,97.952
"MA","Pittsfield Generating",50002,"2024-08-04",22,,,,,,
"MA","Pittsfield Generating",50002,"2024-08-04",23,,,,,,
"MA","Pittsfield Generating",50002,"2024-08-05",0,,,,,,
"MA","Pittsfield Generating",50002,"2024-08-05",1,,,,,,
"MA","Pittsfield Generating",50002,"2024-08-05",2,,,,,,
"MA","Pittsfield Generating",50002,"2024-08-05",3,,,,,,
"MA","Pittsfield Generating",50002,"2024-08-05",4,,,,,,
"MA","Pittsfield Generating",50002,"2024-08-05",5,,,,,,
"MA","Pittsfield Generating",50002,"2024-08-05",6,,,,,,
"MA","Pittsfield Generating",50002,"2024-08-05",7,,,,,,
"MA","Pittsfield Generating",50002,"2024-08-05",8,,,,,,
"MA","Pittsfield Generating",50002,"2024-08-05",9,3,,,1.54,4.08,25.94
"MA","Pittsfield Generating",50002,"2024-08-05",10,30,,,24.825,82.305,417.15
"MA","Pittsfield Generating",50002,"2024-08-05",11,70,,,57.692,64.582,972.102
"MA","Pittsfield Generating",50002,"2024-08-05",12,83,,,64.5,23.2,1085.8
"MA","Pittsfield Generating",50002,"2024-08-05",13,81,,,63.7,22.8,1072.6
"MA","Pittsfield Generating",50002,"2024-08-05",14,84,,,64.9,23.3,1091.7
"MA","Pittsfield Generating",50002,"2024-08-05",15,84,,,64.9,23.3,1091.1
"MA","Pittsfield Generating",50002,"2024-08-05",16,83,,,64.6,23.2,1088
"MA","Pittsfield Generating",50002,"2024-08-05",17,84,,,64.7,23.3,1089.9
"MA","Pittsfield Generating",50002,"2024-08-05",18,86,,,66.1,23.7,1111
"MA","Pittsfield Generating",50002,"2024-08-05",19,84,,,65.2,23.4,1098.1
"MA","Pittsfield Generating",50002,"2024-08-05",20,83,,,64.7,23.1,1087.5
"MA","Pittsfield Generating",50002,"2024-08-05",21,41,,,14.024,33.546,235.959
"MA","Pittsfield Generating",50002,"2024-08-05",22,,,,,,
"MA","Pittsfield Generating",50002,"2024-08-05",23,,,,,,
"MA","Pittsfield Generating",50002,"2024-08-06",0,,,,,,
"MA","Pittsfield Generating",50002,"2024-08-06",1,,,,,,
"MA","Pittsfield Generating",50002,"2024-08-06",2,,,,,,
"MA","Pittsfield Generating",50002,"2024-08-06",3,,,,,,
"MA","Pittsfield Generating",50002,"2024-08-06",4,,,,,,
"MA","Pittsfield Generating",50002,"2024-08-06",5,,,,,,
"MA","Pittsfield Generating",50002,"2024-08-06",6,,,,,,
"MA","Pittsfield Generating",50002,"2024-08-06",7,,,,,,
"MA","Pittsfield Generating",50002,"2024-08-06",8,,,,,,
"MA","Pittsfield Generating",50002,"2024-08-06",9,,,,,,
"MA","Pittsfield Generating",50002,"2024-08-06",10,,,,,,
"MA","Pittsfield Generating",50002,"2024-08-06",11,,,,,,
"MA","Pittsfield Generating",50002,"2024-08-06",12,,,,,,
"MA","Pittsfield Generating",50002,"2024-08-06",13,,,,,,
"MA","Pittsfield Generating",50002,"2024-08-06",14,,,,,,
"MA","Pittsfield Generating",50002,"2024-08-06",15,,,,,,
"MA","Pittsfield Generating",50002,"2024-08-06",16,,,,,,
"MA","Pittsfield Generating",50002,"2024-08-06",17,,,,,,
"MA","Pittsfield Generating",50002,"2024-08-06",18,,,,,,
"MA","Pittsfield Generating",50002,"2024-08-06",19,,,,,,
"MA","Pittsfield Generating",50002,"2024-08-06",20,,,,,,
"MA","Pittsfield Generating",50002,"2024-08-06",21,,,,,,
"MA","Pittsfield Generating",50002,"2024-08-06",22,,,,,,
"MA","Pittsfield Generating",50002,"2024-08-06",23,,,,,,
"MA","Pittsfield Generating",50002,"2024-08-07",0,,,,,,
"MA","Pittsfield Generating",50002,"2024-08-07",1,,,,,,
"MA","Pittsfield Generating",50002,"2024-08-07",2,,,,,,
"MA","Pittsfield Generating",50002,"2024-08-07",3,,,,,,
"MA","Pittsfield Generating",50002,"2024-08-07",4,,,,,,
"MA","Pittsfield Generating",50002,"2024-08-07",5,,,,,,
"MA","Pittsfield Generating",50002,"2024-08-07",6,,,,,,
"MA","Pittsfield Generating",50002,"2024-08-07",7,,,,,,
"MA","Pittsfield Generating",50002,"2024-08-07",8,,,,,,
"MA","Pittsfield Generating",50002,"2024-08-07",9,,,,,,
"MA","Pittsfield Generating",50002,"2024-08-07",10,,,,,,
"MA","Pittsfield Generating",50002,"2024-08-07",11,,,,,,
"MA","Pittsfield Generating",50002,"2024-08-07",12,,,,,,
"MA","Pittsfield Generating",50002,"2024-08-07",13,,,,,,
"MA","Pittsfield Generating",50002,"2024-08-07",14,,,,,,
"MA","Pittsfield Generating",50002,"2024-08-07",15,,,,,,
"MA","Pittsfield Generating",50002,"2024-08-07",16,,,,,,
"MA","Pittsfield Generating",50002,"2024-08-07",17,,,,,,
"MA","Pittsfield Generating",50002,"2024-08-07",18,,,,,,
"MA","Pittsfield Generating",50002,"2024-08-07",19,,,,,,
"MA","Pittsfield Generating",50002,"2024-08-07",20,,,,,,
"MA","Pittsfield Generating",50002,"2024-08-07",21,,,,,,
"MA","Pittsfield Generating",50002,"2024-08-07",22,,,,,,
"MA","Pittsfield Generating",50002,"2024-08-07",23,,,,,,
"MA","Pittsfield Generating",50002,"2024-08-08",0,,,,,,
"MA","Pittsfield Generating",50002,"2024-08-08",1,,,,,,
"MA","Pittsfield Generating",50002,"2024-08-08",2,,,,,,
"MA","Pittsfield Generating",50002,"2024-08-08",3,,,,,,
"MA","Pittsfield Generating",50002,"2024-08-08",4,,,,,,
"MA","Pittsfield Generating",50002,"2024-08-08",5,,,,,,
"MA","Pittsfield Generating",50002,"2024-08-08",6,,,,,,
"MA","Pittsfield Generating",50002,"2024-08-08",7,,,,,,
"MA","Pittsfield Generating",50002,"2024-08-08",8,,,,,,
"MA","Pittsfield Generating",50002,"2024-08-08",9,,,,,,
"MA","Pittsfield Generating",50002,"2024-08-08",10,,,,,,
"MA","Pittsfield Generating",50002,"2024-08-08",11,,,,,,
"MA","Pittsfield Generating",50002,"2024-08-08",12,,,,,,
"MA","Pittsfield Generating",50002,"2024-08-08",13,,,,,,
"MA","Pittsfield Generating",50002,"2024-08-08",14,,,,,,
"MA","Pittsfield Generating",50002,"2024-08-08",15,,,,,,
"MA","Pittsfield Generating",50002,"2024-08-08",16,,,,,,
"MA","Pittsfield Generating",50002,"2024-08-08",17,,,,,,
"MA","Pittsfield Generating",50002,"2024-08-08",18,,,,,,
"MA","Pittsfield Generating",50002,"2024-08-08",19,,,,,,
"MA","Pittsfield Generating",50002,"2024-08-08",20,,,,,,
"MA","Pittsfield Generating",50002,"2024-08-08",21,,,,,,
"MA","Pittsfield Generating",50002,"2024-08-08",22,,,,,,
"MA","Pittsfield Generating",50002,"2024-08-08",23,,,,,,
"MA","Pittsfield Generating",50002,"2024-08-09",0,,,,,,
"MA","Pittsfield Generating",50002,"2024-08-09",1,,,,,,
"MA","Pittsfield Generating",50002,"2024-08-09",2,,,,,,
"MA","Pittsfield Generating",50002,"2024-08-09",3,,,,,,
"MA","Pittsfield Generating",50002,"2024-08-09",4,,,,,,
"MA","Pittsfield Generating",50002,"2024-08-09",5,,,,,,
"MA","Pittsfield Generating",50002,"2024-08-09",6,,,,,,
"MA","Pittsfield Generating",50002,"2024-08-09",7,,,,,,
"MA","Pittsfield Generating",50002,"2024-08-09",8,,,,,,
"MA","Pittsfield Generating",50002,"2024-08-09",9,,,,,,
"MA","Pittsfield Generating",50002,"2024-08-09",10,,,,,,
"MA","Pittsfield Generating",50002,"2024-08-09",11,,,,,,
"MA","Pittsfield Generating",50002,"2024-08-09",12,,,,,,
"MA","Pittsfield Generating",50002,"2024-08-09",13,,,,,,
"MA","Pittsfield Generating",50002,"2024-08-09",14,,,,,,
"MA","Pittsfield Generating",50002,"2024-08-09",15,,,,,,
"MA","Pittsfield Generating",50002,"2024-08-09",16,,,,,,
"MA","Pittsfield Generating",50002,"2024-08-09",17,,,,,,
"MA","Pittsfield Generating",50002,"2024-08-09",18,,,,,,
"MA","Pittsfield Generating",50002,"2024-08-09",19,,,,,,
"MA","Pittsfield Generating",50002,"2024-08-09",20,,,,,,
"MA","Pittsfield Generating",50002,"2024-08-09",21,,,,,,
"MA","Pittsfield Generating",50002,"2024-08-09",22,,,,,,
"MA","Pittsfield Generating",50002,"2024-08-09",23,,,,,,
"MA","Pittsfield Generating",50002,"2024-08-10",0,,,,,,
"MA","Pittsfield Generating",50002,"2024-08-10",1,,,,,,
"MA","Pittsfield Generating",50002,"2024-08-10",2,,,,,,
"MA","Pittsfield Generating",50002,"2024-08-10",3,,,,,,
"MA","Pittsfield Generating",50002,"2024-08-10",4,,,,,,
"MA","Pittsfield Generating",50002,"2024-08-10",5,,,,,,
"MA","Pittsfield Generating",50002,"2024-08-10",6,,,,,,
"MA","Pittsfield Generating",50002,"2024-08-10",7,,,,,,
"MA","Pittsfield Generating",50002,"2024-08-10",8,,,,,,
"MA","Pittsfield Generating",50002,"2024-08-10",9,,,,,,
"MA","Pittsfield Generating",50002,"2024-08-10",10,,,,,,
"MA","Pittsfield Generating",50002,"2024-08-10",11,,,,,,
"MA","Pittsfield Generating",50002,"2024-08-10",12,,,,,,
"MA","Pittsfield Generating",50002,"2024-08-10",13,,,,,,
"MA","Pittsfield Generating",50002,"2024-08-10",14,,,,,,
"MA","Pittsfield Generating",50002,"2024-08-10",15,,,,,,
"MA","Pittsfield Generating",50002,"2024-08-10",16,,,,,,
"MA","Pittsfield Generating",50002,"2024-08-10",17,,,,,,
"MA","Pittsfield Generating",50002,"2024-08-10",18,,,,,,
"MA","Pittsfield Generating",50002,"2024-08-10",19,,,,,,
"MA","Pittsfield Generating",50002,"2024-08-10",20,,,,,,
"MA","Pittsfield Generating",50002,"2024-08-10",21,,,,,,
"MA","Pittsfield Generating",50002,"2024-08-10",22,,,,,,
"MA","Pittsfield Generating",50002,"2024-08-10",23,,,,,,
"MA","Pittsfield Generating",50002,"2024-08-11",0,,,,,,
"MA","Pittsfield Generating",50002,"2024-08-11",1,,,,,,
"MA","Pittsfield Generating",50002,"2024-08-11",2,,,,,,
"MA","Pittsfield Generating",50002,"2024-08-11",3,,,,,,
"MA","Pittsfield Generating",50002,"2024-08-11",4,,,,,,
"MA","Pittsfield Generating",50002,"2024-08-11",5,,,,,,
"MA","Pittsfield Generating",50002,"2024-08-11",6,,,,,,
"MA","Pittsfield Generating",50002,"2024-08-11",7,,,,,,
"MA","Pittsfield Generating",50002,"2024-08-11",8,,,,,,
"MA","Pittsfield Generating",50002,"2024-08-11",9,,,,,,
"MA","Pittsfield Generating",50002,"2024-08-11",10,,,,,,
"MA","Pittsfield Generating",50002,"2024-08-11",11,,,,,,
"MA","Pittsfield Generating",50002,"2024-08-11",12,,,,,,
"MA","Pittsfield Generating",50002,"2024-08-11",13,,,,,,
"MA","Pittsfield Generating",50002,"2024-08-11",14,,,,,,
"MA","Pittsfield Generating",50002,"2024-08-11",15,,,,,,
"MA","Pittsfield Generating",50002,"2024-08-11",16,,,,,,
"MA","Pittsfield Generating",50002,"2024-08-11",17,,,,,,
"MA","Pittsfield Generating",50002,"2024-08-11",18,,,,,,
"MA","Pittsfield Generating",50002,"2024-08-11",19,,,,,,
"MA","Pittsfield Generating",50002,"2024-08-11",20,,,,,,
"MA","Pittsfield Generating",50002,"2024-08-11",21,,,,,,
"MA","Pittsfield Generating",50002,"2024-08-11",22,,,,,,
"MA","Pittsfield Generating",50002,"2024-08-11",23,,,,,,
"MA","Pittsfield Generating",50002,"2024-08-12",0,,,,,,
"MA","Pittsfield Generating",50002,"2024-08-12",1,,,,,,
"MA","Pittsfield Generating",50002,"2024-08-12",2,,,,,,
"MA","Pittsfield Generating",50002,"2024-08-12",3,,,,,,
"MA","Pittsfield Generating",50002,"2024-08-12",4,,,,,,
"MA","Pittsfield Generating",50002,"2024-08-12",5,,,,,,
"MA","Pittsfield Generating",50002,"2024-08-12",6,,,,,,
"MA","Pittsfield Generating",50002,"2024-08-12",7,,,,,,
"MA","Pittsfield Generating",50002,"2024-08-12",8,,,,,,
"MA","Pittsfield Generating",50002,"2024-08-12",9,,,,,,
"MA","Pittsfield Generating",50002,"2024-08-12",10,,,,,,
"MA","Pittsfield Generating",50002,"2024-08-12",11,,,,,,
"MA","Pittsfield Generating",50002,"2024-08-12",12,,,,,,
"MA","Pittsfield Generating",50002,"2024-08-12",13,,,,,,
"MA","Pittsfield Generating",50002,"2024-08-12",14,,,,,,
"MA","Pittsfield Generating",50002,"2024-08-12",15,,,,,,
"MA","Pittsfield Generating",50002,"2024-08-12",16,,,,,,
"MA","Pittsfield Generating",50002,"2024-08-12",17,,,,,,
"MA","Pittsfield Generating",50002,"2024-08-12",18,,,,,,
"MA","Pittsfield Generating",50002,"2024-08-12",19,,,,,,
"MA","Pittsfield Generating",50002,"2024-08-12",20,,,,,,
"MA","Pittsfield Generating",50002,"2024-08-12",21,,,,,,
"MA","Pittsfield Generating",50002,"2024-08-12",22,,,,,,
"MA","Pittsfield Generating",50002,"2024-08-12",23,,,,,,
"MA","Pittsfield Generating",50002,"2024-08-13",0,,,,,,
"MA","Pittsfield Generating",50002,"2024-08-13",1,,,,,,
"MA","Pittsfield Generating",50002,"2024-08-13",2,,,,,,
"MA","Pittsfield Generating",50002,"2024-08-13",3,,,,,,
"MA","Pittsfield Generating",50002,"2024-08-13",4,,,,,,
"MA","Pittsfield Generating",50002,"2024-08-13",5,,,,,,
"MA","Pittsfield Generating",50002,"2024-08-13",6,,,,,,
"MA","Pittsfield Generating",50002,"2024-08-13",7,,,,,,
"MA","Pittsfield Generating",50002,"2024-08-13",8,,,,,,
"MA","Pittsfield Generating",50002,"2024-08-13",9,,,,,,
"MA","Pittsfield Generating",50002,"2024-08-13",10,,,,,,
"MA","Pittsfield Generating",50002,"2024-08-13",11,,,,,,
"MA","Pittsfield Generating",50002,"2024-08-13",12,,,,,,
"MA","Pittsfield Generating",50002,"2024-08-13",13,,,,,,
"MA","Pittsfield Generating",50002,"2024-08-13",14,,,,,,
"MA","Pittsfield Generating",50002,"2024-08-13",15,,,,,,
"MA","Pittsfield Generating",50002,"2024-08-13",16,,,,,,
"MA","Pittsfield Generating",50002,"2024-08-13",17,,,,,,
"MA","Pittsfield Generating",50002,"2024-08-13",18,,,,,,
"MA","Pittsfield Generating",50002,"2024-08-13",19,,,,,,
"MA","Pittsfield Generating",50002,"2024-08-13",20,,,,,,
"MA","Pittsfield Generating",50002,"2024-08-13",21,,,,,,
"MA","Pittsfield Generating",50002,"2024-08-13",22,,,,,,
"MA","Pittsfield Generating",50002,"2024-08-13",23,,,,,,
"MA","Pittsfield Generating",50002,"2024-08-14",0,,,,,,
"MA","Pittsfield Generating",50002,"2024-08-14",1,,,,,,
"MA","Pittsfield Generating",50002,"2024-08-14",2,,,,,,
"MA","Pittsfield Generating",50002,"2024-08-14",3,,,,,,
"MA","Pittsfield Generating",50002,"2024-08-14",4,,,,,,
"MA","Pittsfield Generating",50002,"2024-08-14",5,,,,,,
"MA","Pittsfield Generating",50002,"2024-08-14",6,,,,,,
"MA","Pittsfield Generating",50002,"2024-08-14",7,,,,,,
"MA","Pittsfield Generating",50002,"2024-08-14",8,,,,,,
"MA","Pittsfield Generating",50002,"2024-08-14",9,,,,,,
"MA","Pittsfield Generating",50002,"2024-08-14",10,,,,,,
"MA","Pittsfield Generating",50002,"2024-08-14",11,,,,,,
"MA","Pittsfield Generating",50002,"2024-08-14",12,,,,,,
"MA","Pittsfield Generating",50002,"2024-08-14",13,,,,,,
"MA","Pittsfield Generating",50002,"2024-08-14",14,,,,,,
"MA","Pittsfield Generating",50002,"2024-08-14",15,,,,,,
"MA","Pittsfield Generating",50002,"2024-08-14",16,,,,,,
"MA","Pittsfield Generating",50002,"2024-08-14",17,,,,,,
"MA","Pittsfield Generating",50002,"2024-08-14",18,,,,,,
"MA","Pittsfield Generating",50002,"2024-08-14",19,,,,,,
"MA","Pittsfield Generating",50002,"2024-08-14",20,,,,,,
"MA","Pittsfield Generating",50002,"2024-08-14",21,,,,,,
"MA","Pittsfield Generating",50002,"2024-08-14",22,,,,,,
"MA","Pittsfield Generating",50002,"2024-08-14",23,,,,,,
"MA","Pittsfield Generating",50002,"2024-08-15",0,,,,,,
"MA","Pittsfield Generating",50002,"2024-08-15",1,,,,,,
"MA","Pittsfield Generating",50002,"2024-08-15",2,,,,,,
"MA","Pittsfield Generating",50002,"2024-08-15",3,,,,,,
"MA","Pittsfield Generating",50002,"2024-08-15",4,,,,,,
"MA","Pittsfield Generating",50002,"2024-08-15",5,,,,,,
"MA","Pittsfield Generating",50002,"2024-08-15",6,,,,,,
"MA","Pittsfield Generating",50002,"2024-08-15",7,,,,,,
"MA","Pittsfield Generating",50002,"2024-08-15",8,,,,,,
"MA","Pittsfield Generating",50002,"2024-08-15",9,,,,,,
"MA","Pittsfield Generating",50002,"2024-08-15",10,,,,,,
"MA","Pittsfield Generating",50002,"2024-08-15",11,,,,,,
"MA","Pittsfield Generating",50002,"2024-08-15",12,,,,,,
"MA","Pittsfield Generating",50002,"2024-08-15",13,,,,,,
"MA","Pittsfield Generating",50002,"2024-08-15",14,,,,,,
"MA","Pittsfield Generating",50002,"2024-08-15",15,,,,,,
"MA","Pittsfield Generating",50002,"2024-08-15",16,,,,,,
"MA","Pittsfield Generating",50002,"2024-08-15",17,,,,,,
"MA","Pittsfield Generating",50002,"2024-08-15",18,,,,,,
"MA","Pittsfield Generating",50002,"2024-08-15",19,,,,,,
"MA","Pittsfield Generating",50002,"2024-08-15",20,,,,,,
"MA","Pittsfield Generating",50002,"2024-08-15",21,,,,,,
"MA","Pittsfield Generating",50002,"2024-08-15",22,,,,,,
"MA","Pittsfield Generating",50002,"2024-08-15",23,,,,,,
"MA","Pittsfield Generating",50002,"2024-08-16",0,,,,,,
"MA","Pittsfield Generating",50002,"2024-08-16",1,,,,,,
"MA","Pittsfield Generating",50002,"2024-08-16",2,,,,,,
"MA","Pittsfield Generating",50002,"2024-08-16",3,,,,,,
"MA","Pittsfield Generating",50002,"2024-08-16",4,,,,,,
"MA","Pittsfield Generating",50002,"2024-08-16",5,,,,,,
"MA","Pittsfield Generating",50002,"2024-08-16",6,,,,,,
"MA","Pittsfield Generating",50002,"2024-08-16",7,,,,,,
"MA","Pittsfield Generating",50002,"2024-08-16",8,,,,,,
"MA","Pittsfield Generating",50002,"2024-08-16",9,,,,,,
"MA","Pittsfield Generating",50002,"2024-08-16",10,,,,,,
"MA","Pittsfield Generating",50002,"2024-08-16",11,,,,,,
"MA","Pittsfield Generating",50002,"2024-08-16",12,,,,,,
"MA","Pittsfield Generating",50002,"2024-08-16",13,,,,,,
"MA","Pittsfield Generating",50002,"2024-08-16",14,,,,,,
"MA","Pittsfield Generating",50002,"2024-08-16",15,,,,,,
"MA","Pittsfield Generating",50002,"2024-08-16",16,,,,,,
"MA","Pittsfield Generating",50002,"2024-08-16",17,,,,,,
"MA","Pittsfield Generating",50002,"2024-08-16",18,,,,,,
"MA","Pittsfield Generating",50002,"2024-08-16",19,,,,,,
"MA","Pittsfield Generating",50002,"2024-08-16",20,,,,,,
"MA","Pittsfield Generating",50002,"2024-08-16",21,,,,,,
"MA","Pittsfield Generating",50002,"2024-08-16",22,,,,,,
"MA","Pittsfield Generating",50002,"2024-08-16",23,,,,,,
"MA","Pittsfield Generating",50002,"2024-08-17",0,,,,,,
"MA","Pittsfield Generating",50002,"2024-08-17",1,,,,,,
"MA","Pittsfield Generating",50002,"2024-08-17",2,,,,,,
"MA","Pittsfield Generating",50002,"2024-08-17",3,,,,,,
"MA","Pittsfield Generating",50002,"2024-08-17",4,,,,,,
"MA","Pittsfield Generating",50002,"2024-08-17",5,,,,,,
"MA","Pittsfield Generating",50002,"2024-08-17",6,,,,,,
"MA","Pittsfield Generating",50002,"2024-08-17",7,,,,,,
"MA","Pittsfield Generating",50002,"2024-08-17",8,,,,,,
"MA","Pittsfield Generating",50002,"2024-08-17",9,,,,,,
"MA","Pittsfield Generating",50002,"2024-08-17",10,,,,,,
"MA","Pittsfield Generating",50002,"2024-08-17",11,,,,,,
"MA","Pittsfield Generating",50002,"2024-08-17",12,,,,,,
"MA","Pittsfield Generating",50002,"2024-08-17",13,,,,,,
"MA","Pittsfield Generating",50002,"2024-08-17",14,,,,,,
"MA","Pittsfield Generating",50002,"2024-08-17",15,,,,,,
"MA","Pittsfield Generating",50002,"2024-08-17",16,,,,,,
"MA","Pittsfield Generating",50002,"2024-08-17",17,,,,,,
"MA","Pittsfield Generating",50002,"2024-08-17",18,,,,,,
"MA","Pittsfield Generating",50002,"2024-08-17",19,,,,,,
"MA","Pittsfield Generating",50002,"2024-08-17",20,,,,,,
"MA","Pittsfield Generating",50002,"2024-08-17",21,,,,,,
"MA","Pittsfield Generating",50002,"2024-08-17",22,,,,,,
"MA","Pittsfield Generating",50002,"2024-08-17",23,,,,,,
"MA","Pittsfield Generating",50002,"2024-08-18",0,,,,,,
"MA","Pittsfield Generating",50002,"2024-08-18",1,,,,,,
"MA","Pittsfield Generating",50002,"2024-08-18",2,,,,,,
"MA","Pittsfield Generating",50002,"2024-08-18",3,,,,,,
"MA","Pittsfield Generating",50002,"2024-08-18",4,,,,,,
"MA","Pittsfield Generating",50002,"2024-08-18",5,,,,,,
"MA","Pittsfield Generating",50002,"2024-08-18",6,,,,,,
"MA","Pittsfield Generating",50002,"2024-08-18",7,,,,,,
"MA","Pittsfield Generating",50002,"2024-08-18",8,,,,,,
"MA","Pittsfield Generating",50002,"2024-08-18",9,,,,,,
"MA","Pittsfield Generating",50002,"2024-08-18",10,,,,,,
"MA","Pittsfield Generating",50002,"2024-08-18",11,,,,,,
"MA","Pittsfield Generating",50002,"2024-08-18",12,,,,,,
"MA","Pittsfield Generating",50002,"2024-08-18",13,,,,,,
"MA","Pittsfield Generating",50002,"2024-08-18",14,,,,,,
"MA","Pittsfield Generating",50002,"2024-08-18",15,,,,,,
"MA","Pittsfield Generating",50002,"2024-08-18",16,,,,,,
"MA","Pittsfield Generating",50002,"2024-08-18",17,,,,,,
"MA","Pittsfield Generating",50002,"2024-08-18",18,,,,,,
"MA","Pittsfield Generating",50002,"2024-08-18",19,,,,,,
"MA","Pittsfield Generating",50002,"2024-08-18",20,,,,,,
"MA","Pittsfield Generating",50002,"2024-08-18",21,,,,,,
"MA","Pittsfield Generating",50002,"2024-08-18",22,,,,,,
"MA","Pittsfield Generating",50002,"2024-08-18",23,,,,,,
"MA","Pittsfield Generating",50002,"2024-08-19",0,,,,,,
"MA","Pittsfield Generating",50002,"2024-08-19",1,,,,,,
"MA","Pittsfield Generating",50002,"2024-08-19",2,,,,,,
"MA","Pittsfield Generating",50002,"2024-08-19",3,,,,,,
"MA","Pittsfield Generating",50002,"2024-08-19",4,,,,,,
"MA","Pittsfield Generating",50002,"2024-08-19",5,,,,,,
"MA","Pittsfield Generating",50002,"2024-08-19",6,,,,,,
"MA","Pittsfield Generating",50002,"2024-08-19",7,,,,,,
"MA","Pittsfield Generating",50002,"2024-08-19",8,,,,,,
"MA","Pittsfield Generating",50002,"2024-08-19",9,,,,,,
"MA","Pittsfield Generating",50002,"2024-08-19",10,,,,,,
"MA","Pittsfield Generating",50002,"2024-08-19",11,,,,,,
"MA","Pittsfield Generating",50002,"2024-08-19",12,,,,,,
"MA","Pittsfield Generating",50002,"2024-08-19",13,,,,,,
"MA","Pittsfield Generating",50002,"2024-08-19",14,,,,,,
"MA","Pittsfield Generating",50002,"2024-08-19",15,,,,,,
"MA","Pittsfield Generating",50002,"2024-08-19",16,,,,,,
"MA","Pittsfield Generating",50002,"2024-08-19",17,,,,,,
"MA","Pittsfield Generating",50002,"2024-08-19",18,,,,,,
"MA","Pittsfield Generating",50002,"2024-08-19",19,,,,,,
"MA","Pittsfield Generating",50002,"2024-08-19",20,,,,,,
"MA","Pittsfield Generating",50002,"2024-08-19",21,,,,,,
"MA","Pittsfield Generating",50002,"2024-08-19",22,,,,,,
"MA","Pittsfield Generating",50002,"2024-08-19",23,,,,,,
"MA","Pittsfield Generating",50002,"2024-08-20",0,,,,,,
"MA","Pittsfield Generating",50002,"2024-08-20",1,,,,,,
"MA","Pittsfield Generating",50002,"2024-08-20",2,,,,,,
"MA","Pittsfield Generating",50002,"2024-08-20",3,,,,,,
"MA","Pittsfield Generating",50002,"2024-08-20",4,,,,,,
"MA","Pittsfield Generating",50002,"2024-08-20",5,,,,,,
"MA","Pittsfield Generating",50002,"2024-08-20",6,,,,,,
"MA","Pittsfield Generating",50002,"2024-08-20",7,,,,,,
"MA","Pittsfield Generating",50002,"2024-08-20",8,,,,,,
"MA","Pittsfield Generating",50002,"2024-08-20",9,,,,,,
"MA","Pittsfield Generating",50002,"2024-08-20",10,,,,,,
"MA","Pittsfield Generating",50002,"2024-08-20",11,,,,,,
"MA","Pittsfield Generating",50002,"2024-08-20",12,,,,,,
"MA","Pittsfield Generating",50002,"2024-08-20",13,,,,,,
"MA","Pittsfield Generating",50002,"2024-08-20",14,,,,,,
"MA","Pittsfield Generating",50002,"2024-08-20",15,,,,,,
"MA","Pittsfield Generating",50002,"2024-08-20",16,,,,,,
"MA","Pittsfield Generating",50002,"2024-08-20",17,,,,,,
"MA","Pittsfield Generating",50002,"2024-08-20",18,,,,,,
"MA","Pittsfield Generating",50002,"2024-08-20",19,,,,,,
"MA","Pittsfield Generating",50002,"2024-08-20",20,,,,,,
"MA","Pittsfield Generating",50002,"2024-08-20",21,,,,,,
"MA","Pittsfield Generating",50002,"2024-08-20",22,,,,,,
"MA","Pittsfield Generating",50002,"2024-08-20",23,,,,,,
"MA","Pittsfield Generating",50002,"2024-08-21",0,,,,,,
"MA","Pittsfield Generating",50002,"2024-08-21",1,,,,,,
"MA","Pittsfield Generating",50002,"2024-08-21",2,,,,,,
"MA","Pittsfield Generating",50002,"2024-08-21",3,,,,,,
"MA","Pittsfield Generating",50002,"2024-08-21",4,,,,,,
"MA","Pittsfield Generating",50002,"2024-08-21",5,,,,,,
"MA","Pittsfield Generating",50002,"2024-08-21",6,,,,,,
"MA","Pittsfield Generating",50002,"2024-08-21",7,,,,,,
"MA","Pittsfield Generating",50002,"2024-08-21",8,,,,,,
"MA","Pittsfield Generating",50002,"2024-08-21",9,,,,,,
"MA","Pittsfield Generating",50002,"2024-08-21",10,,,,,,
"MA","Pittsfield Generating",50002,"2024-08-21",11,,,,,,
"MA","Pittsfield Generating",50002,"2024-08-21",12,,,,,,
"MA","Pittsfield Generating",50002,"2024-08-21",13,,,,,,
"MA","Pittsfield Generating",50002,"2024-08-21",14,,,,,,
"MA","Pittsfield Generating",50002,"2024-08-21",15,,,,,,
"MA","Pittsfield Generating",50002,"2024-08-21",16,,,,,,
"MA","Pittsfield Generating",50002,"2024-08-21",17,,,,,,
"MA","Pittsfield Generating",50002,"2024-08-21",18,,,,,,
"MA","Pittsfield Generating",50002,"2024-08-21",19,,,,,,
"MA","Pittsfield Generating",50002,"2024-08-21",20,,,,,,
"MA","Pittsfield Generating",50002,"2024-08-21",21,,,,,,
"MA","Pittsfield Generating",50002,"2024-08-21",22,,,,,,
"MA","Pittsfield Generating",50002,"2024-08-21",23,,,,,,
"MA","Pittsfield Generating",50002,"2024-08-22",0,,,,,,
"MA","Pittsfield Generating",50002,"2024-08-22",1,,,,,,
"MA","Pittsfield Generating",50002,"2024-08-22",2,,,,,,
"MA","Pittsfield Generating",50002,"2024-08-22",3,,,,,,
"MA","Pittsfield Generating",50002,"2024-08-22",4,,,,,,
"MA","Pittsfield Generating",50002,"2024-08-22",5,,,,,,
"MA","Pittsfield Generating",50002,"2024-08-22",6,,,,,,
"MA","Pittsfield Generating",50002,"2024-08-22",7,,,,,,
"MA","Pittsfield Generating",50002,"2024-08-22",8,,,,,,
"MA","Pittsfield Generating",50002,"2024-08-22",9,,,,,,
"MA","Pittsfield Generating",50002,"2024-08-22",10,,,,,,
"MA","Pittsfield Generating",50002,"2024-08-22",11,,,,,,
"MA","Pittsfield Generating",50002,"2024-08-22",12,,,,,,
"MA","Pittsfield Generating",50002,"2024-08-22",13,,,,,,
"MA","Pittsfield Generating",50002,"2024-08-22",14,,,,,,
"MA","Pittsfield Generating",50002,"2024-08-22",15,,,,,,
"MA","Pittsfield Generating",50002,"2024-08-22",16,,,,,,
"MA","Pittsfield Generating",50002,"2024-08-22",17,,,,,,
"MA","Pittsfield Generating",50002,"2024-08-22",18,,,,,,
"MA","Pittsfield Generating",50002,"2024-08-22",19,,,,,,
"MA","Pittsfield Generating",50002,"2024-08-22",20,,,,,,
"MA","Pittsfield Generating",50002,"2024-08-22",21,,,,,,
"MA","Pittsfield Generating",50002,"2024-08-22",22,,,,,,
"MA","Pittsfield Generating",50002,"2024-08-22",23,,,,,,
"MA","Pittsfield Generating",50002,"2024-08-23",0,,,,,,
"MA","Pittsfield Generating",50002,"2024-08-23",1,,,,,,
"MA","Pittsfield Generating",50002,"2024-08-23",2,,,,,,
"MA","Pittsfield Generating",50002,"2024-08-23",3,,,,,,
"MA","Pittsfield Generating",50002,"2024-08-23",4,,,,,,
"MA","Pittsfield Generating",50002,"2024-08-23",5,,,,,,
"MA","Pittsfield Generating",50002,"2024-08-23",6,,,,,,
"MA","Pittsfield Generating",50002,"2024-08-23",7,,,,,,
"MA","Pittsfield Generating",50002,"2024-08-23",8,,,,,,
"MA","Pittsfield Generating",50002,"2024-08-23",9,,,,,,
"MA","Pittsfield Generating",50002,"2024-08-23",10,,,,,,
"MA","Pittsfield Generating",50002,"2024-08-23",11,,,,,,
"MA","Pittsfield Generating",50002,"2024-08-23",12,,,,,,
"MA","Pittsfield Generating",50002,"2024-08-23",13,,,,,,
"MA","Pittsfield Generating",50002,"2024-08-23",14,,,,,,
"MA","Pittsfield Generating",50002,"2024-08-23",15,,,,,,
"MA","Pittsfield Generating",50002,"2024-08-23",16,,,,,,
"MA","Pittsfield Generating",50002,"2024-08-23",17,,,,,,
"MA","Pittsfield Generating",50002,"2024-08-23",18,,,,,,
"MA","Pittsfield Generating",50002,"2024-08-23",19,,,,,,
"MA","Pittsfield Generating",50002,"2024-08-23",20,,,,,,
"MA","Pittsfield Generating",50002,"2024-08-23",21,,,,,,
"MA","Pittsfield Generating",50002,"2024-08-23",22,,,,,,
"MA","Pittsfield Generating",50002,"2024-08-23",23,,,,,,
"MA","Pittsfield Generating",50002,"2024-08-24",0,,,,,,
"MA","Pittsfield Generating",50002,"2024-08-24",1,,,,,,
"MA","Pittsfield Generating",50002,"2024-08-24",2,,,,,,
"MA","Pittsfield Generating",50002,"2024-08-24",3,,,,,,
"MA","Pittsfield Generating",50002,"2024-08-24",4,,,,,,
"MA","Pittsfield Generating",50002,"2024-08-24",5,,,,,,
"MA","Pittsfield Generating",50002,"2024-08-24",6,,,,,,
"MA","Pittsfield Generating",50002,"2024-08-24",7,,,,,,
"MA","Pittsfield Generating",50002,"2024-08-24",8,,,,,,
"MA","Pittsfield Generating",50002,"2024-08-24",9,,,,,,
"MA","Pittsfield Generating",50002,"2024-08-24",10,,,,,,
"MA","Pittsfield Generating",50002,"2024-08-24",11,,,,,,
"MA","Pittsfield Generating",50002,"2024-08-24",12,,,,,,
"MA","Pittsfield Generating",50002,"2024-08-24",13,,,,,,
"MA","Pittsfield Generating",50002,"2024-08-24",14,,,,,,
"MA","Pittsfield Generating",50002,"2024-08-24",15,,,,,,
"MA","Pittsfield Generating",50002,"2024-08-24",16,,,,,,
"MA","Pittsfield Generating",50002,"2024-08-24",17,,,,,,
"MA","Pittsfield Generating",50002,"2024-08-24",18,,,,,,
"MA","Pittsfield Generating",50002,"2024-08-24",19,,,,,,
"MA","Pittsfield Generating",50002,"2024-08-24",20,,,,,,
"MA","Pittsfield Generating",50002,"2024-08-24",21,,,,,,
"MA","Pittsfield Generating",50002,"2024-08-24",22,,,,,,
"MA","Pittsfield Generating",50002,"2024-08-24",23,,,,,,
"MA","Pittsfield Generating",50002,"2024-08-25",0,,,,,,
"MA","Pittsfield Generating",50002,"2024-08-25",1,,,,,,
"MA","Pittsfield Generating",50002,"2024-08-25",2,,,,,,
"MA","Pittsfield Generating",50002,"2024-08-25",3,,,,,,
"MA","Pittsfield Generating",50002,"2024-08-25",4,,,,,,
"MA","Pittsfield Generating",50002,"2024-08-25",5,,,,,,
"MA","Pittsfield Generating",50002,"2024-08-25",6,,,,,,
"MA","Pittsfield Generating",50002,"2024-08-25",7,,,,,,
"MA","Pittsfield Generating",50002,"2024-08-25",8,,,,,,
"MA","Pittsfield Generating",50002,"2024-08-25",9,,,,,,
"MA","Pittsfield Generating",50002,"2024-08-25",10,,,,,,
"MA","Pittsfield Generating",50002,"2024-08-25",11,,,,,,
"MA","Pittsfield Generating",50002,"2024-08-25",12,,,,,,
"MA","Pittsfield Generating",50002,"2024-08-25",13,,,,,,
"MA","Pittsfield Generating",50002,"2024-08-25",14,,,,,,
"MA","Pittsfield Generating",50002,"2024-08-25",15,,,,,,
"MA","Pittsfield Generating",50002,"2024-08-25",16,,,,,,
"MA","Pittsfield Generating",50002,"2024-08-25",17,,,,,,
"MA","Pittsfield Generating",50002,"2024-08-25",18,,,,,,
"MA","Pittsfield Generating",50002,"2024-08-25",19,,,,,,
"MA","Pittsfield Generating",50002,"2024-08-25",20,,,,,,
"MA","Pittsfield Generating",50002,"2024-08-25",21,,,,,,
"MA","Pittsfield Generating",50002,"2024-08-25",22,,,,,,
"MA","Pittsfield Generating",50002,"2024-08-25",23,,,,,,
"MA","Pittsfield Generating",50002,"2024-08-26",0,,,,,,
"MA","Pittsfield Generating",50002,"2024-08-26",1,,,,,,
"MA","Pittsfield Generating",50002,"2024-08-26",2,,,,,,
"MA","Pittsfield Generating",50002,"2024-08-26",3,,,,,,
"MA","Pittsfield Generating",50002,"2024-08-26",4,,,,,,
"MA","Pittsfield Generating",50002,"2024-08-26",5,,,,,,
"MA","Pittsfield Generating",50002,"2024-08-26",6,,,,,,
"MA","Pittsfield Generating",50002,"2024-08-26",7,,,,,,
"MA","Pittsfield Generating",50002,"2024-08-26",8,,,,,,
"MA","Pittsfield Generating",50002,"2024-08-26",9,,,,,,
"MA","Pittsfield Generating",50002,"2024-08-26",10,,,,,,
"MA","Pittsfield Generating",50002,"2024-08-26",11,,,,,,
"MA","Pittsfield Generating",50002,"2024-08-26",12,,,,,,
"MA","Pittsfield Generating",50002,"2024-08-26",13,,,,,,
"MA","Pittsfield Generating",50002,"2024-08-26",14,,,,,,
"MA","Pittsfield Generating",50002,"2024-08-26",15,,,,,,
"MA","Pittsfield Generating",50002,"2024-08-26",16,,,,,,
"MA","Pittsfield Generating",50002,"2024-08-26",17,,,,,,
"MA","Pittsfield Generating",50002,"2024-08-26",18,,,,,,
"MA","Pittsfield Generating",50002,"2024-08-26",19,,,,,,
"MA","Pittsfield Generating",50002,"2024-08-26",20,,,,,,
"MA","Pittsfield Generating",50002,"2024-08-26",21,,,,,,
"MA","Pittsfield Generating",50002,"2024-08-26",22,,,,,,
"MA","Pittsfield Generating",50002,"2024-08-26",23,,,,,,
"MA","Pittsfield Generating",50002,"2024-08-27",0,,,,,,
"MA","Pittsfield Generating",50002,"2024-08-27",1,,,,,,
"MA","Pittsfield Generating",50002,"2024-08-27",2,,,,,,
"MA","Pittsfield Generating",50002,"2024-08-27",3,,,,,,
"MA","Pittsfield Generating",50002,"2024-08-27",4,,,,,,
"MA","Pittsfield Generating",50002,"2024-08-27",5,,,,,,
"MA","Pittsfield Generating",50002,"2024-08-27",6,,,,,,
"MA","Pittsfield Generating",50002,"2024-08-27",7,,,,,,
"MA","Pittsfield Generating",50002,"2024-08-27",8,,,,,,
"MA","Pittsfield Generating",50002,"2024-08-27",9,,,,,,
"MA","Pittsfield Generating",50002,"2024-08-27",10,,,,,,
"MA","Pittsfield Generating",50002,"2024-08-27",11,,,,,,
"MA","Pittsfield Generating",50002,"2024-08-27",12,,,,,,
"MA","Pittsfield Generating",50002,"2024-08-27",13,,,,,,
"MA","Pittsfield Generating",50002,"2024-08-27",14,,,,,,
"MA","Pittsfield Generating",50002,"2024-08-27",15,,,,,,
"MA","Pittsfield Generating",50002,"2024-08-27",16,,,,,,
"MA","Pittsfield Generating",50002,"2024-08-27",17,,,,,,
"MA","Pittsfield Generating",50002,"2024-08-27",18,,,,,,
"MA","Pittsfield Generating",50002,"2024-08-27",19,,,,,,
"MA","Pittsfield Generating",50002,"2024-08-27",20,,,,,,
"MA","Pittsfield Generating",50002,"2024-08-27",21,,,,,,
"MA","Pittsfield Generating",50002,"2024-08-27",22,,,,,,
"MA","Pittsfield Generating",50002,"2024-08-27",23,,,,,,
"MA","Pittsfield Generating",50002,"2024-08-28",0,,,,,,
"MA","Pittsfield Generating",50002,"2024-08-28",1,,,,,,
"MA","Pittsfield Generating",50002,"2024-08-28",2,,,,,,
"MA","Pittsfield Generating",50002,"2024-08-28",3,,,,,,
"MA","Pittsfield Generating",50002,"2024-08-28",4,,,,,,
"MA","Pittsfield Generating",50002,"2024-08-28",5,,,,,,
"MA","Pittsfield Generating",50002,"2024-08-28",6,,,,,,
"MA","Pittsfield Generating",50002,"2024-08-28",7,,,,,,
"MA","Pittsfield Generating",50002,"2024-08-28",8,,,,,,
"MA","Pittsfield Generating",50002,"2024-08-28",9,,,,,,
"MA","Pittsfield Generating",50002,"2024-08-28",10,,,,,,
"MA","Pittsfield Generating",50002,"2024-08-28",11,2,,,1.26,3.726,21.294
"MA","Pittsfield Generating",50002,"2024-08-28",12,21,,,17.97,81.62,302.03
"MA","Pittsfield Generating",50002,"2024-08-28",13,46,,,42.2,183.677,709.327
"MA","Pittsfield Generating",50002,"2024-08-28",14,91,,,69.8,86.5,1173.3
"MA","Pittsfield Generating",50002,"2024-08-28",15,108,,,78.8,66.6,1327.6
"MA","Pittsfield Generating",50002,"2024-08-28",16,108,,,79.2,20,1332.6
"MA","Pittsfield Generating",50002,"2024-08-28",17,90,,,69,13.1,1160.5
"MA","Pittsfield Generating",50002,"2024-08-28",18,82,,,64.1,10.3,1080.4
"MA","Pittsfield Generating",50002,"2024-08-28",19,77,,,59.62,9.83,1002.56
"MA","Pittsfield Generating",50002,"2024-08-28",20,22,,,8.44,1.853,141.797
"MA","Pittsfield Generating",50002,"2024-08-28",21,,,,,,
"MA","Pittsfield Generating",50002,"2024-08-28",22,,,,,,
"MA","Pittsfield Generating",50002,"2024-08-28",23,,,,,,
"MA","Pittsfield Generating",50002,"2024-08-29",0,,,,,,
"MA","Pittsfield Generating",50002,"2024-08-29",1,,,,,,
"MA","Pittsfield Generating",50002,"2024-08-29",2,,,,,,
"MA","Pittsfield Generating",50002,"2024-08-29",3,,,,,,
"MA","Pittsfield Generating",50002,"2024-08-29",4,,,,,,
"MA","Pittsfield Generating",50002,"2024-08-29",5,,,,,,
"MA","Pittsfield Generating",50002,"2024-08-29",6,,,,,,
"MA","Pittsfield Generating",50002,"2024-08-29",7,,,,,,
"MA","Pittsfield Generating",50002,"2024-08-29",8,,,,,,
"MA","Pittsfield Generating",50002,"2024-08-29",9,,,,,,
"MA","Pittsfield Generating",50002,"2024-08-29",10,,,,,,
"MA","Pittsfield Generating",50002,"2024-08-29",11,,,,,,
"MA","Pittsfield Generating",50002,"2024-08-29",12,,,,,,
"MA","Pittsfield Generating",50002,"2024-08-29",13,,,,,,
"MA","Pittsfield Generating",50002,"2024-08-29",14,,,,,,
"MA","Pittsfield Generating",50002,"2024-08-29",15,,,,,,
"MA","Pittsfield Generating",50002,"2024-08-29",16,,,,,,
"MA","Pittsfield Generating",50002,"2024-08-29",17,,,,,,
"MA","Pittsfield Generating",50002,"2024-08-29",18,,,,,,
"MA","Pittsfield Generating",50002,"2024-08-29",19,,,,,,
"MA","Pittsfield Generating",50002,"2024-08-29",20,,,,,,
"MA","Pittsfield Generating",50002,"2024-08-29",21,,,,,,
"MA","Pittsfield Generating",50002,"2024-08-29",22,,,,,,
"MA","Pittsfield Generating",50002,"2024-08-29",23,,,,,,
"MA","Pittsfield Generating",50002,"2024-08-30",0,,,,,,
"MA","Pittsfield Generating",50002,"2024-08-30",1,,,,,,
"MA","Pittsfield Generating",50002,"2024-08-30",2,,,,,,
"MA","Pittsfield Generating",50002,"2024-08-30",3,,,,,,
"MA","Pittsfield Generating",50002,"2024-08-30",4,,,,,,
"MA","Pittsfield Generating",50002,"2024-08-30",5,,,,,,
"MA","Pittsfield Generating",50002,"2024-08-30",6,,,,,,
"MA","Pittsfield Generating",50002,"2024-08-30",7,,,,,,
"MA","Pittsfield Generating",50002,"2024-08-30",8,,,,,,
"MA","Pittsfield Generating",50002,"2024-08-30",9,,,,,,
"MA","Pittsfield Generating",50002,"2024-08-30",10,,,,,,
"MA","Pittsfield Generating",50002,"2024-08-30",11,,,,,,
"MA","Pittsfield Generating",50002,"2024-08-30",12,,,,,,
"MA","Pittsfield Generating",50002,"2024-08-30",13,,,,,,
"MA","Pittsfield Generating",50002,"2024-08-30",14,,,,,,
"MA","Pittsfield Generating",50002,"2024-08-30",15,,,,,,
"MA","Pittsfield Generating",50002,"2024-08-30",16,,,,,,
"MA","Pittsfield Generating",50002,"2024-08-30",17,,,,,,
"MA","Pittsfield Generating",50002,"2024-08-30",18,,,,,,
"MA","Pittsfield Generating",50002,"2024-08-30",19,,,,,,
"MA","Pittsfield Generating",50002,"2024-08-30",20,,,,,,
"MA","Pittsfield Generating",50002,"2024-08-30",21,,,,,,
"MA","Pittsfield Generating",50002,"2024-08-30",22,,,,,,
"MA","Pittsfield Generating",50002,"2024-08-30",23,,,,,,
"MA","Pittsfield Generating",50002,"2024-08-31",0,,,,,,
"MA","Pittsfield Generating",50002,"2024-08-31",1,,,,,,
"MA","Pittsfield Generating",50002,"2024-08-31",2,,,,,,
"MA","Pittsfield Generating",50002,"2024-08-31",3,,,,,,
"MA","Pittsfield Generating",50002,"2024-08-31",4,,,,,,
"MA","Pittsfield Generating",50002,"2024-08-31",5,,,,,,
"MA","Pittsfield Generating",50002,"2024-08-31",6,,,,,,
"MA","Pittsfield Generating",50002,"2024-08-31",7,,,,,,
"MA","Pittsfield Generating",50002,"2024-08-31",8,,,,,,
"MA","Pittsfield Generating",50002,"2024-08-31",9,,,,,,
"MA","Pittsfield Generating",50002,"2024-08-31",10,,,,,,
"MA","Pittsfield Generating",50002,"2024-08-31",11,,,,,,
"MA","Pittsfield Generating",50002,"2024-08-31",12,,,,,,
"MA","Pittsfield Generating",50002,"2024-08-31",13,,,,,,
"MA","Pittsfield Generating",50002,"2024-08-31",14,,,,,,
"MA","Pittsfield Generating",50002,"2024-08-31",15,,,,,,
"MA","Pittsfield Generating",50002,"2024-08-31",16,,,,,,
"MA","Pittsfield Generating",50002,"2024-08-31",17,,,,,,
"MA","Pittsfield Generating",50002,"2024-08-31",18,,,,,,
"MA","Pittsfield Generating",50002,"2024-08-31",19,,,,,,
"MA","Pittsfield Generating",50002,"2024-08-31",20,,,,,,
"MA","Pittsfield Generating",50002,"2024-08-31",21,,,,,,
"MA","Pittsfield Generating",50002,"2024-08-31",22,,,,,,
"MA","Pittsfield Generating",50002,"2024-08-31",23,,,,,,
"MA","Pittsfield Generating",50002,"2024-09-01",0,,,,,,
"MA","Pittsfield Generating",50002,"2024-09-01",1,,,,,,
"MA","Pittsfield Generating",50002,"2024-09-01",2,,,,,,
"MA","Pittsfield Generating",50002,"2024-09-01",3,,,,,,
"MA","Pittsfield Generating",50002,"2024-09-01",4,,,,,,
"MA","Pittsfield Generating",50002,"2024-09-01",5,,,,,,
"MA","Pittsfield Generating",50002,"2024-09-01",6,,,,,,
"MA","Pittsfield Generating",50002,"2024-09-01",7,,,,,,
"MA","Pittsfield Generating",50002,"2024-09-01",8,,,,,,
"MA","Pittsfield Generating",50002,"2024-09-01",9,,,,,,
"MA","Pittsfield Generating",50002,"2024-09-01",10,,,,,,
"MA","Pittsfield Generating",50002,"2024-09-01",11,,,,,,
"MA","Pittsfield Generating",50002,"2024-09-01",12,,,,,,
"MA","Pittsfield Generating",50002,"2024-09-01",13,,,,,,
"MA","Pittsfield Generating",50002,"2024-09-01",14,,,,,,
"MA","Pittsfield Generating",50002,"2024-09-01",15,,,,,,
"MA","Pittsfield Generating",50002,"2024-09-01",16,,,,,,
"MA","Pittsfield Generating",50002,"2024-09-01",17,,,,,,
"MA","Pittsfield Generating",50002,"2024-09-01",18,,,,,,
"MA","Pittsfield Generating",50002,"2024-09-01",19,,,,,,
"MA","Pittsfield Generating",50002,"2024-09-01",20,,,,,,
"MA","Pittsfield Generating",50002,"2024-09-01",21,,,,,,
"MA","Pittsfield Generating",50002,"2024-09-01",22,,,,,,
"MA","Pittsfield Generating",50002,"2024-09-01",23,,,,,,
"MA","Pittsfield Generating",50002,"2024-09-02",0,,,,,,
"MA","Pittsfield Generating",50002,"2024-09-02",1,,,,,,
"MA","Pittsfield Generating",50002,"2024-09-02",2,,,,,,
"MA","Pittsfield Generating",50002,"2024-09-02",3,,,,,,
"MA","Pittsfield Generating",50002,"2024-09-02",4,,,,,,
"MA","Pittsfield Generating",50002,"2024-09-02",5,,,,,,
"MA","Pittsfield Generating",50002,"2024-09-02",6,,,,,,
"MA","Pittsfield Generating",50002,"2024-09-02",7,,,,,,
"MA","Pittsfield Generating",50002,"2024-09-02",8,,,,,,
"MA","Pittsfield Generating",50002,"2024-09-02",9,,,,,,
"MA","Pittsfield Generating",50002,"2024-09-02",10,,,,,,
"MA","Pittsfield Generating",50002,"2024-09-02",11,,,,,,
"MA","Pittsfield Generating",50002,"2024-09-02",12,,,,,,
"MA","Pittsfield Generating",50002,"2024-09-02",13,,,,,,
"MA","Pittsfield Generating",50002,"2024-09-02",14,,,,,,
"MA","Pittsfield Generating",50002,"2024-09-02",15,,,,,,
"MA","Pittsfield Generating",50002,"2024-09-02",16,,,,,,
"MA","Pittsfield Generating",50002,"2024-09-02",17,,,,,,
"MA","Pittsfield Generating",50002,"2024-09-02",18,,,,,,
"MA","Pittsfield Generating",50002,"2024-09-02",19,,,,,,
"MA","Pittsfield Generating",50002,"2024-09-02",20,,,,,,
"MA","Pittsfield Generating",50002,"2024-09-02",21,,,,,,
"MA","Pittsfield Generating",50002,"2024-09-02",22,,,,,,
"MA","Pittsfield Generating",50002,"2024-09-02",23,,,,,,
"MA","Pittsfield Generating",50002,"2024-09-03",0,,,,,,
"MA","Pittsfield Generating",50002,"2024-09-03",1,,,,,,
"MA","Pittsfield Generating",50002,"2024-09-03",2,,,,,,
"MA","Pittsfield Generating",50002,"2024-09-03",3,,,,,,
"MA","Pittsfield Generating",50002,"2024-09-03",4,,,,,,
"MA","Pittsfield Generating",50002,"2024-09-03",5,,,,,,
"MA","Pittsfield Generating",50002,"2024-09-03",6,,,,,,
"MA","Pittsfield Generating",50002,"2024-09-03",7,,,,,,
"MA","Pittsfield Generating",50002,"2024-09-03",8,,,,,,
"MA","Pittsfield Generating",50002,"2024-09-03",9,,,,,,
"MA","Pittsfield Generating",50002,"2024-09-03",10,,,,,,
"MA","Pittsfield Generating",50002,"2024-09-03",11,,,,,,
"MA","Pittsfield Generating",50002,"2024-09-03",12,,,,,,
"MA","Pittsfield Generating",50002,"2024-09-03",13,,,,,,
"MA","Pittsfield Generating",50002,"2024-09-03",14,,,,,,
"MA","Pittsfield Generating",50002,"2024-09-03",15,,,,,,
"MA","Pittsfield Generating",50002,"2024-09-03",16,,,,,,
"MA","Pittsfield Generating",50002,"2024-09-03",17,,,,,,
"MA","Pittsfield Generating",50002,"2024-09-03",18,,,,,,
"MA","Pittsfield Generating",50002,"2024-09-03",19,,,,,,
"MA","Pittsfield Generating",50002,"2024-09-03",20,,,,,,
"MA","Pittsfield Generating",50002,"2024-09-03",21,,,,,,
"MA","Pittsfield Generating",50002,"2024-09-03",22,,,,,,
"MA","Pittsfield Generating",50002,"2024-09-03",23,,,,,,
"MA","Pittsfield Generating",50002,"2024-09-04",0,,,,,,
"MA","Pittsfield Generating",50002,"2024-09-04",1,,,,,,
"MA","Pittsfield Generating",50002,"2024-09-04",2,,,,,,
"MA","Pittsfield Generating",50002,"2024-09-04",3,,,,,,
"MA","Pittsfield Generating",50002,"2024-09-04",4,,,,,,
"MA","Pittsfield Generating",50002,"2024-09-04",5,,,,,,
"MA","Pittsfield Generating",50002,"2024-09-04",6,,,,,,
"MA","Pittsfield Generating",50002,"2024-09-04",7,,,,,,
"MA","Pittsfield Generating",50002,"2024-09-04",8,,,,,,
"MA","Pittsfield Generating",50002,"2024-09-04",9,,,,,,
"MA","Pittsfield Generating",50002,"2024-09-04",10,,,,,,
"MA","Pittsfield Generating",50002,"2024-09-04",11,,,,,,
"MA","Pittsfield Generating",50002,"2024-09-04",12,,,,,,
"MA","Pittsfield Generating",50002,"2024-09-04",13,,,,,,
"MA","Pittsfield Generating",50002,"2024-09-04",14,,,,,,
"MA","Pittsfield Generating",50002,"2024-09-04",15,,,,,,
"MA","Pittsfield Generating",50002,"2024-09-04",16,,,,,,
"MA","Pittsfield Generating",50002,"2024-09-04",17,,,,,,
"MA","Pittsfield Generating",50002,"2024-09-04",18,,,,,,
"MA","Pittsfield Generating",50002,"2024-09-04",19,,,,,,
"MA","Pittsfield Generating",50002,"2024-09-04",20,,,,,,
"MA","Pittsfield Generating",50002,"2024-09-04",21,,,,,,
"MA","Pittsfield Generating",50002,"2024-09-04",22,,,,,,
"MA","Pittsfield Generating",50002,"2024-09-04",23,,,,,,
"MA","Pittsfield Generating",50002,"2024-09-05",0,,,,,,
"MA","Pittsfield Generating",50002,"2024-09-05",1,,,,,,
"MA","Pittsfield Generating",50002,"2024-09-05",2,,,,,,
"MA","Pittsfield Generating",50002,"2024-09-05",3,,,,,,
"MA","Pittsfield Generating",50002,"2024-09-05",4,,,,,,
"MA","Pittsfield Generating",50002,"2024-09-05",5,,,,,,
"MA","Pittsfield Generating",50002,"2024-09-05",6,,,,,,
"MA","Pittsfield Generating",50002,"2024-09-05",7,,,,,,
"MA","Pittsfield Generating",50002,"2024-09-05",8,,,,,,
"MA","Pittsfield Generating",50002,"2024-09-05",9,,,,,,
"MA","Pittsfield Generating",50002,"2024-09-05",10,,,,,,
"MA","Pittsfield Generating",50002,"2024-09-05",11,,,,,,
"MA","Pittsfield Generating",50002,"2024-09-05",12,,,,,,
"MA","Pittsfield Generating",50002,"2024-09-05",13,,,,,,
"MA","Pittsfield Generating",50002,"2024-09-05",14,,,,,,
"MA","Pittsfield Generating",50002,"2024-09-05",15,,,,,,
"MA","Pittsfield Generating",50002,"2024-09-05",16,,,,,,
"MA","Pittsfield Generating",50002,"2024-09-05",17,,,,,,
"MA","Pittsfield Generating",50002,"2024-09-05",18,,,,,,
"MA","Pittsfield Generating",50002,"2024-09-05",19,,,,,,
"MA","Pittsfield Generating",50002,"2024-09-05",20,,,,,,
"MA","Pittsfield Generating",50002,"2024-09-05",21,,,,,,
"MA","Pittsfield Generating",50002,"2024-09-05",22,,,,,,
"MA","Pittsfield Generating",50002,"2024-09-05",23,,,,,,
"MA","Pittsfield Generating",50002,"2024-09-06",0,,,,,,
"MA","Pittsfield Generating",50002,"2024-09-06",1,,,,,,
"MA","Pittsfield Generating",50002,"2024-09-06",2,,,,,,
"MA","Pittsfield Generating",50002,"2024-09-06",3,,,,,,
"MA","Pittsfield Generating",50002,"2024-09-06",4,,,,,,
"MA","Pittsfield Generating",50002,"2024-09-06",5,,,,,,
"MA","Pittsfield Generating",50002,"2024-09-06",6,,,,,,
"MA","Pittsfield Generating",50002,"2024-09-06",7,,,,,,
"MA","Pittsfield Generating",50002,"2024-09-06",8,,,,,,
"MA","Pittsfield Generating",50002,"2024-09-06",9,,,,,,
"MA","Pittsfield Generating",50002,"2024-09-06",10,,,,,,
"MA","Pittsfield Generating",50002,"2024-09-06",11,,,,,,
"MA","Pittsfield Generating",50002,"2024-09-06",12,,,,,,
"MA","Pittsfield Generating",50002,"2024-09-06",13,,,,,,
"MA","Pittsfield Generating",50002,"2024-09-06",14,,,,,,
"MA","Pittsfield Generating",50002,"2024-09-06",15,,,,,,
"MA","Pittsfield Generating",50002,"2024-09-06",16,,,,,,
"MA","Pittsfield Generating",50002,"2024-09-06",17,,,,,,
"MA","Pittsfield Generating",50002,"2024-09-06",18,,,,,,
"MA","Pittsfield Generating",50002,"2024-09-06",19,,,,,,
"MA","Pittsfield Generating",50002,"2024-09-06",20,,,,,,
"MA","Pittsfield Generating",50002,"2024-09-06",21,,,,,,
"MA","Pittsfield Generating",50002,"2024-09-06",22,,,,,,
"MA","Pittsfield Generating",50002,"2024-09-06",23,,,,,,
"MA","Pittsfield Generating",50002,"2024-09-07",0,,,,,,
"MA","Pittsfield Generating",50002,"2024-09-07",1,,,,,,
"MA","Pittsfield Generating",50002,"2024-09-07",2,,,,,,
"MA","Pittsfield Generating",50002,"2024-09-07",3,,,,,,
"MA","Pittsfield Generating",50002,"2024-09-07",4,,,,,,
"MA","Pittsfield Generating",50002,"2024-09-07",5,,,,,,
"MA","Pittsfield Generating",50002,"2024-09-07",6,,,,,,
"MA","Pittsfield Generating",50002,"2024-09-07",7,,,,,,
"MA","Pittsfield Generating",50002,"2024-09-07",8,,,,,,
"MA","Pittsfield Generating",50002,"2024-09-07",9,,,,,,
"MA","Pittsfield Generating",50002,"2024-09-07",10,,,,,,
"MA","Pittsfield Generating",50002,"2024-09-07",11,,,,,,
"MA","Pittsfield Generating",50002,"2024-09-07",12,,,,,,
"MA","Pittsfield Generating",50002,"2024-09-07",13,,,,,,
"MA","Pittsfield Generating",50002,"2024-09-07",14,,,,,,
"MA","Pittsfield Generating",50002,"2024-09-07",15,,,,,,
"MA","Pittsfield Generating",50002,"2024-09-07",16,,,,,,
"MA","Pittsfield Generating",50002,"2024-09-07",17,,,,,,
"MA","Pittsfield Generating",50002,"2024-09-07",18,,,,,,
"MA","Pittsfield Generating",50002,"2024-09-07",19,,,,,,
"MA","Pittsfield Generating",50002,"2024-09-07",20,,,,,,
"MA","Pittsfield Generating",50002,"2024-09-07",21,,,,,,
"MA","Pittsfield Generating",50002,"2024-09-07",22,,,,,,
"MA","Pittsfield Generating",50002,"2024-09-07",23,,,,,,
"MA","Pittsfield Generating",50002,"2024-09-08",0,,,,,,
"MA","Pittsfield Generating",50002,"2024-09-08",1,,,,,,
"MA","Pittsfield Generating",50002,"2024-09-08",2,,,,,,
"MA","Pittsfield Generating",50002,"2024-09-08",3,,,,,,
"MA","Pittsfield Generating",50002,"2024-09-08",4,,,,,,
"MA","Pittsfield Generating",50002,"2024-09-08",5,,,,,,
"MA","Pittsfield Generating",50002,"2024-09-08",6,,,,,,
"MA","Pittsfield Generating",50002,"2024-09-08",7,,,,,,
"MA","Pittsfield Generating",50002,"2024-09-08",8,,,,,,
"MA","Pittsfield Generating",50002,"2024-09-08",9,,,,,,
"MA","Pittsfield Generating",50002,"2024-09-08",10,,,,,,
"MA","Pittsfield Generating",50002,"2024-09-08",11,,,,,,
"MA","Pittsfield Generating",50002,"2024-09-08",12,,,,,,
"MA","Pittsfield Generating",50002,"2024-09-08",13,,,,,,
"MA","Pittsfield Generating",50002,"2024-09-08",14,,,,,,
"MA","Pittsfield Generating",50002,"2024-09-08",15,,,,,,
"MA","Pittsfield Generating",50002,"2024-09-08",16,,,,,,
"MA","Pittsfield Generating",50002,"2024-09-08",17,,,,,,
"MA","Pittsfield Generating",50002,"2024-09-08",18,,,,,,
"MA","Pittsfield Generating",50002,"2024-09-08",19,,,,,,
"MA","Pittsfield Generating",50002,"2024-09-08",20,,,,,,
"MA","Pittsfield Generating",50002,"2024-09-08",21,,,,,,
"MA","Pittsfield Generating",50002,"2024-09-08",22,,,,,,
"MA","Pittsfield Generating",50002,"2024-09-08",23,,,,,,
"MA","Pittsfield Generating",50002,"2024-09-09",0,,,,,,
"MA","Pittsfield Generating",50002,"2024-09-09",1,,,,,,
"MA","Pittsfield Generating",50002,"2024-09-09",2,,,,,,
"MA","Pittsfield Generating",50002,"2024-09-09",3,,,,,,
"MA","Pittsfield Generating",50002,"2024-09-09",4,,,,,,
"MA","Pittsfield Generating",50002,"2024-09-09",5,,,,,,
"MA","Pittsfield Generating",50002,"2024-09-09",6,,,,,,
"MA","Pittsfield Generating",50002,"2024-09-09",7,,,,,,
"MA","Pittsfield Generating",50002,"2024-09-09",8,,,,,,
"MA","Pittsfield Generating",50002,"2024-09-09",9,,,,,,
"MA","Pittsfield Generating",50002,"2024-09-09",10,,,,,,
"MA","Pittsfield Generating",50002,"2024-09-09",11,,,,,,
"MA","Pittsfield Generating",50002,"2024-09-09",12,,,,,,
"MA","Pittsfield Generating",50002,"2024-09-09",13,,,,,,
"MA","Pittsfield Generating",50002,"2024-09-09",14,,,,,,
"MA","Pittsfield Generating",50002,"2024-09-09",15,,,,,,
"MA","Pittsfield Generating",50002,"2024-09-09",16,,,,,,
"MA","Pittsfield Generating",50002,"2024-09-09",17,,,,,,
"MA","Pittsfield Generating",50002,"2024-09-09",18,,,,,,
"MA","Pittsfield Generating",50002,"2024-09-09",19,,,,,,
"MA","Pittsfield Generating",50002,"2024-09-09",20,,,,,,
"MA","Pittsfield Generating",50002,"2024-09-09",21,,,,,,
"MA","Pittsfield Generating",50002,"2024-09-09",22,,,,,,
"MA","Pittsfield Generating",50002,"2024-09-09",23,,,,,,
"MA","Pittsfield Generating",50002,"2024-09-10",0,,,,,,
"MA","Pittsfield Generating",50002,"2024-09-10",1,,,,,,
"MA","Pittsfield Generating",50002,"2024-09-10",2,,,,,,
"MA","Pittsfield Generating",50002,"2024-09-10",3,,,,,,
"MA","Pittsfield Generating",50002,"2024-09-10",4,,,,,,
"MA","Pittsfield Generating",50002,"2024-09-10",5,,,,,,
"MA","Pittsfield Generating",50002,"2024-09-10",6,,,,,,
"MA","Pittsfield Generating",50002,"2024-09-10",7,,,,,,
"MA","Pittsfield Generating",50002,"2024-09-10",8,,,,,,
"MA","Pittsfield Generating",50002,"2024-09-10",9,,,,,,
"MA","Pittsfield Generating",50002,"2024-09-10",10,,,,,,
"MA","Pittsfield Generating",50002,"2024-09-10",11,,,,,,
"MA","Pittsfield Generating",50002,"2024-09-10",12,,,,,,
"MA","Pittsfield Generating",50002,"2024-09-10",13,,,,,,
"MA","Pittsfield Generating",50002,"2024-09-10",14,,,,,,
"MA","Pittsfield Generating",50002,"2024-09-10",15,,,,,,
"MA","Pittsfield Generating",50002,"2024-09-10",16,,,,,,
"MA","Pittsfield Generating",50002,"2024-09-10",17,,,,,,
"MA","Pittsfield Generating",50002,"2024-09-10",18,,,,,,
"MA","Pittsfield Generating",50002,"2024-09-10",19,,,,,,
"MA","Pittsfield Generating",50002,"2024-09-10",20,,,,,,
"MA","Pittsfield Generating",50002,"2024-09-10",21,,,,,,
"MA","Pittsfield Generating",50002,"2024-09-10",22,,,,,,
"MA","Pittsfield Generating",50002,"2024-09-10",23,,,,,,
"MA","Pittsfield Generating",50002,"2024-09-11",0,,,,,,
"MA","Pittsfield Generating",50002,"2024-09-11",1,,,,,,
"MA","Pittsfield Generating",50002,"2024-09-11",2,,,,,,
"MA","Pittsfield Generating",50002,"2024-09-11",3,,,,,,
"MA","Pittsfield Generating",50002,"2024-09-11",4,,,,,,
"MA","Pittsfield Generating",50002,"2024-09-11",5,,,,,,
"MA","Pittsfield Generating",50002,"2024-09-11",6,,,,,,
"MA","Pittsfield Generating",50002,"2024-09-11",7,,,,,,
"MA","Pittsfield Generating",50002,"2024-09-11",8,,,,,,
"MA","Pittsfield Generating",50002,"2024-09-11",9,,,,,,
"MA","Pittsfield Generating",50002,"2024-09-11",10,,,,,,
"MA","Pittsfield Generating",50002,"2024-09-11",11,,,,,,
"MA","Pittsfield Generating",50002,"2024-09-11",12,,,,,,
"MA","Pittsfield Generating",50002,"2024-09-11",13,,,,,,
"MA","Pittsfield Generating",50002,"2024-09-11",14,,,,,,
"MA","Pittsfield Generating",50002,"2024-09-11",15,,,,,,
"MA","Pittsfield Generating",50002,"2024-09-11",16,,,,,,
"MA","Pittsfield Generating",50002,"2024-09-11",17,,,,,,
"MA","Pittsfield Generating",50002,"2024-09-11",18,,,,,,
"MA","Pittsfield Generating",50002,"2024-09-11",19,,,,,,
"MA","Pittsfield Generating",50002,"2024-09-11",20,,,,,,
"MA","Pittsfield Generating",50002,"2024-09-11",21,,,,,,
"MA","Pittsfield Generating",50002,"2024-09-11",22,,,,,,
"MA","Pittsfield Generating",50002,"2024-09-11",23,,,,,,
"MA","Pittsfield Generating",50002,"2024-09-12",0,,,,,,
"MA","Pittsfield Generating",50002,"2024-09-12",1,,,,,,
"MA","Pittsfield Generating",50002,"2024-09-12",2,,,,,,
"MA","Pittsfield Generating",50002,"2024-09-12",3,,,,,,
"MA","Pittsfield Generating",50002,"2024-09-12",4,,,,,,
"MA","Pittsfield Generating",50002,"2024-09-12",5,,,,,,
"MA","Pittsfield Generating",50002,"2024-09-12",6,,,,,,
"MA","Pittsfield Generating",50002,"2024-09-12",7,,,,,,
"MA","Pittsfield Generating",50002,"2024-09-12",8,,,,,,
"MA","Pittsfield Generating",50002,"2024-09-12",9,,,,,,
"MA","Pittsfield Generating",50002,"2024-09-12",10,,,,,,
"MA","Pittsfield Generating",50002,"2024-09-12",11,,,,,,
"MA","Pittsfield Generating",50002,"2024-09-12",12,,,,,,
"MA","Pittsfield Generating",50002,"2024-09-12",13,,,,,,
"MA","Pittsfield Generating",50002,"2024-09-12",14,,,,,,
"MA","Pittsfield Generating",50002,"2024-09-12",15,,,,,,
"MA","Pittsfield Generating",50002,"2024-09-12",16,,,,,,
"MA","Pittsfield Generating",50002,"2024-09-12",17,,,,,,
"MA","Pittsfield Generating",50002,"2024-09-12",18,,,,,,
"MA","Pittsfield Generating",50002,"2024-09-12",19,,,,,,
"MA","Pittsfield Generating",50002,"2024-09-12",20,,,,,,
"MA","Pittsfield Generating",50002,"2024-09-12",21,,,,,,
"MA","Pittsfield Generating",50002,"2024-09-12",22,,,,,,
"MA","Pittsfield Generating",50002,"2024-09-12",23,,,,,,
"MA","Pittsfield Generating",50002,"2024-09-13",0,,,,,,
"MA","Pittsfield Generating",50002,"2024-09-13",1,,,,,,
"MA","Pittsfield Generating",50002,"2024-09-13",2,,,,,,
"MA","Pittsfield Generating",50002,"2024-09-13",3,,,,,,
"MA","Pittsfield Generating",50002,"2024-09-13",4,,,,,,
"MA","Pittsfield Generating",50002,"2024-09-13",5,,,,,,
"MA","Pittsfield Generating",50002,"2024-09-13",6,,,,,,
"MA","Pittsfield Generating",50002,"2024-09-13",7,,,,,,
"MA","Pittsfield Generating",50002,"2024-09-13",8,,,,,,
"MA","Pittsfield Generating",50002,"2024-09-13",9,,,,,,
"MA","Pittsfield Generating",50002,"2024-09-13",10,,,,,,
"MA","Pittsfield Generating",50002,"2024-09-13",11,,,,,,
"MA","Pittsfield Generating",50002,"2024-09-13",12,,,,,,
"MA","Pittsfield Generating",50002,"2024-09-13",13,,,,,,
"MA","Pittsfield Generating",50002,"2024-09-13",14,,,,,,
"MA","Pittsfield Generating",50002,"2024-09-13",15,,,,,,
"MA","Pittsfield Generating",50002,"2024-09-13",16,,,,,,
"MA","Pittsfield Generating",50002,"2024-09-13",17,,,,,,
"MA","Pittsfield Generating",50002,"2024-09-13",18,,,,,,
"MA","Pittsfield Generating",50002,"2024-09-13",19,,,,,,
"MA","Pittsfield Generating",50002,"2024-09-13",20,,,,,,
"MA","Pittsfield Generating",50002,"2024-09-13",21,,,,,,
"MA","Pittsfield Generating",50002,"2024-09-13",22,,,,,,
"MA","Pittsfield Generating",50002,"2024-09-13",23,,,,,,
"MA","Pittsfield Generating",50002,"2024-09-14",0,,,,,,
"MA","Pittsfield Generating",50002,"2024-09-14",1,,,,,,
"MA","Pittsfield Generating",50002,"2024-09-14",2,,,,,,
"MA","Pittsfield Generating",50002,"2024-09-14",3,,,,,,
"MA","Pittsfield Generating",50002,"2024-09-14",4,,,,,,
"MA","Pittsfield Generating",50002,"2024-09-14",5,,,,,,
"MA","Pittsfield Generating",50002,"2024-09-14",6,,,,,,
"MA","Pittsfield Generating",50002,"2024-09-14",7,,,,,,
"MA","Pittsfield Generating",50002,"2024-09-14",8,,,,,,
"MA","Pittsfield Generating",50002,"2024-09-14",9,,,,,,
"MA","Pittsfield Generating",50002,"2024-09-14",10,,,,,,
"MA","Pittsfield Generating",50002,"2024-09-14",11,,,,,,
"MA","Pittsfield Generating",50002,"2024-09-14",12,,,,,,
"MA","Pittsfield Generating",50002,"2024-09-14",13,,,,,,
"MA","Pittsfield Generating",50002,"2024-09-14",14,,,,,,
"MA","Pittsfield Generating",50002,"2024-09-14",15,,,,,,
"MA","Pittsfield Generating",50002,"2024-09-14",16,,,,,,
"MA","Pittsfield Generating",50002,"2024-09-14",17,,,,,,
"MA","Pittsfield Generating",50002,"2024-09-14",18,,,,,,
"MA","Pittsfield Generating",50002,"2024-09-14",19,,,,,,
"MA","Pittsfield Generating",50002,"2024-09-14",20,,,,,,
"MA","Pittsfield Generating",50002,"2024-09-14",21,,,,,,
"MA","Pittsfield Generating",50002,"2024-09-14",22,,,,,,
"MA","Pittsfield Generating",50002,"2024-09-14",23,,,,,,
"MA","Pittsfield Generating",50002,"2024-09-15",0,,,,,,
"MA","Pittsfield Generating",50002,"2024-09-15",1,,,,,,
"MA","Pittsfield Generating",50002,"2024-09-15",2,,,,,,
"MA","Pittsfield Generating",50002,"2024-09-15",3,,,,,,
"MA","Pittsfield Generating",50002,"2024-09-15",4,,,,,,
"MA","Pittsfield Generating",50002,"2024-09-15",5,,,,,,
"MA","Pittsfield Generating",50002,"2024-09-15",6,,,,,,
"MA","Pittsfield Generating",50002,"2024-09-15",7,,,,,,
"MA","Pittsfield Generating",50002,"2024-09-15",8,,,,,,
"MA","Pittsfield Generating",50002,"2024-09-15",9,,,,,,
"MA","Pittsfield Generating",50002,"2024-09-15",10,,,,,,
"MA","Pittsfield Generating",50002,"2024-09-15",11,,,,,,
"MA","Pittsfield Generating",50002,"2024-09-15",12,,,,,,
"MA","Pittsfield Generating",50002,"2024-09-15",13,,,,,,
"MA","Pittsfield Generating",50002,"2024-09-15",14,,,,,,
"MA","Pittsfield Generating",50002,"2024-09-15",15,,,,,,
"MA","Pittsfield Generating",50002,"2024-09-15",16,,,,,,
"MA","Pittsfield Generating",50002,"2024-09-15",17,,,,,,
"MA","Pittsfield Generating",50002,"2024-09-15",18,,,,,,
"MA","Pittsfield Generating",50002,"2024-09-15",19,,,,,,
"MA","Pittsfield Generating",50002,"2024-09-15",20,,,,,,
"MA","Pittsfield Generating",50002,"2024-09-15",21,,,,,,
"MA","Pittsfield Generating",50002,"2024-09-15",22,,,,,,
"MA","Pittsfield Generating",50002,"2024-09-15",23,,,,,,
"MA","Pittsfield Generating",50002,"2024-09-16",0,,,,,,
"MA","Pittsfield Generating",50002,"2024-09-16",1,,,,,,
"MA","Pittsfield Generating",50002,"2024-09-16",2,,,,,,
"MA","Pittsfield Generating",50002,"2024-09-16",3,,,,,,
"MA","Pittsfield Generating",50002,"2024-09-16",4,,,,,,
"MA","Pittsfield Generating",50002,"2024-09-16",5,,,,,,
"MA","Pittsfield Generating",50002,"2024-09-16",6,,,,,,
"MA","Pittsfield Generating",50002,"2024-09-16",7,,,,,,
"MA","Pittsfield Generating",50002,"2024-09-16",8,,,,,,
"MA","Pittsfield Generating",50002,"2024-09-16",9,,,,,,
"MA","Pittsfield Generating",50002,"2024-09-16",10,,,,,,
"MA","Pittsfield Generating",50002,"2024-09-16",11,,,,,,
"MA","Pittsfield Generating",50002,"2024-09-16",12,,,,,,
"MA","Pittsfield Generating",50002,"2024-09-16",13,,,,,,
"MA","Pittsfield Generating",50002,"2024-09-16",14,,,,,,
"MA","Pittsfield Generating",50002,"2024-09-16",15,,,,,,
"MA","Pittsfield Generating",50002,"2024-09-16",16,,,,,,
"MA","Pittsfield Generating",50002,"2024-09-16",17,,,,,,
"MA","Pittsfield Generating",50002,"2024-09-16",18,,,,,,
"MA","Pittsfield Generating",50002,"2024-09-16",19,,,,,,
"MA","Pittsfield Generating",50002,"2024-09-16",20,,,,,,
"MA","Pittsfield Generating",50002,"2024-09-16",21,,,,,,
"MA","Pittsfield Generating",50002,"2024-09-16",22,,,,,,
"MA","Pittsfield Generating",50002,"2024-09-16",23,,,,,,
"MA","Pittsfield Generating",50002,"2024-09-17",0,,,,,,
"MA","Pittsfield Generating",50002,"2024-09-17",1,,,,,,
"MA","Pittsfield Generating",50002,"2024-09-17",2,,,,,,
"MA","Pittsfield Generating",50002,"2024-09-17",3,,,,,,
"MA","Pittsfield Generating",50002,"2024-09-17",4,,,,,,
"MA","Pittsfield Generating",50002,"2024-09-17",5,,,,,,
"MA","Pittsfield Generating",50002,"2024-09-17",6,,,,,,
"MA","Pittsfield Generating",50002,"2024-09-17",7,,,,,,
"MA","Pittsfield Generating",50002,"2024-09-17",8,,,,,,
"MA","Pittsfield Generating",50002,"2024-09-17",9,,,,,,
"MA","Pittsfield Generating",50002,"2024-09-17",10,,,,,,
"MA","Pittsfield Generating",50002,"2024-09-17",11,,,,,,
"MA","Pittsfield Generating",50002,"2024-09-17",12,,,,,,
"MA","Pittsfield Generating",50002,"2024-09-17",13,,,,,,
"MA","Pittsfield Generating",50002,"2024-09-17",14,,,,,,
"MA","Pittsfield Generating",50002,"2024-09-17",15,,,,,,
"MA","Pittsfield Generating",50002,"2024-09-17",16,,,,,,
"MA","Pittsfield Generating",50002,"2024-09-17",17,,,,,,
"MA","Pittsfield Generating",50002,"2024-09-17",18,,,,,,
"MA","Pittsfield Generating",50002,"2024-09-17",19,,,,,,
"MA","Pittsfield Generating",50002,"2024-09-17",20,,,,,,
"MA","Pittsfield Generating",50002,"2024-09-17",21,,,,,,
"MA","Pittsfield Generating",50002,"2024-09-17",22,,,,,,
"MA","Pittsfield Generating",50002,"2024-09-17",23,,,,,,
"MA","Pittsfield Generating",50002,"2024-09-18",0,,,,,,
"MA","Pittsfield Generating",50002,"2024-09-18",1,,,,,,
"MA","Pittsfield Generating",50002,"2024-09-18",2,,,,,,
"MA","Pittsfield Generating",50002,"2024-09-18",3,,,,,,
"MA","Pittsfield Generating",50002,"2024-09-18",4,,,,,,
"MA","Pittsfield Generating",50002,"2024-09-18",5,,,,,,
"MA","Pittsfield Generating",50002,"2024-09-18",6,,,,,,
"MA","Pittsfield Generating",50002,"2024-09-18",7,,,,,,
"MA","Pittsfield Generating",50002,"2024-09-18",8,,,,,,
"MA","Pittsfield Generating",50002,"2024-09-18",9,,,,,,
"MA","Pittsfield Generating",50002,"2024-09-18",10,,,,,,
"MA","Pittsfield Generating",50002,"2024-09-18",11,,,,,,
"MA","Pittsfield Generating",50002,"2024-09-18",12,,,,,,
"MA","Pittsfield Generating",50002,"2024-09-18",13,,,,,,
"MA","Pittsfield Generating",50002,"2024-09-18",14,,,,,,
"MA","Pittsfield Generating",50002,"2024-09-18",15,,,,,,
"MA","Pittsfield Generating",50002,"2024-09-18",16,,,,,,
"MA","Pittsfield Generating",50002,"2024-09-18",17,,,,,,
"MA","Pittsfield Generating",50002,"2024-09-18",18,,,,,,
"MA","Pittsfield Generating",50002,"2024-09-18",19,,,,,,
"MA","Pittsfield Generating",50002,"2024-09-18",20,,,,,,
"MA","Pittsfield Generating",50002,"2024-09-18",21,,,,,,
"MA","Pittsfield Generating",50002,"2024-09-18",22,,,,,,
"MA","Pittsfield Generating",50002,"2024-09-18",23,,,,,,
"MA","Pittsfield Generating",50002,"2024-09-19",0,,,,,,
"MA","Pittsfield Generating",50002,"2024-09-19",1,,,,,,
"MA","Pittsfield Generating",50002,"2024-09-19",2,,,,,,
"MA","Pittsfield Generating",50002,"2024-09-19",3,,,,,,
"MA","Pittsfield Generating",50002,"2024-09-19",4,,,,,,
"MA","Pittsfield Generating",50002,"2024-09-19",5,,,,,,
"MA","Pittsfield Generating",50002,"2024-09-19",6,,,,,,
"MA","Pittsfield Generating",50002,"2024-09-19",7,,,,,,
"MA","Pittsfield Generating",50002,"2024-09-19",8,,,,,,
"MA","Pittsfield Generating",50002,"2024-09-19",9,,,,,,
"MA","Pittsfield Generating",50002,"2024-09-19",10,,,,,,
"MA","Pittsfield Generating",50002,"2024-09-19",11,,,,,,
"MA","Pittsfield Generating",50002,"2024-09-19",12,,,,,,
"MA","Pittsfield Generating",50002,"2024-09-19",13,,,,,,
"MA","Pittsfield Generating",50002,"2024-09-19",14,,,,,,
"MA","Pittsfield Generating",50002,"2024-09-19",15,,,,,,
"MA","Pittsfield Generating",50002,"2024-09-19",16,,,,,,
"MA","Pittsfield Generating",50002,"2024-09-19",17,,,,,,
"MA","Pittsfield Generating",50002,"2024-09-19",18,,,,,,
"MA","Pittsfield Generating",50002,"2024-09-19",19,,,,,,
"MA","Pittsfield Generating",50002,"2024-09-19",20,,,,,,
"MA","Pittsfield Generating",50002,"2024-09-19",21,,,,,,
"MA","Pittsfield Generating",50002,"2024-09-19",22,,,,,,
"MA","Pittsfield Generating",50002,"2024-09-19",23,,,,,,
"MA","Pittsfield Generating",50002,"2024-09-20",0,,,,,,
"MA","Pittsfield Generating",50002,"2024-09-20",1,,,,,,
"MA","Pittsfield Generating",50002,"2024-09-20",2,,,,,,
"MA","Pittsfield Generating",50002,"2024-09-20",3,,,,,,
"MA","Pittsfield Generating",50002,"2024-09-20",4,,,,,,
"MA","Pittsfield Generating",50002,"2024-09-20",5,,,,,,
"MA","Pittsfield Generating",50002,"2024-09-20",6,,,,,,
"MA","Pittsfield Generating",50002,"2024-09-20",7,,,,,,
"MA","Pittsfield Generating",50002,"2024-09-20",8,,,,,,
"MA","Pittsfield Generating",50002,"2024-09-20",9,,,,,,
"MA","Pittsfield Generating",50002,"2024-09-20",10,,,,,,
"MA","Pittsfield Generating",50002,"2024-09-20",11,,,,,,
"MA","Pittsfield Generating",50002,"2024-09-20",12,,,,,,
"MA","Pittsfield Generating",50002,"2024-09-20",13,,,,,,
"MA","Pittsfield Generating",50002,"2024-09-20",14,,,,,,
"MA","Pittsfield Generating",50002,"2024-09-20",15,,,,,,
"MA","Pittsfield Generating",50002,"2024-09-20",16,,,,,,
"MA","Pittsfield Generating",50002,"2024-09-20",17,,,,,,
"MA","Pittsfield Generating",50002,"2024-09-20",18,,,,,,
"MA","Pittsfield Generating",50002,"2024-09-20",19,,,,,,
"MA","Pittsfield Generating",50002,"2024-09-20",20,,,,,,
"MA","Pittsfield Generating",50002,"2024-09-20",21,,,,,,
"MA","Pittsfield Generating",50002,"2024-09-20",22,,,,,,
"MA","Pittsfield Generating",50002,"2024-09-20",23,,,,,,
"MA","Pittsfield Generating",50002,"2024-09-21",0,,,,,,
"MA","Pittsfield Generating",50002,"2024-09-21",1,,,,,,
"MA","Pittsfield Generating",50002,"2024-09-21",2,,,,,,
"MA","Pittsfield Generating",50002,"2024-09-21",3,,,,,,
"MA","Pittsfield Generating",50002,"2024-09-21",4,,,,,,
"MA","Pittsfield Generating",50002,"2024-09-21",5,,,,,,
"MA","Pittsfield Generating",50002,"2024-09-21",6,,,,,,
"MA","Pittsfield Generating",50002,"2024-09-21",7,,,,,,
"MA","Pittsfield Generating",50002,"2024-09-21",8,,,,,,
"MA","Pittsfield Generating",50002,"2024-09-21",9,,,,,,
"MA","Pittsfield Generating",50002,"2024-09-21",10,,,,,,
"MA","Pittsfield Generating",50002,"2024-09-21",11,,,,,,
"MA","Pittsfield Generating",50002,"2024-09-21",12,,,,,,
"MA","Pittsfield Generating",50002,"2024-09-21",13,,,,,,
"MA","Pittsfield Generating",50002,"2024-09-21",14,,,,,,
"MA","Pittsfield Generating",50002,"2024-09-21",15,,,,,,
"MA","Pittsfield Generating",50002,"2024-09-21",16,,,,,,
"MA","Pittsfield Generating",50002,"2024-09-21",17,,,,,,
"MA","Pittsfield Generating",50002,"2024-09-21",18,,,,,,
"MA","Pittsfield Generating",50002,"2024-09-21",19,,,,,,
"MA","Pittsfield Generating",50002,"2024-09-21",20,,,,,,
"MA","Pittsfield Generating",50002,"2024-09-21",21,,,,,,
"MA","Pittsfield Generating",50002,"2024-09-21",22,,,,,,
"MA","Pittsfield Generating",50002,"2024-09-21",23,,,,,,
"MA","Pittsfield Generating",50002,"2024-09-22",0,,,,,,
"MA","Pittsfield Generating",50002,"2024-09-22",1,,,,,,
"MA","Pittsfield Generating",50002,"2024-09-22",2,,,,,,
"MA","Pittsfield Generating",50002,"2024-09-22",3,,,,,,
"MA","Pittsfield Generating",50002,"2024-09-22",4,,,,,,
"MA","Pittsfield Generating",50002,"2024-09-22",5,,,,,,
"MA","Pittsfield Generating",50002,"2024-09-22",6,,,,,,
"MA","Pittsfield Generating",50002,"2024-09-22",7,,,,,,
"MA","Pittsfield Generating",50002,"2024-09-22",8,,,,,,
"MA","Pittsfield Generating",50002,"2024-09-22",9,,,,,,
"MA","Pittsfield Generating",50002,"2024-09-22",10,,,,,,
"MA","Pittsfield Generating",50002,"2024-09-22",11,,,,,,
"MA","Pittsfield Generating",50002,"2024-09-22",12,,,,,,
"MA","Pittsfield Generating",50002,"2024-09-22",13,,,,,,
"MA","Pittsfield Generating",50002,"2024-09-22",14,,,,,,
"MA","Pittsfield Generating",50002,"2024-09-22",15,,,,,,
"MA","Pittsfield Generating",50002,"2024-09-22",16,,,,,,
"MA","Pittsfield Generating",50002,"2024-09-22",17,,,,,,
"MA","Pittsfield Generating",50002,"2024-09-22",18,,,,,,
"MA","Pittsfield Generating",50002,"2024-09-22",19,,,,,,
"MA","Pittsfield Generating",50002,"2024-09-22",20,,,,,,
"MA","Pittsfield Generating",50002,"2024-09-22",21,,,,,,
"MA","Pittsfield Generating",50002,"2024-09-22",22,,,,,,
"MA","Pittsfield Generating",50002,"2024-09-22",23,,,,,,
"MA","Pittsfield Generating",50002,"2024-09-23",0,,,,,,
"MA","Pittsfield Generating",50002,"2024-09-23",1,,,,,,
"MA","Pittsfield Generating",50002,"2024-09-23",2,,,,,,
"MA","Pittsfield Generating",50002,"2024-09-23",3,,,,,,
"MA","Pittsfield Generating",50002,"2024-09-23",4,,,,,,
"MA","Pittsfield Generating",50002,"2024-09-23",5,,,,,,
"MA","Pittsfield Generating",50002,"2024-09-23",6,,,,,,
"MA","Pittsfield Generating",50002,"2024-09-23",7,,,,,,
"MA","Pittsfield Generating",50002,"2024-09-23",8,,,,,,
"MA","Pittsfield Generating",50002,"2024-09-23",9,,,,,,
"MA","Pittsfield Generating",50002,"2024-09-23",10,,,,,,
"MA","Pittsfield Generating",50002,"2024-09-23",11,,,,,,
"MA","Pittsfield Generating",50002,"2024-09-23",12,,,,,,
"MA","Pittsfield Generating",50002,"2024-09-23",13,,,,,,
"MA","Pittsfield Generating",50002,"2024-09-23",14,,,,,,
"MA","Pittsfield Generating",50002,"2024-09-23",15,,,,,,
"MA","Pittsfield Generating",50002,"2024-09-23",16,,,,,,
"MA","Pittsfield Generating",50002,"2024-09-23",17,,,,,,
"MA","Pittsfield Generating",50002,"2024-09-23",18,,,,,,
"MA","Pittsfield Generating",50002,"2024-09-23",19,,,,,,
"MA","Pittsfield Generating",50002,"2024-09-23",20,,,,,,
"MA","Pittsfield Generating",50002,"2024-09-23",21,,,,,,
"MA","Pittsfield Generating",50002,"2024-09-23",22,,,,,,
"MA","Pittsfield Generating",50002,"2024-09-23",23,,,,,,
"MA","Pittsfield Generating",50002,"2024-09-24",0,,,,,,
"MA","Pittsfield Generating",50002,"2024-09-24",1,,,,,,
"MA","Pittsfield Generating",50002,"2024-09-24",2,,,,,,
"MA","Pittsfield Generating",50002,"2024-09-24",3,,,,,,
"MA","Pittsfield Generating",50002,"2024-09-24",4,,,,,,
"MA","Pittsfield Generating",50002,"2024-09-24",5,,,,,,
"MA","Pittsfield Generating",50002,"2024-09-24",6,,,,,,
"MA","Pittsfield Generating",50002,"2024-09-24",7,,,,,,
"MA","Pittsfield Generating",50002,"2024-09-24",8,,,,,,
"MA","Pittsfield Generating",50002,"2024-09-24",9,,,,,,
"MA","Pittsfield Generating",50002,"2024-09-24",10,,,,,,
"MA","Pittsfield Generating",50002,"2024-09-24",11,,,,,,
"MA","Pittsfield Generating",50002,"2024-09-24",12,,,,,,
"MA","Pittsfield Generating",50002,"2024-09-24",13,,,,,,
"MA","Pittsfield Generating",50002,"2024-09-24",14,,,,,,
"MA","Pittsfield Generating",50002,"2024-09-24",15,,,,,,
"MA","Pittsfield Generating",50002,"2024-09-24",16,,,,,,
"MA","Pittsfield Generating",50002,"2024-09-24",17,,,,,,
"MA","Pittsfield Generating",50002,"2024-09-24",18,,,,,,
"MA","Pittsfield Generating",50002,"2024-09-24",19,,,,,,
"MA","Pittsfield Generating",50002,"2024-09-24",20,,,,,,
"MA","Pittsfield Generating",50002,"2024-09-24",21,,,,,,
"MA","Pittsfield Generating",50002,"2024-09-24",22,,,,,,
"MA","Pittsfield Generating",50002,"2024-09-24",23,,,,,,
"MA","Pittsfield Generating",50002,"2024-09-25",0,,,,,,
"MA","Pittsfield Generating",50002,"2024-09-25",1,,,,,,
"MA","Pittsfield Generating",50002,"2024-09-25",2,,,,,,
"MA","Pittsfield Generating",50002,"2024-09-25",3,,,,,,
"MA","Pittsfield Generating",50002,"2024-09-25",4,,,,,,
"MA","Pittsfield Generating",50002,"2024-09-25",5,,,,,,
"MA","Pittsfield Generating",50002,"2024-09-25",6,,,,,,
"MA","Pittsfield Generating",50002,"2024-09-25",7,,,,,,
"MA","Pittsfield Generating",50002,"2024-09-25",8,,,,,,
"MA","Pittsfield Generating",50002,"2024-09-25",9,,,,,,
"MA","Pittsfield Generating",50002,"2024-09-25",10,,,,,,
"MA","Pittsfield Generating",50002,"2024-09-25",11,,,,,,
"MA","Pittsfield Generating",50002,"2024-09-25",12,,,,,,
"MA","Pittsfield Generating",50002,"2024-09-25",13,,,,,,
"MA","Pittsfield Generating",50002,"2024-09-25",14,,,,,,
"MA","Pittsfield Generating",50002,"2024-09-25",15,,,,,,
"MA","Pittsfield Generating",50002,"2024-09-25",16,,,,,,
"MA","Pittsfield Generating",50002,"2024-09-25",17,,,,,,
"MA","Pittsfield Generating",50002,"2024-09-25",18,,,,,,
"MA","Pittsfield Generating",50002,"2024-09-25",19,,,,,,
"MA","Pittsfield Generating",50002,"2024-09-25",20,,,,,,
"MA","Pittsfield Generating",50002,"2024-09-25",21,,,,,,
"MA","Pittsfield Generating",50002,"2024-09-25",22,,,,,,
"MA","Pittsfield Generating",50002,"2024-09-25",23,,,,,,
"MA","Pittsfield Generating",50002,"2024-09-26",0,,,,,,
"MA","Pittsfield Generating",50002,"2024-09-26",1,,,,,,
"MA","Pittsfield Generating",50002,"2024-09-26",2,,,,,,
"MA","Pittsfield Generating",50002,"2024-09-26",3,,,,,,
"MA","Pittsfield Generating",50002,"2024-09-26",4,,,,,,
"MA","Pittsfield Generating",50002,"2024-09-26",5,,,,,,
"MA","Pittsfield Generating",50002,"2024-09-26",6,,,,,,
"MA","Pittsfield Generating",50002,"2024-09-26",7,,,,,,
"MA","Pittsfield Generating",50002,"2024-09-26",8,,,,,,
"MA","Pittsfield Generating",50002,"2024-09-26",9,,,,,,
"MA","Pittsfield Generating",50002,"2024-09-26",10,,,,,,
"MA","Pittsfield Generating",50002,"2024-09-26",11,,,,,,
"MA","Pittsfield Generating",50002,"2024-09-26",12,,,,,,
"MA","Pittsfield Generating",50002,"2024-09-26",13,,,,,,
"MA","Pittsfield Generating",50002,"2024-09-26",14,,,,,,
"MA","Pittsfield Generating",50002,"2024-09-26",15,,,,,,
"MA","Pittsfield Generating",50002,"2024-09-26",16,,,,,,
"MA","Pittsfield Generating",50002,"2024-09-26",17,,,,,,
"MA","Pittsfield Generating",50002,"2024-09-26",18,,,,,,
"MA","Pittsfield Generating",50002,"2024-09-26",19,,,,,,
"MA","Pittsfield Generating",50002,"2024-09-26",20,,,,,,
"MA","Pittsfield Generating",50002,"2024-09-26",21,,,,,,
"MA","Pittsfield Generating",50002,"2024-09-26",22,,,,,,
"MA","Pittsfield Generating",50002,"2024-09-26",23,,,,,,
"MA","Pittsfield Generating",50002,"2024-09-27",0,,,,,,
"MA","Pittsfield Generating",50002,"2024-09-27",1,,,,,,
"MA","Pittsfield Generating",50002,"2024-09-27",2,,,,,,
"MA","Pittsfield Generating",50002,"2024-09-27",3,,,,,,
"MA","Pittsfield Generating",50002,"2024-09-27",4,,,,,,
"MA","Pittsfield Generating",50002,"2024-09-27",5,,,,,,
"MA","Pittsfield Generating",50002,"2024-09-27",6,,,,,,
"MA","Pittsfield Generating",50002,"2024-09-27",7,,,,,,
"MA","Pittsfield Generating",50002,"2024-09-27",8,,,,,,
"MA","Pittsfield Generating",50002,"2024-09-27",9,,,,,,
"MA","Pittsfield Generating",50002,"2024-09-27",10,,,,,,
"MA","Pittsfield Generating",50002,"2024-09-27",11,,,,,,
"MA","Pittsfield Generating",50002,"2024-09-27",12,,,,,,
"MA","Pittsfield Generating",50002,"2024-09-27",13,,,,,,
"MA","Pittsfield Generating",50002,"2024-09-27",14,,,,,,
"MA","Pittsfield Generating",50002,"2024-09-27",15,,,,,,
"MA","Pittsfield Generating",50002,"2024-09-27",16,,,,,,
"MA","Pittsfield Generating",50002,"2024-09-27",17,,,,,,
"MA","Pittsfield Generating",50002,"2024-09-27",18,,,,,,
"MA","Pittsfield Generating",50002,"2024-09-27",19,,,,,,
"MA","Pittsfield Generating",50002,"2024-09-27",20,,,,,,
"MA","Pittsfield Generating",50002,"2024-09-27",21,,,,,,
"MA","Pittsfield Generating",50002,"2024-09-27",22,,,,,,
"MA","Pittsfield Generating",50002,"2024-09-27",23,,,,,,
"MA","Pittsfield Generating",50002,"2024-09-28",0,,,,,,
"MA","Pittsfield Generating",50002,"2024-09-28",1,,,,,,
"MA","Pittsfield Generating",50002,"2024-09-28",2,,,,,,
"MA","Pittsfield Generating",50002,"2024-09-28",3,,,,,,
"MA","Pittsfield Generating",50002,"2024-09-28",4,,,,,,
"MA","Pittsfield Generating",50002,"2024-09-28",5,,,,,,
"MA","Pittsfield Generating",50002,"2024-09-28",6,,,,,,
"MA","Pittsfield Generating",50002,"2024-09-28",7,,,,,,
"MA","Pittsfield Generating",50002,"2024-09-28",8,,,,,,
"MA","Pittsfield Generating",50002,"2024-09-28",9,,,,,,
"MA","Pittsfield Generating",50002,"2024-09-28",10,,,,,,
"MA","Pittsfield Generating",50002,"2024-09-28",11,,,,,,
"MA","Pittsfield Generating",50002,"2024-09-28",12,,,,,,
"MA","Pittsfield Generating",50002,"2024-09-28",13,,,,,,
"MA","Pittsfield Generating",50002,"2024-09-28",14,,,,,,
"MA","Pittsfield Generating",50002,"2024-09-28",15,,,,,,
"MA","Pittsfield Generating",50002,"2024-09-28",16,,,,,,
"MA","Pittsfield Generating",50002,"2024-09-28",17,,,,,,
"MA","Pittsfield Generating",50002,"2024-09-28",18,,,,,,
"MA","Pittsfield Generating",50002,"2024-09-28",19,,,,,,
"MA","Pittsfield Generating",50002,"2024-09-28",20,,,,,,
"MA","Pittsfield Generating",50002,"2024-09-28",21,,,,,,
"MA","Pittsfield Generating",50002,"2024-09-28",22,,,,,,
"MA","Pittsfield Generating",50002,"2024-09-28",23,,,,,,
"MA","Pittsfield Generating",50002,"2024-09-29",0,,,,,,
"MA","Pittsfield Generating",50002,"2024-09-29",1,,,,,,
"MA","Pittsfield Generating",50002,"2024-09-29",2,,,,,,
"MA","Pittsfield Generating",50002,"2024-09-29",3,,,,,,
"MA","Pittsfield Generating",50002,"2024-09-29",4,,,,,,
"MA","Pittsfield Generating",50002,"2024-09-29",5,,,,,,
"MA","Pittsfield Generating",50002,"2024-09-29",6,,,,,,
"MA","Pittsfield Generating",50002,"2024-09-29",7,,,,,,
"MA","Pittsfield Generating",50002,"2024-09-29",8,,,,,,
"MA","Pittsfield Generating",50002,"2024-09-29",9,,,,,,
"MA","Pittsfield Generating",50002,"2024-09-29",10,,,,,,
"MA","Pittsfield Generating",50002,"2024-09-29",11,,,,,,
"MA","Pittsfield Generating",50002,"2024-09-29",12,,,,,,
"MA","Pittsfield Generating",50002,"2024-09-29",13,,,,,,
"MA","Pittsfield Generating",50002,"2024-09-29",14,,,,,,
"MA","Pittsfield Generating",50002,"2024-09-29",15,,,,,,
"MA","Pittsfield Generating",50002,"2024-09-29",16,,,,,,
"MA","Pittsfield Generating",50002,"2024-09-29",17,,,,,,
"MA","Pittsfield Generating",50002,"2024-09-29",18,,,,,,
"MA","Pittsfield Generating",50002,"2024-09-29",19,,,,,,
"MA","Pittsfield Generating",50002,"2024-09-29",20,,,,,,
"MA","Pittsfield Generating",50002,"2024-09-29",21,,,,,,
"MA","Pittsfield Generating",50002,"2024-09-29",22,,,,,,
"MA","Pittsfield Generating",50002,"2024-09-29",23,,,,,,
"MA","Pittsfield Generating",50002,"2024-09-30",0,,,,,,
"MA","Pittsfield Generating",50002,"2024-09-30",1,,,,,,
"MA","Pittsfield Generating",50002,"2024-09-30",2,,,,,,
"MA","Pittsfield Generating",50002,"2024-09-30",3,,,,,,
"MA","Pittsfield Generating",50002,"2024-09-30",4,,,,,,
"MA","Pittsfield Generating",50002,"2024-09-30",5,,,,,,
"MA","Pittsfield Generating",50002,"2024-09-30",6,,,,,,
"MA","Pittsfield Generating",50002,"2024-09-30",7,,,,,,
"MA","Pittsfield Generating",50002,"2024-09-30",8,,,,,,
"MA","Pittsfield Generating",50002,"2024-09-30",9,,,,,,
"MA","Pittsfield Generating",50002,"2024-09-30",10,,,,,,
"MA","Pittsfield Generating",50002,"2024-09-30",11,,,,,,
"MA","Pittsfield Generating",50002,"2024-09-30",12,,,,,,
"MA","Pittsfield Generating",50002,"2024-09-30",13,,,,,,
"MA","Pittsfield Generating",50002,"2024-09-30",14,,,,,,
"MA","Pittsfield Generating",50002,"2024-09-30",15,,,,,,
"MA","Pittsfield Generating",50002,"2024-09-30",16,,,,,,
"MA","Pittsfield Generating",50002,"2024-09-30",17,,,,,,
"MA","Pittsfield Generating",50002,"2024-09-30",18,,,,,,
"MA","Pittsfield Generating",50002,"2024-09-30",19,,,,,,
"MA","Pittsfield Generating",50002,"2024-09-30",20,,,,,,
"MA","Pittsfield Generating",50002,"2024-09-30",21,,,,,,
"MA","Pittsfield Generating",50002,"2024-09-30",22,,,,,,
"MA","Pittsfield Generating",50002,"2024-09-30",23,,,,,,
"MA","Pittsfield Generating",50002,"2024-10-01",0,,,,,,
"MA","Pittsfield Generating",50002,"2024-10-01",1,,,,,,
"MA","Pittsfield Generating",50002,"2024-10-01",2,,,,,,
"MA","Pittsfield Generating",50002,"2024-10-01",3,,,,,,
"MA","Pittsfield Generating",50002,"2024-10-01",4,,,,,,
"MA","Pittsfield Generating",50002,"2024-10-01",5,,,,,,
"MA","Pittsfield Generating",50002,"2024-10-01",6,,,,,,
"MA","Pittsfield Generating",50002,"2024-10-01",7,,,,,,
"MA","Pittsfield Generating",50002,"2024-10-01",8,,,,,,
"MA","Pittsfield Generating",50002,"2024-10-01",9,,,,,,
"MA","Pittsfield Generating",50002,"2024-10-01",10,,,,,,
"MA","Pittsfield Generating",50002,"2024-10-01",11,,,,,,
"MA","Pittsfield Generating",50002,"2024-10-01",12,,,,,,
"MA","Pittsfield Generating",50002,"2024-10-01",13,,,,,,
"MA","Pittsfield Generating",50002,"2024-10-01",14,,,,,,
"MA","Pittsfield Generating",50002,"2024-10-01",15,,,,,,
"MA","Pittsfield Generating",50002,"2024-10-01",16,,,,,,
"MA","Pittsfield Generating",50002,"2024-10-01",17,,,,,,
"MA","Pittsfield Generating",50002,"2024-10-01",18,,,,,,
"MA","Pittsfield Generating",50002,"2024-10-01",19,,,,,,
"MA","Pittsfield Generating",50002,"2024-10-01",20,,,,,,
"MA","Pittsfield Generating",50002,"2024-10-01",21,,,,,,
"MA","Pittsfield Generating",50002,"2024-10-01",22,,,,,,
"MA","Pittsfield Generating",50002,"2024-10-01",23,,,,,,
"MA","Pittsfield Generating",50002,"2024-10-02",0,,,,,,
"MA","Pittsfield Generating",50002,"2024-10-02",1,,,,,,
"MA","Pittsfield Generating",50002,"2024-10-02",2,,,,,,
"MA","Pittsfield Generating",50002,"2024-10-02",3,,,,,,
"MA","Pittsfield Generating",50002,"2024-10-02",4,,,,,,
"MA","Pittsfield Generating",50002,"2024-10-02",5,,,,,,
"MA","Pittsfield Generating",50002,"2024-10-02",6,,,,,,
"MA","Pittsfield Generating",50002,"2024-10-02",7,,,,,,
"MA","Pittsfield Generating",50002,"2024-10-02",8,,,,,,
"MA","Pittsfield Generating",50002,"2024-10-02",9,,,,,,
"MA","Pittsfield Generating",50002,"2024-10-02",10,,,,,,
"MA","Pittsfield Generating",50002,"2024-10-02",11,,,,,,
"MA","Pittsfield Generating",50002,"2024-10-02",12,,,,,,
"MA","Pittsfield Generating",50002,"2024-10-02",13,,,,,,
"MA","Pittsfield Generating",50002,"2024-10-02",14,,,,,,
"MA","Pittsfield Generating",50002,"2024-10-02",15,,,,,,
"MA","Pittsfield Generating",50002,"2024-10-02",16,,,,,,
"MA","Pittsfield Generating",50002,"2024-10-02",17,,,,,,
"MA","Pittsfield Generating",50002,"2024-10-02",18,,,,,,
"MA","Pittsfield Generating",50002,"2024-10-02",19,,,,,,
"MA","Pittsfield Generating",50002,"2024-10-02",20,,,,,,
"MA","Pittsfield Generating",50002,"2024-10-02",21,,,,,,
"MA","Pittsfield Generating",50002,"2024-10-02",22,,,,,,
"MA","Pittsfield Generating",50002,"2024-10-02",23,,,,,,
"MA","Pittsfield Generating",50002,"2024-10-03",0,,,,,,
"MA","Pittsfield Generating",50002,"2024-10-03",1,,,,,,
"MA","Pittsfield Generating",50002,"2024-10-03",2,,,,,,
"MA","Pittsfield Generating",50002,"2024-10-03",3,,,,,,
"MA","Pittsfield Generating",50002,"2024-10-03",4,,,,,,
"MA","Pittsfield Generating",50002,"2024-10-03",5,,,,,,
"MA","Pittsfield Generating",50002,"2024-10-03",6,,,,,,
"MA","Pittsfield Generating",50002,"2024-10-03",7,,,,,,
"MA","Pittsfield Generating",50002,"2024-10-03",8,,,,,,
"MA","Pittsfield Generating",50002,"2024-10-03",9,,,,,,
"MA","Pittsfield Generating",50002,"2024-10-03",10,,,,,,
"MA","Pittsfield Generating",50002,"2024-10-03",11,,,,,,
"MA","Pittsfield Generating",50002,"2024-10-03",12,,,,,,
"MA","Pittsfield Generating",50002,"2024-10-03",13,,,,,,
"MA","Pittsfield Generating",50002,"2024-10-03",14,,,,,,
"MA","Pittsfield Generating",50002,"2024-10-03",15,,,,,,
"MA","Pittsfield Generating",50002,"2024-10-03",16,,,,,,
"MA","Pittsfield Generating",50002,"2024-10-03",17,,,,,,
"MA","Pittsfield Generating",50002,"2024-10-03",18,,,,,,
"MA","Pittsfield Generating",50002,"2024-10-03",19,,,,,,
"MA","Pittsfield Generating",50002,"2024-10-03",20,,,,,,
"MA","Pittsfield Generating",50002,"2024-10-03",21,,,,,,
"MA","Pittsfield Generating",50002,"2024-10-03",22,,,,,,
"MA","Pittsfield Generating",50002,"2024-10-03",23,,,,,,
"MA","Pittsfield Generating",50002,"2024-10-04",0,,,,,,
"MA","Pittsfield Generating",50002,"2024-10-04",1,,,,,,
"MA","Pittsfield Generating",50002,"2024-10-04",2,,,,,,
"MA","Pittsfield Generating",50002,"2024-10-04",3,,,,,,
"MA","Pittsfield Generating",50002,"2024-10-04",4,,,,,,
"MA","Pittsfield Generating",50002,"2024-10-04",5,,,,,,
"MA","Pittsfield Generating",50002,"2024-10-04",6,,,,,,
"MA","Pittsfield Generating",50002,"2024-10-04",7,,,,,,
"MA","Pittsfield Generating",50002,"2024-10-04",8,,,,,,
"MA","Pittsfield Generating",50002,"2024-10-04",9,,,,,,
"MA","Pittsfield Generating",50002,"2024-10-04",10,,,,,,
"MA","Pittsfield Generating",50002,"2024-10-04",11,,,,,,
"MA","Pittsfield Generating",50002,"2024-10-04",12,,,,,,
"MA","Pittsfield Generating",50002,"2024-10-04",13,,,,,,
"MA","Pittsfield Generating",50002,"2024-10-04",14,,,,,,
"MA","Pittsfield Generating",50002,"2024-10-04",15,,,,,,
"MA","Pittsfield Generating",50002,"2024-10-04",16,,,,,,
"MA","Pittsfield Generating",50002,"2024-10-04",17,,,,,,
"MA","Pittsfield Generating",50002,"2024-10-04",18,,,,,,
"MA","Pittsfield Generating",50002,"2024-10-04",19,,,,,,
"MA","Pittsfield Generating",50002,"2024-10-04",20,,,,,,
"MA","Pittsfield Generating",50002,"2024-10-04",21,,,,,,
"MA","Pittsfield Generating",50002,"2024-10-04",22,,,,,,
"MA","Pittsfield Generating",50002,"2024-10-04",23,,,,,,
"MA","Pittsfield Generating",50002,"2024-10-05",0,,,,,,
"MA","Pittsfield Generating",50002,"2024-10-05",1,,,,,,
"MA","Pittsfield Generating",50002,"2024-10-05",2,,,,,,
"MA","Pittsfield Generating",50002,"2024-10-05",3,,,,,,
"MA","Pittsfield Generating",50002,"2024-10-05",4,,,,,,
"MA","Pittsfield Generating",50002,"2024-10-05",5,,,,,,
"MA","Pittsfield Generating",50002,"2024-10-05",6,,,,,,
"MA","Pittsfield Generating",50002,"2024-10-05",7,,,,,,
"MA","Pittsfield Generating",50002,"2024-10-05",8,,,,,,
"MA","Pittsfield Generating",50002,"2024-10-05",9,,,,,,
"MA","Pittsfield Generating",50002,"2024-10-05",10,,,,,,
"MA","Pittsfield Generating",50002,"2024-10-05",11,,,,,,
"MA","Pittsfield Generating",50002,"2024-10-05",12,,,,,,
"MA","Pittsfield Generating",50002,"2024-10-05",13,,,,,,
"MA","Pittsfield Generating",50002,"2024-10-05",14,,,,,,
"MA","Pittsfield Generating",50002,"2024-10-05",15,,,,,,
"MA","Pittsfield Generating",50002,"2024-10-05",16,,,,,,
"MA","Pittsfield Generating",50002,"2024-10-05",17,,,,,,
"MA","Pittsfield Generating",50002,"2024-10-05",18,,,,,,
"MA","Pittsfield Generating",50002,"2024-10-05",19,,,,,,
"MA","Pittsfield Generating",50002,"2024-10-05",20,,,,,,
"MA","Pittsfield Generating",50002,"2024-10-05",21,,,,,,
"MA","Pittsfield Generating",50002,"2024-10-05",22,,,,,,
"MA","Pittsfield Generating",50002,"2024-10-05",23,,,,,,
"MA","Pittsfield Generating",50002,"2024-10-06",0,,,,,,
"MA","Pittsfield Generating",50002,"2024-10-06",1,,,,,,
"MA","Pittsfield Generating",50002,"2024-10-06",2,,,,,,
"MA","Pittsfield Generating",50002,"2024-10-06",3,,,,,,
"MA","Pittsfield Generating",50002,"2024-10-06",4,,,,,,
"MA","Pittsfield Generating",50002,"2024-10-06",5,,,,,,
"MA","Pittsfield Generating",50002,"2024-10-06",6,,,,,,
"MA","Pittsfield Generating",50002,"2024-10-06",7,,,,,,
"MA","Pittsfield Generating",50002,"2024-10-06",8,,,,,,
"MA","Pittsfield Generating",50002,"2024-10-06",9,,,,,,
"MA","Pittsfield Generating",50002,"2024-10-06",10,,,,,,
"MA","Pittsfield Generating",50002,"2024-10-06",11,,,,,,
"MA","Pittsfield Generating",50002,"2024-10-06",12,,,,,,
"MA","Pittsfield Generating",50002,"2024-10-06",13,14,,,13.714,63.378,230.764
"MA","Pittsfield Generating",50002,"2024-10-06",14,50,,,39.865,65.956,671.742
"MA","Pittsfield Generating",50002,"2024-10-06",15,77,,,61.5,107.1,1036.3
"MA","Pittsfield Generating",50002,"2024-10-06",16,93,,,69.7,35.6,1174
"MA","Pittsfield Generating",50002,"2024-10-06",17,90,,,68.1,17.1,1145.5
"MA","Pittsfield Generating",50002,"2024-10-06",18,93,,,69.6,17.9,1170.8
"MA","Pittsfield Generating",50002,"2024-10-06",19,92,,,69.2,17.1,1164.4
"MA","Pittsfield Generating",50002,"2024-10-06",20,47,,,18.756,3.582,315.581
"MA","Pittsfield Generating",50002,"2024-10-06",21,,,,,,
"MA","Pittsfield Generating",50002,"2024-10-06",22,,,,,,
"MA","Pittsfield Generating",50002,"2024-10-06",23,,,,,,
"MA","Pittsfield Generating",50002,"2024-10-07",0,,,,,,
"MA","Pittsfield Generating",50002,"2024-10-07",1,,,,,,
"MA","Pittsfield Generating",50002,"2024-10-07",2,,,,,,
"MA","Pittsfield Generating",50002,"2024-10-07",3,,,,,,
"MA","Pittsfield Generating",50002,"2024-10-07",4,,,,,,
"MA","Pittsfield Generating",50002,"2024-10-07",5,,,,,,
"MA","Pittsfield Generating",50002,"2024-10-07",6,,,,,,
"MA","Pittsfield Generating",50002,"2024-10-07",7,,,,,,
"MA","Pittsfield Generating",50002,"2024-10-07",8,,,,,,
"MA","Pittsfield Generating",50002,"2024-10-07",9,,,,,,
"MA","Pittsfield Generating",50002,"2024-10-07",10,,,,,,
"MA","Pittsfield Generating",50002,"2024-10-07",11,,,,,,
"MA","Pittsfield Generating",50002,"2024-10-07",12,,,,,,
"MA","Pittsfield Generating",50002,"2024-10-07",13,12,,,9.451,32.768,158.665
"MA","Pittsfield Generating",50002,"2024-10-07",14,54,,,43.668,48.608,734.032
"MA","Pittsfield Generating",50002,"2024-10-07",15,80,,,59.232,24.673,995.541
"MA","Pittsfield Generating",50002,"2024-10-07",16,70,,,50.9,15,855.6
"MA","Pittsfield Generating",50002,"2024-10-07",17,63,,,46.2,9.3,778.5
"MA","Pittsfield Generating",50002,"2024-10-07",18,62,,,46.2,8.9,777.8
"MA","Pittsfield Generating",50002,"2024-10-07",19,59,,,42.612,8.256,716.308
"MA","Pittsfield Generating",50002,"2024-10-07",20,24,,,6.615,1.12,111.125
"MA","Pittsfield Generating",50002,"2024-10-07",21,,,,,,
"MA","Pittsfield Generating",50002,"2024-10-07",22,,,,,,
"MA","Pittsfield Generating",50002,"2024-10-07",23,,,,,,
"MA","Pittsfield Generating",50002,"2024-10-08",0,,,,,,
"MA","Pittsfield Generating",50002,"2024-10-08",1,,,,,,
"MA","Pittsfield Generating",50002,"2024-10-08",2,,,,,,
"MA","Pittsfield Generating",50002,"2024-10-08",3,,,,,,
"MA","Pittsfield Generating",50002,"2024-10-08",4,,,,,,
"MA","Pittsfield Generating",50002,"2024-10-08",5,,,,,,
"MA","Pittsfield Generating",50002,"2024-10-08",6,,,,,,
"MA","Pittsfield Generating",50002,"2024-10-08",7,,,,,,
"MA","Pittsfield Generating",50002,"2024-10-08",8,,,,,,
"MA","Pittsfield Generating",50002,"2024-10-08",9,,,,,,
"MA","Pittsfield Generating",50002,"2024-10-08",10,,,,,,
"MA","Pittsfield Generating",50002,"2024-10-08",11,,,,,,
"MA","Pittsfield Generating",50002,"2024-10-08",12,,,,,,
"MA","Pittsfield Generating",50002,"2024-10-08",13,,,,,,
"MA","Pittsfield Generating",50002,"2024-10-08",14,,,,,,
"MA","Pittsfield Generating",50002,"2024-10-08",15,,,,,,
"MA","Pittsfield Generating",50002,"2024-10-08",16,,,,,,
"MA","Pittsfield Generating",50002,"2024-10-08",17,,,,,,
"MA","Pittsfield Generating",50002,"2024-10-08",18,,,,,,
"MA","Pittsfield Generating",50002,"2024-10-08",19,,,,,,
"MA","Pittsfield Generating",50002,"2024-10-08",20,,,,,,
"MA","Pittsfield Generating",50002,"2024-10-08",21,,,,,,
"MA","Pittsfield Generating",50002,"2024-10-08",22,,,,,,
"MA","Pittsfield Generating",50002,"2024-10-08",23,,,,,,
"MA","Pittsfield Generating",50002,"2024-10-09",0,,,,,,
"MA","Pittsfield Generating",50002,"2024-10-09",1,,,,,,
"MA","Pittsfield Generating",50002,"2024-10-09",2,,,,,,
"MA","Pittsfield Generating",50002,"2024-10-09",3,,,,,,
"MA","Pittsfield Generating",50002,"2024-10-09",4,,,,,,
"MA","Pittsfield Generating",50002,"2024-10-09",5,,,,,,
"MA","Pittsfield Generating",50002,"2024-10-09",6,,,,,,
"MA","Pittsfield Generating",50002,"2024-10-09",7,,,,,,
"MA","Pittsfield Generating",50002,"2024-10-09",8,,,,,,
"MA","Pittsfield Generating",50002,"2024-10-09",9,,,,,,
"MA","Pittsfield Generating",50002,"2024-10-09",10,,,,,,
"MA","Pittsfield Generating",50002,"2024-10-09",11,,,,,,
"MA","Pittsfield Generating",50002,"2024-10-09",12,,,,,,
"MA","Pittsfield Generating",50002,"2024-10-09",13,,,,,,
"MA","Pittsfield Generating",50002,"2024-10-09",14,,,,,,
"MA","Pittsfield Generating",50002,"2024-10-09",15,,,,,,
"MA","Pittsfield Generating",50002,"2024-10-09",16,,,,,,
"MA","Pittsfield Generating",50002,"2024-10-09",17,,,,,,
"MA","Pittsfield Generating",50002,"2024-10-09",18,,,,,,
"MA","Pittsfield Generating",50002,"2024-10-09",19,,,,,,
"MA","Pittsfield Generating",50002,"2024-10-09",20,,,,,,
"MA","Pittsfield Generating",50002,"2024-10-09",21,,,,,,
"MA","Pittsfield Generating",50002,"2024-10-09",22,,,,,,
"MA","Pittsfield Generating",50002,"2024-10-09",23,,,,,,
"MA","Pittsfield Generating",50002,"2024-10-10",0,,,,,,
"MA","Pittsfield Generating",50002,"2024-10-10",1,,,,,,
"MA","Pittsfield Generating",50002,"2024-10-10",2,,,,,,
"MA","Pittsfield Generating",50002,"2024-10-10",3,,,,,,
"MA","Pittsfield Generating",50002,"2024-10-10",4,,,,,,
"MA","Pittsfield Generating",50002,"2024-10-10",5,,,,,,
"MA","Pittsfield Generating",50002,"2024-10-10",6,,,,,,
"MA","Pittsfield Generating",50002,"2024-10-10",7,,,,,,
"MA","Pittsfield Generating",50002,"2024-10-10",8,,,,,,
"MA","Pittsfield Generating",50002,"2024-10-10",9,,,,,,
"MA","Pittsfield Generating",50002,"2024-10-10",10,,,,,,
"MA","Pittsfield Generating",50002,"2024-10-10",11,,,,,,
"MA","Pittsfield Generating",50002,"2024-10-10",12,,,,,,
"MA","Pittsfield Generating",50002,"2024-10-10",13,,,,,,
"MA","Pittsfield Generating",50002,"2024-10-10",14,,,,,,
"MA","Pittsfield Generating",50002,"2024-10-10",15,,,,,,
"MA","Pittsfield Generating",50002,"2024-10-10",16,,,,,,
"MA","Pittsfield Generating",50002,"2024-10-10",17,,,,,,
"MA","Pittsfield Generating",50002,"2024-10-10",18,,,,,,
"MA","Pittsfield Generating",50002,"2024-10-10",19,,,,,,
"MA","Pittsfield Generating",50002,"2024-10-10",20,,,,,,
"MA","Pittsfield Generating",50002,"2024-10-10",21,,,,,,
"MA","Pittsfield Generating",50002,"2024-10-10",22,,,,,,
"MA","Pittsfield Generating",50002,"2024-10-10",23,,,,,,
"MA","Pittsfield Generating",50002,"2024-10-11",0,,,,,,
"MA","Pittsfield Generating",50002,"2024-10-11",1,,,,,,
"MA","Pittsfield Generating",50002,"2024-10-11",2,,,,,,
"MA","Pittsfield Generating",50002,"2024-10-11",3,,,,,,
"MA","Pittsfield Generating",50002,"2024-10-11",4,,,,,,
"MA","Pittsfield Generating",50002,"2024-10-11",5,,,,,,
"MA","Pittsfield Generating",50002,"2024-10-11",6,,,,,,
"MA","Pittsfield Generating",50002,"2024-10-11",7,,,,,,
"MA","Pittsfield Generating",50002,"2024-10-11",8,,,,,,
"MA","Pittsfield Generating",50002,"2024-10-11",9,,,,,,
"MA","Pittsfield Generating",50002,"2024-10-11",10,,,,,,
"MA","Pittsfield Generating",50002,"2024-10-11",11,,,,,,
"MA","Pittsfield Generating",50002,"2024-10-11",12,,,,,,
"MA","Pittsfield Generating",50002,"2024-10-11",13,,,,,,
"MA","Pittsfield Generating",50002,"2024-10-11",14,,,,,,
"MA","Pittsfield Generating",50002,"2024-10-11",15,,,,,,
"MA","Pittsfield Generating",50002,"2024-10-11",16,,,,,,
"MA","Pittsfield Generating",50002,"2024-10-11",17,,,,,,
"MA","Pittsfield Generating",50002,"2024-10-11",18,,,,,,
"MA","Pittsfield Generating",50002,"2024-10-11",19,,,,,,
"MA","Pittsfield Generating",50002,"2024-10-11",20,,,,,,
"MA","Pittsfield Generating",50002,"2024-10-11",21,,,,,,
"MA","Pittsfield Generating",50002,"2024-10-11",22,,,,,,
"MA","Pittsfield Generating",50002,"2024-10-11",23,,,,,,
"MA","Pittsfield Generating",50002,"2024-10-12",0,,,,,,
"MA","Pittsfield Generating",50002,"2024-10-12",1,,,,,,
"MA","Pittsfield Generating",50002,"2024-10-12",2,,,,,,
"MA","Pittsfield Generating",50002,"2024-10-12",3,,,,,,
"MA","Pittsfield Generating",50002,"2024-10-12",4,,,,,,
"MA","Pittsfield Generating",50002,"2024-10-12",5,,,,,,
"MA","Pittsfield Generating",50002,"2024-10-12",6,,,,,,
"MA","Pittsfield Generating",50002,"2024-10-12",7,,,,,,
"MA","Pittsfield Generating",50002,"2024-10-12",8,,,,,,
"MA","Pittsfield Generating",50002,"2024-10-12",9,,,,,,
"MA","Pittsfield Generating",50002,"2024-10-12",10,,,,,,
"MA","Pittsfield Generating",50002,"2024-10-12",11,,,,,,
"MA","Pittsfield Generating",50002,"2024-10-12",12,,,,,,
"MA","Pittsfield Generating",50002,"2024-10-12",13,,,,,,
"MA","Pittsfield Generating",50002,"2024-10-12",14,,,,,,
"MA","Pittsfield Generating",50002,"2024-10-12",15,,,,,,
"MA","Pittsfield Generating",50002,"2024-10-12",16,,,,,,
"MA","Pittsfield Generating",50002,"2024-10-12",17,,,,,,
"MA","Pittsfield Generating",50002,"2024-10-12",18,,,,,,
"MA","Pittsfield Generating",50002,"2024-10-12",19,,,,,,
"MA","Pittsfield Generating",50002,"2024-10-12",20,,,,,,
"MA","Pittsfield Generating",50002,"2024-10-12",21,,,,,,
"MA","Pittsfield Generating",50002,"2024-10-12",22,,,,,,
"MA","Pittsfield Generating",50002,"2024-10-12",23,,,,,,
"MA","Pittsfield Generating",50002,"2024-10-13",0,,,,,,
"MA","Pittsfield Generating",50002,"2024-10-13",1,,,,,,
"MA","Pittsfield Generating",50002,"2024-10-13",2,,,,,,
"MA","Pittsfield Generating",50002,"2024-10-13",3,,,,,,
"MA","Pittsfield Generating",50002,"2024-10-13",4,,,,,,
"MA","Pittsfield Generating",50002,"2024-10-13",5,,,,,,
"MA","Pittsfield Generating",50002,"2024-10-13",6,,,,,,
"MA","Pittsfield Generating",50002,"2024-10-13",7,,,,,,
"MA","Pittsfield Generating",50002,"2024-10-13",8,,,,,,
"MA","Pittsfield Generating",50002,"2024-10-13",9,,,,,,
"MA","Pittsfield Generating",50002,"2024-10-13",10,,,,,,
"MA","Pittsfield Generating",50002,"2024-10-13",11,,,,,,
"MA","Pittsfield Generating",50002,"2024-10-13",12,,,,,,
"MA","Pittsfield Generating",50002,"2024-10-13",13,,,,,,
"MA","Pittsfield Generating",50002,"2024-10-13",14,,,,,,
"MA","Pittsfield Generating",50002,"2024-10-13",15,,,,,,
"MA","Pittsfield Generating",50002,"2024-10-13",16,,,,,,
"MA","Pittsfield Generating",50002,"2024-10-13",17,,,,,,
"MA","Pittsfield Generating",50002,"2024-10-13",18,,,,,,
"MA","Pittsfield Generating",50002,"2024-10-13",19,,,,,,
"MA","Pittsfield Generating",50002,"2024-10-13",20,,,,,,
"MA","Pittsfield Generating",50002,"2024-10-13",21,,,,,,
"MA","Pittsfield Generating",50002,"2024-10-13",22,,,,,,
"MA","Pittsfield Generating",50002,"2024-10-13",23,,,,,,
"MA","Pittsfield Generating",50002,"2024-10-14",0,,,,,,
"MA","Pittsfield Generating",50002,"2024-10-14",1,,,,,,
"MA","Pittsfield Generating",50002,"2024-10-14",2,,,,,,
"MA","Pittsfield Generating",50002,"2024-10-14",3,,,,,,
"MA","Pittsfield Generating",50002,"2024-10-14",4,,,,,,
"MA","Pittsfield Generating",50002,"2024-10-14",5,,,,,,
"MA","Pittsfield Generating",50002,"2024-10-14",6,,,,,,
"MA","Pittsfield Generating",50002,"2024-10-14",7,,,,,,
"MA","Pittsfield Generating",50002,"2024-10-14",8,,,,,,
"MA","Pittsfield Generating",50002,"2024-10-14",9,,,,,,
"MA","Pittsfield Generating",50002,"2024-10-14",10,,,,,,
"MA","Pittsfield Generating",50002,"2024-10-14",11,,,,,,
"MA","Pittsfield Generating",50002,"2024-10-14",12,,,,,,
"MA","Pittsfield Generating",50002,"2024-10-14",13,,,,,,
"MA","Pittsfield Generating",50002,"2024-10-14",14,,,,,,
"MA","Pittsfield Generating",50002,"2024-10-14",15,,,,,,
"MA","Pittsfield Generating",50002,"2024-10-14",16,,,,,,
"MA","Pittsfield Generating",50002,"2024-10-14",17,,,,,,
"MA","Pittsfield Generating",50002,"2024-10-14",18,,,,,,
"MA","Pittsfield Generating",50002,"2024-10-14",19,,,,,,
"MA","Pittsfield Generating",50002,"2024-10-14",20,,,,,,
"MA","Pittsfield Generating",50002,"2024-10-14",21,,,,,,
"MA","Pittsfield Generating",50002,"2024-10-14",22,,,,,,
"MA","Pittsfield Generating",50002,"2024-10-14",23,,,,,,
"MA","Pittsfield Generating",50002,"2024-10-15",0,,,,,,
"MA","Pittsfield Generating",50002,"2024-10-15",1,,,,,,
"MA","Pittsfield Generating",50002,"2024-10-15",2,,,,,,
"MA","Pittsfield Generating",50002,"2024-10-15",3,,,,,,
"MA","Pittsfield Generating",50002,"2024-10-15",4,,,,,,
"MA","Pittsfield Generating",50002,"2024-10-15",5,,,,,,
"MA","Pittsfield Generating",50002,"2024-10-15",6,,,,,,
"MA","Pittsfield Generating",50002,"2024-10-15",7,,,,,,
"MA","Pittsfield Generating",50002,"2024-10-15",8,,,,,,
"MA","Pittsfield Generating",50002,"2024-10-15",9,,,,,,
"MA","Pittsfield Generating",50002,"2024-10-15",10,,,,,,
"MA","Pittsfield Generating",50002,"2024-10-15",11,,,,,,
"MA","Pittsfield Generating",50002,"2024-10-15",12,,,,,,
"MA","Pittsfield Generating",50002,"2024-10-15",13,,,,,,
"MA","Pittsfield Generating",50002,"2024-10-15",14,,,,,,
"MA","Pittsfield Generating",50002,"2024-10-15",15,,,,,,
"MA","Pittsfield Generating",50002,"2024-10-15",16,,,,,,
"MA","Pittsfield Generating",50002,"2024-10-15",17,,,,,,
"MA","Pittsfield Generating",50002,"2024-10-15",18,,,,,,
"MA","Pittsfield Generating",50002,"2024-10-15",19,,,,,,
"MA","Pittsfield Generating",50002,"2024-10-15",20,,,,,,
"MA","Pittsfield Generating",50002,"2024-10-15",21,,,,,,
"MA","Pittsfield Generating",50002,"2024-10-15",22,,,,,,
"MA","Pittsfield Generating",50002,"2024-10-15",23,,,,,,
"MA","Pittsfield Generating",50002,"2024-10-16",0,,,,,,
"MA","Pittsfield Generating",50002,"2024-10-16",1,,,,,,
"MA","Pittsfield Generating",50002,"2024-10-16",2,,,,,,
"MA","Pittsfield Generating",50002,"2024-10-16",3,,,,,,
"MA","Pittsfield Generating",50002,"2024-10-16",4,,,,,,
"MA","Pittsfield Generating",50002,"2024-10-16",5,,,,,,
"MA","Pittsfield Generating",50002,"2024-10-16",6,,,,,,
"MA","Pittsfield Generating",50002,"2024-10-16",7,,,,,,
"MA","Pittsfield Generating",50002,"2024-10-16",8,,,,,,
"MA","Pittsfield Generating",50002,"2024-10-16",9,,,,,,
"MA","Pittsfield Generating",50002,"2024-10-16",10,,,,,,
"MA","Pittsfield Generating",50002,"2024-10-16",11,,,,,,
"MA","Pittsfield Generating",50002,"2024-10-16",12,,,,,,
"MA","Pittsfield Generating",50002,"2024-10-16",13,,,,,,
"MA","Pittsfield Generating",50002,"2024-10-16",14,,,,,,
"MA","Pittsfield Generating",50002,"2024-10-16",15,,,,,,
"MA","Pittsfield Generating",50002,"2024-10-16",16,,,,,,
"MA","Pittsfield Generating",50002,"2024-10-16",17,,,,,,
"MA","Pittsfield Generating",50002,"2024-10-16",18,,,,,,
"MA","Pittsfield Generating",50002,"2024-10-16",19,,,,,,
"MA","Pittsfield Generating",50002,"2024-10-16",20,,,,,,
"MA","Pittsfield Generating",50002,"2024-10-16",21,,,,,,
"MA","Pittsfield Generating",50002,"2024-10-16",22,,,,,,
"MA","Pittsfield Generating",50002,"2024-10-16",23,,,,,,
"MA","Pittsfield Generating",50002,"2024-10-17",0,,,,,,
"MA","Pittsfield Generating",50002,"2024-10-17",1,,,,,,
"MA","Pittsfield Generating",50002,"2024-10-17",2,,,,,,
"MA","Pittsfield Generating",50002,"2024-10-17",3,,,,,,
"MA","Pittsfield Generating",50002,"2024-10-17",4,,,,,,
"MA","Pittsfield Generating",50002,"2024-10-17",5,,,,,,
"MA","Pittsfield Generating",50002,"2024-10-17",6,,,,,,
"MA","Pittsfield Generating",50002,"2024-10-17",7,,,,,,
"MA","Pittsfield Generating",50002,"2024-10-17",8,5,,,1.425,2.775,23.895
"MA","Pittsfield Generating",50002,"2024-10-17",9,23,,,17.44,50.64,293.68
"MA","Pittsfield Generating",50002,"2024-10-17",10,58,,,46.816,45.682,787.366
"MA","Pittsfield Generating",50002,"2024-10-17",11,92,,,68,22.88,1091.08
"MA","Pittsfield Generating",50002,"2024-10-17",12,106,,,90.156,36.064,1172.346
"MA","Pittsfield Generating",50002,"2024-10-17",13,109,,,89.771,34.822,1170.128
"MA","Pittsfield Generating",50002,"2024-10-17",14,28,,,7.194,1.089,120.846
"MA","Pittsfield Generating",50002,"2024-10-17",15,,,,,,
"MA","Pittsfield Generating",50002,"2024-10-17",16,,,,,,
"MA","Pittsfield Generating",50002,"2024-10-17",17,,,,,,
"MA","Pittsfield Generating",50002,"2024-10-17",18,,,,,,
"MA","Pittsfield Generating",50002,"2024-10-17",19,,,,,,
"MA","Pittsfield Generating",50002,"2024-10-17",20,,,,,,
"MA","Pittsfield Generating",50002,"2024-10-17",21,,,,,,
"MA","Pittsfield Generating",50002,"2024-10-17",22,,,,,,
"MA","Pittsfield Generating",50002,"2024-10-17",23,,,,,,
"MA","Pittsfield Generating",50002,"2024-10-18",0,,,,,,
"MA","Pittsfield Generating",50002,"2024-10-18",1,,,,,,
"MA","Pittsfield Generating",50002,"2024-10-18",2,,,,,,
"MA","Pittsfield Generating",50002,"2024-10-18",3,,,,,,
"MA","Pittsfield Generating",50002,"2024-10-18",4,,,,,,
"MA","Pittsfield Generating",50002,"2024-10-18",5,,,,,,
"MA","Pittsfield Generating",50002,"2024-10-18",6,,,,,,
"MA","Pittsfield Generating",50002,"2024-10-18",7,,,,,,
"MA","Pittsfield Generating",50002,"2024-10-18",8,,,,,,
"MA","Pittsfield Generating",50002,"2024-10-18",9,,,,,,
"MA","Pittsfield Generating",50002,"2024-10-18",10,,,,,,
"MA","Pittsfield Generating",50002,"2024-10-18",11,,,,,,
"MA","Pittsfield Generating",50002,"2024-10-18",12,,,,,,
"MA","Pittsfield Generating",50002,"2024-10-18",13,,,,,,
"MA","Pittsfield Generating",50002,"2024-10-18",14,,,,,,
"MA","Pittsfield Generating",50002,"2024-10-18",15,,,,,,
"MA","Pittsfield Generating",50002,"2024-10-18",16,,,,,,
"MA","Pittsfield Generating",50002,"2024-10-18",17,,,,,,
"MA","Pittsfield Generating",50002,"2024-10-18",18,,,,,,
"MA","Pittsfield Generating",50002,"2024-10-18",19,,,,,,
"MA","Pittsfield Generating",50002,"2024-10-18",20,,,,,,
"MA","Pittsfield Generating",50002,"2024-10-18",21,,,,,,
"MA","Pittsfield Generating",50002,"2024-10-18",22,,,,,,
"MA","Pittsfield Generating",50002,"2024-10-18",23,,,,,,
"MA","Pittsfield Generating",50002,"2024-10-19",0,,,,,,
"MA","Pittsfield Generating",50002,"2024-10-19",1,,,,,,
"MA","Pittsfield Generating",50002,"2024-10-19",2,,,,,,
"MA","Pittsfield Generating",50002,"2024-10-19",3,,,,,,
"MA","Pittsfield Generating",50002,"2024-10-19",4,,,,,,
"MA","Pittsfield Generating",50002,"2024-10-19",5,,,,,,
"MA","Pittsfield Generating",50002,"2024-10-19",6,,,,,,
"MA","Pittsfield Generating",50002,"2024-10-19",7,,,,,,
"MA","Pittsfield Generating",50002,"2024-10-19",8,,,,,,
"MA","Pittsfield Generating",50002,"2024-10-19",9,,,,,,
"MA","Pittsfield Generating",50002,"2024-10-19",10,,,,,,
"MA","Pittsfield Generating",50002,"2024-10-19",11,,,,,,
"MA","Pittsfield Generating",50002,"2024-10-19",12,,,,,,
"MA","Pittsfield Generating",50002,"2024-10-19",13,,,,,,
"MA","Pittsfield Generating",50002,"2024-10-19",14,,,,,,
"MA","Pittsfield Generating",50002,"2024-10-19",15,,,,,,
"MA","Pittsfield Generating",50002,"2024-10-19",16,,,,,,
"MA","Pittsfield Generating",50002,"2024-10-19",17,,,,,,
"MA","Pittsfield Generating",50002,"2024-10-19",18,,,,,,
"MA","Pittsfield Generating",50002,"2024-10-19",19,,,,,,
"MA","Pittsfield Generating",50002,"2024-10-19",20,,,,,,
"MA","Pittsfield Generating",50002,"2024-10-19",21,,,,,,
"MA","Pittsfield Generating",50002,"2024-10-19",22,,,,,,
"MA","Pittsfield Generating",50002,"2024-10-19",23,,,,,,
"MA","Pittsfield Generating",50002,"2024-10-20",0,,,,,,
"MA","Pittsfield Generating",50002,"2024-10-20",1,,,,,,
"MA","Pittsfield Generating",50002,"2024-10-20",2,,,,,,
"MA","Pittsfield Generating",50002,"2024-10-20",3,,,,,,
"MA","Pittsfield Generating",50002,"2024-10-20",4,,,,,,
"MA","Pittsfield Generating",50002,"2024-10-20",5,,,,,,
"MA","Pittsfield Generating",50002,"2024-10-20",6,,,,,,
"MA","Pittsfield Generating",50002,"2024-10-20",7,,,,,,
"MA","Pittsfield Generating",50002,"2024-10-20",8,,,,,,
"MA","Pittsfield Generating",50002,"2024-10-20",9,,,,,,
"MA","Pittsfield Generating",50002,"2024-10-20",10,,,,,,
"MA","Pittsfield Generating",50002,"2024-10-20",11,,,,,,
"MA","Pittsfield Generating",50002,"2024-10-20",12,,,,,,
"MA","Pittsfield Generating",50002,"2024-10-20",13,,,,,,
"MA","Pittsfield Generating",50002,"2024-10-20",14,,,,,,
"MA","Pittsfield Generating",50002,"2024-10-20",15,,,,,,
"MA","Pittsfield Generating",50002,"2024-10-20",16,,,,,,
"MA","Pittsfield Generating",50002,"2024-10-20",17,,,,,,
"MA","Pittsfield Generating",50002,"2024-10-20",18,,,,,,
"MA","Pittsfield Generating",50002,"2024-10-20",19,,,,,,
"MA","Pittsfield Generating",50002,"2024-10-20",20,,,,,,
"MA","Pittsfield Generating",50002,"2024-10-20",21,,,,,,
"MA","Pittsfield Generating",50002,"2024-10-20",22,,,,,,
"MA","Pittsfield Generating",50002,"2024-10-20",23,,,,,,
"MA","Pittsfield Generating",50002,"2024-10-21",0,,,,,,
"MA","Pittsfield Generating",50002,"2024-10-21",1,,,,,,
"MA","Pittsfield Generating",50002,"2024-10-21",2,,,,,,
"MA","Pittsfield Generating",50002,"2024-10-21",3,,,,,,
"MA","Pittsfield Generating",50002,"2024-10-21",4,,,,,,
"MA","Pittsfield Generating",50002,"2024-10-21",5,,,,,,
"MA","Pittsfield Generating",50002,"2024-10-21",6,,,,,,
"MA","Pittsfield Generating",50002,"2024-10-21",7,,,,,,
"MA","Pittsfield Generating",50002,"2024-10-21",8,,,,,,
"MA","Pittsfield Generating",50002,"2024-10-21",9,,,,,,
"MA","Pittsfield Generating",50002,"2024-10-21",10,,,,,,
"MA","Pittsfield Generating",50002,"2024-10-21",11,,,,,,
"MA","Pittsfield Generating",50002,"2024-10-21",12,,,,,,
"MA","Pittsfield Generating",50002,"2024-10-21",13,,,,,,
"MA","Pittsfield Generating",50002,"2024-10-21",14,,,,,,
"MA","Pittsfield Generating",50002,"2024-10-21",15,,,,,,
"MA","Pittsfield Generating",50002,"2024-10-21",16,,,,,,
"MA","Pittsfield Generating",50002,"2024-10-21",17,,,,,,
"MA","Pittsfield Generating",50002,"2024-10-21",18,,,,,,
"MA","Pittsfield Generating",50002,"2024-10-21",19,,,,,,
"MA","Pittsfield Generating",50002,"2024-10-21",20,,,,,,
"MA","Pittsfield Generating",50002,"2024-10-21",21,,,,,,
"MA","Pittsfield Generating",50002,"2024-10-21",22,,,,,,
"MA","Pittsfield Generating",50002,"2024-10-21",23,,,,,,
"MA","Pittsfield Generating",50002,"2024-10-22",0,,,,,,
"MA","Pittsfield Generating",50002,"2024-10-22",1,,,,,,
"MA","Pittsfield Generating",50002,"2024-10-22",2,,,,,,
"MA","Pittsfield Generating",50002,"2024-10-22",3,,,,,,
"MA","Pittsfield Generating",50002,"2024-10-22",4,,,,,,
"MA","Pittsfield Generating",50002,"2024-10-22",5,,,,,,
"MA","Pittsfield Generating",50002,"2024-10-22",6,,,,,,
"MA","Pittsfield Generating",50002,"2024-10-22",7,,,,,,
"MA","Pittsfield Generating",50002,"2024-10-22",8,,,,,,
"MA","Pittsfield Generating",50002,"2024-10-22",9,,,,,,
"MA","Pittsfield Generating",50002,"2024-10-22",10,,,,,,
"MA","Pittsfield Generating",50002,"2024-10-22",11,,,,,,
"MA","Pittsfield Generating",50002,"2024-10-22",12,,,,,,
"MA","Pittsfield Generating",50002,"2024-10-22",13,,,,,,
"MA","Pittsfield Generating",50002,"2024-10-22",14,,,,,,
"MA","Pittsfield Generating",50002,"2024-10-22",15,,,,,,
"MA","Pittsfield Generating",50002,"2024-10-22",16,,,,,,
"MA","Pittsfield Generating",50002,"2024-10-22",17,,,,,,
"MA","Pittsfield Generating",50002,"2024-10-22",18,,,,,,
"MA","Pittsfield Generating",50002,"2024-10-22",19,,,,,,
"MA","Pittsfield Generating",50002,"2024-10-22",20,,,,,,
"MA","Pittsfield Generating",50002,"2024-10-22",21,,,,,,
"MA","Pittsfield Generating",50002,"2024-10-22",22,,,,,,
"MA","Pittsfield Generating",50002,"2024-10-22",23,,,,,,
"MA","Pittsfield Generating",50002,"2024-10-23",0,,,,,,
"MA","Pittsfield Generating",50002,"2024-10-23",1,,,,,,
"MA","Pittsfield Generating",50002,"2024-10-23",2,,,,,,
"MA","Pittsfield Generating",50002,"2024-10-23",3,,,,,,
"MA","Pittsfield Generating",50002,"2024-10-23",4,,,,,,
"MA","Pittsfield Generating",50002,"2024-10-23",5,,,,,,
"MA","Pittsfield Generating",50002,"2024-10-23",6,,,,,,
"MA","Pittsfield Generating",50002,"2024-10-23",7,,,,,,
"MA","Pittsfield Generating",50002,"2024-10-23",8,,,,,,
"MA","Pittsfield Generating",50002,"2024-10-23",9,,,,,,
"MA","Pittsfield Generating",50002,"2024-10-23",10,,,,,,
"MA","Pittsfield Generating",50002,"2024-10-23",11,,,,,,
"MA","Pittsfield Generating",50002,"2024-10-23",12,,,,,,
"MA","Pittsfield Generating",50002,"2024-10-23",13,,,,,,
"MA","Pittsfield Generating",50002,"2024-10-23",14,,,,,,
"MA","Pittsfield Generating",50002,"2024-10-23",15,,,,,,
"MA","Pittsfield Generating",50002,"2024-10-23",16,,,,,,
"MA","Pittsfield Generating",50002,"2024-10-23",17,,,,,,
"MA","Pittsfield Generating",50002,"2024-10-23",18,,,,,,
"MA","Pittsfield Generating",50002,"2024-10-23",19,,,,,,
"MA","Pittsfield Generating",50002,"2024-10-23",20,,,,,,
"MA","Pittsfield Generating",50002,"2024-10-23",21,,,,,,
"MA","Pittsfield Generating",50002,"2024-10-23",22,,,,,,
"MA","Pittsfield Generating",50002,"2024-10-23",23,,,,,,
"MA","Pittsfield Generating",50002,"2024-10-24",0,,,,,,
"MA","Pittsfield Generating",50002,"2024-10-24",1,,,,,,
"MA","Pittsfield Generating",50002,"2024-10-24",2,,,,,,
"MA","Pittsfield Generating",50002,"2024-10-24",3,,,,,,
"MA","Pittsfield Generating",50002,"2024-10-24",4,,,,,,
"MA","Pittsfield Generating",50002,"2024-10-24",5,,,,,,
"MA","Pittsfield Generating",50002,"2024-10-24",6,,,,,,
"MA","Pittsfield Generating",50002,"2024-10-24",7,,,,,,
"MA","Pittsfield Generating",50002,"2024-10-24",8,,,,,,
"MA","Pittsfield Generating",50002,"2024-10-24",9,,,,,,
"MA","Pittsfield Generating",50002,"2024-10-24",10,,,,,,
"MA","Pittsfield Generating",50002,"2024-10-24",11,,,,,,
"MA","Pittsfield Generating",50002,"2024-10-24",12,,,,,,
"MA","Pittsfield Generating",50002,"2024-10-24",13,,,,,,
"MA","Pittsfield Generating",50002,"2024-10-24",14,,,,,,
"MA","Pittsfield Generating",50002,"2024-10-24",15,,,,,,
"MA","Pittsfield Generating",50002,"2024-10-24",16,,,,,,
"MA","Pittsfield Generating",50002,"2024-10-24",17,,,,,,
"MA","Pittsfield Generating",50002,"2024-10-24",18,,,,,,
"MA","Pittsfield Generating",50002,"2024-10-24",19,,,,,,
"MA","Pittsfield Generating",50002,"2024-10-24",20,,,,,,
"MA","Pittsfield Generating",50002,"2024-10-24",21,,,,,,
"MA","Pittsfield Generating",50002,"2024-10-24",22,,,,,,
"MA","Pittsfield Generating",50002,"2024-10-24",23,,,,,,
"MA","Pittsfield Generating",50002,"2024-10-25",0,,,,,,
"MA","Pittsfield Generating",50002,"2024-10-25",1,,,,,,
"MA","Pittsfield Generating",50002,"2024-10-25",2,,,,,,
"MA","Pittsfield Generating",50002,"2024-10-25",3,,,,,,
"MA","Pittsfield Generating",50002,"2024-10-25",4,,,,,,
"MA","Pittsfield Generating",50002,"2024-10-25",5,,,,,,
"MA","Pittsfield Generating",50002,"2024-10-25",6,,,,,,
"MA","Pittsfield Generating",50002,"2024-10-25",7,,,,,,
"MA","Pittsfield Generating",50002,"2024-10-25",8,,,,,,
"MA","Pittsfield Generating",50002,"2024-10-25",9,,,,,,
"MA","Pittsfield Generating",50002,"2024-10-25",10,,,,,,
"MA","Pittsfield Generating",50002,"2024-10-25",11,,,,,,
"MA","Pittsfield Generating",50002,"2024-10-25",12,,,,,,
"MA","Pittsfield Generating",50002,"2024-10-25",13,,,,,,
"MA","Pittsfield Generating",50002,"2024-10-25",14,,,,,,
"MA","Pittsfield Generating",50002,"2024-10-25",15,,,,,,
"MA","Pittsfield Generating",50002,"2024-10-25",16,,,,,,
"MA","Pittsfield Generating",50002,"2024-10-25",17,,,,,,
"MA","Pittsfield Generating",50002,"2024-10-25",18,,,,,,
"MA","Pittsfield Generating",50002,"2024-10-25",19,,,,,,
"MA","Pittsfield Generating",50002,"2024-10-25",20,,,,,,
"MA","Pittsfield Generating",50002,"2024-10-25",21,,,,,,
"MA","Pittsfield Generating",50002,"2024-10-25",22,,,,,,
"MA","Pittsfield Generating",50002,"2024-10-25",23,,,,,,
"MA","Pittsfield Generating",50002,"2024-10-26",0,,,,,,
"MA","Pittsfield Generating",50002,"2024-10-26",1,,,,,,
"MA","Pittsfield Generating",50002,"2024-10-26",2,,,,,,
"MA","Pittsfield Generating",50002,"2024-10-26",3,,,,,,
"MA","Pittsfield Generating",50002,"2024-10-26",4,,,,,,
"MA","Pittsfield Generating",50002,"2024-10-26",5,,,,,,
"MA","Pittsfield Generating",50002,"2024-10-26",6,,,,,,
"MA","Pittsfield Generating",50002,"2024-10-26",7,,,,,,
"MA","Pittsfield Generating",50002,"2024-10-26",8,,,,,,
"MA","Pittsfield Generating",50002,"2024-10-26",9,,,,,,
"MA","Pittsfield Generating",50002,"2024-10-26",10,,,,,,
"MA","Pittsfield Generating",50002,"2024-10-26",11,,,,,,
"MA","Pittsfield Generating",50002,"2024-10-26",12,,,,,,
"MA","Pittsfield Generating",50002,"2024-10-26",13,,,,,,
"MA","Pittsfield Generating",50002,"2024-10-26",14,,,,,,
"MA","Pittsfield Generating",50002,"2024-10-26",15,,,,,,
"MA","Pittsfield Generating",50002,"2024-10-26",16,,,,,,
"MA","Pittsfield Generating",50002,"2024-10-26",17,,,,,,
"MA","Pittsfield Generating",50002,"2024-10-26",18,,,,,,
"MA","Pittsfield Generating",50002,"2024-10-26",19,,,,,,
"MA","Pittsfield Generating",50002,"2024-10-26",20,,,,,,
"MA","Pittsfield Generating",50002,"2024-10-26",21,,,,,,
"MA","Pittsfield Generating",50002,"2024-10-26",22,,,,,,
"MA","Pittsfield Generating",50002,"2024-10-26",23,,,,,,
"MA","Pittsfield Generating",50002,"2024-10-27",0,,,,,,
"MA","Pittsfield Generating",50002,"2024-10-27",1,,,,,,
"MA","Pittsfield Generating",50002,"2024-10-27",2,,,,,,
"MA","Pittsfield Generating",50002,"2024-10-27",3,,,,,,
"MA","Pittsfield Generating",50002,"2024-10-27",4,,,,,,
"MA","Pittsfield Generating",50002,"2024-10-27",5,,,,,,
"MA","Pittsfield Generating",50002,"2024-10-27",6,,,,,,
"MA","Pittsfield Generating",50002,"2024-10-27",7,,,,,,
"MA","Pittsfield Generating",50002,"2024-10-27",8,,,,,,
"MA","Pittsfield Generating",50002,"2024-10-27",9,,,,,,
"MA","Pittsfield Generating",50002,"2024-10-27",10,,,,,,
"MA","Pittsfield Generating",50002,"2024-10-27",11,,,,,,
"MA","Pittsfield Generating",50002,"2024-10-27",12,,,,,,
"MA","Pittsfield Generating",50002,"2024-10-27",13,,,,,,
"MA","Pittsfield Generating",50002,"2024-10-27",14,,,,,,
"MA","Pittsfield Generating",50002,"2024-10-27",15,,,,,,
"MA","Pittsfield Generating",50002,"2024-10-27",16,,,,,,
"MA","Pittsfield Generating",50002,"2024-10-27",17,,,,,,
"MA","Pittsfield Generating",50002,"2024-10-27",18,,,,,,
"MA","Pittsfield Generating",50002,"2024-10-27",19,,,,,,
"MA","Pittsfield Generating",50002,"2024-10-27",20,,,,,,
"MA","Pittsfield Generating",50002,"2024-10-27",21,,,,,,
"MA","Pittsfield Generating",50002,"2024-10-27",22,,,,,,
"MA","Pittsfield Generating",50002,"2024-10-27",23,,,,,,
"MA","Pittsfield Generating",50002,"2024-10-28",0,,,,,,
"MA","Pittsfield Generating",50002,"2024-10-28",1,,,,,,
"MA","Pittsfield Generating",50002,"2024-10-28",2,,,,,,
"MA","Pittsfield Generating",50002,"2024-10-28",3,,,,,,
"MA","Pittsfield Generating",50002,"2024-10-28",4,,,,,,
"MA","Pittsfield Generating",50002,"2024-10-28",5,,,,,,
"MA","Pittsfield Generating",50002,"2024-10-28",6,,,,,,
"MA","Pittsfield Generating",50002,"2024-10-28",7,,,,,,
"MA","Pittsfield Generating",50002,"2024-10-28",8,,,,,,
"MA","Pittsfield Generating",50002,"2024-10-28",9,,,,,,
"MA","Pittsfield Generating",50002,"2024-10-28",10,,,,,,
"MA","Pittsfield Generating",50002,"2024-10-28",11,,,,,,
"MA","Pittsfield Generating",50002,"2024-10-28",12,,,,,,
"MA","Pittsfield Generating",50002,"2024-10-28",13,,,,,,
"MA","Pittsfield Generating",50002,"2024-10-28",14,,,,,,
"MA","Pittsfield Generating",50002,"2024-10-28",15,,,,,,
"MA","Pittsfield Generating",50002,"2024-10-28",16,,,,,,
"MA","Pittsfield Generating",50002,"2024-10-28",17,,,,,,
"MA","Pittsfield Generating",50002,"2024-10-28",18,,,,,,
"MA","Pittsfield Generating",50002,"2024-10-28",19,,,,,,
"MA","Pittsfield Generating",50002,"2024-10-28",20,,,,,,
"MA","Pittsfield Generating",50002,"2024-10-28",21,,,,,,
"MA","Pittsfield Generating",50002,"2024-10-28",22,,,,,,
"MA","Pittsfield Generating",50002,"2024-10-28",23,,,,,,
"MA","Pittsfield Generating",50002,"2024-10-29",0,,,,,,
"MA","Pittsfield Generating",50002,"2024-10-29",1,,,,,,
"MA","Pittsfield Generating",50002,"2024-10-29",2,,,,,,
"MA","Pittsfield Generating",50002,"2024-10-29",3,,,,,,
"MA","Pittsfield Generating",50002,"2024-10-29",4,,,,,,
"MA","Pittsfield Generating",50002,"2024-10-29",5,,,,,,
"MA","Pittsfield Generating",50002,"2024-10-29",6,,,,,,
"MA","Pittsfield Generating",50002,"2024-10-29",7,,,,,,
"MA","Pittsfield Generating",50002,"2024-10-29",8,,,,,,
"MA","Pittsfield Generating",50002,"2024-10-29",9,,,,,,
"MA","Pittsfield Generating",50002,"2024-10-29",10,,,,,,
"MA","Pittsfield Generating",50002,"2024-10-29",11,,,,,,
"MA","Pittsfield Generating",50002,"2024-10-29",12,,,,,,
"MA","Pittsfield Generating",50002,"2024-10-29",13,,,,,,
"MA","Pittsfield Generating",50002,"2024-10-29",14,,,,,,
"MA","Pittsfield Generating",50002,"2024-10-29",15,,,,,,
"MA","Pittsfield Generating",50002,"2024-10-29",16,,,,,,
"MA","Pittsfield Generating",50002,"2024-10-29",17,,,,,,
"MA","Pittsfield Generating",50002,"2024-10-29",18,,,,,,
"MA","Pittsfield Generating",50002,"2024-10-29",19,,,,,,
"MA","Pittsfield Generating",50002,"2024-10-29",20,,,,,,
"MA","Pittsfield Generating",50002,"2024-10-29",21,,,,,,
"MA","Pittsfield Generating",50002,"2024-10-29",22,,,,,,
"MA","Pittsfield Generating",50002,"2024-10-29",23,,,,,,
"MA","Pittsfield Generating",50002,"2024-10-30",0,,,,,,
"MA","Pittsfield Generating",50002,"2024-10-30",1,,,,,,
"MA","Pittsfield Generating",50002,"2024-10-30",2,,,,,,
"MA","Pittsfield Generating",50002,"2024-10-30",3,,,,,,
"MA","Pittsfield Generating",50002,"2024-10-30",4,,,,,,
"MA","Pittsfield Generating",50002,"2024-10-30",5,,,,,,
"MA","Pittsfield Generating",50002,"2024-10-30",6,,,,,,
"MA","Pittsfield Generating",50002,"2024-10-30",7,,,,,,
"MA","Pittsfield Generating",50002,"2024-10-30",8,,,,,,
"MA","Pittsfield Generating",50002,"2024-10-30",9,,,,,,
"MA","Pittsfield Generating",50002,"2024-10-30",10,,,,,,
"MA","Pittsfield Generating",50002,"2024-10-30",11,,,,,,
"MA","Pittsfield Generating",50002,"2024-10-30",12,,,,,,
"MA","Pittsfield Generating",50002,"2024-10-30",13,,,,,,
"MA","Pittsfield Generating",50002,"2024-10-30",14,,,,,,
"MA","Pittsfield Generating",50002,"2024-10-30",15,,,,,,
"MA","Pittsfield Generating",50002,"2024-10-30",16,,,,,,
"MA","Pittsfield Generating",50002,"2024-10-30",17,,,,,,
"MA","Pittsfield Generating",50002,"2024-10-30",18,,,,,,
"MA","Pittsfield Generating",50002,"2024-10-30",19,,,,,,
"MA","Pittsfield Generating",50002,"2024-10-30",20,,,,,,
"MA","Pittsfield Generating",50002,"2024-10-30",21,,,,,,
"MA","Pittsfield Generating",50002,"2024-10-30",22,,,,,,
"MA","Pittsfield Generating",50002,"2024-10-30",23,,,,,,
"MA","Pittsfield Generating",50002,"2024-10-31",0,,,,,,
"MA","Pittsfield Generating",50002,"2024-10-31",1,,,,,,
"MA","Pittsfield Generating",50002,"2024-10-31",2,,,,,,
"MA","Pittsfield Generating",50002,"2024-10-31",3,,,,,,
"MA","Pittsfield Generating",50002,"2024-10-31",4,,,,,,
"MA","Pittsfield Generating",50002,"2024-10-31",5,,,,,,
"MA","Pittsfield Generating",50002,"2024-10-31",6,,,,,,
"MA","Pittsfield Generating",50002,"2024-10-31",7,,,,,,
"MA","Pittsfield Generating",50002,"2024-10-31",8,,,,,,
"MA","Pittsfield Generating",50002,"2024-10-31",9,,,,,,
"MA","Pittsfield Generating",50002,"2024-10-31",10,,,,,,
"MA","Pittsfield Generating",50002,"2024-10-31",11,,,,,,
"MA","Pittsfield Generating",50002,"2024-10-31",12,,,,,,
"MA","Pittsfield Generating",50002,"2024-10-31",13,,,,,,
"MA","Pittsfield Generating",50002,"2024-10-31",14,,,,,,
"MA","Pittsfield Generating",50002,"2024-10-31",15,,,,,,
"MA","Pittsfield Generating",50002,"2024-10-31",16,,,,,,
"MA","Pittsfield Generating",50002,"2024-10-31",17,,,,,,
"MA","Pittsfield Generating",50002,"2024-10-31",18,,,,,,
"MA","Pittsfield Generating",50002,"2024-10-31",19,,,,,,
"MA","Pittsfield Generating",50002,"2024-10-31",20,,,,,,
"MA","Pittsfield Generating",50002,"2024-10-31",21,,,,,,
"MA","Pittsfield Generating",50002,"2024-10-31",22,,,,,,
"MA","Pittsfield Generating",50002,"2024-10-31",23,,,,,,
"MA","Pittsfield Generating",50002,"2024-11-01",0,,,,,,
"MA","Pittsfield Generating",50002,"2024-11-01",1,,,,,,
"MA","Pittsfield Generating",50002,"2024-11-01",2,,,,,,
"MA","Pittsfield Generating",50002,"2024-11-01",3,,,,,,
"MA","Pittsfield Generating",50002,"2024-11-01",4,,,,,,
"MA","Pittsfield Generating",50002,"2024-11-01",5,,,,,,
"MA","Pittsfield Generating",50002,"2024-11-01",6,,,,,,
"MA","Pittsfield Generating",50002,"2024-11-01",7,,,,,,
"MA","Pittsfield Generating",50002,"2024-11-01",8,,,,,,
"MA","Pittsfield Generating",50002,"2024-11-01",9,,,,,,
"MA","Pittsfield Generating",50002,"2024-11-01",10,,,,,,
"MA","Pittsfield Generating",50002,"2024-11-01",11,,,,,,
"MA","Pittsfield Generating",50002,"2024-11-01",12,,,,,,
"MA","Pittsfield Generating",50002,"2024-11-01",13,,,,,,
"MA","Pittsfield Generating",50002,"2024-11-01",14,,,,,,
"MA","Pittsfield Generating",50002,"2024-11-01",15,,,,,,
"MA","Pittsfield Generating",50002,"2024-11-01",16,,,,,,
"MA","Pittsfield Generating",50002,"2024-11-01",17,,,,,,
"MA","Pittsfield Generating",50002,"2024-11-01",18,,,,,,
"MA","Pittsfield Generating",50002,"2024-11-01",19,,,,,,
"MA","Pittsfield Generating",50002,"2024-11-01",20,,,,,,
"MA","Pittsfield Generating",50002,"2024-11-01",21,,,,,,
"MA","Pittsfield Generating",50002,"2024-11-01",22,,,,,,
"MA","Pittsfield Generating",50002,"2024-11-01",23,,,,,,
"MA","Pittsfield Generating",50002,"2024-11-02",0,,,,,,
"MA","Pittsfield Generating",50002,"2024-11-02",1,,,,,,
"MA","Pittsfield Generating",50002,"2024-11-02",2,,,,,,
"MA","Pittsfield Generating",50002,"2024-11-02",3,,,,,,
"MA","Pittsfield Generating",50002,"2024-11-02",4,,,,,,
"MA","Pittsfield Generating",50002,"2024-11-02",5,,,,,,
"MA","Pittsfield Generating",50002,"2024-11-02",6,,,,,,
"MA","Pittsfield Generating",50002,"2024-11-02",7,,,,,,
"MA","Pittsfield Generating",50002,"2024-11-02",8,,,,,,
"MA","Pittsfield Generating",50002,"2024-11-02",9,,,,,,
"MA","Pittsfield Generating",50002,"2024-11-02",10,,,,,,
"MA","Pittsfield Generating",50002,"2024-11-02",11,,,,,,
"MA","Pittsfield Generating",50002,"2024-11-02",12,,,,,,
"MA","Pittsfield Generating",50002,"2024-11-02",13,,,,,,
"MA","Pittsfield Generating",50002,"2024-11-02",14,,,,,,
"MA","Pittsfield Generating",50002,"2024-11-02",15,,,,,,
"MA","Pittsfield Generating",50002,"2024-11-02",16,,,,,,
"MA","Pittsfield Generating",50002,"2024-11-02",17,,,,,,
"MA","Pittsfield Generating",50002,"2024-11-02",18,,,,,,
"MA","Pittsfield Generating",50002,"2024-11-02",19,,,,,,
"MA","Pittsfield Generating",50002,"2024-11-02",20,,,,,,
"MA","Pittsfield Generating",50002,"2024-11-02",21,,,,,,
"MA","Pittsfield Generating",50002,"2024-11-02",22,,,,,,
"MA","Pittsfield Generating",50002,"2024-11-02",23,,,,,,
"MA","Pittsfield Generating",50002,"2024-11-03",0,,,,,,
"MA","Pittsfield Generating",50002,"2024-11-03",1,,,,,,
"MA","Pittsfield Generating",50002,"2024-11-03",2,,,,,,
"MA","Pittsfield Generating",50002,"2024-11-03",3,,,,,,
"MA","Pittsfield Generating",50002,"2024-11-03",4,,,,,,
"MA","Pittsfield Generating",50002,"2024-11-03",5,,,,,,
"MA","Pittsfield Generating",50002,"2024-11-03",6,,,,,,
"MA","Pittsfield Generating",50002,"2024-11-03",7,,,,,,
"MA","Pittsfield Generating",50002,"2024-11-03",8,,,,,,
"MA","Pittsfield Generating",50002,"2024-11-03",9,,,,,,
"MA","Pittsfield Generating",50002,"2024-11-03",10,,,,,,
"MA","Pittsfield Generating",50002,"2024-11-03",11,,,,,,
"MA","Pittsfield Generating",50002,"2024-11-03",12,,,,,,
"MA","Pittsfield Generating",50002,"2024-11-03",13,,,,,,
"MA","Pittsfield Generating",50002,"2024-11-03",14,,,,,,
"MA","Pittsfield Generating",50002,"2024-11-03",15,,,,,,
"MA","Pittsfield Generating",50002,"2024-11-03",16,,,,,,
"MA","Pittsfield Generating",50002,"2024-11-03",17,,,,,,
"MA","Pittsfield Generating",50002,"2024-11-03",18,,,,,,
"MA","Pittsfield Generating",50002,"2024-11-03",19,,,,,,
"MA","Pittsfield Generating",50002,"2024-11-03",20,,,,,,
"MA","Pittsfield Generating",50002,"2024-11-03",21,,,,,,
"MA","Pittsfield Generating",50002,"2024-11-03",22,,,,,,
"MA","Pittsfield Generating",50002,"2024-11-03",23,,,,,,
"MA","Pittsfield Generating",50002,"2024-11-04",0,,,,,,
"MA","Pittsfield Generating",50002,"2024-11-04",1,,,,,,
"MA","Pittsfield Generating",50002,"2024-11-04",2,,,,,,
"MA","Pittsfield Generating",50002,"2024-11-04",3,,,,,,
"MA","Pittsfield Generating",50002,"2024-11-04",4,,,,,,
"MA","Pittsfield Generating",50002,"2024-11-04",5,,,,,,
"MA","Pittsfield Generating",50002,"2024-11-04",6,,,,,,
"MA","Pittsfield Generating",50002,"2024-11-04",7,,,,,,
"MA","Pittsfield Generating",50002,"2024-11-04",8,,,,,,
"MA","Pittsfield Generating",50002,"2024-11-04",9,,,,,,
"MA","Pittsfield Generating",50002,"2024-11-04",10,,,,,,
"MA","Pittsfield Generating",50002,"2024-11-04",11,,,,,,
"MA","Pittsfield Generating",50002,"2024-11-04",12,,,,,,
"MA","Pittsfield Generating",50002,"2024-11-04",13,,,,,,
"MA","Pittsfield Generating",50002,"2024-11-04",14,,,,,,
"MA","Pittsfield Generating",50002,"2024-11-04",15,,,,,,
"MA","Pittsfield Generating",50002,"2024-11-04",16,,,,,,
"MA","Pittsfield Generating",50002,"2024-11-04",17,,,,,,
"MA","Pittsfield Generating",50002,"2024-11-04",18,,,,,,
"MA","Pittsfield Generating",50002,"2024-11-04",19,,,,,,
"MA","Pittsfield Generating",50002,"2024-11-04",20,,,,,,
"MA","Pittsfield Generating",50002,"2024-11-04",21,,,,,,
"MA","Pittsfield Generating",50002,"2024-11-04",22,,,,,,
"MA","Pittsfield Generating",50002,"2024-11-04",23,,,,,,
"MA","Pittsfield Generating",50002,"2024-11-05",0,,,,,,
"MA","Pittsfield Generating",50002,"2024-11-05",1,,,,,,
"MA","Pittsfield Generating",50002,"2024-11-05",2,,,,,,
"MA","Pittsfield Generating",50002,"2024-11-05",3,,,,,,
"MA","Pittsfield Generating",50002,"2024-11-05",4,,,,,,
"MA","Pittsfield Generating",50002,"2024-11-05",5,,,,,,
"MA","Pittsfield Generating",50002,"2024-11-05",6,,,,,,
"MA","Pittsfield Generating",50002,"2024-11-05",7,,,,,,
"MA","Pittsfield Generating",50002,"2024-11-05",8,,,,,,
"MA","Pittsfield Generating",50002,"2024-11-05",9,,,,,,
"MA","Pittsfield Generating",50002,"2024-11-05",10,,,,,,
"MA","Pittsfield Generating",50002,"2024-11-05",11,,,,,,
"MA","Pittsfield Generating",50002,"2024-11-05",12,,,,,,
"MA","Pittsfield Generating",50002,"2024-11-05",13,,,,,,
"MA","Pittsfield Generating",50002,"2024-11-05",14,,,,,,
"MA","Pittsfield Generating",50002,"2024-11-05",15,,,,,,
"MA","Pittsfield Generating",50002,"2024-11-05",16,,,,,,
"MA","Pittsfield Generating",50002,"2024-11-05",17,,,,,,
"MA","Pittsfield Generating",50002,"2024-11-05",18,,,,,,
"MA","Pittsfield Generating",50002,"2024-11-05",19,,,,,,
"MA","Pittsfield Generating",50002,"2024-11-05",20,,,,,,
"MA","Pittsfield Generating",50002,"2024-11-05",21,,,,,,
"MA","Pittsfield Generating",50002,"2024-11-05",22,,,,,,
"MA","Pittsfield Generating",50002,"2024-11-05",23,,,,,,
"MA","Pittsfield Generating",50002,"2024-11-06",0,,,,,,
"MA","Pittsfield Generating",50002,"2024-11-06",1,,,,,,
"MA","Pittsfield Generating",50002,"2024-11-06",2,,,,,,
"MA","Pittsfield Generating",50002,"2024-11-06",3,,,,,,
"MA","Pittsfield Generating",50002,"2024-11-06",4,,,,,,
"MA","Pittsfield Generating",50002,"2024-11-06",5,,,,,,
"MA","Pittsfield Generating",50002,"2024-11-06",6,,,,,,
"MA","Pittsfield Generating",50002,"2024-11-06",7,,,,,,
"MA","Pittsfield Generating",50002,"2024-11-06",8,,,,,,
"MA","Pittsfield Generating",50002,"2024-11-06",9,,,,,,
"MA","Pittsfield Generating",50002,"2024-11-06",10,,,,,,
"MA","Pittsfield Generating",50002,"2024-11-06",11,,,,,,
"MA","Pittsfield Generating",50002,"2024-11-06",12,,,,,,
"MA","Pittsfield Generating",50002,"2024-11-06",13,,,,,,
"MA","Pittsfield Generating",50002,"2024-11-06",14,,,,,,
"MA","Pittsfield Generating",50002,"2024-11-06",15,,,,,,
"MA","Pittsfield Generating",50002,"2024-11-06",16,,,,,,
"MA","Pittsfield Generating",50002,"2024-11-06",17,,,,,,
"MA","Pittsfield Generating",50002,"2024-11-06",18,,,,,,
"MA","Pittsfield Generating",50002,"2024-11-06",19,,,,,,
"MA","Pittsfield Generating",50002,"2024-11-06",20,,,,,,
"MA","Pittsfield Generating",50002,"2024-11-06",21,,,,,,
"MA","Pittsfield Generating",50002,"2024-11-06",22,,,,,,
"MA","Pittsfield Generating",50002,"2024-11-06",23,,,,,,
"MA","Pittsfield Generating",50002,"2024-11-07",0,,,,,,
"MA","Pittsfield Generating",50002,"2024-11-07",1,,,,,,
"MA","Pittsfield Generating",50002,"2024-11-07",2,,,,,,
"MA","Pittsfield Generating",50002,"2024-11-07",3,,,,,,
"MA","Pittsfield Generating",50002,"2024-11-07",4,,,,,,
"MA","Pittsfield Generating",50002,"2024-11-07",5,,,,,,
"MA","Pittsfield Generating",50002,"2024-11-07",6,,,,,,
"MA","Pittsfield Generating",50002,"2024-11-07",7,,,,,,
"MA","Pittsfield Generating",50002,"2024-11-07",8,,,,,,
"MA","Pittsfield Generating",50002,"2024-11-07",9,,,,,,
"MA","Pittsfield Generating",50002,"2024-11-07",10,,,,,,
"MA","Pittsfield Generating",50002,"2024-11-07",11,,,,,,
"MA","Pittsfield Generating",50002,"2024-11-07",12,,,,,,
"MA","Pittsfield Generating",50002,"2024-11-07",13,,,,,,
"MA","Pittsfield Generating",50002,"2024-11-07",14,,,,,,
"MA","Pittsfield Generating",50002,"2024-11-07",15,,,,,,
"MA","Pittsfield Generating",50002,"2024-11-07",16,,,,,,
"MA","Pittsfield Generating",50002,"2024-11-07",17,,,,,,
"MA","Pittsfield Generating",50002,"2024-11-07",18,,,,,,
"MA","Pittsfield Generating",50002,"2024-11-07",19,,,,,,
"MA","Pittsfield Generating",50002,"2024-11-07",20,,,,,,
"MA","Pittsfield Generating",50002,"2024-11-07",21,,,,,,
"MA","Pittsfield Generating",50002,"2024-11-07",22,,,,,,
"MA","Pittsfield Generating",50002,"2024-11-07",23,,,,,,
"MA","Pittsfield Generating",50002,"2024-11-08",0,,,,,,
"MA","Pittsfield Generating",50002,"2024-11-08",1,,,,,,
"MA","Pittsfield Generating",50002,"2024-11-08",2,,,,,,
"MA","Pittsfield Generating",50002,"2024-11-08",3,,,,,,
"MA","Pittsfield Generating",50002,"2024-11-08",4,,,,,,
"MA","Pittsfield Generating",50002,"2024-11-08",5,,,,,,
"MA","Pittsfield Generating",50002,"2024-11-08",6,,,,,,
"MA","Pittsfield Generating",50002,"2024-11-08",7,,,,,,
"MA","Pittsfield Generating",50002,"2024-11-08",8,,,,,,
"MA","Pittsfield Generating",50002,"2024-11-08",9,,,,,,
"MA","Pittsfield Generating",50002,"2024-11-08",10,,,,,,
"MA","Pittsfield Generating",50002,"2024-11-08",11,,,,,,
"MA","Pittsfield Generating",50002,"2024-11-08",12,,,,,,
"MA","Pittsfield Generating",50002,"2024-11-08",13,,,,,,
"MA","Pittsfield Generating",50002,"2024-11-08",14,,,,,,
"MA","Pittsfield Generating",50002,"2024-11-08",15,,,,,,
"MA","Pittsfield Generating",50002,"2024-11-08",16,,,,,,
"MA","Pittsfield Generating",50002,"2024-11-08",17,,,,,,
"MA","Pittsfield Generating",50002,"2024-11-08",18,,,,,,
"MA","Pittsfield Generating",50002,"2024-11-08",19,,,,,,
"MA","Pittsfield Generating",50002,"2024-11-08",20,,,,,,
"MA","Pittsfield Generating",50002,"2024-11-08",21,,,,,,
"MA","Pittsfield Generating",50002,"2024-11-08",22,,,,,,
"MA","Pittsfield Generating",50002,"2024-11-08",23,,,,,,
"MA","Pittsfield Generating",50002,"2024-11-09",0,,,,,,
"MA","Pittsfield Generating",50002,"2024-11-09",1,,,,,,
"MA","Pittsfield Generating",50002,"2024-11-09",2,,,,,,
"MA","Pittsfield Generating",50002,"2024-11-09",3,,,,,,
"MA","Pittsfield Generating",50002,"2024-11-09",4,,,,,,
"MA","Pittsfield Generating",50002,"2024-11-09",5,,,,,,
"MA","Pittsfield Generating",50002,"2024-11-09",6,,,,,,
"MA","Pittsfield Generating",50002,"2024-11-09",7,,,,,,
"MA","Pittsfield Generating",50002,"2024-11-09",8,,,,,,
"MA","Pittsfield Generating",50002,"2024-11-09",9,,,,,,
"MA","Pittsfield Generating",50002,"2024-11-09",10,,,,,,
"MA","Pittsfield Generating",50002,"2024-11-09",11,,,,,,
"MA","Pittsfield Generating",50002,"2024-11-09",12,,,,,,
"MA","Pittsfield Generating",50002,"2024-11-09",13,,,,,,
"MA","Pittsfield Generating",50002,"2024-11-09",14,,,,,,
"MA","Pittsfield Generating",50002,"2024-11-09",15,,,,,,
"MA","Pittsfield Generating",50002,"2024-11-09",16,,,,,,
"MA","Pittsfield Generating",50002,"2024-11-09",17,,,,,,
"MA","Pittsfield Generating",50002,"2024-11-09",18,,,,,,
"MA","Pittsfield Generating",50002,"2024-11-09",19,,,,,,
"MA","Pittsfield Generating",50002,"2024-11-09",20,,,,,,
"MA","Pittsfield Generating",50002,"2024-11-09",21,,,,,,
"MA","Pittsfield Generating",50002,"2024-11-09",22,,,,,,
"MA","Pittsfield Generating",50002,"2024-11-09",23,,,,,,
"MA","Pittsfield Generating",50002,"2024-11-10",0,,,,,,
"MA","Pittsfield Generating",50002,"2024-11-10",1,,,,,,
"MA","Pittsfield Generating",50002,"2024-11-10",2,,,,,,
"MA","Pittsfield Generating",50002,"2024-11-10",3,,,,,,
"MA","Pittsfield Generating",50002,"2024-11-10",4,,,,,,
"MA","Pittsfield Generating",50002,"2024-11-10",5,,,,,,
"MA","Pittsfield Generating",50002,"2024-11-10",6,,,,,,
"MA","Pittsfield Generating",50002,"2024-11-10",7,,,,,,
"MA","Pittsfield Generating",50002,"2024-11-10",8,,,,,,
"MA","Pittsfield Generating",50002,"2024-11-10",9,,,,,,
"MA","Pittsfield Generating",50002,"2024-11-10",10,,,,,,
"MA","Pittsfield Generating",50002,"2024-11-10",11,,,,,,
"MA","Pittsfield Generating",50002,"2024-11-10",12,,,,,,
"MA","Pittsfield Generating",50002,"2024-11-10",13,,,,,,
"MA","Pittsfield Generating",50002,"2024-11-10",14,,,,,,
"MA","Pittsfield Generating",50002,"2024-11-10",15,,,,,,
"MA","Pittsfield Generating",50002,"2024-11-10",16,,,,,,
"MA","Pittsfield Generating",50002,"2024-11-10",17,,,,,,
"MA","Pittsfield Generating",50002,"2024-11-10",18,,,,,,
"MA","Pittsfield Generating",50002,"2024-11-10",19,,,,,,
"MA","Pittsfield Generating",50002,"2024-11-10",20,,,,,,
"MA","Pittsfield Generating",50002,"2024-11-10",21,,,,,,
"MA","Pittsfield Generating",50002,"2024-11-10",22,,,,,,
"MA","Pittsfield Generating",50002,"2024-11-10",23,,,,,,
"MA","Pittsfield Generating",50002,"2024-11-11",0,,,,,,
"MA","Pittsfield Generating",50002,"2024-11-11",1,,,,,,
"MA","Pittsfield Generating",50002,"2024-11-11",2,,,,,,
"MA","Pittsfield Generating",50002,"2024-11-11",3,,,,,,
"MA","Pittsfield Generating",50002,"2024-11-11",4,,,,,,
"MA","Pittsfield Generating",50002,"2024-11-11",5,,,,,,
"MA","Pittsfield Generating",50002,"2024-11-11",6,,,,,,
"MA","Pittsfield Generating",50002,"2024-11-11",7,,,,,,
"MA","Pittsfield Generating",50002,"2024-11-11",8,,,,,,
"MA","Pittsfield Generating",50002,"2024-11-11",9,,,,,,
"MA","Pittsfield Generating",50002,"2024-11-11",10,,,,,,
"MA","Pittsfield Generating",50002,"2024-11-11",11,,,,,,
"MA","Pittsfield Generating",50002,"2024-11-11",12,,,,,,
"MA","Pittsfield Generating",50002,"2024-11-11",13,,,,,,
"MA","Pittsfield Generating",50002,"2024-11-11",14,,,,,,
"MA","Pittsfield Generating",50002,"2024-11-11",15,,,,,,
"MA","Pittsfield Generating",50002,"2024-11-11",16,,,,,,
"MA","Pittsfield Generating",50002,"2024-11-11",17,,,,,,
"MA","Pittsfield Generating",50002,"2024-11-11",18,,,,,,
"MA","Pittsfield Generating",50002,"2024-11-11",19,,,,,,
"MA","Pittsfield Generating",50002,"2024-11-11",20,,,,,,
"MA","Pittsfield Generating",50002,"2024-11-11",21,,,,,,
"MA","Pittsfield Generating",50002,"2024-11-11",22,,,,,,
"MA","Pittsfield Generating",50002,"2024-11-11",23,,,,,,
"MA","Pittsfield Generating",50002,"2024-11-12",0,,,,,,
"MA","Pittsfield Generating",50002,"2024-11-12",1,,,,,,
"MA","Pittsfield Generating",50002,"2024-11-12",2,,,,,,
"MA","Pittsfield Generating",50002,"2024-11-12",3,,,,,,
"MA","Pittsfield Generating",50002,"2024-11-12",4,,,,,,
"MA","Pittsfield Generating",50002,"2024-11-12",5,,,,,,
"MA","Pittsfield Generating",50002,"2024-11-12",6,,,,,,
"MA","Pittsfield Generating",50002,"2024-11-12",7,,,,,,
"MA","Pittsfield Generating",50002,"2024-11-12",8,,,,,,
"MA","Pittsfield Generating",50002,"2024-11-12",9,,,,,,
"MA","Pittsfield Generating",50002,"2024-11-12",10,,,,,,
"MA","Pittsfield Generating",50002,"2024-11-12",11,,,,,,
"MA","Pittsfield Generating",50002,"2024-11-12",12,,,,,,
"MA","Pittsfield Generating",50002,"2024-11-12",13,,,,,,
"MA","Pittsfield Generating",50002,"2024-11-12",14,,,,,,
"MA","Pittsfield Generating",50002,"2024-11-12",15,,,,,,
"MA","Pittsfield Generating",50002,"2024-11-12",16,,,,,,
"MA","Pittsfield Generating",50002,"2024-11-12",17,,,,,,
"MA","Pittsfield Generating",50002,"2024-11-12",18,,,,,,
"MA","Pittsfield Generating",50002,"2024-11-12",19,,,,,,
"MA","Pittsfield Generating",50002,"2024-11-12",20,,,,,,
"MA","Pittsfield Generating",50002,"2024-11-12",21,,,,,,
"MA","Pittsfield Generating",50002,"2024-11-12",22,,,,,,
"MA","Pittsfield Generating",50002,"2024-11-12",23,,,,,,
"MA","Pittsfield Generating",50002,"2024-11-13",0,,,,,,
"MA","Pittsfield Generating",50002,"2024-11-13",1,,,,,,
"MA","Pittsfield Generating",50002,"2024-11-13",2,,,,,,
"MA","Pittsfield Generating",50002,"2024-11-13",3,,,,,,
"MA","Pittsfield Generating",50002,"2024-11-13",4,,,,,,
"MA","Pittsfield Generating",50002,"2024-11-13",5,,,,,,
"MA","Pittsfield Generating",50002,"2024-11-13",6,,,,,,
"MA","Pittsfield Generating",50002,"2024-11-13",7,,,,,,
"MA","Pittsfield Generating",50002,"2024-11-13",8,,,,,,
"MA","Pittsfield Generating",50002,"2024-11-13",9,,,,,,
"MA","Pittsfield Generating",50002,"2024-11-13",10,,,,,,
"MA","Pittsfield Generating",50002,"2024-11-13",11,,,,,,
"MA","Pittsfield Generating",50002,"2024-11-13",12,,,,,,
"MA","Pittsfield Generating",50002,"2024-11-13",13,,,,,,
"MA","Pittsfield Generating",50002,"2024-11-13",14,,,,,,
"MA","Pittsfield Generating",50002,"2024-11-13",15,,,,,,
"MA","Pittsfield Generating",50002,"2024-11-13",16,,,,,,
"MA","Pittsfield Generating",50002,"2024-11-13",17,,,,,,
"MA","Pittsfield Generating",50002,"2024-11-13",18,,,,,,
"MA","Pittsfield Generating",50002,"2024-11-13",19,,,,,,
"MA","Pittsfield Generating",50002,"2024-11-13",20,,,,,,
"MA","Pittsfield Generating",50002,"2024-11-13",21,,,,,,
"MA","Pittsfield Generating",50002,"2024-11-13",22,,,,,,
"MA","Pittsfield Generating",50002,"2024-11-13",23,,,,,,
"MA","Pittsfield Generating",50002,"2024-11-14",0,,,,,,
"MA","Pittsfield Generating",50002,"2024-11-14",1,,,,,,
"MA","Pittsfield Generating",50002,"2024-11-14",2,,,,,,
"MA","Pittsfield Generating",50002,"2024-11-14",3,,,,,,
"MA","Pittsfield Generating",50002,"2024-11-14",4,,,,,,
"MA","Pittsfield Generating",50002,"2024-11-14",5,,,,,,
"MA","Pittsfield Generating",50002,"2024-11-14",6,,,,,,
"MA","Pittsfield Generating",50002,"2024-11-14",7,,,,,,
"MA","Pittsfield Generating",50002,"2024-11-14",8,,,,,,
"MA","Pittsfield Generating",50002,"2024-11-14",9,,,,,,
"MA","Pittsfield Generating",50002,"2024-11-14",10,,,,,,
"MA","Pittsfield Generating",50002,"2024-11-14",11,,,,,,
"MA","Pittsfield Generating",50002,"2024-11-14",12,,,,,,
"MA","Pittsfield Generating",50002,"2024-11-14",13,,,,,,
"MA","Pittsfield Generating",50002,"2024-11-14",14,,,,,,
"MA","Pittsfield Generating",50002,"2024-11-14",15,,,,,,
"MA","Pittsfield Generating",50002,"2024-11-14",16,,,,,,
"MA","Pittsfield Generating",50002,"2024-11-14",17,,,,,,
"MA","Pittsfield Generating",50002,"2024-11-14",18,,,,,,
"MA","Pittsfield Generating",50002,"2024-11-14",19,,,,,,
"MA","Pittsfield Generating",50002,"2024-11-14",20,,,,,,
"MA","Pittsfield Generating",50002,"2024-11-14",21,,,,,,
"MA","Pittsfield Generating",50002,"2024-11-14",22,,,,,,
"MA","Pittsfield Generating",50002,"2024-11-14",23,,,,,,
"MA","Pittsfield Generating",50002,"2024-11-15",0,,,,,,
"MA","Pittsfield Generating",50002,"2024-11-15",1,,,,,,
"MA","Pittsfield Generating",50002,"2024-11-15",2,,,,,,
"MA","Pittsfield Generating",50002,"2024-11-15",3,,,,,,
"MA","Pittsfield Generating",50002,"2024-11-15",4,,,,,,
"MA","Pittsfield Generating",50002,"2024-11-15",5,,,,,,
"MA","Pittsfield Generating",50002,"2024-11-15",6,,,,,,
"MA","Pittsfield Generating",50002,"2024-11-15",7,,,,,,
"MA","Pittsfield Generating",50002,"2024-11-15",8,,,,,,
"MA","Pittsfield Generating",50002,"2024-11-15",9,,,,,,
"MA","Pittsfield Generating",50002,"2024-11-15",10,,,,,,
"MA","Pittsfield Generating",50002,"2024-11-15",11,,,,,,
"MA","Pittsfield Generating",50002,"2024-11-15",12,,,,,,
"MA","Pittsfield Generating",50002,"2024-11-15",13,,,,,,
"MA","Pittsfield Generating",50002,"2024-11-15",14,,,,,,
"MA","Pittsfield Generating",50002,"2024-11-15",15,,,,,,
"MA","Pittsfield Generating",50002,"2024-11-15",16,,,,,,
"MA","Pittsfield Generating",50002,"2024-11-15",17,,,,,,
"MA","Pittsfield Generating",50002,"2024-11-15",18,,,,,,
"MA","Pittsfield Generating",50002,"2024-11-15",19,,,,,,
"MA","Pittsfield Generating",50002,"2024-11-15",20,,,,,,
"MA","Pittsfield Generating",50002,"2024-11-15",21,,,,,,
"MA","Pittsfield Generating",50002,"2024-11-15",22,,,,,,
"MA","Pittsfield Generating",50002,"2024-11-15",23,,,,,,
"MA","Pittsfield Generating",50002,"2024-11-16",0,,,,,,
"MA","Pittsfield Generating",50002,"2024-11-16",1,,,,,,
"MA","Pittsfield Generating",50002,"2024-11-16",2,,,,,,
"MA","Pittsfield Generating",50002,"2024-11-16",3,,,,,,
"MA","Pittsfield Generating",50002,"2024-11-16",4,,,,,,
"MA","Pittsfield Generating",50002,"2024-11-16",5,,,,,,
"MA","Pittsfield Generating",50002,"2024-11-16",6,,,,,,
"MA","Pittsfield Generating",50002,"2024-11-16",7,,,,,,
"MA","Pittsfield Generating",50002,"2024-11-16",8,,,,,,
"MA","Pittsfield Generating",50002,"2024-11-16",9,,,,,,
"MA","Pittsfield Generating",50002,"2024-11-16",10,,,,,,
"MA","Pittsfield Generating",50002,"2024-11-16",11,,,,,,
"MA","Pittsfield Generating",50002,"2024-11-16",12,,,,,,
"MA","Pittsfield Generating",50002,"2024-11-16",13,,,,,,
"MA","Pittsfield Generating",50002,"2024-11-16",14,,,,,,
"MA","Pittsfield Generating",50002,"2024-11-16",15,,,,,,
"MA","Pittsfield Generating",50002,"2024-11-16",16,,,,,,
"MA","Pittsfield Generating",50002,"2024-11-16",17,,,,,,
"MA","Pittsfield Generating",50002,"2024-11-16",18,,,,,,
"MA","Pittsfield Generating",50002,"2024-11-16",19,,,,,,
"MA","Pittsfield Generating",50002,"2024-11-16",20,,,,,,
"MA","Pittsfield Generating",50002,"2024-11-16",21,,,,,,
"MA","Pittsfield Generating",50002,"2024-11-16",22,,,,,,
"MA","Pittsfield Generating",50002,"2024-11-16",23,,,,,,
"MA","Pittsfield Generating",50002,"2024-11-17",0,,,,,,
"MA","Pittsfield Generating",50002,"2024-11-17",1,,,,,,
"MA","Pittsfield Generating",50002,"2024-11-17",2,,,,,,
"MA","Pittsfield Generating",50002,"2024-11-17",3,,,,,,
"MA","Pittsfield Generating",50002,"2024-11-17",4,,,,,,
"MA","Pittsfield Generating",50002,"2024-11-17",5,,,,,,
"MA","Pittsfield Generating",50002,"2024-11-17",6,,,,,,
"MA","Pittsfield Generating",50002,"2024-11-17",7,,,,,,
"MA","Pittsfield Generating",50002,"2024-11-17",8,,,,,,
"MA","Pittsfield Generating",50002,"2024-11-17",9,,,,,,
"MA","Pittsfield Generating",50002,"2024-11-17",10,,,,,,
"MA","Pittsfield Generating",50002,"2024-11-17",11,,,,,,
"MA","Pittsfield Generating",50002,"2024-11-17",12,,,,,,
"MA","Pittsfield Generating",50002,"2024-11-17",13,,,,,,
"MA","Pittsfield Generating",50002,"2024-11-17",14,,,,,,
"MA","Pittsfield Generating",50002,"2024-11-17",15,,,,,,
"MA","Pittsfield Generating",50002,"2024-11-17",16,,,,,,
"MA","Pittsfield Generating",50002,"2024-11-17",17,,,,,,
"MA","Pittsfield Generating",50002,"2024-11-17",18,,,,,,
"MA","Pittsfield Generating",50002,"2024-11-17",19,,,,,,
"MA","Pittsfield Generating",50002,"2024-11-17",20,,,,,,
"MA","Pittsfield Generating",50002,"2024-11-17",21,,,,,,
"MA","Pittsfield Generating",50002,"2024-11-17",22,,,,,,
"MA","Pittsfield Generating",50002,"2024-11-17",23,,,,,,
"MA","Pittsfield Generating",50002,"2024-11-18",0,,,,,,
"MA","Pittsfield Generating",50002,"2024-11-18",1,,,,,,
"MA","Pittsfield Generating",50002,"2024-11-18",2,,,,,,
"MA","Pittsfield Generating",50002,"2024-11-18",3,,,,,,
"MA","Pittsfield Generating",50002,"2024-11-18",4,,,,,,
"MA","Pittsfield Generating",50002,"2024-11-18",5,,,,,,
"MA","Pittsfield Generating",50002,"2024-11-18",6,,,,,,
"MA","Pittsfield Generating",50002,"2024-11-18",7,,,,,,
"MA","Pittsfield Generating",50002,"2024-11-18",8,,,,,,
"MA","Pittsfield Generating",50002,"2024-11-18",9,,,,,,
"MA","Pittsfield Generating",50002,"2024-11-18",10,,,,,,
"MA","Pittsfield Generating",50002,"2024-11-18",11,,,,,,
"MA","Pittsfield Generating",50002,"2024-11-18",12,,,,,,
"MA","Pittsfield Generating",50002,"2024-11-18",13,,,,,,
"MA","Pittsfield Generating",50002,"2024-11-18",14,,,,,,
"MA","Pittsfield Generating",50002,"2024-11-18",15,,,,,,
"MA","Pittsfield Generating",50002,"2024-11-18",16,,,,,,
"MA","Pittsfield Generating",50002,"2024-11-18",17,,,,,,
"MA","Pittsfield Generating",50002,"2024-11-18",18,,,,,,
"MA","Pittsfield Generating",50002,"2024-11-18",19,,,,,,
"MA","Pittsfield Generating",50002,"2024-11-18",20,,,,,,
"MA","Pittsfield Generating",50002,"2024-11-18",21,,,,,,
"MA","Pittsfield Generating",50002,"2024-11-18",22,,,,,,
"MA","Pittsfield Generating",50002,"2024-11-18",23,,,,,,
"MA","Pittsfield Generating",50002,"2024-11-19",0,,,,,,
"MA","Pittsfield Generating",50002,"2024-11-19",1,,,,,,
"MA","Pittsfield Generating",50002,"2024-11-19",2,,,,,,
"MA","Pittsfield Generating",50002,"2024-11-19",3,,,,,,
"MA","Pittsfield Generating",50002,"2024-11-19",4,,,,,,
"MA","Pittsfield Generating",50002,"2024-11-19",5,,,,,,
"MA","Pittsfield Generating",50002,"2024-11-19",6,,,,,,
"MA","Pittsfield Generating",50002,"2024-11-19",7,,,,,,
"MA","Pittsfield Generating",50002,"2024-11-19",8,,,,,,
"MA","Pittsfield Generating",50002,"2024-11-19",9,,,,,,
"MA","Pittsfield Generating",50002,"2024-11-19",10,,,,,,
"MA","Pittsfield Generating",50002,"2024-11-19",11,,,,,,
"MA","Pittsfield Generating",50002,"2024-11-19",12,,,,,,
"MA","Pittsfield Generating",50002,"2024-11-19",13,,,,,,
"MA","Pittsfield Generating",50002,"2024-11-19",14,,,,,,
"MA","Pittsfield Generating",50002,"2024-11-19",15,,,,,,
"MA","Pittsfield Generating",50002,"2024-11-19",16,,,,,,
"MA","Pittsfield Generating",50002,"2024-11-19",17,,,,,,
"MA","Pittsfield Generating",50002,"2024-11-19",18,,,,,,
"MA","Pittsfield Generating",50002,"2024-11-19",19,,,,,,
"MA","Pittsfield Generating",50002,"2024-11-19",20,,,,,,
"MA","Pittsfield Generating",50002,"2024-11-19",21,,,,,,
"MA","Pittsfield Generating",50002,"2024-11-19",22,,,,,,
"MA","Pittsfield Generating",50002,"2024-11-19",23,,,,,,
"MA","Pittsfield Generating",50002,"2024-11-20",0,,,,,,
"MA","Pittsfield Generating",50002,"2024-11-20",1,,,,,,
"MA","Pittsfield Generating",50002,"2024-11-20",2,,,,,,
"MA","Pittsfield Generating",50002,"2024-11-20",3,,,,,,
"MA","Pittsfield Generating",50002,"2024-11-20",4,,,,,,
"MA","Pittsfield Generating",50002,"2024-11-20",5,,,,,,
"MA","Pittsfield Generating",50002,"2024-11-20",6,,,,,,
"MA","Pittsfield Generating",50002,"2024-11-20",7,,,,,,
"MA","Pittsfield Generating",50002,"2024-11-20",8,,,,,,
"MA","Pittsfield Generating",50002,"2024-11-20",9,,,,,,
"MA","Pittsfield Generating",50002,"2024-11-20",10,,,,,,
"MA","Pittsfield Generating",50002,"2024-11-20",11,,,,,,
"MA","Pittsfield Generating",50002,"2024-11-20",12,,,,,,
"MA","Pittsfield Generating",50002,"2024-11-20",13,,,,,,
"MA","Pittsfield Generating",50002,"2024-11-20",14,,,,,,
"MA","Pittsfield Generating",50002,"2024-11-20",15,,,,,,
"MA","Pittsfield Generating",50002,"2024-11-20",16,,,,,,
"MA","Pittsfield Generating",50002,"2024-11-20",17,,,,,,
"MA","Pittsfield Generating",50002,"2024-11-20",18,,,,,,
"MA","Pittsfield Generating",50002,"2024-11-20",19,,,,,,
"MA","Pittsfield Generating",50002,"2024-11-20",20,,,,,,
"MA","Pittsfield Generating",50002,"2024-11-20",21,,,,,,
"MA","Pittsfield Generating",50002,"2024-11-20",22,,,,,,
"MA","Pittsfield Generating",50002,"2024-11-20",23,,,,,,
"MA","Pittsfield Generating",50002,"2024-11-21",0,,,,,,
"MA","Pittsfield Generating",50002,"2024-11-21",1,,,,,,
"MA","Pittsfield Generating",50002,"2024-11-21",2,,,,,,
"MA","Pittsfield Generating",50002,"2024-11-21",3,,,,,,
"MA","Pittsfield Generating",50002,"2024-11-21",4,,,,,,
"MA","Pittsfield Generating",50002,"2024-11-21",5,,,,,,
"MA","Pittsfield Generating",50002,"2024-11-21",6,,,,,,
"MA","Pittsfield Generating",50002,"2024-11-21",7,,,,,,
"MA","Pittsfield Generating",50002,"2024-11-21",8,,,,,,
"MA","Pittsfield Generating",50002,"2024-11-21",9,,,,,,
"MA","Pittsfield Generating",50002,"2024-11-21",10,,,,,,
"MA","Pittsfield Generating",50002,"2024-11-21",11,,,,,,
"MA","Pittsfield Generating",50002,"2024-11-21",12,,,,,,
"MA","Pittsfield Generating",50002,"2024-11-21",13,,,,,,
"MA","Pittsfield Generating",50002,"2024-11-21",14,,,,,,
"MA","Pittsfield Generating",50002,"2024-11-21",15,,,,,,
"MA","Pittsfield Generating",50002,"2024-11-21",16,,,,,,
"MA","Pittsfield Generating",50002,"2024-11-21",17,,,,,,
"MA","Pittsfield Generating",50002,"2024-11-21",18,,,,,,
"MA","Pittsfield Generating",50002,"2024-11-21",19,,,,,,
"MA","Pittsfield Generating",50002,"2024-11-21",20,,,,,,
"MA","Pittsfield Generating",50002,"2024-11-21",21,,,,,,
"MA","Pittsfield Generating",50002,"2024-11-21",22,,,,,,
"MA","Pittsfield Generating",50002,"2024-11-21",23,,,,,,
"MA","Pittsfield Generating",50002,"2024-11-22",0,,,,,,
"MA","Pittsfield Generating",50002,"2024-11-22",1,,,,,,
"MA","Pittsfield Generating",50002,"2024-11-22",2,,,,,,
"MA","Pittsfield Generating",50002,"2024-11-22",3,,,,,,
"MA","Pittsfield Generating",50002,"2024-11-22",4,,,,,,
"MA","Pittsfield Generating",50002,"2024-11-22",5,,,,,,
"MA","Pittsfield Generating",50002,"2024-11-22",6,,,,,,
"MA","Pittsfield Generating",50002,"2024-11-22",7,,,,,,
"MA","Pittsfield Generating",50002,"2024-11-22",8,,,,,,
"MA","Pittsfield Generating",50002,"2024-11-22",9,,,,,,
"MA","Pittsfield Generating",50002,"2024-11-22",10,,,,,,
"MA","Pittsfield Generating",50002,"2024-11-22",11,,,,,,
"MA","Pittsfield Generating",50002,"2024-11-22",12,,,,,,
"MA","Pittsfield Generating",50002,"2024-11-22",13,,,,,,
"MA","Pittsfield Generating",50002,"2024-11-22",14,,,,,,
"MA","Pittsfield Generating",50002,"2024-11-22",15,,,,,,
"MA","Pittsfield Generating",50002,"2024-11-22",16,,,,,,
"MA","Pittsfield Generating",50002,"2024-11-22",17,,,,,,
"MA","Pittsfield Generating",50002,"2024-11-22",18,,,,,,
"MA","Pittsfield Generating",50002,"2024-11-22",19,,,,,,
"MA","Pittsfield Generating",50002,"2024-11-22",20,,,,,,
"MA","Pittsfield Generating",50002,"2024-11-22",21,,,,,,
"MA","Pittsfield Generating",50002,"2024-11-22",22,,,,,,
"MA","Pittsfield Generating",50002,"2024-11-22",23,,,,,,
"MA","Pittsfield Generating",50002,"2024-11-23",0,,,,,,
"MA","Pittsfield Generating",50002,"2024-11-23",1,,,,,,
"MA","Pittsfield Generating",50002,"2024-11-23",2,,,,,,
"MA","Pittsfield Generating",50002,"2024-11-23",3,,,,,,
"MA","Pittsfield Generating",50002,"2024-11-23",4,,,,,,
"MA","Pittsfield Generating",50002,"2024-11-23",5,,,,,,
"MA","Pittsfield Generating",50002,"2024-11-23",6,,,,,,
"MA","Pittsfield Generating",50002,"2024-11-23",7,,,,,,
"MA","Pittsfield Generating",50002,"2024-11-23",8,,,,,,
"MA","Pittsfield Generating",50002,"2024-11-23",9,,,,,,
"MA","Pittsfield Generating",50002,"2024-11-23",10,,,,,,
"MA","Pittsfield Generating",50002,"2024-11-23",11,,,,,,
"MA","Pittsfield Generating",50002,"2024-11-23",12,,,,,,
"MA","Pittsfield Generating",50002,"2024-11-23",13,,,,,,
"MA","Pittsfield Generating",50002,"2024-11-23",14,,,,,,
"MA","Pittsfield Generating",50002,"2024-11-23",15,,,,,,
"MA","Pittsfield Generating",50002,"2024-11-23",16,,,,,,
"MA","Pittsfield Generating",50002,"2024-11-23",17,,,,,,
"MA","Pittsfield Generating",50002,"2024-11-23",18,,,,,,
"MA","Pittsfield Generating",50002,"2024-11-23",19,,,,,,
"MA","Pittsfield Generating",50002,"2024-11-23",20,,,,,,
"MA","Pittsfield Generating",50002,"2024-11-23",21,,,,,,
"MA","Pittsfield Generating",50002,"2024-11-23",22,,,,,,
"MA","Pittsfield Generating",50002,"2024-11-23",23,,,,,,
"MA","Pittsfield Generating",50002,"2024-11-24",0,,,,,,
"MA","Pittsfield Generating",50002,"2024-11-24",1,,,,,,
"MA","Pittsfield Generating",50002,"2024-11-24",2,,,,,,
"MA","Pittsfield Generating",50002,"2024-11-24",3,,,,,,
"MA","Pittsfield Generating",50002,"2024-11-24",4,,,,,,
"MA","Pittsfield Generating",50002,"2024-11-24",5,,,,,,
"MA","Pittsfield Generating",50002,"2024-11-24",6,,,,,,
"MA","Pittsfield Generating",50002,"2024-11-24",7,,,,,,
"MA","Pittsfield Generating",50002,"2024-11-24",8,,,,,,
"MA","Pittsfield Generating",50002,"2024-11-24",9,,,,,,
"MA","Pittsfield Generating",50002,"2024-11-24",10,,,,,,
"MA","Pittsfield Generating",50002,"2024-11-24",11,,,,,,
"MA","Pittsfield Generating",50002,"2024-11-24",12,,,,,,
"MA","Pittsfield Generating",50002,"2024-11-24",13,,,,,,
"MA","Pittsfield Generating",50002,"2024-11-24",14,,,,,,
"MA","Pittsfield Generating",50002,"2024-11-24",15,,,,,,
"MA","Pittsfield Generating",50002,"2024-11-24",16,,,,,,
"MA","Pittsfield Generating",50002,"2024-11-24",17,,,,,,
"MA","Pittsfield Generating",50002,"2024-11-24",18,,,,,,
"MA","Pittsfield Generating",50002,"2024-11-24",19,,,,,,
"MA","Pittsfield Generating",50002,"2024-11-24",20,,,,,,
"MA","Pittsfield Generating",50002,"2024-11-24",21,,,,,,
"MA","Pittsfield Generating",50002,"2024-11-24",22,,,,,,
"MA","Pittsfield Generating",50002,"2024-11-24",23,,,,,,
"MA","Pittsfield Generating",50002,"2024-11-25",0,,,,,,
"MA","Pittsfield Generating",50002,"2024-11-25",1,,,,,,
"MA","Pittsfield Generating",50002,"2024-11-25",2,,,,,,
"MA","Pittsfield Generating",50002,"2024-11-25",3,,,,,,
"MA","Pittsfield Generating",50002,"2024-11-25",4,,,,,,
"MA","Pittsfield Generating",50002,"2024-11-25",5,,,,,,
"MA","Pittsfield Generating",50002,"2024-11-25",6,,,,,,
"MA","Pittsfield Generating",50002,"2024-11-25",7,,,,,,
"MA","Pittsfield Generating",50002,"2024-11-25",8,,,,,,
"MA","Pittsfield Generating",50002,"2024-11-25",9,,,,,,
"MA","Pittsfield Generating",50002,"2024-11-25",10,,,,,,
"MA","Pittsfield Generating",50002,"2024-11-25",11,,,,,,
"MA","Pittsfield Generating",50002,"2024-11-25",12,,,,,,
"MA","Pittsfield Generating",50002,"2024-11-25",13,,,,,,
"MA","Pittsfield Generating",50002,"2024-11-25",14,,,,,,
"MA","Pittsfield Generating",50002,"2024-11-25",15,,,,,,
"MA","Pittsfield Generating",50002,"2024-11-25",16,,,,,,
"MA","Pittsfield Generating",50002,"2024-11-25",17,,,,,,
"MA","Pittsfield Generating",50002,"2024-11-25",18,,,,,,
"MA","Pittsfield Generating",50002,"2024-11-25",19,,,,,,
"MA","Pittsfield Generating",50002,"2024-11-25",20,,,,,,
"MA","Pittsfield Generating",50002,"2024-11-25",21,,,,,,
"MA","Pittsfield Generating",50002,"2024-11-25",22,,,,,,
"MA","Pittsfield Generating",50002,"2024-11-25",23,,,,,,
"MA","Pittsfield Generating",50002,"2024-11-26",0,,,,,,
"MA","Pittsfield Generating",50002,"2024-11-26",1,,,,,,
"MA","Pittsfield Generating",50002,"2024-11-26",2,,,,,,
"MA","Pittsfield Generating",50002,"2024-11-26",3,,,,,,
"MA","Pittsfield Generating",50002,"2024-11-26",4,,,,,,
"MA","Pittsfield Generating",50002,"2024-11-26",5,,,,,,
"MA","Pittsfield Generating",50002,"2024-11-26",6,,,,,,
"MA","Pittsfield Generating",50002,"2024-11-26",7,,,,,,
"MA","Pittsfield Generating",50002,"2024-11-26",8,,,,,,
"MA","Pittsfield Generating",50002,"2024-11-26",9,,,,,,
"MA","Pittsfield Generating",50002,"2024-11-26",10,,,,,,
"MA","Pittsfield Generating",50002,"2024-11-26",11,,,,,,
"MA","Pittsfield Generating",50002,"2024-11-26",12,,,,,,
"MA","Pittsfield Generating",50002,"2024-11-26",13,,,,,,
"MA","Pittsfield Generating",50002,"2024-11-26",14,,,,,,
"MA","Pittsfield Generating",50002,"2024-11-26",15,,,,,,
"MA","Pittsfield Generating",50002,"2024-11-26",16,,,,,,
"MA","Pittsfield Generating",50002,"2024-11-26",17,,,,,,
"MA","Pittsfield Generating",50002,"2024-11-26",18,,,,,,
"MA","Pittsfield Generating",50002,"2024-11-26",19,,,,,,
"MA","Pittsfield Generating",50002,"2024-11-26",20,,,,,,
"MA","Pittsfield Generating",50002,"2024-11-26",21,,,,,,
"MA","Pittsfield Generating",50002,"2024-11-26",22,,,,,,
"MA","Pittsfield Generating",50002,"2024-11-26",23,,,,,,
"MA","Pittsfield Generating",50002,"2024-11-27",0,,,,,,
"MA","Pittsfield Generating",50002,"2024-11-27",1,,,,,,
"MA","Pittsfield Generating",50002,"2024-11-27",2,,,,,,
"MA","Pittsfield Generating",50002,"2024-11-27",3,,,,,,
"MA","Pittsfield Generating",50002,"2024-11-27",4,,,,,,
"MA","Pittsfield Generating",50002,"2024-11-27",5,,,,,,
"MA","Pittsfield Generating",50002,"2024-11-27",6,,,,,,
"MA","Pittsfield Generating",50002,"2024-11-27",7,,,,,,
"MA","Pittsfield Generating",50002,"2024-11-27",8,,,,,,
"MA","Pittsfield Generating",50002,"2024-11-27",9,,,,,,
"MA","Pittsfield Generating",50002,"2024-11-27",10,,,,,,
"MA","Pittsfield Generating",50002,"2024-11-27",11,,,,,,
"MA","Pittsfield Generating",50002,"2024-11-27",12,,,,,,
"MA","Pittsfield Generating",50002,"2024-11-27",13,,,,,,
"MA","Pittsfield Generating",50002,"2024-11-27",14,,,,,,
"MA","Pittsfield Generating",50002,"2024-11-27",15,,,,,,
"MA","Pittsfield Generating",50002,"2024-11-27",16,,,,,,
"MA","Pittsfield Generating",50002,"2024-11-27",17,,,,,,
"MA","Pittsfield Generating",50002,"2024-11-27",18,,,,,,
"MA","Pittsfield Generating",50002,"2024-11-27",19,,,,,,
"MA","Pittsfield Generating",50002,"2024-11-27",20,,,,,,
"MA","Pittsfield Generating",50002,"2024-11-27",21,,,,,,
"MA","Pittsfield Generating",50002,"2024-11-27",22,,,,,,
"MA","Pittsfield Generating",50002,"2024-11-27",23,,,,,,
"MA","Pittsfield Generating",50002,"2024-11-28",0,,,,,,
"MA","Pittsfield Generating",50002,"2024-11-28",1,,,,,,
"MA","Pittsfield Generating",50002,"2024-11-28",2,,,,,,
"MA","Pittsfield Generating",50002,"2024-11-28",3,,,,,,
"MA","Pittsfield Generating",50002,"2024-11-28",4,,,,,,
"MA","Pittsfield Generating",50002,"2024-11-28",5,,,,,,
"MA","Pittsfield Generating",50002,"2024-11-28",6,,,,,,
"MA","Pittsfield Generating",50002,"2024-11-28",7,,,,,,
"MA","Pittsfield Generating",50002,"2024-11-28",8,,,,,,
"MA","Pittsfield Generating",50002,"2024-11-28",9,,,,,,
"MA","Pittsfield Generating",50002,"2024-11-28",10,,,,,,
"MA","Pittsfield Generating",50002,"2024-11-28",11,,,,,,
"MA","Pittsfield Generating",50002,"2024-11-28",12,,,,,,
"MA","Pittsfield Generating",50002,"2024-11-28",13,,,,,,
"MA","Pittsfield Generating",50002,"2024-11-28",14,,,,,,
"MA","Pittsfield Generating",50002,"2024-11-28",15,,,,,,
"MA","Pittsfield Generating",50002,"2024-11-28",16,,,,,,
"MA","Pittsfield Generating",50002,"2024-11-28",17,,,,,,
"MA","Pittsfield Generating",50002,"2024-11-28",18,,,,,,
"MA","Pittsfield Generating",50002,"2024-11-28",19,,,,,,
"MA","Pittsfield Generating",50002,"2024-11-28",20,,,,,,
"MA","Pittsfield Generating",50002,"2024-11-28",21,,,,,,
"MA","Pittsfield Generating",50002,"2024-11-28",22,,,,,,
"MA","Pittsfield Generating",50002,"2024-11-28",23,,,,,,
"MA","Pittsfield Generating",50002,"2024-11-29",0,,,,,,
"MA","Pittsfield Generating",50002,"2024-11-29",1,,,,,,
"MA","Pittsfield Generating",50002,"2024-11-29",2,,,,,,
"MA","Pittsfield Generating",50002,"2024-11-29",3,,,,,,
"MA","Pittsfield Generating",50002,"2024-11-29",4,,,,,,
"MA","Pittsfield Generating",50002,"2024-11-29",5,,,,,,
"MA","Pittsfield Generating",50002,"2024-11-29",6,,,,,,
"MA","Pittsfield Generating",50002,"2024-11-29",7,,,,,,
"MA","Pittsfield Generating",50002,"2024-11-29",8,,,,,,
"MA","Pittsfield Generating",50002,"2024-11-29",9,,,,,,
"MA","Pittsfield Generating",50002,"2024-11-29",10,,,,,,
"MA","Pittsfield Generating",50002,"2024-11-29",11,,,,,,
"MA","Pittsfield Generating",50002,"2024-11-29",12,,,,,,
"MA","Pittsfield Generating",50002,"2024-11-29",13,,,,,,
"MA","Pittsfield Generating",50002,"2024-11-29",14,,,,,,
"MA","Pittsfield Generating",50002,"2024-11-29",15,,,,,,
"MA","Pittsfield Generating",50002,"2024-11-29",16,,,,,,
"MA","Pittsfield Generating",50002,"2024-11-29",17,,,,,,
"MA","Pittsfield Generating",50002,"2024-11-29",18,,,,,,
"MA","Pittsfield Generating",50002,"2024-11-29",19,,,,,,
"MA","Pittsfield Generating",50002,"2024-11-29",20,,,,,,
"MA","Pittsfield Generating",50002,"2024-11-29",21,,,,,,
"MA","Pittsfield Generating",50002,"2024-11-29",22,,,,,,
"MA","Pittsfield Generating",50002,"2024-11-29",23,,,,,,
"MA","Pittsfield Generating",50002,"2024-11-30",0,,,,,,
"MA","Pittsfield Generating",50002,"2024-11-30",1,,,,,,
"MA","Pittsfield Generating",50002,"2024-11-30",2,,,,,,
"MA","Pittsfield Generating",50002,"2024-11-30",3,,,,,,
"MA","Pittsfield Generating",50002,"2024-11-30",4,,,,,,
"MA","Pittsfield Generating",50002,"2024-11-30",5,,,,,,
"MA","Pittsfield Generating",50002,"2024-11-30",6,,,,,,
"MA","Pittsfield Generating",50002,"2024-11-30",7,,,,,,
"MA","Pittsfield Generating",50002,"2024-11-30",8,,,,,,
"MA","Pittsfield Generating",50002,"2024-11-30",9,,,,,,
"MA","Pittsfield Generating",50002,"2024-11-30",10,,,,,,
"MA","Pittsfield Generating",50002,"2024-11-30",11,,,,,,
"MA","Pittsfield Generating",50002,"2024-11-30",12,,,,,,
"MA","Pittsfield Generating",50002,"2024-11-30",13,,,,,,
"MA","Pittsfield Generating",50002,"2024-11-30",14,,,,,,
"MA","Pittsfield Generating",50002,"2024-11-30",15,,,,,,
"MA","Pittsfield Generating",50002,"2024-11-30",16,,,,,,
"MA","Pittsfield Generating",50002,"2024-11-30",17,,,,,,
"MA","Pittsfield Generating",50002,"2024-11-30",18,,,,,,
"MA","Pittsfield Generating",50002,"2024-11-30",19,,,,,,
"MA","Pittsfield Generating",50002,"2024-11-30",20,,,,,,
"MA","Pittsfield Generating",50002,"2024-11-30",21,,,,,,
"MA","Pittsfield Generating",50002,"2024-11-30",22,,,,,,
"MA","Pittsfield Generating",50002,"2024-11-30",23,,,,,,
"MA","Pittsfield Generating",50002,"2024-12-01",0,,,,,,
"MA","Pittsfield Generating",50002,"2024-12-01",1,,,,,,
"MA","Pittsfield Generating",50002,"2024-12-01",2,,,,,,
"MA","Pittsfield Generating",50002,"2024-12-01",3,,,,,,
"MA","Pittsfield Generating",50002,"2024-12-01",4,,,,,,
"MA","Pittsfield Generating",50002,"2024-12-01",5,,,,,,
"MA","Pittsfield Generating",50002,"2024-12-01",6,,,,,,
"MA","Pittsfield Generating",50002,"2024-12-01",7,,,,,,
"MA","Pittsfield Generating",50002,"2024-12-01",8,,,,,,
"MA","Pittsfield Generating",50002,"2024-12-01",9,,,,,,
"MA","Pittsfield Generating",50002,"2024-12-01",10,,,,,,
"MA","Pittsfield Generating",50002,"2024-12-01",11,,,,,,
"MA","Pittsfield Generating",50002,"2024-12-01",12,,,,,,
"MA","Pittsfield Generating",50002,"2024-12-01",13,,,,,,
"MA","Pittsfield Generating",50002,"2024-12-01",14,,,,,,
"MA","Pittsfield Generating",50002,"2024-12-01",15,,,,,,
"MA","Pittsfield Generating",50002,"2024-12-01",16,,,,,,
"MA","Pittsfield Generating",50002,"2024-12-01",17,,,,,,
"MA","Pittsfield Generating",50002,"2024-12-01",18,,,,,,
"MA","Pittsfield Generating",50002,"2024-12-01",19,,,,,,
"MA","Pittsfield Generating",50002,"2024-12-01",20,,,,,,
"MA","Pittsfield Generating",50002,"2024-12-01",21,,,,,,
"MA","Pittsfield Generating",50002,"2024-12-01",22,,,,,,
"MA","Pittsfield Generating",50002,"2024-12-01",23,,,,,,
"MA","Pittsfield Generating",50002,"2024-12-02",0,,,,,,
"MA","Pittsfield Generating",50002,"2024-12-02",1,,,,,,
"MA","Pittsfield Generating",50002,"2024-12-02",2,,,,,,
"MA","Pittsfield Generating",50002,"2024-12-02",3,,,,,,
"MA","Pittsfield Generating",50002,"2024-12-02",4,,,,,,
"MA","Pittsfield Generating",50002,"2024-12-02",5,,,,,,
"MA","Pittsfield Generating",50002,"2024-12-02",6,,,,,,
"MA","Pittsfield Generating",50002,"2024-12-02",7,,,,,,
"MA","Pittsfield Generating",50002,"2024-12-02",8,,,,,,
"MA","Pittsfield Generating",50002,"2024-12-02",9,,,,,,
"MA","Pittsfield Generating",50002,"2024-12-02",10,,,,,,
"MA","Pittsfield Generating",50002,"2024-12-02",11,,,,,,
"MA","Pittsfield Generating",50002,"2024-12-02",12,,,,,,
"MA","Pittsfield Generating",50002,"2024-12-02",13,,,,,,
"MA","Pittsfield Generating",50002,"2024-12-02",14,,,,,,
"MA","Pittsfield Generating",50002,"2024-12-02",15,,,,,,
"MA","Pittsfield Generating",50002,"2024-12-02",16,,,,,,
"MA","Pittsfield Generating",50002,"2024-12-02",17,,,,,,
"MA","Pittsfield Generating",50002,"2024-12-02",18,,,,,,
"MA","Pittsfield Generating",50002,"2024-12-02",19,,,,,,
"MA","Pittsfield Generating",50002,"2024-12-02",20,,,,,,
"MA","Pittsfield Generating",50002,"2024-12-02",21,,,,,,
"MA","Pittsfield Generating",50002,"2024-12-02",22,,,,,,
"MA","Pittsfield Generating",50002,"2024-12-02",23,,,,,,
"MA","Pittsfield Generating",50002,"2024-12-03",0,,,,,,
"MA","Pittsfield Generating",50002,"2024-12-03",1,,,,,,
"MA","Pittsfield Generating",50002,"2024-12-03",2,,,,,,
"MA","Pittsfield Generating",50002,"2024-12-03",3,,,,,,
"MA","Pittsfield Generating",50002,"2024-12-03",4,,,,,,
"MA","Pittsfield Generating",50002,"2024-12-03",5,,,,,,
"MA","Pittsfield Generating",50002,"2024-12-03",6,,,,,,
"MA","Pittsfield Generating",50002,"2024-12-03",7,,,,,,
"MA","Pittsfield Generating",50002,"2024-12-03",8,,,,,,
"MA","Pittsfield Generating",50002,"2024-12-03",9,,,,,,
"MA","Pittsfield Generating",50002,"2024-12-03",10,,,,,,
"MA","Pittsfield Generating",50002,"2024-12-03",11,,,,,,
"MA","Pittsfield Generating",50002,"2024-12-03",12,,,,,,
"MA","Pittsfield Generating",50002,"2024-12-03",13,,,,,,
"MA","Pittsfield Generating",50002,"2024-12-03",14,,,,,,
"MA","Pittsfield Generating",50002,"2024-12-03",15,,,,,,
"MA","Pittsfield Generating",50002,"2024-12-03",16,,,,,,
"MA","Pittsfield Generating",50002,"2024-12-03",17,,,,,,
"MA","Pittsfield Generating",50002,"2024-12-03",18,,,,,,
"MA","Pittsfield Generating",50002,"2024-12-03",19,,,,,,
"MA","Pittsfield Generating",50002,"2024-12-03",20,,,,,,
"MA","Pittsfield Generating",50002,"2024-12-03",21,,,,,,
"MA","Pittsfield Generating",50002,"2024-12-03",22,,,,,,
"MA","Pittsfield Generating",50002,"2024-12-03",23,,,,,,
"MA","Pittsfield Generating",50002,"2024-12-04",0,,,,,,
"MA","Pittsfield Generating",50002,"2024-12-04",1,,,,,,
"MA","Pittsfield Generating",50002,"2024-12-04",2,,,,,,
"MA","Pittsfield Generating",50002,"2024-12-04",3,,,,,,
"MA","Pittsfield Generating",50002,"2024-12-04",4,,,,,,
"MA","Pittsfield Generating",50002,"2024-12-04",5,,,,,,
"MA","Pittsfield Generating",50002,"2024-12-04",6,,,,,,
"MA","Pittsfield Generating",50002,"2024-12-04",7,,,,,,
"MA","Pittsfield Generating",50002,"2024-12-04",8,,,,,,
"MA","Pittsfield Generating",50002,"2024-12-04",9,,,,,,
"MA","Pittsfield Generating",50002,"2024-12-04",10,,,,,,
"MA","Pittsfield Generating",50002,"2024-12-04",11,,,,,,
"MA","Pittsfield Generating",50002,"2024-12-04",12,,,,,,
"MA","Pittsfield Generating",50002,"2024-12-04",13,,,,,,
"MA","Pittsfield Generating",50002,"2024-12-04",14,,,,,,
"MA","Pittsfield Generating",50002,"2024-12-04",15,,,,,,
"MA","Pittsfield Generating",50002,"2024-12-04",16,,,,,,
"MA","Pittsfield Generating",50002,"2024-12-04",17,,,,,,
"MA","Pittsfield Generating",50002,"2024-12-04",18,,,,,,
"MA","Pittsfield Generating",50002,"2024-12-04",19,,,,,,
"MA","Pittsfield Generating",50002,"2024-12-04",20,,,,,,
"MA","Pittsfield Generating",50002,"2024-12-04",21,,,,,,
"MA","Pittsfield Generating",50002,"2024-12-04",22,,,,,,
"MA","Pittsfield Generating",50002,"2024-12-04",23,,,,,,
"MA","Pittsfield Generating",50002,"2024-12-05",0,,,,,,
"MA","Pittsfield Generating",50002,"2024-12-05",1,,,,,,
"MA","Pittsfield Generating",50002,"2024-12-05",2,,,,,,
"MA","Pittsfield Generating",50002,"2024-12-05",3,,,,,,
"MA","Pittsfield Generating",50002,"2024-12-05",4,,,,,,
"MA","Pittsfield Generating",50002,"2024-12-05",5,,,,,,
"MA","Pittsfield Generating",50002,"2024-12-05",6,,,,,,
"MA","Pittsfield Generating",50002,"2024-12-05",7,,,,,,
"MA","Pittsfield Generating",50002,"2024-12-05",8,,,,,,
"MA","Pittsfield Generating",50002,"2024-12-05",9,,,,,,
"MA","Pittsfield Generating",50002,"2024-12-05",10,,,,,,
"MA","Pittsfield Generating",50002,"2024-12-05",11,,,,,,
"MA","Pittsfield Generating",50002,"2024-12-05",12,,,,,,
"MA","Pittsfield Generating",50002,"2024-12-05",13,,,,,,
"MA","Pittsfield Generating",50002,"2024-12-05",14,,,,,,
"MA","Pittsfield Generating",50002,"2024-12-05",15,,,,,,
"MA","Pittsfield Generating",50002,"2024-12-05",16,,,,,,
"MA","Pittsfield Generating",50002,"2024-12-05",17,,,,,,
"MA","Pittsfield Generating",50002,"2024-12-05",18,,,,,,
"MA","Pittsfield Generating",50002,"2024-12-05",19,,,,,,
"MA","Pittsfield Generating",50002,"2024-12-05",20,,,,,,
"MA","Pittsfield Generating",50002,"2024-12-05",21,,,,,,
"MA","Pittsfield Generating",50002,"2024-12-05",22,,,,,,
"MA","Pittsfield Generating",50002,"2024-12-05",23,,,,,,
"MA","Pittsfield Generating",50002,"2024-12-06",0,,,,,,
"MA","Pittsfield Generating",50002,"2024-12-06",1,,,,,,
"MA","Pittsfield Generating",50002,"2024-12-06",2,,,,,,
"MA","Pittsfield Generating",50002,"2024-12-06",3,,,,,,
"MA","Pittsfield Generating",50002,"2024-12-06",4,,,,,,
"MA","Pittsfield Generating",50002,"2024-12-06",5,,,,,,
"MA","Pittsfield Generating",50002,"2024-12-06",6,,,,,,
"MA","Pittsfield Generating",50002,"2024-12-06",7,,,,,,
"MA","Pittsfield Generating",50002,"2024-12-06",8,,,,,,
"MA","Pittsfield Generating",50002,"2024-12-06",9,,,,,,
"MA","Pittsfield Generating",50002,"2024-12-06",10,,,,,,
"MA","Pittsfield Generating",50002,"2024-12-06",11,,,,,,
"MA","Pittsfield Generating",50002,"2024-12-06",12,,,,,,
"MA","Pittsfield Generating",50002,"2024-12-06",13,,,,,,
"MA","Pittsfield Generating",50002,"2024-12-06",14,,,,,,
"MA","Pittsfield Generating",50002,"2024-12-06",15,,,,,,
"MA","Pittsfield Generating",50002,"2024-12-06",16,,,,,,
"MA","Pittsfield Generating",50002,"2024-12-06",17,,,,,,
"MA","Pittsfield Generating",50002,"2024-12-06",18,,,,,,
"MA","Pittsfield Generating",50002,"2024-12-06",19,,,,,,
"MA","Pittsfield Generating",50002,"2024-12-06",20,,,,,,
"MA","Pittsfield Generating",50002,"2024-12-06",21,,,,,,
"MA","Pittsfield Generating",50002,"2024-12-06",22,,,,,,
"MA","Pittsfield Generating",50002,"2024-12-06",23,,,,,,
"MA","Pittsfield Generating",50002,"2024-12-07",0,,,,,,
"MA","Pittsfield Generating",50002,"2024-12-07",1,,,,,,
"MA","Pittsfield Generating",50002,"2024-12-07",2,,,,,,
"MA","Pittsfield Generating",50002,"2024-12-07",3,,,,,,
"MA","Pittsfield Generating",50002,"2024-12-07",4,,,,,,
"MA","Pittsfield Generating",50002,"2024-12-07",5,,,,,,
"MA","Pittsfield Generating",50002,"2024-12-07",6,,,,,,
"MA","Pittsfield Generating",50002,"2024-12-07",7,,,,,,
"MA","Pittsfield Generating",50002,"2024-12-07",8,,,,,,
"MA","Pittsfield Generating",50002,"2024-12-07",9,,,,,,
"MA","Pittsfield Generating",50002,"2024-12-07",10,,,,,,
"MA","Pittsfield Generating",50002,"2024-12-07",11,,,,,,
"MA","Pittsfield Generating",50002,"2024-12-07",12,,,,,,
"MA","Pittsfield Generating",50002,"2024-12-07",13,,,,,,
"MA","Pittsfield Generating",50002,"2024-12-07",14,,,,,,
"MA","Pittsfield Generating",50002,"2024-12-07",15,,,,,,
"MA","Pittsfield Generating",50002,"2024-12-07",16,,,,,,
"MA","Pittsfield Generating",50002,"2024-12-07",17,,,,,,
"MA","Pittsfield Generating",50002,"2024-12-07",18,,,,,,
"MA","Pittsfield Generating",50002,"2024-12-07",19,,,,,,
"MA","Pittsfield Generating",50002,"2024-12-07",20,,,,,,
"MA","Pittsfield Generating",50002,"2024-12-07",21,,,,,,
"MA","Pittsfield Generating",50002,"2024-12-07",22,,,,,,
"MA","Pittsfield Generating",50002,"2024-12-07",23,,,,,,
"MA","Pittsfield Generating",50002,"2024-12-08",0,,,,,,
"MA","Pittsfield Generating",50002,"2024-12-08",1,,,,,,
"MA","Pittsfield Generating",50002,"2024-12-08",2,,,,,,
"MA","Pittsfield Generating",50002,"2024-12-08",3,,,,,,
"MA","Pittsfield Generating",50002,"2024-12-08",4,,,,,,
"MA","Pittsfield Generating",50002,"2024-12-08",5,,,,,,
"MA","Pittsfield Generating",50002,"2024-12-08",6,,,,,,
"MA","Pittsfield Generating",50002,"2024-12-08",7,,,,,,
"MA","Pittsfield Generating",50002,"2024-12-08",8,,,,,,
"MA","Pittsfield Generating",50002,"2024-12-08",9,,,,,,
"MA","Pittsfield Generating",50002,"2024-12-08",10,,,,,,
"MA","Pittsfield Generating",50002,"2024-12-08",11,,,,,,
"MA","Pittsfield Generating",50002,"2024-12-08",12,,,,,,
"MA","Pittsfield Generating",50002,"2024-12-08",13,,,,,,
"MA","Pittsfield Generating",50002,"2024-12-08",14,,,,,,
"MA","Pittsfield Generating",50002,"2024-12-08",15,,,,,,
"MA","Pittsfield Generating",50002,"2024-12-08",16,,,,,,
"MA","Pittsfield Generating",50002,"2024-12-08",17,,,,,,
"MA","Pittsfield Generating",50002,"2024-12-08",18,,,,,,
"MA","Pittsfield Generating",50002,"2024-12-08",19,,,,,,
"MA","Pittsfield Generating",50002,"2024-12-08",20,,,,,,
"MA","Pittsfield Generating",50002,"2024-12-08",21,,,,,,
"MA","Pittsfield Generating",50002,"2024-12-08",22,,,,,,
"MA","Pittsfield Generating",50002,"2024-12-08",23,,,,,,
"MA","Pittsfield Generating",50002,"2024-12-09",0,,,,,,
"MA","Pittsfield Generating",50002,"2024-12-09",1,,,,,,
"MA","Pittsfield Generating",50002,"2024-12-09",2,,,,,,
"MA","Pittsfield Generating",50002,"2024-12-09",3,,,,,,
"MA","Pittsfield Generating",50002,"2024-12-09",4,,,,,,
"MA","Pittsfield Generating",50002,"2024-12-09",5,,,,,,
"MA","Pittsfield Generating",50002,"2024-12-09",6,,,,,,
"MA","Pittsfield Generating",50002,"2024-12-09",7,,,,,,
"MA","Pittsfield Generating",50002,"2024-12-09",8,,,,,,
"MA","Pittsfield Generating",50002,"2024-12-09",9,,,,,,
"MA","Pittsfield Generating",50002,"2024-12-09",10,,,,,,
"MA","Pittsfield Generating",50002,"2024-12-09",11,,,,,,
"MA","Pittsfield Generating",50002,"2024-12-09",12,,,,,,
"MA","Pittsfield Generating",50002,"2024-12-09",13,,,,,,
"MA","Pittsfield Generating",50002,"2024-12-09",14,,,,,,
"MA","Pittsfield Generating",50002,"2024-12-09",15,,,,,,
"MA","Pittsfield Generating",50002,"2024-12-09",16,,,,,,
"MA","Pittsfield Generating",50002,"2024-12-09",17,,,,,,
"MA","Pittsfield Generating",50002,"2024-12-09",18,,,,,,
"MA","Pittsfield Generating",50002,"2024-12-09",19,,,,,,
"MA","Pittsfield Generating",50002,"2024-12-09",20,,,,,,
"MA","Pittsfield Generating",50002,"2024-12-09",21,,,,,,
"MA","Pittsfield Generating",50002,"2024-12-09",22,,,,,,
"MA","Pittsfield Generating",50002,"2024-12-09",23,,,,,,
"MA","Pittsfield Generating",50002,"2024-12-10",0,,,,,,
"MA","Pittsfield Generating",50002,"2024-12-10",1,,,,,,
"MA","Pittsfield Generating",50002,"2024-12-10",2,,,,,,
"MA","Pittsfield Generating",50002,"2024-12-10",3,,,,,,
"MA","Pittsfield Generating",50002,"2024-12-10",4,,,,,,
"MA","Pittsfield Generating",50002,"2024-12-10",5,,,,,,
"MA","Pittsfield Generating",50002,"2024-12-10",6,,,,,,
"MA","Pittsfield Generating",50002,"2024-12-10",7,,,,,,
"MA","Pittsfield Generating",50002,"2024-12-10",8,,,,,,
"MA","Pittsfield Generating",50002,"2024-12-10",9,,,,,,
"MA","Pittsfield Generating",50002,"2024-12-10",10,,,,,,
"MA","Pittsfield Generating",50002,"2024-12-10",11,,,,,,
"MA","Pittsfield Generating",50002,"2024-12-10",12,,,,,,
"MA","Pittsfield Generating",50002,"2024-12-10",13,,,,,,
"MA","Pittsfield Generating",50002,"2024-12-10",14,,,,,,
"MA","Pittsfield Generating",50002,"2024-12-10",15,,,,,,
"MA","Pittsfield Generating",50002,"2024-12-10",16,,,,,,
"MA","Pittsfield Generating",50002,"2024-12-10",17,,,,,,
"MA","Pittsfield Generating",50002,"2024-12-10",18,,,,,,
"MA","Pittsfield Generating",50002,"2024-12-10",19,,,,,,
"MA","Pittsfield Generating",50002,"2024-12-10",20,,,,,,
"MA","Pittsfield Generating",50002,"2024-12-10",21,,,,,,
"MA","Pittsfield Generating",50002,"2024-12-10",22,,,,,,
"MA","Pittsfield Generating",50002,"2024-12-10",23,,,,,,
"MA","Pittsfield Generating",50002,"2024-12-11",0,,,,,,
"MA","Pittsfield Generating",50002,"2024-12-11",1,,,,,,
"MA","Pittsfield Generating",50002,"2024-12-11",2,,,,,,
"MA","Pittsfield Generating",50002,"2024-12-11",3,,,,,,
"MA","Pittsfield Generating",50002,"2024-12-11",4,,,,,,
"MA","Pittsfield Generating",50002,"2024-12-11",5,,,,,,
"MA","Pittsfield Generating",50002,"2024-12-11",6,,,,,,
"MA","Pittsfield Generating",50002,"2024-12-11",7,,,,,,
"MA","Pittsfield Generating",50002,"2024-12-11",8,,,,,,
"MA","Pittsfield Generating",50002,"2024-12-11",9,,,,,,
"MA","Pittsfield Generating",50002,"2024-12-11",10,,,,,,
"MA","Pittsfield Generating",50002,"2024-12-11",11,,,,,,
"MA","Pittsfield Generating",50002,"2024-12-11",12,,,,,,
"MA","Pittsfield Generating",50002,"2024-12-11",13,,,,,,
"MA","Pittsfield Generating",50002,"2024-12-11",14,,,,,,
"MA","Pittsfield Generating",50002,"2024-12-11",15,,,,,,
"MA","Pittsfield Generating",50002,"2024-12-11",16,,,,,,
"MA","Pittsfield Generating",50002,"2024-12-11",17,,,,,,
"MA","Pittsfield Generating",50002,"2024-12-11",18,,,,,,
"MA","Pittsfield Generating",50002,"2024-12-11",19,,,,,,
"MA","Pittsfield Generating",50002,"2024-12-11",20,,,,,,
"MA","Pittsfield Generating",50002,"2024-12-11",21,,,,,,
"MA","Pittsfield Generating",50002,"2024-12-11",22,,,,,,
"MA","Pittsfield Generating",50002,"2024-12-11",23,,,,,,
"MA","Pittsfield Generating",50002,"2024-12-12",0,,,,,,
"MA","Pittsfield Generating",50002,"2024-12-12",1,,,,,,
"MA","Pittsfield Generating",50002,"2024-12-12",2,,,,,,
"MA","Pittsfield Generating",50002,"2024-12-12",3,,,,,,
"MA","Pittsfield Generating",50002,"2024-12-12",4,,,,,,
"MA","Pittsfield Generating",50002,"2024-12-12",5,,,,,,
"MA","Pittsfield Generating",50002,"2024-12-12",6,,,,,,
"MA","Pittsfield Generating",50002,"2024-12-12",7,,,,,,
"MA","Pittsfield Generating",50002,"2024-12-12",8,,,,,,
"MA","Pittsfield Generating",50002,"2024-12-12",9,,,,,,
"MA","Pittsfield Generating",50002,"2024-12-12",10,,,,,,
"MA","Pittsfield Generating",50002,"2024-12-12",11,,,,,,
"MA","Pittsfield Generating",50002,"2024-12-12",12,,,,,,
"MA","Pittsfield Generating",50002,"2024-12-12",13,,,,,,
"MA","Pittsfield Generating",50002,"2024-12-12",14,,,,,,
"MA","Pittsfield Generating",50002,"2024-12-12",15,,,,,,
"MA","Pittsfield Generating",50002,"2024-12-12",16,,,,,,
"MA","Pittsfield Generating",50002,"2024-12-12",17,,,,,,
"MA","Pittsfield Generating",50002,"2024-12-12",18,,,,,,
"MA","Pittsfield Generating",50002,"2024-12-12",19,,,,,,
"MA","Pittsfield Generating",50002,"2024-12-12",20,,,,,,
"MA","Pittsfield Generating",50002,"2024-12-12",21,,,,,,
"MA","Pittsfield Generating",50002,"2024-12-12",22,,,,,,
"MA","Pittsfield Generating",50002,"2024-12-12",23,,,,,,
"MA","Pittsfield Generating",50002,"2024-12-13",0,,,,,,
"MA","Pittsfield Generating",50002,"2024-12-13",1,,,,,,
"MA","Pittsfield Generating",50002,"2024-12-13",2,,,,,,
"MA","Pittsfield Generating",50002,"2024-12-13",3,,,,,,
"MA","Pittsfield Generating",50002,"2024-12-13",4,,,,,,
"MA","Pittsfield Generating",50002,"2024-12-13",5,,,,,,
"MA","Pittsfield Generating",50002,"2024-12-13",6,,,,,,
"MA","Pittsfield Generating",50002,"2024-12-13",7,,,,,,
"MA","Pittsfield Generating",50002,"2024-12-13",8,,,,,,
"MA","Pittsfield Generating",50002,"2024-12-13",9,,,,,,
"MA","Pittsfield Generating",50002,"2024-12-13",10,,,,,,
"MA","Pittsfield Generating",50002,"2024-12-13",11,,,,,,
"MA","Pittsfield Generating",50002,"2024-12-13",12,,,,,,
"MA","Pittsfield Generating",50002,"2024-12-13",13,,,,,,
"MA","Pittsfield Generating",50002,"2024-12-13",14,,,,,,
"MA","Pittsfield Generating",50002,"2024-12-13",15,,,,,,
"MA","Pittsfield Generating",50002,"2024-12-13",16,,,,,,
"MA","Pittsfield Generating",50002,"2024-12-13",17,,,,,,
"MA","Pittsfield Generating",50002,"2024-12-13",18,,,,,,
"MA","Pittsfield Generating",50002,"2024-12-13",19,,,,,,
"MA","Pittsfield Generating",50002,"2024-12-13",20,,,,,,
"MA","Pittsfield Generating",50002,"2024-12-13",21,,,,,,
"MA","Pittsfield Generating",50002,"2024-12-13",22,,,,,,
"MA","Pittsfield Generating",50002,"2024-12-13",23,,,,,,
"MA","Pittsfield Generating",50002,"2024-12-14",0,,,,,,
"MA","Pittsfield Generating",50002,"2024-12-14",1,,,,,,
"MA","Pittsfield Generating",50002,"2024-12-14",2,,,,,,
"MA","Pittsfield Generating",50002,"2024-12-14",3,,,,,,
"MA","Pittsfield Generating",50002,"2024-12-14",4,,,,,,
"MA","Pittsfield Generating",50002,"2024-12-14",5,,,,,,
"MA","Pittsfield Generating",50002,"2024-12-14",6,,,,,,
"MA","Pittsfield Generating",50002,"2024-12-14",7,,,,,,
"MA","Pittsfield Generating",50002,"2024-12-14",8,,,,,,
"MA","Pittsfield Generating",50002,"2024-12-14",9,,,,,,
"MA","Pittsfield Generating",50002,"2024-12-14",10,,,,,,
"MA","Pittsfield Generating",50002,"2024-12-14",11,,,,,,
"MA","Pittsfield Generating",50002,"2024-12-14",12,,,,,,
"MA","Pittsfield Generating",50002,"2024-12-14",13,,,,,,
"MA","Pittsfield Generating",50002,"2024-12-14",14,,,,,,
"MA","Pittsfield Generating",50002,"2024-12-14",15,,,,,,
"MA","Pittsfield Generating",50002,"2024-12-14",16,,,,,,
"MA","Pittsfield Generating",50002,"2024-12-14",17,,,,,,
"MA","Pittsfield Generating",50002,"2024-12-14",18,,,,,,
"MA","Pittsfield Generating",50002,"2024-12-14",19,,,,,,
"MA","Pittsfield Generating",50002,"2024-12-14",20,,,,,,
"MA","Pittsfield Generating",50002,"2024-12-14",21,,,,,,
"MA","Pittsfield Generating",50002,"2024-12-14",22,,,,,,
"MA","Pittsfield Generating",50002,"2024-12-14",23,,,,,,
"MA","Pittsfield Generating",50002,"2024-12-15",0,,,,,,
"MA","Pittsfield Generating",50002,"2024-12-15",1,,,,,,
"MA","Pittsfield Generating",50002,"2024-12-15",2,,,,,,
"MA","Pittsfield Generating",50002,"2024-12-15",3,,,,,,
"MA","Pittsfield Generating",50002,"2024-12-15",4,,,,,,
"MA","Pittsfield Generating",50002,"2024-12-15",5,,,,,,
"MA","Pittsfield Generating",50002,"2024-12-15",6,,,,,,
"MA","Pittsfield Generating",50002,"2024-12-15",7,,,,,,
"MA","Pittsfield Generating",50002,"2024-12-15",8,,,,,,
"MA","Pittsfield Generating",50002,"2024-12-15",9,,,,,,
"MA","Pittsfield Generating",50002,"2024-12-15",10,,,,,,
"MA","Pittsfield Generating",50002,"2024-12-15",11,,,,,,
"MA","Pittsfield Generating",50002,"2024-12-15",12,,,,,,
"MA","Pittsfield Generating",50002,"2024-12-15",13,,,,,,
"MA","Pittsfield Generating",50002,"2024-12-15",14,,,,,,
"MA","Pittsfield Generating",50002,"2024-12-15",15,,,,,,
"MA","Pittsfield Generating",50002,"2024-12-15",16,,,,,,
"MA","Pittsfield Generating",50002,"2024-12-15",17,,,,,,
"MA","Pittsfield Generating",50002,"2024-12-15",18,,,,,,
"MA","Pittsfield Generating",50002,"2024-12-15",19,,,,,,
"MA","Pittsfield Generating",50002,"2024-12-15",20,,,,,,
"MA","Pittsfield Generating",50002,"2024-12-15",21,,,,,,
"MA","Pittsfield Generating",50002,"2024-12-15",22,,,,,,
"MA","Pittsfield Generating",50002,"2024-12-15",23,,,,,,
"MA","Pittsfield Generating",50002,"2024-12-16",0,,,,,,
"MA","Pittsfield Generating",50002,"2024-12-16",1,,,,,,
"MA","Pittsfield Generating",50002,"2024-12-16",2,,,,,,
"MA","Pittsfield Generating",50002,"2024-12-16",3,,,,,,
"MA","Pittsfield Generating",50002,"2024-12-16",4,,,,,,
"MA","Pittsfield Generating",50002,"2024-12-16",5,,,,,,
"MA","Pittsfield Generating",50002,"2024-12-16",6,,,,,,
"MA","Pittsfield Generating",50002,"2024-12-16",7,,,,,,
"MA","Pittsfield Generating",50002,"2024-12-16",8,,,,,,
"MA","Pittsfield Generating",50002,"2024-12-16",9,,,,,,
"MA","Pittsfield Generating",50002,"2024-12-16",10,,,,,,
"MA","Pittsfield Generating",50002,"2024-12-16",11,,,,,,
"MA","Pittsfield Generating",50002,"2024-12-16",12,,,,,,
"MA","Pittsfield Generating",50002,"2024-12-16",13,,,,,,
"MA","Pittsfield Generating",50002,"2024-12-16",14,,,,,,
"MA","Pittsfield Generating",50002,"2024-12-16",15,,,,,,
"MA","Pittsfield Generating",50002,"2024-12-16",16,,,,,,
"MA","Pittsfield Generating",50002,"2024-12-16",17,,,,,,
"MA","Pittsfield Generating",50002,"2024-12-16",18,,,,,,
"MA","Pittsfield Generating",50002,"2024-12-16",19,,,,,,
"MA","Pittsfield Generating",50002,"2024-12-16",20,,,,,,
"MA","Pittsfield Generating",50002,"2024-12-16",21,,,,,,
"MA","Pittsfield Generating",50002,"2024-12-16",22,,,,,,
"MA","Pittsfield Generating",50002,"2024-12-16",23,,,,,,
"MA","Pittsfield Generating",50002,"2024-12-17",0,,,,,,
"MA","Pittsfield Generating",50002,"2024-12-17",1,,,,,,
"MA","Pittsfield Generating",50002,"2024-12-17",2,,,,,,
"MA","Pittsfield Generating",50002,"2024-12-17",3,,,,,,
"MA","Pittsfield Generating",50002,"2024-12-17",4,,,,,,
"MA","Pittsfield Generating",50002,"2024-12-17",5,,,,,,
"MA","Pittsfield Generating",50002,"2024-12-17",6,,,,,,
"MA","Pittsfield Generating",50002,"2024-12-17",7,,,,,,
"MA","Pittsfield Generating",50002,"2024-12-17",8,,,,,,
"MA","Pittsfield Generating",50002,"2024-12-17",9,,,,,,
"MA","Pittsfield Generating",50002,"2024-12-17",10,,,,,,
"MA","Pittsfield Generating",50002,"2024-12-17",11,,,,,,
"MA","Pittsfield Generating",50002,"2024-12-17",12,,,,,,
"MA","Pittsfield Generating",50002,"2024-12-17",13,,,,,,
"MA","Pittsfield Generating",50002,"2024-12-17",14,,,,,,
"MA","Pittsfield Generating",50002,"2024-12-17",15,,,,,,
"MA","Pittsfield Generating",50002,"2024-12-17",16,,,,,,
"MA","Pittsfield Generating",50002,"2024-12-17",17,,,,,,
"MA","Pittsfield Generating",50002,"2024-12-17",18,,,,,,
"MA","Pittsfield Generating",50002,"2024-12-17",19,,,,,,
"MA","Pittsfield Generating",50002,"2024-12-17",20,,,,,,
"MA","Pittsfield Generating",50002,"2024-12-17",21,,,,,,
"MA","Pittsfield Generating",50002,"2024-12-17",22,,,,,,
"MA","Pittsfield Generating",50002,"2024-12-17",23,,,,,,
"MA","Pittsfield Generating",50002,"2024-12-18",0,,,,,,
"MA","Pittsfield Generating",50002,"2024-12-18",1,,,,,,
"MA","Pittsfield Generating",50002,"2024-12-18",2,,,,,,
"MA","Pittsfield Generating",50002,"2024-12-18",3,,,,,,
"MA","Pittsfield Generating",50002,"2024-12-18",4,,,,,,
"MA","Pittsfield Generating",50002,"2024-12-18",5,,,,,,
"MA","Pittsfield Generating",50002,"2024-12-18",6,,,,,,
"MA","Pittsfield Generating",50002,"2024-12-18",7,,,,,,
"MA","Pittsfield Generating",50002,"2024-12-18",8,,,,,,
"MA","Pittsfield Generating",50002,"2024-12-18",9,,,,,,
"MA","Pittsfield Generating",50002,"2024-12-18",10,,,,,,
"MA","Pittsfield Generating",50002,"2024-12-18",11,,,,,,
"MA","Pittsfield Generating",50002,"2024-12-18",12,,,,,,
"MA","Pittsfield Generating",50002,"2024-12-18",13,,,,,,
"MA","Pittsfield Generating",50002,"2024-12-18",14,,,,,,
"MA","Pittsfield Generating",50002,"2024-12-18",15,,,,,,
"MA","Pittsfield Generating",50002,"2024-12-18",16,,,,,,
"MA","Pittsfield Generating",50002,"2024-12-18",17,,,,,,
"MA","Pittsfield Generating",50002,"2024-12-18",18,,,,,,
"MA","Pittsfield Generating",50002,"2024-12-18",19,,,,,,
"MA","Pittsfield Generating",50002,"2024-12-18",20,,,,,,
"MA","Pittsfield Generating",50002,"2024-12-18",21,,,,,,
"MA","Pittsfield Generating",50002,"2024-12-18",22,,,,,,
"MA","Pittsfield Generating",50002,"2024-12-18",23,,,,,,
"MA","Pittsfield Generating",50002,"2024-12-19",0,,,,,,
"MA","Pittsfield Generating",50002,"2024-12-19",1,,,,,,
"MA","Pittsfield Generating",50002,"2024-12-19",2,,,,,,
"MA","Pittsfield Generating",50002,"2024-12-19",3,,,,,,
"MA","Pittsfield Generating",50002,"2024-12-19",4,,,,,,
"MA","Pittsfield Generating",50002,"2024-12-19",5,,,,,,
"MA","Pittsfield Generating",50002,"2024-12-19",6,,,,,,
"MA","Pittsfield Generating",50002,"2024-12-19",7,,,,,,
"MA","Pittsfield Generating",50002,"2024-12-19",8,,,,,,
"MA","Pittsfield Generating",50002,"2024-12-19",9,,,,,,
"MA","Pittsfield Generating",50002,"2024-12-19",10,,,,,,
"MA","Pittsfield Generating",50002,"2024-12-19",11,,,,,,
"MA","Pittsfield Generating",50002,"2024-12-19",12,,,,,,
"MA","Pittsfield Generating",50002,"2024-12-19",13,,,,,,
"MA","Pittsfield Generating",50002,"2024-12-19",14,,,,,,
"MA","Pittsfield Generating",50002,"2024-12-19",15,,,,,,
"MA","Pittsfield Generating",50002,"2024-12-19",16,,,,,,
"MA","Pittsfield Generating",50002,"2024-12-19",17,,,,,,
"MA","Pittsfield Generating",50002,"2024-12-19",18,,,,,,
"MA","Pittsfield Generating",50002,"2024-12-19",19,,,,,,
"MA","Pittsfield Generating",50002,"2024-12-19",20,,,,,,
"MA","Pittsfield Generating",50002,"2024-12-19",21,,,,,,
"MA","Pittsfield Generating",50002,"2024-12-19",22,,,,,,
"MA","Pittsfield Generating",50002,"2024-12-19",23,,,,,,
"MA","Pittsfield Generating",50002,"2024-12-20",0,,,,,,
"MA","Pittsfield Generating",50002,"2024-12-20",1,,,,,,
"MA","Pittsfield Generating",50002,"2024-12-20",2,,,,,,
"MA","Pittsfield Generating",50002,"2024-12-20",3,5,,,4.85,14.3,81.65
"MA","Pittsfield Generating",50002,"2024-12-20",4,10,,,12.748,52.32,214.39
"MA","Pittsfield Generating",50002,"2024-12-20",5,26,,,20.787,25.872,349.661
"MA","Pittsfield Generating",50002,"2024-12-20",6,21,,,5.907,0.396,99.231
"MA","Pittsfield Generating",50002,"2024-12-20",7,,,,,,
"MA","Pittsfield Generating",50002,"2024-12-20",8,,,,,,
"MA","Pittsfield Generating",50002,"2024-12-20",9,,,,,,
"MA","Pittsfield Generating",50002,"2024-12-20",10,,,,,,
"MA","Pittsfield Generating",50002,"2024-12-20",11,,,,,,
"MA","Pittsfield Generating",50002,"2024-12-20",12,0,,,0.57,1.59,9.58
"MA","Pittsfield Generating",50002,"2024-12-20",13,0,,,0.59,1.16,9.87
"MA","Pittsfield Generating",50002,"2024-12-20",14,0,,,0.708,1.392,11.82
"MA","Pittsfield Generating",50002,"2024-12-20",15,,,,,,
"MA","Pittsfield Generating",50002,"2024-12-20",16,,,,,,
"MA","Pittsfield Generating",50002,"2024-12-20",17,,,,,,
"MA","Pittsfield Generating",50002,"2024-12-20",18,,,,,,
"MA","Pittsfield Generating",50002,"2024-12-20",19,,,,,,
"MA","Pittsfield Generating",50002,"2024-12-20",20,,,,,,
"MA","Pittsfield Generating",50002,"2024-12-20",21,,,,,,
"MA","Pittsfield Generating",50002,"2024-12-20",22,,,,,,
"MA","Pittsfield Generating",50002,"2024-12-20",23,,,,,,
"MA","Pittsfield Generating",50002,"2024-12-21",0,,,,,,
"MA","Pittsfield Generating",50002,"2024-12-21",1,,,,,,
"MA","Pittsfield Generating",50002,"2024-12-21",2,,,,,,
"MA","Pittsfield Generating",50002,"2024-12-21",3,,,,,,
"MA","Pittsfield Generating",50002,"2024-12-21",4,,,,,,
"MA","Pittsfield Generating",50002,"2024-12-21",5,,,,,,
"MA","Pittsfield Generating",50002,"2024-12-21",6,,,,,,
"MA","Pittsfield Generating",50002,"2024-12-21",7,,,,,,
"MA","Pittsfield Generating",50002,"2024-12-21",8,,,,,,
"MA","Pittsfield Generating",50002,"2024-12-21",9,,,,,,
"MA","Pittsfield Generating",50002,"2024-12-21",10,,,,,,
"MA","Pittsfield Generating",50002,"2024-12-21",11,,,,,,
"MA","Pittsfield Generating",50002,"2024-12-21",12,,,,,,
"MA","Pittsfield Generating",50002,"2024-12-21",13,,,,,,
"MA","Pittsfield Generating",50002,"2024-12-21",14,,,,,,
"MA","Pittsfield Generating",50002,"2024-12-21",15,,,,,,
"MA","Pittsfield Generating",50002,"2024-12-21",16,,,,,,
"MA","Pittsfield Generating",50002,"2024-12-21",17,,,,,,
"MA","Pittsfield Generating",50002,"2024-12-21",18,,,,,,
"MA","Pittsfield Generating",50002,"2024-12-21",19,,,,,,
"MA","Pittsfield Generating",50002,"2024-12-21",20,,,,,,
"MA","Pittsfield Generating",50002,"2024-12-21",21,,,,,,
"MA","Pittsfield Generating",50002,"2024-12-21",22,,,,,,
"MA","Pittsfield Generating",50002,"2024-12-21",23,,,,,,
"MA","Pittsfield Generating",50002,"2024-12-22",0,,,,,,
"MA","Pittsfield Generating",50002,"2024-12-22",1,,,,,,
"MA","Pittsfield Generating",50002,"2024-12-22",2,,,,,,
"MA","Pittsfield Generating",50002,"2024-12-22",3,,,,,,
"MA","Pittsfield Generating",50002,"2024-12-22",4,,,,,,
"MA","Pittsfield Generating",50002,"2024-12-22",5,,,,,,
"MA","Pittsfield Generating",50002,"2024-12-22",6,,,,,,
"MA","Pittsfield Generating",50002,"2024-12-22",7,,,,,,
"MA","Pittsfield Generating",50002,"2024-12-22",8,,,,,,
"MA","Pittsfield Generating",50002,"2024-12-22",9,,,,,,
"MA","Pittsfield Generating",50002,"2024-12-22",10,,,,,,
"MA","Pittsfield Generating",50002,"2024-12-22",11,,,,,,
"MA","Pittsfield Generating",50002,"2024-12-22",12,,,,,,
"MA","Pittsfield Generating",50002,"2024-12-22",13,,,,,,
"MA","Pittsfield Generating",50002,"2024-12-22",14,,,,,,
"MA","Pittsfield Generating",50002,"2024-12-22",15,,,,,,
"MA","Pittsfield Generating",50002,"2024-12-22",16,,,,,,
"MA","Pittsfield Generating",50002,"2024-12-22",17,,,,,,
"MA","Pittsfield Generating",50002,"2024-12-22",18,,,,,,
"MA","Pittsfield Generating",50002,"2024-12-22",19,,,,,,
"MA","Pittsfield Generating",50002,"2024-12-22",20,,,,,,
"MA","Pittsfield Generating",50002,"2024-12-22",21,,,,,,
"MA","Pittsfield Generating",50002,"2024-12-22",22,,,,,,
"MA","Pittsfield Generating",50002,"2024-12-22",23,,,,,,
"MA","Pittsfield Generating",50002,"2024-12-23",0,,,,,,
"MA","Pittsfield Generating",50002,"2024-12-23",1,,,,,,
"MA","Pittsfield Generating",50002,"2024-12-23",2,,,,,,
"MA","Pittsfield Generating",50002,"2024-12-23",3,,,,,,
"MA","Pittsfield Generating",50002,"2024-12-23",4,,,,,,
"MA","Pittsfield Generating",50002,"2024-12-23",5,,,,,,
"MA","Pittsfield Generating",50002,"2024-12-23",6,,,,,,
"MA","Pittsfield Generating",50002,"2024-12-23",7,,,,,,
"MA","Pittsfield Generating",50002,"2024-12-23",8,,,,,,
"MA","Pittsfield Generating",50002,"2024-12-23",9,,,,,,
"MA","Pittsfield Generating",50002,"2024-12-23",10,,,,,,
"MA","Pittsfield Generating",50002,"2024-12-23",11,,,,,,
"MA","Pittsfield Generating",50002,"2024-12-23",12,,,,,,
"MA","Pittsfield Generating",50002,"2024-12-23",13,,,,,,
"MA","Pittsfield Generating",50002,"2024-12-23",14,,,,,,
"MA","Pittsfield Generating",50002,"2024-12-23",15,,,,,,
"MA","Pittsfield Generating",50002,"2024-12-23",16,,,,,,
"MA","Pittsfield Generating",50002,"2024-12-23",17,,,,,,
"MA","Pittsfield Generating",50002,"2024-12-23",18,,,,,,
"MA","Pittsfield Generating",50002,"2024-12-23",19,,,,,,
"MA","Pittsfield Generating",50002,"2024-12-23",20,,,,,,
"MA","Pittsfield Generating",50002,"2024-12-23",21,,,,,,
"MA","Pittsfield Generating",50002,"2024-12-23",22,,,,,,
"MA","Pittsfield Generating",50002,"2024-12-23",23,,,,,,
"MA","Pittsfield Generating",50002,"2024-12-24",0,,,,,,
"MA","Pittsfield Generating",50002,"2024-12-24",1,,,,,,
"MA","Pittsfield Generating",50002,"2024-12-24",2,,,,,,
"MA","Pittsfield Generating",50002,"2024-12-24",3,,,,,,
"MA","Pittsfield Generating",50002,"2024-12-24",4,,,,,,
"MA","Pittsfield Generating",50002,"2024-12-24",5,,,,,,
"MA","Pittsfield Generating",50002,"2024-12-24",6,,,,,,
"MA","Pittsfield Generating",50002,"2024-12-24",7,,,,,,
"MA","Pittsfield Generating",50002,"2024-12-24",8,,,,,,
"MA","Pittsfield Generating",50002,"2024-12-24",9,,,,,,
"MA","Pittsfield Generating",50002,"2024-12-24",10,,,,,,
"MA","Pittsfield Generating",50002,"2024-12-24",11,,,,,,
"MA","Pittsfield Generating",50002,"2024-12-24",12,,,,,,
"MA","Pittsfield Generating",50002,"2024-12-24",13,,,,,,
"MA","Pittsfield Generating",50002,"2024-12-24",14,,,,,,
"MA","Pittsfield Generating",50002,"2024-12-24",15,,,,,,
"MA","Pittsfield Generating",50002,"2024-12-24",16,,,,,,
"MA","Pittsfield Generating",50002,"2024-12-24",17,,,,,,
"MA","Pittsfield Generating",50002,"2024-12-24",18,,,,,,
"MA","Pittsfield Generating",50002,"2024-12-24",19,,,,,,
"MA","Pittsfield Generating",50002,"2024-12-24",20,,,,,,
"MA","Pittsfield Generating",50002,"2024-12-24",21,,,,,,
"MA","Pittsfield Generating",50002,"2024-12-24",22,,,,,,
"MA","Pittsfield Generating",50002,"2024-12-24",23,,,,,,
"MA","Pittsfield Generating",50002,"2024-12-25",0,,,,,,
"MA","Pittsfield Generating",50002,"2024-12-25",1,,,,,,
"MA","Pittsfield Generating",50002,"2024-12-25",2,,,,,,
"MA","Pittsfield Generating",50002,"2024-12-25",3,,,,,,
"MA","Pittsfield Generating",50002,"2024-12-25",4,,,,,,
"MA","Pittsfield Generating",50002,"2024-12-25",5,,,,,,
"MA","Pittsfield Generating",50002,"2024-12-25",6,,,,,,
"MA","Pittsfield Generating",50002,"2024-12-25",7,,,,,,
"MA","Pittsfield Generating",50002,"2024-12-25",8,,,,,,
"MA","Pittsfield Generating",50002,"2024-12-25",9,,,,,,
"MA","Pittsfield Generating",50002,"2024-12-25",10,,,,,,
"MA","Pittsfield Generating",50002,"2024-12-25",11,,,,,,
"MA","Pittsfield Generating",50002,"2024-12-25",12,,,,,,
"MA","Pittsfield Generating",50002,"2024-12-25",13,,,,,,
"MA","Pittsfield Generating",50002,"2024-12-25",14,,,,,,
"MA","Pittsfield Generating",50002,"2024-12-25",15,,,,,,
"MA","Pittsfield Generating",50002,"2024-12-25",16,,,,,,
"MA","Pittsfield Generating",50002,"2024-12-25",17,,,,,,
"MA","Pittsfield Generating",50002,"2024-12-25",18,,,,,,
"MA","Pittsfield Generating",50002,"2024-12-25",19,,,,,,
"MA","Pittsfield Generating",50002,"2024-12-25",20,,,,,,
"MA","Pittsfield Generating",50002,"2024-12-25",21,,,,,,
"MA","Pittsfield Generating",50002,"2024-12-25",22,,,,,,
"MA","Pittsfield Generating",50002,"2024-12-25",23,,,,,,
"MA","Pittsfield Generating",50002,"2024-12-26",0,,,,,,
"MA","Pittsfield Generating",50002,"2024-12-26",1,,,,,,
"MA","Pittsfield Generating",50002,"2024-12-26",2,,,,,,
"MA","Pittsfield Generating",50002,"2024-12-26",3,,,,,,
"MA","Pittsfield Generating",50002,"2024-12-26",4,,,,,,
"MA","Pittsfield Generating",50002,"2024-12-26",5,,,,,,
"MA","Pittsfield Generating",50002,"2024-12-26",6,,,,,,
"MA","Pittsfield Generating",50002,"2024-12-26",7,,,,,,
"MA","Pittsfield Generating",50002,"2024-12-26",8,,,,,,
"MA","Pittsfield Generating",50002,"2024-12-26",9,,,,,,
"MA","Pittsfield Generating",50002,"2024-12-26",10,,,,,,
"MA","Pittsfield Generating",50002,"2024-12-26",11,,,,,,
"MA","Pittsfield Generating",50002,"2024-12-26",12,,,,,,
"MA","Pittsfield Generating",50002,"2024-12-26",13,,,,,,
"MA","Pittsfield Generating",50002,"2024-12-26",14,,,,,,
"MA","Pittsfield Generating",50002,"2024-12-26",15,,,,,,
"MA","Pittsfield Generating",50002,"2024-12-26",16,,,,,,
"MA","Pittsfield Generating",50002,"2024-12-26",17,,,,,,
"MA","Pittsfield Generating",50002,"2024-12-26",18,,,,,,
"MA","Pittsfield Generating",50002,"2024-12-26",19,,,,,,
"MA","Pittsfield Generating",50002,"2024-12-26",20,,,,,,
"MA","Pittsfield Generating",50002,"2024-12-26",21,,,,,,
"MA","Pittsfield Generating",50002,"2024-12-26",22,,,,,,
"MA","Pittsfield Generating",50002,"2024-12-26",23,,,,,,
"MA","Pittsfield Generating",50002,"2024-12-27",0,,,,,,
"MA","Pittsfield Generating",50002,"2024-12-27",1,,,,,,
"MA","Pittsfield Generating",50002,"2024-12-27",2,,,,,,
"MA","Pittsfield Generating",50002,"2024-12-27",3,,,,,,
"MA","Pittsfield Generating",50002,"2024-12-27",4,,,,,,
"MA","Pittsfield Generating",50002,"2024-12-27",5,,,,,,
"MA","Pittsfield Generating",50002,"2024-12-27",6,,,,,,
"MA","Pittsfield Generating",50002,"2024-12-27",7,,,,,,
"MA","Pittsfield Generating",50002,"2024-12-27",8,,,,,,
"MA","Pittsfield Generating",50002,"2024-12-27",9,,,,,,
"MA","Pittsfield Generating",50002,"2024-12-27",10,,,,,,
"MA","Pittsfield Generating",50002,"2024-12-27",11,,,,,,
"MA","Pittsfield Generating",50002,"2024-12-27",12,,,,,,
"MA","Pittsfield Generating",50002,"2024-12-27",13,,,,,,
"MA","Pittsfield Generating",50002,"2024-12-27",14,,,,,,
"MA","Pittsfield Generating",50002,"2024-12-27",15,,,,,,
"MA","Pittsfield Generating",50002,"2024-12-27",16,,,,,,
"MA","Pittsfield Generating",50002,"2024-12-27",17,,,,,,
"MA","Pittsfield Generating",50002,"2024-12-27",18,,,,,,
"MA","Pittsfield Generating",50002,"2024-12-27",19,,,,,,
"MA","Pittsfield Generating",50002,"2024-12-27",20,,,,,,
"MA","Pittsfield Generating",50002,"2024-12-27",21,,,,,,
"MA","Pittsfield Generating",50002,"2024-12-27",22,,,,,,
"MA","Pittsfield Generating",50002,"2024-12-27",23,,,,,,
"MA","Pittsfield Generating",50002,"2024-12-28",0,,,,,,
"MA","Pittsfield Generating",50002,"2024-12-28",1,,,,,,
"MA","Pittsfield Generating",50002,"2024-12-28",2,,,,,,
"MA","Pittsfield Generating",50002,"2024-12-28",3,,,,,,
"MA","Pittsfield Generating",50002,"2024-12-28",4,,,,,,
"MA","Pittsfield Generating",50002,"2024-12-28",5,,,,,,
"MA","Pittsfield Generating",50002,"2024-12-28",6,,,,,,
"MA","Pittsfield Generating",50002,"2024-12-28",7,,,,,,
"MA","Pittsfield Generating",50002,"2024-12-28",8,,,,,,
"MA","Pittsfield Generating",50002,"2024-12-28",9,,,,,,
"MA","Pittsfield Generating",50002,"2024-12-28",10,,,,,,
"MA","Pittsfield Generating",50002,"2024-12-28",11,,,,,,
"MA","Pittsfield Generating",50002,"2024-12-28",12,,,,,,
"MA","Pittsfield Generating",50002,"2024-12-28",13,,,,,,
"MA","Pittsfield Generating",50002,"2024-12-28",14,,,,,,
"MA","Pittsfield Generating",50002,"2024-12-28",15,,,,,,
"MA","Pittsfield Generating",50002,"2024-12-28",16,,,,,,
"MA","Pittsfield Generating",50002,"2024-12-28",17,,,,,,
"MA","Pittsfield Generating",50002,"2024-12-28",18,,,,,,
"MA","Pittsfield Generating",50002,"2024-12-28",19,,,,,,
"MA","Pittsfield Generating",50002,"2024-12-28",20,,,,,,
"MA","Pittsfield Generating",50002,"2024-12-28",21,,,,,,
"MA","Pittsfield Generating",50002,"2024-12-28",22,,,,,,
"MA","Pittsfield Generating",50002,"2024-12-28",23,,,,,,
"MA","Pittsfield Generating",50002,"2024-12-29",0,,,,,,
"MA","Pittsfield Generating",50002,"2024-12-29",1,,,,,,
"MA","Pittsfield Generating",50002,"2024-12-29",2,,,,,,
"MA","Pittsfield Generating",50002,"2024-12-29",3,,,,,,
"MA","Pittsfield Generating",50002,"2024-12-29",4,,,,,,
"MA","Pittsfield Generating",50002,"2024-12-29",5,,,,,,
"MA","Pittsfield Generating",50002,"2024-12-29",6,,,,,,
"MA","Pittsfield Generating",50002,"2024-12-29",7,,,,,,
"MA","Pittsfield Generating",50002,"2024-12-29",8,,,,,,
"MA","Pittsfield Generating",50002,"2024-12-29",9,,,,,,
"MA","Pittsfield Generating",50002,"2024-12-29",10,,,,,,
"MA","Pittsfield Generating",50002,"2024-12-29",11,,,,,,
"MA","Pittsfield Generating",50002,"2024-12-29",12,,,,,,
"MA","Pittsfield Generating",50002,"2024-12-29",13,,,,,,
"MA","Pittsfield Generating",50002,"2024-12-29",14,,,,,,
"MA","Pittsfield Generating",50002,"2024-12-29",15,,,,,,
"MA","Pittsfield Generating",50002,"2024-12-29",16,,,,,,
"MA","Pittsfield Generating",50002,"2024-12-29",17,,,,,,
"MA","Pittsfield Generating",50002,"2024-12-29",18,,,,,,
"MA","Pittsfield Generating",50002,"2024-12-29",19,,,,,,
"MA","Pittsfield Generating",50002,"2024-12-29",20,,,,,,
"MA","Pittsfield Generating",50002,"2024-12-29",21,,,,,,
"MA","Pittsfield Generating",50002,"2024-12-29",22,,,,,,
"MA","Pittsfield Generating",50002,"2024-12-29",23,,,,,,
"MA","Pittsfield Generating",50002,"2024-12-30",0,,,,,,
"MA","Pittsfield Generating",50002,"2024-12-30",1,,,,,,
"MA","Pittsfield Generating",50002,"2024-12-30",2,,,,,,
"MA","Pittsfield Generating",50002,"2024-12-30",3,,,,,,
"MA","Pittsfield Generating",50002,"2024-12-30",4,,,,,,
"MA","Pittsfield Generating",50002,"2024-12-30",5,,,,,,
"MA","Pittsfield Generating",50002,"2024-12-30",6,,,,,,
"MA","Pittsfield Generating",50002,"2024-12-30",7,,,,,,
"MA","Pittsfield Generating",50002,"2024-12-30",8,,,,,,
"MA","Pittsfield Generating",50002,"2024-12-30",9,,,,,,
"MA","Pittsfield Generating",50002,"2024-12-30",10,,,,,,
"MA","Pittsfield Generating",50002,"2024-12-30",11,,,,,,
"MA","Pittsfield Generating",50002,"2024-12-30",12,,,,,,
"MA","Pittsfield Generating",50002,"2024-12-30",13,,,,,,
"MA","Pittsfield Generating",50002,"2024-12-30",14,,,,,,
"MA","Pittsfield Generating",50002,"2024-12-30",15,,,,,,
"MA","Pittsfield Generating",50002,"2024-12-30",16,,,,,,
"MA","Pittsfield Generating",50002,"2024-12-30",17,,,,,,
"MA","Pittsfield Generating",50002,"2024-12-30",18,,,,,,
"MA","Pittsfield Generating",50002,"2024-12-30",19,,,,,,
"MA","Pittsfield Generating",50002,"2024-12-30",20,,,,,,
"MA","Pittsfield Generating",50002,"2024-12-30",21,,,,,,
"MA","Pittsfield Generating",50002,"2024-12-30",22,,,,,,
"MA","Pittsfield Generating",50002,"2024-12-30",23,,,,,,
"MA","Pittsfield Generating",50002,"2024-12-31",0,,,,,,
"MA","Pittsfield Generating",50002,"2024-12-31",1,,,,,,
"MA","Pittsfield Generating",50002,"2024-12-31",2,,,,,,
"MA","Pittsfield Generating",50002,"2024-12-31",3,,,,,,
"MA","Pittsfield Generating",50002,"2024-12-31",4,,,,,,
"MA","Pittsfield Generating",50002,"2024-12-31",5,,,,,,
"MA","Pittsfield Generating",50002,"2024-12-31",6,,,,,,
"MA","Pittsfield Generating",50002,"2024-12-31",7,,,,,,
"MA","Pittsfield Generating",50002,"2024-12-31",8,,,,,,
"MA","Pittsfield Generating",50002,"2024-12-31",9,,,,,,
"MA","Pittsfield Generating",50002,"2024-12-31",10,,,,,,
"MA","Pittsfield Generating",50002,"2024-12-31",11,,,,,,
"MA","Pittsfield Generating",50002,"2024-12-31",12,,,,,,
"MA","Pittsfield Generating",50002,"2024-12-31",13,,,,,,
"MA","Pittsfield Generating",50002,"2024-12-31",14,,,,,,
"MA","Pittsfield Generating",50002,"2024-12-31",15,,,,,,
"MA","Pittsfield Generating",50002,"2024-12-31",16,,,,,,
"MA","Pittsfield Generating",50002,"2024-12-31",17,,,,,,
"MA","Pittsfield Generating",50002,"2024-12-31",18,,,,,,
"MA","Pittsfield Generating",50002,"2024-12-31",19,,,,,,
"MA","Pittsfield Generating",50002,"2024-12-31",20,,,,,,
"MA","Pittsfield Generating",50002,"2024-12-31",21,,,,,,
"MA","Pittsfield Generating",50002,"2024-12-31",22,,,,,,
"MA","Pittsfield Generating",50002,"2024-12-31",23,,,,,,
"MA","Pittsfield Generating",50002,"2025-01-01",0,,,,,,
"MA","Pittsfield Generating",50002,"2025-01-01",1,,,,,,
"MA","Pittsfield Generating",50002,"2025-01-01",2,,,,,,
"MA","Pittsfield Generating",50002,"2025-01-01",3,,,,,,
"MA","Pittsfield Generating",50002,"2025-01-01",4,,,,,,
"MA","Pittsfield Generating",50002,"2025-01-01",5,,,,,,
"MA","Pittsfield Generating",50002,"2025-01-01",6,,,,,,
"MA","Pittsfield Generating",50002,"2025-01-01",7,,,,,,
"MA","Pittsfield Generating",50002,"2025-01-01",8,,,,,,
"MA","Pittsfield Generating",50002,"2025-01-01",9,,,,,,
"MA","Pittsfield Generating",50002,"2025-01-01",10,,,,,,
"MA","Pittsfield Generating",50002,"2025-01-01",11,,,,,,
"MA","Pittsfield Generating",50002,"2025-01-01",12,,,,,,
"MA","Pittsfield Generating",50002,"2025-01-01",13,,,,,,
"MA","Pittsfield Generating",50002,"2025-01-01",14,,,,,,
"MA","Pittsfield Generating",50002,"2025-01-01",15,,,,,,
"MA","Pittsfield Generating",50002,"2025-01-01",16,,,,,,
"MA","Pittsfield Generating",50002,"2025-01-01",17,,,,,,
"MA","Pittsfield Generating",50002,"2025-01-01",18,,,,,,
"MA","Pittsfield Generating",50002,"2025-01-01",19,,,,,,
"MA","Pittsfield Generating",50002,"2025-01-01",20,,,,,,
"MA","Pittsfield Generating",50002,"2025-01-01",21,,,,,,
"MA","Pittsfield Generating",50002,"2025-01-01",22,,,,,,
"MA","Pittsfield Generating",50002,"2025-01-01",23,,,,,,
"MA","Pittsfield Generating",50002,"2025-01-02",0,,,,,,
"MA","Pittsfield Generating",50002,"2025-01-02",1,,,,,,
"MA","Pittsfield Generating",50002,"2025-01-02",2,,,,,,
"MA","Pittsfield Generating",50002,"2025-01-02",3,,,,,,
"MA","Pittsfield Generating",50002,"2025-01-02",4,,,,,,
"MA","Pittsfield Generating",50002,"2025-01-02",5,,,,,,
"MA","Pittsfield Generating",50002,"2025-01-02",6,,,,,,
"MA","Pittsfield Generating",50002,"2025-01-02",7,,,,,,
"MA","Pittsfield Generating",50002,"2025-01-02",8,,,,,,
"MA","Pittsfield Generating",50002,"2025-01-02",9,,,,,,
"MA","Pittsfield Generating",50002,"2025-01-02",10,,,,,,
"MA","Pittsfield Generating",50002,"2025-01-02",11,,,,,,
"MA","Pittsfield Generating",50002,"2025-01-02",12,,,,,,
"MA","Pittsfield Generating",50002,"2025-01-02",13,,,,,,
"MA","Pittsfield Generating",50002,"2025-01-02",14,,,,,,
"MA","Pittsfield Generating",50002,"2025-01-02",15,,,,,,
"MA","Pittsfield Generating",50002,"2025-01-02",16,,,,,,
"MA","Pittsfield Generating",50002,"2025-01-02",17,,,,,,
"MA","Pittsfield Generating",50002,"2025-01-02",18,,,,,,
"MA","Pittsfield Generating",50002,"2025-01-02",19,,,,,,
"MA","Pittsfield Generating",50002,"2025-01-02",20,,,,,,
"MA","Pittsfield Generating",50002,"2025-01-02",21,,,,,,
"MA","Pittsfield Generating",50002,"2025-01-02",22,,,,,,
"MA","Pittsfield Generating",50002,"2025-01-02",23,,,,,,
"MA","Pittsfield Generating",50002,"2025-01-03",0,,,,,,
"MA","Pittsfield Generating",50002,"2025-01-03",1,,,,,,
"MA","Pittsfield Generating",50002,"2025-01-03",2,,,,,,
"MA","Pittsfield Generating",50002,"2025-01-03",3,,,,,,
"MA","Pittsfield Generating",50002,"2025-01-03",4,,,,,,
"MA","Pittsfield Generating",50002,"2025-01-03",5,,,,,,
"MA","Pittsfield Generating",50002,"2025-01-03",6,,,,,,
"MA","Pittsfield Generating",50002,"2025-01-03",7,,,,,,
"MA","Pittsfield Generating",50002,"2025-01-03",8,,,,,,
"MA","Pittsfield Generating",50002,"2025-01-03",9,,,,,,
"MA","Pittsfield Generating",50002,"2025-01-03",10,,,,,,
"MA","Pittsfield Generating",50002,"2025-01-03",11,,,,,,
"MA","Pittsfield Generating",50002,"2025-01-03",12,,,,,,
"MA","Pittsfield Generating",50002,"2025-01-03",13,,,,,,
"MA","Pittsfield Generating",50002,"2025-01-03",14,,,,,,
"MA","Pittsfield Generating",50002,"2025-01-03",15,,,,,,
"MA","Pittsfield Generating",50002,"2025-01-03",16,,,,,,
"MA","Pittsfield Generating",50002,"2025-01-03",17,,,,,,
"MA","Pittsfield Generating",50002,"2025-01-03",18,,,,,,
"MA","Pittsfield Generating",50002,"2025-01-03",19,,,,,,
"MA","Pittsfield Generating",50002,"2025-01-03",20,,,,,,
"MA","Pittsfield Generating",50002,"2025-01-03",21,,,,,,
"MA","Pittsfield Generating",50002,"2025-01-03",22,,,,,,
"MA","Pittsfield Generating",50002,"2025-01-03",23,,,,,,
"MA","Pittsfield Generating",50002,"2025-01-04",0,,,,,,
"MA","Pittsfield Generating",50002,"2025-01-04",1,,,,,,
"MA","Pittsfield Generating",50002,"2025-01-04",2,,,,,,
"MA","Pittsfield Generating",50002,"2025-01-04",3,,,,,,
"MA","Pittsfield Generating",50002,"2025-01-04",4,,,,,,
"MA","Pittsfield Generating",50002,"2025-01-04",5,,,,,,
"MA","Pittsfield Generating",50002,"2025-01-04",6,,,,,,
"MA","Pittsfield Generating",50002,"2025-01-04",7,,,,,,
"MA","Pittsfield Generating",50002,"2025-01-04",8,,,,,,
"MA","Pittsfield Generating",50002,"2025-01-04",9,,,,,,
"MA","Pittsfield Generating",50002,"2025-01-04",10,,,,,,
"MA","Pittsfield Generating",50002,"2025-01-04",11,,,,,,
"MA","Pittsfield Generating",50002,"2025-01-04",12,,,,,,
"MA","Pittsfield Generating",50002,"2025-01-04",13,,,,,,
"MA","Pittsfield Generating",50002,"2025-01-04",14,,,,,,
"MA","Pittsfield Generating",50002,"2025-01-04",15,,,,,,
"MA","Pittsfield Generating",50002,"2025-01-04",16,,,,,,
"MA","Pittsfield Generating",50002,"2025-01-04",17,,,,,,
"MA","Pittsfield Generating",50002,"2025-01-04",18,,,,,,
"MA","Pittsfield Generating",50002,"2025-01-04",19,,,,,,
"MA","Pittsfield Generating",50002,"2025-01-04",20,,,,,,
"MA","Pittsfield Generating",50002,"2025-01-04",21,,,,,,
"MA","Pittsfield Generating",50002,"2025-01-04",22,,,,,,
"MA","Pittsfield Generating",50002,"2025-01-04",23,,,,,,
"MA","Pittsfield Generating",50002,"2025-01-05",0,,,,,,
"MA","Pittsfield Generating",50002,"2025-01-05",1,,,,,,
"MA","Pittsfield Generating",50002,"2025-01-05",2,,,,,,
"MA","Pittsfield Generating",50002,"2025-01-05",3,,,,,,
"MA","Pittsfield Generating",50002,"2025-01-05",4,,,,,,
"MA","Pittsfield Generating",50002,"2025-01-05",5,,,,,,
"MA","Pittsfield Generating",50002,"2025-01-05",6,,,,,,
"MA","Pittsfield Generating",50002,"2025-01-05",7,,,,,,
"MA","Pittsfield Generating",50002,"2025-01-05",8,,,,,,
"MA","Pittsfield Generating",50002,"2025-01-05",9,,,,,,
"MA","Pittsfield Generating",50002,"2025-01-05",10,,,,,,
"MA","Pittsfield Generating",50002,"2025-01-05",11,,,,,,
"MA","Pittsfield Generating",50002,"2025-01-05",12,,,,,,
"MA","Pittsfield Generating",50002,"2025-01-05",13,,,,,,
"MA","Pittsfield Generating",50002,"2025-01-05",14,,,,,,
"MA","Pittsfield Generating",50002,"2025-01-05",15,,,,,,
"MA","Pittsfield Generating",50002,"2025-01-05",16,,,,,,
"MA","Pittsfield Generating",50002,"2025-01-05",17,,,,,,
"MA","Pittsfield Generating",50002,"2025-01-05",18,,,,,,
"MA","Pittsfield Generating",50002,"2025-01-05",19,,,,,,
"MA","Pittsfield Generating",50002,"2025-01-05",20,,,,,,
"MA","Pittsfield Generating",50002,"2025-01-05",21,,,,,,
"MA","Pittsfield Generating",50002,"2025-01-05",22,,,,,,
"MA","Pittsfield Generating",50002,"2025-01-05",23,,,,,,
"MA","Pittsfield Generating",50002,"2025-01-06",0,,,,,,
"MA","Pittsfield Generating",50002,"2025-01-06",1,,,,,,
"MA","Pittsfield Generating",50002,"2025-01-06",2,,,,,,
"MA","Pittsfield Generating",50002,"2025-01-06",3,,,,,,
"MA","Pittsfield Generating",50002,"2025-01-06",4,,,,,,
"MA","Pittsfield Generating",50002,"2025-01-06",5,,,,,,
"MA","Pittsfield Generating",50002,"2025-01-06",6,,,,,,
"MA","Pittsfield Generating",50002,"2025-01-06",7,,,,,,
"MA","Pittsfield Generating",50002,"2025-01-06",8,,,,,,
"MA","Pittsfield Generating",50002,"2025-01-06",9,,,,,,
"MA","Pittsfield Generating",50002,"2025-01-06",10,,,,,,
"MA","Pittsfield Generating",50002,"2025-01-06",11,,,,,,
"MA","Pittsfield Generating",50002,"2025-01-06",12,,,,,,
"MA","Pittsfield Generating",50002,"2025-01-06",13,,,,,,
"MA","Pittsfield Generating",50002,"2025-01-06",14,,,,,,
"MA","Pittsfield Generating",50002,"2025-01-06",15,,,,,,
"MA","Pittsfield Generating",50002,"2025-01-06",16,,,,,,
"MA","Pittsfield Generating",50002,"2025-01-06",17,,,,,,
"MA","Pittsfield Generating",50002,"2025-01-06",18,,,,,,
"MA","Pittsfield Generating",50002,"2025-01-06",19,,,,,,
"MA","Pittsfield Generating",50002,"2025-01-06",20,,,,,,
"MA","Pittsfield Generating",50002,"2025-01-06",21,,,,,,
"MA","Pittsfield Generating",50002,"2025-01-06",22,,,,,,
"MA","Pittsfield Generating",50002,"2025-01-06",23,,,,,,
"MA","Pittsfield Generating",50002,"2025-01-07",0,,,,,,
"MA","Pittsfield Generating",50002,"2025-01-07",1,,,,,,
"MA","Pittsfield Generating",50002,"2025-01-07",2,,,,,,
"MA","Pittsfield Generating",50002,"2025-01-07",3,,,,,,
"MA","Pittsfield Generating",50002,"2025-01-07",4,,,,,,
"MA","Pittsfield Generating",50002,"2025-01-07",5,,,,,,
"MA","Pittsfield Generating",50002,"2025-01-07",6,,,,,,
"MA","Pittsfield Generating",50002,"2025-01-07",7,,,,,,
"MA","Pittsfield Generating",50002,"2025-01-07",8,,,,,,
"MA","Pittsfield Generating",50002,"2025-01-07",9,,,,,,
"MA","Pittsfield Generating",50002,"2025-01-07",10,,,,,,
"MA","Pittsfield Generating",50002,"2025-01-07",11,,,,,,
"MA","Pittsfield Generating",50002,"2025-01-07",12,,,,,,
"MA","Pittsfield Generating",50002,"2025-01-07",13,,,,,,
"MA","Pittsfield Generating",50002,"2025-01-07",14,,,,,,
"MA","Pittsfield Generating",50002,"2025-01-07",15,,,,,,
"MA","Pittsfield Generating",50002,"2025-01-07",16,,,,,,
"MA","Pittsfield Generating",50002,"2025-01-07",17,,,,,,
"MA","Pittsfield Generating",50002,"2025-01-07",18,,,,,,
"MA","Pittsfield Generating",50002,"2025-01-07",19,,,,,,
"MA","Pittsfield Generating",50002,"2025-01-07",20,,,,,,
"MA","Pittsfield Generating",50002,"2025-01-07",21,,,,,,
"MA","Pittsfield Generating",50002,"2025-01-07",22,,,,,,
"MA","Pittsfield Generating",50002,"2025-01-07",23,,,,,,
"MA","Pittsfield Generating",50002,"2025-01-08",0,,,,,,
"MA","Pittsfield Generating",50002,"2025-01-08",1,,,,,,
"MA","Pittsfield Generating",50002,"2025-01-08",2,,,,,,
"MA","Pittsfield Generating",50002,"2025-01-08",3,,,,,,
"MA","Pittsfield Generating",50002,"2025-01-08",4,11,,,9.779,35.574,163.933
"MA","Pittsfield Generating",50002,"2025-01-08",5,43,,,36.317,56.903,610.138
"MA","Pittsfield Generating",50002,"2025-01-08",6,77,,,61.296,29.158,863.402
"MA","Pittsfield Generating",50002,"2025-01-08",7,100,,,65.168,9.42,915.117
"MA","Pittsfield Generating",50002,"2025-01-08",8,108,,,85.538,29.968,1208.066
"MA","Pittsfield Generating",50002,"2025-01-08",9,133,,,106.6,43.3,1455.9
"MA","Pittsfield Generating",50002,"2025-01-08",10,131,,,105.4,42.3,1441.6
"MA","Pittsfield Generating",50002,"2025-01-08",11,67,,,28.204,6.359,359.547
"MA","Pittsfield Generating",50002,"2025-01-08",12,,,,,,
"MA","Pittsfield Generating",50002,"2025-01-08",13,,,,,,
"MA","Pittsfield Generating",50002,"2025-01-08",14,,,,,,
"MA","Pittsfield Generating",50002,"2025-01-08",15,,,,,,
"MA","Pittsfield Generating",50002,"2025-01-08",16,,,,,,
"MA","Pittsfield Generating",50002,"2025-01-08",17,,,,,,
"MA","Pittsfield Generating",50002,"2025-01-08",18,,,,,,
"MA","Pittsfield Generating",50002,"2025-01-08",19,,,,,,
"MA","Pittsfield Generating",50002,"2025-01-08",20,,,,,,
"MA","Pittsfield Generating",50002,"2025-01-08",21,,,,,,
"MA","Pittsfield Generating",50002,"2025-01-08",22,,,,,,
"MA","Pittsfield Generating",50002,"2025-01-08",23,,,,,,
"MA","Pittsfield Generating",50002,"2025-01-09",0,,,,,,
"MA","Pittsfield Generating",50002,"2025-01-09",1,,,,,,
"MA","Pittsfield Generating",50002,"2025-01-09",2,,,,,,
"MA","Pittsfield Generating",50002,"2025-01-09",3,,,,,,
"MA","Pittsfield Generating",50002,"2025-01-09",4,,,,,,
"MA","Pittsfield Generating",50002,"2025-01-09",5,,,,,,
"MA","Pittsfield Generating",50002,"2025-01-09",6,,,,,,
"MA","Pittsfield Generating",50002,"2025-01-09",7,,,,,,
"MA","Pittsfield Generating",50002,"2025-01-09",8,,,,,,
"MA","Pittsfield Generating",50002,"2025-01-09",9,,,,,,
"MA","Pittsfield Generating",50002,"2025-01-09",10,,,,,,
"MA","Pittsfield Generating",50002,"2025-01-09",11,,,,,,
"MA","Pittsfield Generating",50002,"2025-01-09",12,,,,,,
"MA","Pittsfield Generating",50002,"2025-01-09",13,,,,,,
"MA","Pittsfield Generating",50002,"2025-01-09",14,,,,,,
"MA","Pittsfield Generating",50002,"2025-01-09",15,,,,,,
"MA","Pittsfield Generating",50002,"2025-01-09",16,,,,,,
"MA","Pittsfield Generating",50002,"2025-01-09",17,,,,,,
"MA","Pittsfield Generating",50002,"2025-01-09",18,,,,,,
"MA","Pittsfield Generating",50002,"2025-01-09",19,,,,,,
"MA","Pittsfield Generating",50002,"2025-01-09",20,,,,,,
"MA","Pittsfield Generating",50002,"2025-01-09",21,,,,,,
"MA","Pittsfield Generating",50002,"2025-01-09",22,,,,,,
"MA","Pittsfield Generating",50002,"2025-01-09",23,,,,,,
"MA","Pittsfield Generating",50002,"2025-01-10",0,,,,,,
"MA","Pittsfield Generating",50002,"2025-01-10",1,,,,,,
"MA","Pittsfield Generating",50002,"2025-01-10",2,,,,,,
"MA","Pittsfield Generating",50002,"2025-01-10",3,,,,,,
"MA","Pittsfield Generating",50002,"2025-01-10",4,,,,,,
"MA","Pittsfield Generating",50002,"2025-01-10",5,,,,,,
"MA","Pittsfield Generating",50002,"2025-01-10",6,,,,,,
"MA","Pittsfield Generating",50002,"2025-01-10",7,,,,,,
"MA","Pittsfield Generating",50002,"2025-01-10",8,,,,,,
"MA","Pittsfield Generating",50002,"2025-01-10",9,,,,,,
"MA","Pittsfield Generating",50002,"2025-01-10",10,,,,,,
"MA","Pittsfield Generating",50002,"2025-01-10",11,,,,,,
"MA","Pittsfield Generating",50002,"2025-01-10",12,,,,,,
"MA","Pittsfield Generating",50002,"2025-01-10",13,,,,,,
"MA","Pittsfield Generating",50002,"2025-01-10",14,,,,,,
"MA","Pittsfield Generating",50002,"2025-01-10",15,,,,,,
"MA","Pittsfield Generating",50002,"2025-01-10",16,,,,,,
"MA","Pittsfield Generating",50002,"2025-01-10",17,,,,,,
"MA","Pittsfield Generating",50002,"2025-01-10",18,,,,,,
"MA","Pittsfield Generating",50002,"2025-01-10",19,,,,,,
"MA","Pittsfield Generating",50002,"2025-01-10",20,,,,,,
"MA","Pittsfield Generating",50002,"2025-01-10",21,,,,,,
"MA","Pittsfield Generating",50002,"2025-01-10",22,,,,,,
"MA","Pittsfield Generating",50002,"2025-01-10",23,,,,,,
"MA","Pittsfield Generating",50002,"2025-01-11",0,,,,,,
"MA","Pittsfield Generating",50002,"2025-01-11",1,,,,,,
"MA","Pittsfield Generating",50002,"2025-01-11",2,,,,,,
"MA","Pittsfield Generating",50002,"2025-01-11",3,,,,,,
"MA","Pittsfield Generating",50002,"2025-01-11",4,,,,,,
"MA","Pittsfield Generating",50002,"2025-01-11",5,,,,,,
"MA","Pittsfield Generating",50002,"2025-01-11",6,,,,,,
"MA","Pittsfield Generating",50002,"2025-01-11",7,,,,,,
"MA","Pittsfield Generating",50002,"2025-01-11",8,,,,,,
"MA","Pittsfield Generating",50002,"2025-01-11",9,,,,,,
"MA","Pittsfield Generating",50002,"2025-01-11",10,,,,,,
"MA","Pittsfield Generating",50002,"2025-01-11",11,,,,,,
"MA","Pittsfield Generating",50002,"2025-01-11",12,,,,,,
"MA","Pittsfield Generating",50002,"2025-01-11",13,,,,,,
"MA","Pittsfield Generating",50002,"2025-01-11",14,,,,,,
"MA","Pittsfield Generating",50002,"2025-01-11",15,,,,,,
"MA","Pittsfield Generating",50002,"2025-01-11",16,,,,,,
"MA","Pittsfield Generating",50002,"2025-01-11",17,,,,,,
"MA","Pittsfield Generating",50002,"2025-01-11",18,,,,,,
"MA","Pittsfield Generating",50002,"2025-01-11",19,,,,,,
"MA","Pittsfield Generating",50002,"2025-01-11",20,,,,,,
"MA","Pittsfield Generating",50002,"2025-01-11",21,,,,,,
"MA","Pittsfield Generating",50002,"2025-01-11",22,,,,,,
"MA","Pittsfield Generating",50002,"2025-01-11",23,,,,,,
"MA","Pittsfield Generating",50002,"2025-01-12",0,,,,,,
"MA","Pittsfield Generating",50002,"2025-01-12",1,,,,,,
"MA","Pittsfield Generating",50002,"2025-01-12",2,,,,,,
"MA","Pittsfield Generating",50002,"2025-01-12",3,,,,,,
"MA","Pittsfield Generating",50002,"2025-01-12",4,,,,,,
"MA","Pittsfield Generating",50002,"2025-01-12",5,,,,,,
"MA","Pittsfield Generating",50002,"2025-01-12",6,,,,,,
"MA","Pittsfield Generating",50002,"2025-01-12",7,,,,,,
"MA","Pittsfield Generating",50002,"2025-01-12",8,,,,,,
"MA","Pittsfield Generating",50002,"2025-01-12",9,,,,,,
"MA","Pittsfield Generating",50002,"2025-01-12",10,,,,,,
"MA","Pittsfield Generating",50002,"2025-01-12",11,,,,,,
"MA","Pittsfield Generating",50002,"2025-01-12",12,,,,,,
"MA","Pittsfield Generating",50002,"2025-01-12",13,,,,,,
"MA","Pittsfield Generating",50002,"2025-01-12",14,,,,,,
"MA","Pittsfield Generating",50002,"2025-01-12",15,,,,,,
"MA","Pittsfield Generating",50002,"2025-01-12",16,,,,,,
"MA","Pittsfield Generating",50002,"2025-01-12",17,,,,,,
"MA","Pittsfield Generating",50002,"2025-01-12",18,,,,,,
"MA","Pittsfield Generating",50002,"2025-01-12",19,,,,,,
"MA","Pittsfield Generating",50002,"2025-01-12",20,,,,,,
"MA","Pittsfield Generating",50002,"2025-01-12",21,,,,,,
"MA","Pittsfield Generating",50002,"2025-01-12",22,,,,,,
"MA","Pittsfield Generating",50002,"2025-01-12",23,,,,,,
"MA","Pittsfield Generating",50002,"2025-01-13",0,,,,,,
"MA","Pittsfield Generating",50002,"2025-01-13",1,,,,,,
"MA","Pittsfield Generating",50002,"2025-01-13",2,,,,,,
"MA","Pittsfield Generating",50002,"2025-01-13",3,,,,,,
"MA","Pittsfield Generating",50002,"2025-01-13",4,,,,,,
"MA","Pittsfield Generating",50002,"2025-01-13",5,,,,,,
"MA","Pittsfield Generating",50002,"2025-01-13",6,,,,,,
"MA","Pittsfield Generating",50002,"2025-01-13",7,,,,,,
"MA","Pittsfield Generating",50002,"2025-01-13",8,,,,,,
"MA","Pittsfield Generating",50002,"2025-01-13",9,,,,,,
"MA","Pittsfield Generating",50002,"2025-01-13",10,,,,,,
"MA","Pittsfield Generating",50002,"2025-01-13",11,,,,,,
"MA","Pittsfield Generating",50002,"2025-01-13",12,,,,,,
"MA","Pittsfield Generating",50002,"2025-01-13",13,,,,,,
"MA","Pittsfield Generating",50002,"2025-01-13",14,,,,,,
"MA","Pittsfield Generating",50002,"2025-01-13",15,,,,,,
"MA","Pittsfield Generating",50002,"2025-01-13",16,,,,,,
"MA","Pittsfield Generating",50002,"2025-01-13",17,,,,,,
"MA","Pittsfield Generating",50002,"2025-01-13",18,,,,,,
"MA","Pittsfield Generating",50002,"2025-01-13",19,,,,,,
"MA","Pittsfield Generating",50002,"2025-01-13",20,,,,,,
"MA","Pittsfield Generating",50002,"2025-01-13",21,,,,,,
"MA","Pittsfield Generating",50002,"2025-01-13",22,,,,,,
"MA","Pittsfield Generating",50002,"2025-01-13",23,,,,,,
"MA","Pittsfield Generating",50002,"2025-01-14",0,,,,,,
"MA","Pittsfield Generating",50002,"2025-01-14",1,,,,,,
"MA","Pittsfield Generating",50002,"2025-01-14",2,,,,,,
"MA","Pittsfield Generating",50002,"2025-01-14",3,,,,,,
"MA","Pittsfield Generating",50002,"2025-01-14",4,,,,,,
"MA","Pittsfield Generating",50002,"2025-01-14",5,,,,,,
"MA","Pittsfield Generating",50002,"2025-01-14",6,,,,,,
"MA","Pittsfield Generating",50002,"2025-01-14",7,,,,,,
"MA","Pittsfield Generating",50002,"2025-01-14",8,,,,,,
"MA","Pittsfield Generating",50002,"2025-01-14",9,,,,,,
"MA","Pittsfield Generating",50002,"2025-01-14",10,,,,,,
"MA","Pittsfield Generating",50002,"2025-01-14",11,,,,,,
"MA","Pittsfield Generating",50002,"2025-01-14",12,,,,,,
"MA","Pittsfield Generating",50002,"2025-01-14",13,,,,,,
"MA","Pittsfield Generating",50002,"2025-01-14",14,,,,,,
"MA","Pittsfield Generating",50002,"2025-01-14",15,,,,,,
"MA","Pittsfield Generating",50002,"2025-01-14",16,,,,,,
"MA","Pittsfield Generating",50002,"2025-01-14",17,,,,,,
"MA","Pittsfield Generating",50002,"2025-01-14",18,,,,,,
"MA","Pittsfield Generating",50002,"2025-01-14",19,,,,,,
"MA","Pittsfield Generating",50002,"2025-01-14",20,,,,,,
"MA","Pittsfield Generating",50002,"2025-01-14",21,,,,,,
"MA","Pittsfield Generating",50002,"2025-01-14",22,,,,,,
"MA","Pittsfield Generating",50002,"2025-01-14",23,,,,,,
"MA","Pittsfield Generating",50002,"2025-01-15",0,,,,,,
"MA","Pittsfield Generating",50002,"2025-01-15",1,,,,,,
"MA","Pittsfield Generating",50002,"2025-01-15",2,,,,,,
"MA","Pittsfield Generating",50002,"2025-01-15",3,,,,,,
"MA","Pittsfield Generating",50002,"2025-01-15",4,,,,,,
"MA","Pittsfield Generating",50002,"2025-01-15",5,,,,,,
"MA","Pittsfield Generating",50002,"2025-01-15",6,,,,,,
"MA","Pittsfield Generating",50002,"2025-01-15",7,,,,,,
"MA","Pittsfield Generating",50002,"2025-01-15",8,,,,,,
"MA","Pittsfield Generating",50002,"2025-01-15",9,,,,,,
"MA","Pittsfield Generating",50002,"2025-01-15",10,,,,,,
"MA","Pittsfield Generating",50002,"2025-01-15",11,,,,,,
"MA","Pittsfield Generating",50002,"2025-01-15",12,,,,,,
"MA","Pittsfield Generating",50002,"2025-01-15",13,,,,,,
"MA","Pittsfield Generating",50002,"2025-01-15",14,,,,,,
"MA","Pittsfield Generating",50002,"2025-01-15",15,,,,,,
"MA","Pittsfield Generating",50002,"2025-01-15",16,,,,,,
"MA","Pittsfield Generating",50002,"2025-01-15",17,,,,,,
"MA","Pittsfield Generating",50002,"2025-01-15",18,,,,,,
"MA","Pittsfield Generating",50002,"2025-01-15",19,,,,,,
"MA","Pittsfield Generating",50002,"2025-01-15",20,,,,,,
"MA","Pittsfield Generating",50002,"2025-01-15",21,,,,,,
"MA","Pittsfield Generating",50002,"2025-01-15",22,,,,,,
"MA","Pittsfield Generating",50002,"2025-01-15",23,,,,,,
"MA","Pittsfield Generating",50002,"2025-01-16",0,,,,,,
"MA","Pittsfield Generating",50002,"2025-01-16",1,,,,,,
"MA","Pittsfield Generating",50002,"2025-01-16",2,,,,,,
"MA","Pittsfield Generating",50002,"2025-01-16",3,,,,,,
"MA","Pittsfield Generating",50002,"2025-01-16",4,,,,,,
"MA","Pittsfield Generating",50002,"2025-01-16",5,,,,,,
"MA","Pittsfield Generating",50002,"2025-01-16",6,,,,,,
"MA","Pittsfield Generating",50002,"2025-01-16",7,,,,,,
"MA","Pittsfield Generating",50002,"2025-01-16",8,,,,,,
"MA","Pittsfield Generating",50002,"2025-01-16",9,,,,,,
"MA","Pittsfield Generating",50002,"2025-01-16",10,,,,,,
"MA","Pittsfield Generating",50002,"2025-01-16",11,,,,,,
"MA","Pittsfield Generating",50002,"2025-01-16",12,,,,,,
"MA","Pittsfield Generating",50002,"2025-01-16",13,,,,,,
"MA","Pittsfield Generating",50002,"2025-01-16",14,,,,,,
"MA","Pittsfield Generating",50002,"2025-01-16",15,,,,,,
"MA","Pittsfield Generating",50002,"2025-01-16",16,,,,,,
"MA","Pittsfield Generating",50002,"2025-01-16",17,,,,,,
"MA","Pittsfield Generating",50002,"2025-01-16",18,,,,,,
"MA","Pittsfield Generating",50002,"2025-01-16",19,,,,,,
"MA","Pittsfield Generating",50002,"2025-01-16",20,,,,,,
"MA","Pittsfield Generating",50002,"2025-01-16",21,,,,,,
"MA","Pittsfield Generating",50002,"2025-01-16",22,,,,,,
"MA","Pittsfield Generating",50002,"2025-01-16",23,,,,,,
"MA","Pittsfield Generating",50002,"2025-01-17",0,,,,,,
"MA","Pittsfield Generating",50002,"2025-01-17",1,,,,,,
"MA","Pittsfield Generating",50002,"2025-01-17",2,,,,,,
"MA","Pittsfield Generating",50002,"2025-01-17",3,,,,,,
"MA","Pittsfield Generating",50002,"2025-01-17",4,,,,,,
"MA","Pittsfield Generating",50002,"2025-01-17",5,,,,,,
"MA","Pittsfield Generating",50002,"2025-01-17",6,5,,,1.47,3.015,24.675
"MA","Pittsfield Generating",50002,"2025-01-17",7,15,,,18.7,95.4,237.4
"MA","Pittsfield Generating",50002,"2025-01-17",8,40,,,34.2,13.5,464.9
"MA","Pittsfield Generating",50002,"2025-01-17",9,30,,,9.2,1.84,154.88
"MA","Pittsfield Generating",50002,"2025-01-17",10,,,,,,
"MA","Pittsfield Generating",50002,"2025-01-17",11,,,,,,
"MA","Pittsfield Generating",50002,"2025-01-17",12,,,,,,
"MA","Pittsfield Generating",50002,"2025-01-17",13,,,,,,
"MA","Pittsfield Generating",50002,"2025-01-17",14,,,,,,
"MA","Pittsfield Generating",50002,"2025-01-17",15,,,,,,
"MA","Pittsfield Generating",50002,"2025-01-17",16,,,,,,
"MA","Pittsfield Generating",50002,"2025-01-17",17,,,,,,
"MA","Pittsfield Generating",50002,"2025-01-17",18,,,,,,
"MA","Pittsfield Generating",50002,"2025-01-17",19,,,,,,
"MA","Pittsfield Generating",50002,"2025-01-17",20,,,,,,
"MA","Pittsfield Generating",50002,"2025-01-17",21,,,,,,
"MA","Pittsfield Generating",50002,"2025-01-17",22,,,,,,
"MA","Pittsfield Generating",50002,"2025-01-17",23,,,,,,
"MA","Pittsfield Generating",50002,"2025-01-18",0,,,,,,
"MA","Pittsfield Generating",50002,"2025-01-18",1,,,,,,
"MA","Pittsfield Generating",50002,"2025-01-18",2,,,,,,
"MA","Pittsfield Generating",50002,"2025-01-18",3,,,,,,
"MA","Pittsfield Generating",50002,"2025-01-18",4,,,,,,
"MA","Pittsfield Generating",50002,"2025-01-18",5,,,,,,
"MA","Pittsfield Generating",50002,"2025-01-18",6,,,,,,
"MA","Pittsfield Generating",50002,"2025-01-18",7,,,,,,
"MA","Pittsfield Generating",50002,"2025-01-18",8,,,,,,
"MA","Pittsfield Generating",50002,"2025-01-18",9,,,,,,
"MA","Pittsfield Generating",50002,"2025-01-18",10,,,,,,
"MA","Pittsfield Generating",50002,"2025-01-18",11,,,,,,
"MA","Pittsfield Generating",50002,"2025-01-18",12,,,,,,
"MA","Pittsfield Generating",50002,"2025-01-18",13,,,,,,
"MA","Pittsfield Generating",50002,"2025-01-18",14,,,,,,
"MA","Pittsfield Generating",50002,"2025-01-18",15,,,,,,
"MA","Pittsfield Generating",50002,"2025-01-18",16,,,,,,
"MA","Pittsfield Generating",50002,"2025-01-18",17,,,,,,
"MA","Pittsfield Generating",50002,"2025-01-18",18,,,,,,
"MA","Pittsfield Generating",50002,"2025-01-18",19,,,,,,
"MA","Pittsfield Generating",50002,"2025-01-18",20,,,,,,
"MA","Pittsfield Generating",50002,"2025-01-18",21,,,,,,
"MA","Pittsfield Generating",50002,"2025-01-18",22,,,,,,
"MA","Pittsfield Generating",50002,"2025-01-18",23,,,,,,
"MA","Pittsfield Generating",50002,"2025-01-19",0,,,,,,
"MA","Pittsfield Generating",50002,"2025-01-19",1,,,,,,
"MA","Pittsfield Generating",50002,"2025-01-19",2,,,,,,
"MA","Pittsfield Generating",50002,"2025-01-19",3,,,,,,
"MA","Pittsfield Generating",50002,"2025-01-19",4,,,,,,
"MA","Pittsfield Generating",50002,"2025-01-19",5,,,,,,
"MA","Pittsfield Generating",50002,"2025-01-19",6,,,,,,
"MA","Pittsfield Generating",50002,"2025-01-19",7,,,,,,
"MA","Pittsfield Generating",50002,"2025-01-19",8,,,,,,
"MA","Pittsfield Generating",50002,"2025-01-19",9,,,,,,
"MA","Pittsfield Generating",50002,"2025-01-19",10,,,,,,
"MA","Pittsfield Generating",50002,"2025-01-19",11,,,,,,
"MA","Pittsfield Generating",50002,"2025-01-19",12,,,,,,
"MA","Pittsfield Generating",50002,"2025-01-19",13,,,,,,
"MA","Pittsfield Generating",50002,"2025-01-19",14,,,,,,
"MA","Pittsfield Generating",50002,"2025-01-19",15,,,,,,
"MA","Pittsfield Generating",50002,"2025-01-19",16,,,,,,
"MA","Pittsfield Generating",50002,"2025-01-19",17,,,,,,
"MA","Pittsfield Generating",50002,"2025-01-19",18,,,,,,
"MA","Pittsfield Generating",50002,"2025-01-19",19,,,,,,
"MA","Pittsfield Generating",50002,"2025-01-19",20,,,,,,
"MA","Pittsfield Generating",50002,"2025-01-19",21,,,,,,
"MA","Pittsfield Generating",50002,"2025-01-19",22,,,,,,
"MA","Pittsfield Generating",50002,"2025-01-19",23,,,,,,
"MA","Pittsfield Generating",50002,"2025-01-20",0,,,,,,
"MA","Pittsfield Generating",50002,"2025-01-20",1,,,,,,
"MA","Pittsfield Generating",50002,"2025-01-20",2,,,,,,
"MA","Pittsfield Generating",50002,"2025-01-20",3,,,,,,
"MA","Pittsfield Generating",50002,"2025-01-20",4,,,,,,
"MA","Pittsfield Generating",50002,"2025-01-20",5,,,,,,
"MA","Pittsfield Generating",50002,"2025-01-20",6,,,,,,
"MA","Pittsfield Generating",50002,"2025-01-20",7,,,,,,
"MA","Pittsfield Generating",50002,"2025-01-20",8,,,,,,
"MA","Pittsfield Generating",50002,"2025-01-20",9,,,,,,
"MA","Pittsfield Generating",50002,"2025-01-20",10,,,,,,
"MA","Pittsfield Generating",50002,"2025-01-20",11,,,,,,
"MA","Pittsfield Generating",50002,"2025-01-20",12,,,,,,
"MA","Pittsfield Generating",50002,"2025-01-20",13,,,,,,
"MA","Pittsfield Generating",50002,"2025-01-20",14,,,,,,
"MA","Pittsfield Generating",50002,"2025-01-20",15,,,,,,
"MA","Pittsfield Generating",50002,"2025-01-20",16,,,,,,
"MA","Pittsfield Generating",50002,"2025-01-20",17,,,,,,
"MA","Pittsfield Generating",50002,"2025-01-20",18,,,,,,
"MA","Pittsfield Generating",50002,"2025-01-20",19,,,,,,
"MA","Pittsfield Generating",50002,"2025-01-20",20,,,,,,
"MA","Pittsfield Generating",50002,"2025-01-20",21,,,,,,
"MA","Pittsfield Generating",50002,"2025-01-20",22,,,,,,
"MA","Pittsfield Generating",50002,"2025-01-20",23,,,,,,
"MA","Pittsfield Generating",50002,"2025-01-21",0,,,,,,
"MA","Pittsfield Generating",50002,"2025-01-21",1,,,,,,
"MA","Pittsfield Generating",50002,"2025-01-21",2,,,,,,
"MA","Pittsfield Generating",50002,"2025-01-21",3,,,,,,
"MA","Pittsfield Generating",50002,"2025-01-21",4,,,,,,
"MA","Pittsfield Generating",50002,"2025-01-21",5,,,,,,
"MA","Pittsfield Generating",50002,"2025-01-21",6,,,,,,
"MA","Pittsfield Generating",50002,"2025-01-21",7,,,,,,
"MA","Pittsfield Generating",50002,"2025-01-21",8,,,,,,
"MA","Pittsfield Generating",50002,"2025-01-21",9,,,,,,
"MA","Pittsfield Generating",50002,"2025-01-21",10,,,,,,
"MA","Pittsfield Generating",50002,"2025-01-21",11,,,,,,
"MA","Pittsfield Generating",50002,"2025-01-21",12,,,,,,
"MA","Pittsfield Generating",50002,"2025-01-21",13,,,,,,
"MA","Pittsfield Generating",50002,"2025-01-21",14,10,,,8.056,21.518,105.894
"MA","Pittsfield Generating",50002,"2025-01-21",15,37,,,37.137,91.008,469.617
"MA","Pittsfield Generating",50002,"2025-01-21",16,100,,,95,65.8,1174
"MA","Pittsfield Generating",50002,"2025-01-21",17,131,,,116.4,41.7,1435.1
"MA","Pittsfield Generating",50002,"2025-01-21",18,135,,,118.5,42.3,1459.6
"MA","Pittsfield Generating",50002,"2025-01-21",19,135,,,119.2,44.6,1468.9
"MA","Pittsfield Generating",50002,"2025-01-21",20,89,,,47.121,12.686,580.426
"MA","Pittsfield Generating",50002,"2025-01-21",21,,,,,,
"MA","Pittsfield Generating",50002,"2025-01-21",22,,,,,,
"MA","Pittsfield Generating",50002,"2025-01-21",23,,,,,,
"MA","Pittsfield Generating",50002,"2025-01-22",0,,,,,,
"MA","Pittsfield Generating",50002,"2025-01-22",1,,,,,,
"MA","Pittsfield Generating",50002,"2025-01-22",2,,,,,,
"MA","Pittsfield Generating",50002,"2025-01-22",3,,,,,,
"MA","Pittsfield Generating",50002,"2025-01-22",4,,,,,,
"MA","Pittsfield Generating",50002,"2025-01-22",5,,,,,,
"MA","Pittsfield Generating",50002,"2025-01-22",6,,,,,,
"MA","Pittsfield Generating",50002,"2025-01-22",7,,,,,,
"MA","Pittsfield Generating",50002,"2025-01-22",8,,,,,,
"MA","Pittsfield Generating",50002,"2025-01-22",9,,,,,,
"MA","Pittsfield Generating",50002,"2025-01-22",10,,,,,,
"MA","Pittsfield Generating",50002,"2025-01-22",11,,,,,,
"MA","Pittsfield Generating",50002,"2025-01-22",12,,,,,,
"MA","Pittsfield Generating",50002,"2025-01-22",13,,,,,,
"MA","Pittsfield Generating",50002,"2025-01-22",14,,,,,,
"MA","Pittsfield Generating",50002,"2025-01-22",15,,,,,,
"MA","Pittsfield Generating",50002,"2025-01-22",16,,,,,,
"MA","Pittsfield Generating",50002,"2025-01-22",17,,,,,,
"MA","Pittsfield Generating",50002,"2025-01-22",18,,,,,,
"MA","Pittsfield Generating",50002,"2025-01-22",19,,,,,,
"MA","Pittsfield Generating",50002,"2025-01-22",20,,,,,,
"MA","Pittsfield Generating",50002,"2025-01-22",21,,,,,,
"MA","Pittsfield Generating",50002,"2025-01-22",22,,,,,,
"MA","Pittsfield Generating",50002,"2025-01-22",23,,,,,,
"MA","Pittsfield Generating",50002,"2025-01-23",0,,,,,,
"MA","Pittsfield Generating",50002,"2025-01-23",1,,,,,,
"MA","Pittsfield Generating",50002,"2025-01-23",2,,,,,,
"MA","Pittsfield Generating",50002,"2025-01-23",3,,,,,,
"MA","Pittsfield Generating",50002,"2025-01-23",4,,,,,,
"MA","Pittsfield Generating",50002,"2025-01-23",5,,,,,,
"MA","Pittsfield Generating",50002,"2025-01-23",6,,,,,,
"MA","Pittsfield Generating",50002,"2025-01-23",7,,,,,,
"MA","Pittsfield Generating",50002,"2025-01-23",8,,,,,,
"MA","Pittsfield Generating",50002,"2025-01-23",9,,,,,,
"MA","Pittsfield Generating",50002,"2025-01-23",10,,,,,,
"MA","Pittsfield Generating",50002,"2025-01-23",11,,,,,,
"MA","Pittsfield Generating",50002,"2025-01-23",12,,,,,,
"MA","Pittsfield Generating",50002,"2025-01-23",13,,,,,,
"MA","Pittsfield Generating",50002,"2025-01-23",14,,,,,,
"MA","Pittsfield Generating",50002,"2025-01-23",15,,,,,,
"MA","Pittsfield Generating",50002,"2025-01-23",16,,,,,,
"MA","Pittsfield Generating",50002,"2025-01-23",17,,,,,,
"MA","Pittsfield Generating",50002,"2025-01-23",18,,,,,,
"MA","Pittsfield Generating",50002,"2025-01-23",19,,,,,,
"MA","Pittsfield Generating",50002,"2025-01-23",20,,,,,,
"MA","Pittsfield Generating",50002,"2025-01-23",21,,,,,,
"MA","Pittsfield Generating",50002,"2025-01-23",22,,,,,,
"MA","Pittsfield Generating",50002,"2025-01-23",23,,,,,,
"MA","Pittsfield Generating",50002,"2025-01-24",0,,,,,,
"MA","Pittsfield Generating",50002,"2025-01-24",1,,,,,,
"MA","Pittsfield Generating",50002,"2025-01-24",2,,,,,,
"MA","Pittsfield Generating",50002,"2025-01-24",3,,,,,,
"MA","Pittsfield Generating",50002,"2025-01-24",4,,,,,,
"MA","Pittsfield Generating",50002,"2025-01-24",5,,,,,,
"MA","Pittsfield Generating",50002,"2025-01-24",6,,,,,,
"MA","Pittsfield Generating",50002,"2025-01-24",7,,,,,,
"MA","Pittsfield Generating",50002,"2025-01-24",8,,,,,,
"MA","Pittsfield Generating",50002,"2025-01-24",9,,,,,,
"MA","Pittsfield Generating",50002,"2025-01-24",10,,,,,,
"MA","Pittsfield Generating",50002,"2025-01-24",11,,,,,,
"MA","Pittsfield Generating",50002,"2025-01-24",12,,,,,,
"MA","Pittsfield Generating",50002,"2025-01-24",13,,,,,,
"MA","Pittsfield Generating",50002,"2025-01-24",14,,,,,,
"MA","Pittsfield Generating",50002,"2025-01-24",15,,,,,,
"MA","Pittsfield Generating",50002,"2025-01-24",16,,,,,,
"MA","Pittsfield Generating",50002,"2025-01-24",17,,,,,,
"MA","Pittsfield Generating",50002,"2025-01-24",18,,,,,,
"MA","Pittsfield Generating",50002,"2025-01-24",19,,,,,,
"MA","Pittsfield Generating",50002,"2025-01-24",20,,,,,,
"MA","Pittsfield Generating",50002,"2025-01-24",21,,,,,,
"MA","Pittsfield Generating",50002,"2025-01-24",22,,,,,,
"MA","Pittsfield Generating",50002,"2025-01-24",23,,,,,,
"MA","Pittsfield Generating",50002,"2025-01-25",0,,,,,,
"MA","Pittsfield Generating",50002,"2025-01-25",1,,,,,,
"MA","Pittsfield Generating",50002,"2025-01-25",2,,,,,,
"MA","Pittsfield Generating",50002,"2025-01-25",3,,,,,,
"MA","Pittsfield Generating",50002,"2025-01-25",4,,,,,,
"MA","Pittsfield Generating",50002,"2025-01-25",5,,,,,,
"MA","Pittsfield Generating",50002,"2025-01-25",6,,,,,,
"MA","Pittsfield Generating",50002,"2025-01-25",7,,,,,,
"MA","Pittsfield Generating",50002,"2025-01-25",8,,,,,,
"MA","Pittsfield Generating",50002,"2025-01-25",9,,,,,,
"MA","Pittsfield Generating",50002,"2025-01-25",10,,,,,,
"MA","Pittsfield Generating",50002,"2025-01-25",11,,,,,,
"MA","Pittsfield Generating",50002,"2025-01-25",12,,,,,,
"MA","Pittsfield Generating",50002,"2025-01-25",13,,,,,,
"MA","Pittsfield Generating",50002,"2025-01-25",14,,,,,,
"MA","Pittsfield Generating",50002,"2025-01-25",15,,,,,,
"MA","Pittsfield Generating",50002,"2025-01-25",16,,,,,,
"MA","Pittsfield Generating",50002,"2025-01-25",17,,,,,,
"MA","Pittsfield Generating",50002,"2025-01-25",18,,,,,,
"MA","Pittsfield Generating",50002,"2025-01-25",19,,,,,,
"MA","Pittsfield Generating",50002,"2025-01-25",20,,,,,,
"MA","Pittsfield Generating",50002,"2025-01-25",21,,,,,,
"MA","Pittsfield Generating",50002,"2025-01-25",22,,,,,,
"MA","Pittsfield Generating",50002,"2025-01-25",23,,,,,,
"MA","Pittsfield Generating",50002,"2025-01-26",0,,,,,,
"MA","Pittsfield Generating",50002,"2025-01-26",1,,,,,,
"MA","Pittsfield Generating",50002,"2025-01-26",2,,,,,,
"MA","Pittsfield Generating",50002,"2025-01-26",3,,,,,,
"MA","Pittsfield Generating",50002,"2025-01-26",4,,,,,,
"MA","Pittsfield Generating",50002,"2025-01-26",5,,,,,,
"MA","Pittsfield Generating",50002,"2025-01-26",6,,,,,,
"MA","Pittsfield Generating",50002,"2025-01-26",7,,,,,,
"MA","Pittsfield Generating",50002,"2025-01-26",8,,,,,,
"MA","Pittsfield Generating",50002,"2025-01-26",9,,,,,,
"MA","Pittsfield Generating",50002,"2025-01-26",10,,,,,,
"MA","Pittsfield Generating",50002,"2025-01-26",11,,,,,,
"MA","Pittsfield Generating",50002,"2025-01-26",12,,,,,,
"MA","Pittsfield Generating",50002,"2025-01-26",13,,,,,,
"MA","Pittsfield Generating",50002,"2025-01-26",14,,,,,,
"MA","Pittsfield Generating",50002,"2025-01-26",15,,,,,,
"MA","Pittsfield Generating",50002,"2025-01-26",16,,,,,,
"MA","Pittsfield Generating",50002,"2025-01-26",17,,,,,,
"MA","Pittsfield Generating",50002,"2025-01-26",18,,,,,,
"MA","Pittsfield Generating",50002,"2025-01-26",19,,,,,,
"MA","Pittsfield Generating",50002,"2025-01-26",20,,,,,,
"MA","Pittsfield Generating",50002,"2025-01-26",21,,,,,,
"MA","Pittsfield Generating",50002,"2025-01-26",22,,,,,,
"MA","Pittsfield Generating",50002,"2025-01-26",23,,,,,,
"MA","Pittsfield Generating",50002,"2025-01-27",0,,,,,,
"MA","Pittsfield Generating",50002,"2025-01-27",1,,,,,,
"MA","Pittsfield Generating",50002,"2025-01-27",2,,,,,,
"MA","Pittsfield Generating",50002,"2025-01-27",3,,,,,,
"MA","Pittsfield Generating",50002,"2025-01-27",4,,,,,,
"MA","Pittsfield Generating",50002,"2025-01-27",5,,,,,,
"MA","Pittsfield Generating",50002,"2025-01-27",6,,,,,,
"MA","Pittsfield Generating",50002,"2025-01-27",7,,,,,,
"MA","Pittsfield Generating",50002,"2025-01-27",8,,,,,,
"MA","Pittsfield Generating",50002,"2025-01-27",9,,,,,,
"MA","Pittsfield Generating",50002,"2025-01-27",10,,,,,,
"MA","Pittsfield Generating",50002,"2025-01-27",11,,,,,,
"MA","Pittsfield Generating",50002,"2025-01-27",12,,,,,,
"MA","Pittsfield Generating",50002,"2025-01-27",13,,,,,,
"MA","Pittsfield Generating",50002,"2025-01-27",14,,,,,,
"MA","Pittsfield Generating",50002,"2025-01-27",15,,,,,,
"MA","Pittsfield Generating",50002,"2025-01-27",16,,,,,,
"MA","Pittsfield Generating",50002,"2025-01-27",17,,,,,,
"MA","Pittsfield Generating",50002,"2025-01-27",18,,,,,,
"MA","Pittsfield Generating",50002,"2025-01-27",19,,,,,,
"MA","Pittsfield Generating",50002,"2025-01-27",20,,,,,,
"MA","Pittsfield Generating",50002,"2025-01-27",21,,,,,,
"MA","Pittsfield Generating",50002,"2025-01-27",22,,,,,,
"MA","Pittsfield Generating",50002,"2025-01-27",23,,,,,,
"MA","Pittsfield Generating",50002,"2025-01-28",0,,,,,,
"MA","Pittsfield Generating",50002,"2025-01-28",1,,,,,,
"MA","Pittsfield Generating",50002,"2025-01-28",2,,,,,,
"MA","Pittsfield Generating",50002,"2025-01-28",3,,,,,,
"MA","Pittsfield Generating",50002,"2025-01-28",4,,,,,,
"MA","Pittsfield Generating",50002,"2025-01-28",5,,,,,,
"MA","Pittsfield Generating",50002,"2025-01-28",6,,,,,,
"MA","Pittsfield Generating",50002,"2025-01-28",7,,,,,,
"MA","Pittsfield Generating",50002,"2025-01-28",8,,,,,,
"MA","Pittsfield Generating",50002,"2025-01-28",9,,,,,,
"MA","Pittsfield Generating",50002,"2025-01-28",10,,,,,,
"MA","Pittsfield Generating",50002,"2025-01-28",11,,,,,,
"MA","Pittsfield Generating",50002,"2025-01-28",12,,,,,,
"MA","Pittsfield Generating",50002,"2025-01-28",13,,,,,,
"MA","Pittsfield Generating",50002,"2025-01-28",14,,,,,,
"MA","Pittsfield Generating",50002,"2025-01-28",15,,,,,,
"MA","Pittsfield Generating",50002,"2025-01-28",16,,,,,,
"MA","Pittsfield Generating",50002,"2025-01-28",17,,,,,,
"MA","Pittsfield Generating",50002,"2025-01-28",18,,,,,,
"MA","Pittsfield Generating",50002,"2025-01-28",19,,,,,,
"MA","Pittsfield Generating",50002,"2025-01-28",20,,,,,,
"MA","Pittsfield Generating",50002,"2025-01-28",21,,,,,,
"MA","Pittsfield Generating",50002,"2025-01-28",22,,,,,,
"MA","Pittsfield Generating",50002,"2025-01-28",23,,,,,,
"MA","Pittsfield Generating",50002,"2025-01-29",0,,,,,,
"MA","Pittsfield Generating",50002,"2025-01-29",1,,,,,,
"MA","Pittsfield Generating",50002,"2025-01-29",2,,,,,,
"MA","Pittsfield Generating",50002,"2025-01-29",3,,,,,,
"MA","Pittsfield Generating",50002,"2025-01-29",4,,,,,,
"MA","Pittsfield Generating",50002,"2025-01-29",5,,,,,,
"MA","Pittsfield Generating",50002,"2025-01-29",6,,,,,,
"MA","Pittsfield Generating",50002,"2025-01-29",7,,,,,,
"MA","Pittsfield Generating",50002,"2025-01-29",8,,,,,,
"MA","Pittsfield Generating",50002,"2025-01-29",9,,,,,,
"MA","Pittsfield Generating",50002,"2025-01-29",10,,,,,,
"MA","Pittsfield Generating",50002,"2025-01-29",11,,,,,,
"MA","Pittsfield Generating",50002,"2025-01-29",12,,,,,,
"MA","Pittsfield Generating",50002,"2025-01-29",13,,,,,,
"MA","Pittsfield Generating",50002,"2025-01-29",14,,,,,,
"MA","Pittsfield Generating",50002,"2025-01-29",15,,,,,,
"MA","Pittsfield Generating",50002,"2025-01-29",16,,,,,,
"MA","Pittsfield Generating",50002,"2025-01-29",17,,,,,,
"MA","Pittsfield Generating",50002,"2025-01-29",18,,,,,,
"MA","Pittsfield Generating",50002,"2025-01-29",19,,,,,,
"MA","Pittsfield Generating",50002,"2025-01-29",20,,,,,,
"MA","Pittsfield Generating",50002,"2025-01-29",21,,,,,,
"MA","Pittsfield Generating",50002,"2025-01-29",22,,,,,,
"MA","Pittsfield Generating",50002,"2025-01-29",23,,,,,,
"MA","Pittsfield Generating",50002,"2025-01-30",0,,,,,,
"MA","Pittsfield Generating",50002,"2025-01-30",1,,,,,,
"MA","Pittsfield Generating",50002,"2025-01-30",2,,,,,,
"MA","Pittsfield Generating",50002,"2025-01-30",3,,,,,,
"MA","Pittsfield Generating",50002,"2025-01-30",4,,,,,,
"MA","Pittsfield Generating",50002,"2025-01-30",5,,,,,,
"MA","Pittsfield Generating",50002,"2025-01-30",6,,,,,,
"MA","Pittsfield Generating",50002,"2025-01-30",7,,,,,,
"MA","Pittsfield Generating",50002,"2025-01-30",8,,,,,,
"MA","Pittsfield Generating",50002,"2025-01-30",9,,,,,,
"MA","Pittsfield Generating",50002,"2025-01-30",10,,,,,,
"MA","Pittsfield Generating",50002,"2025-01-30",11,,,,,,
"MA","Pittsfield Generating",50002,"2025-01-30",12,,,,,,
"MA","Pittsfield Generating",50002,"2025-01-30",13,,,,,,
"MA","Pittsfield Generating",50002,"2025-01-30",14,,,,,,
"MA","Pittsfield Generating",50002,"2025-01-30",15,,,,,,
"MA","Pittsfield Generating",50002,"2025-01-30",16,,,,,,
"MA","Pittsfield Generating",50002,"2025-01-30",17,,,,,,
"MA","Pittsfield Generating",50002,"2025-01-30",18,,,,,,
"MA","Pittsfield Generating",50002,"2025-01-30",19,,,,,,
"MA","Pittsfield Generating",50002,"2025-01-30",20,,,,,,
"MA","Pittsfield Generating",50002,"2025-01-30",21,,,,,,
"MA","Pittsfield Generating",50002,"2025-01-30",22,,,,,,
"MA","Pittsfield Generating",50002,"2025-01-30",23,,,,,,
"MA","Pittsfield Generating",50002,"2025-01-31",0,,,,,,
"MA","Pittsfield Generating",50002,"2025-01-31",1,,,,,,
"MA","Pittsfield Generating",50002,"2025-01-31",2,,,,,,
"MA","Pittsfield Generating",50002,"2025-01-31",3,,,,,,
"MA","Pittsfield Generating",50002,"2025-01-31",4,,,,,,
"MA","Pittsfield Generating",50002,"2025-01-31",5,,,,,,
"MA","Pittsfield Generating",50002,"2025-01-31",6,,,,,,
"MA","Pittsfield Generating",50002,"2025-01-31",7,,,,,,
"MA","Pittsfield Generating",50002,"2025-01-31",8,,,,,,
"MA","Pittsfield Generating",50002,"2025-01-31",9,,,,,,
"MA","Pittsfield Generating",50002,"2025-01-31",10,,,,,,
"MA","Pittsfield Generating",50002,"2025-01-31",11,,,,,,
"MA","Pittsfield Generating",50002,"2025-01-31",12,,,,,,
"MA","Pittsfield Generating",50002,"2025-01-31",13,,,,,,
"MA","Pittsfield Generating",50002,"2025-01-31",14,,,,,,
"MA","Pittsfield Generating",50002,"2025-01-31",15,,,,,,
"MA","Pittsfield Generating",50002,"2025-01-31",16,,,,,,
"MA","Pittsfield Generating",50002,"2025-01-31",17,,,,,,
"MA","Pittsfield Generating",50002,"2025-01-31",18,,,,,,
"MA","Pittsfield Generating",50002,"2025-01-31",19,,,,,,
"MA","Pittsfield Generating",50002,"2025-01-31",20,,,,,,
"MA","Pittsfield Generating",50002,"2025-01-31",21,,,,,,
"MA","Pittsfield Generating",50002,"2025-01-31",22,,,,,,
"MA","Pittsfield Generating",50002,"2025-01-31",23,,,,,,
"MA","Pittsfield Generating",50002,"2025-02-01",0,,,,,,
"MA","Pittsfield Generating",50002,"2025-02-01",1,,,,,,
"MA","Pittsfield Generating",50002,"2025-02-01",2,,,,,,
"MA","Pittsfield Generating",50002,"2025-02-01",3,,,,,,
"MA","Pittsfield Generating",50002,"2025-02-01",4,,,,,,
"MA","Pittsfield Generating",50002,"2025-02-01",5,,,,,,
"MA","Pittsfield Generating",50002,"2025-02-01",6,,,,,,
"MA","Pittsfield Generating",50002,"2025-02-01",7,,,,,,
"MA","Pittsfield Generating",50002,"2025-02-01",8,,,,,,
"MA","Pittsfield Generating",50002,"2025-02-01",9,,,,,,
"MA","Pittsfield Generating",50002,"2025-02-01",10,,,,,,
"MA","Pittsfield Generating",50002,"2025-02-01",11,,,,,,
"MA","Pittsfield Generating",50002,"2025-02-01",12,,,,,,
"MA","Pittsfield Generating",50002,"2025-02-01",13,,,,,,
"MA","Pittsfield Generating",50002,"2025-02-01",14,,,,,,
"MA","Pittsfield Generating",50002,"2025-02-01",15,,,,,,
"MA","Pittsfield Generating",50002,"2025-02-01",16,,,,,,
"MA","Pittsfield Generating",50002,"2025-02-01",17,,,,,,
"MA","Pittsfield Generating",50002,"2025-02-01",18,,,,,,
"MA","Pittsfield Generating",50002,"2025-02-01",19,,,,,,
"MA","Pittsfield Generating",50002,"2025-02-01",20,,,,,,
"MA","Pittsfield Generating",50002,"2025-02-01",21,,,,,,
"MA","Pittsfield Generating",50002,"2025-02-01",22,,,,,,
"MA","Pittsfield Generating",50002,"2025-02-01",23,,,,,,
"MA","Pittsfield Generating",50002,"2025-02-02",0,,,,,,
"MA","Pittsfield Generating",50002,"2025-02-02",1,,,,,,
"MA","Pittsfield Generating",50002,"2025-02-02",2,,,,,,
"MA","Pittsfield Generating",50002,"2025-02-02",3,,,,,,
"MA","Pittsfield Generating",50002,"2025-02-02",4,,,,,,
"MA","Pittsfield Generating",50002,"2025-02-02",5,,,,,,
"MA","Pittsfield Generating",50002,"2025-02-02",6,,,,,,
"MA","Pittsfield Generating",50002,"2025-02-02",7,,,,,,
"MA","Pittsfield Generating",50002,"2025-02-02",8,,,,,,
"MA","Pittsfield Generating",50002,"2025-02-02",9,,,,,,
"MA","Pittsfield Generating",50002,"2025-02-02",10,,,,,,
"MA","Pittsfield Generating",50002,"2025-02-02",11,,,,,,
"MA","Pittsfield Generating",50002,"2025-02-02",12,,,,,,
"MA","Pittsfield Generating",50002,"2025-02-02",13,,,,,,
"MA","Pittsfield Generating",50002,"2025-02-02",14,,,,,,
"MA","Pittsfield Generating",50002,"2025-02-02",15,,,,,,
"MA","Pittsfield Generating",50002,"2025-02-02",16,,,,,,
"MA","Pittsfield Generating",50002,"2025-02-02",17,,,,,,
"MA","Pittsfield Generating",50002,"2025-02-02",18,,,,,,
"MA","Pittsfield Generating",50002,"2025-02-02",19,,,,,,
"MA","Pittsfield Generating",50002,"2025-02-02",20,,,,,,
"MA","Pittsfield Generating",50002,"2025-02-02",21,,,,,,
"MA","Pittsfield Generating",50002,"2025-02-02",22,,,,,,
"MA","Pittsfield Generating",50002,"2025-02-02",23,,,,,,
"MA","Pittsfield Generating",50002,"2025-02-03",0,,,,,,
"MA","Pittsfield Generating",50002,"2025-02-03",1,,,,,,
"MA","Pittsfield Generating",50002,"2025-02-03",2,,,,,,
"MA","Pittsfield Generating",50002,"2025-02-03",3,,,,,,
"MA","Pittsfield Generating",50002,"2025-02-03",4,,,,,,
"MA","Pittsfield Generating",50002,"2025-02-03",5,,,,,,
"MA","Pittsfield Generating",50002,"2025-02-03",6,,,,,,
"MA","Pittsfield Generating",50002,"2025-02-03",7,,,,,,
"MA","Pittsfield Generating",50002,"2025-02-03",8,,,,,,
"MA","Pittsfield Generating",50002,"2025-02-03",9,,,,,,
"MA","Pittsfield Generating",50002,"2025-02-03",10,,,,,,
"MA","Pittsfield Generating",50002,"2025-02-03",11,,,,,,
"MA","Pittsfield Generating",50002,"2025-02-03",12,,,,,,
"MA","Pittsfield Generating",50002,"2025-02-03",13,,,,,,
"MA","Pittsfield Generating",50002,"2025-02-03",14,,,,,,
"MA","Pittsfield Generating",50002,"2025-02-03",15,,,,,,
"MA","Pittsfield Generating",50002,"2025-02-03",16,,,,,,
"MA","Pittsfield Generating",50002,"2025-02-03",17,,,,,,
"MA","Pittsfield Generating",50002,"2025-02-03",18,,,,,,
"MA","Pittsfield Generating",50002,"2025-02-03",19,,,,,,
"MA","Pittsfield Generating",50002,"2025-02-03",20,,,,,,
"MA","Pittsfield Generating",50002,"2025-02-03",21,,,,,,
"MA","Pittsfield Generating",50002,"2025-02-03",22,,,,,,
"MA","Pittsfield Generating",50002,"2025-02-03",23,,,,,,
"MA","Pittsfield Generating",50002,"2025-02-04",0,,,,,,
"MA","Pittsfield Generating",50002,"2025-02-04",1,,,,,,
"MA","Pittsfield Generating",50002,"2025-02-04",2,,,,,,
"MA","Pittsfield Generating",50002,"2025-02-04",3,,,,,,
"MA","Pittsfield Generating",50002,"2025-02-04",4,,,,,,
"MA","Pittsfield Generating",50002,"2025-02-04",5,,,,,,
"MA","Pittsfield Generating",50002,"2025-02-04",6,,,,,,
"MA","Pittsfield Generating",50002,"2025-02-04",7,,,,,,
"MA","Pittsfield Generating",50002,"2025-02-04",8,,,,,,
"MA","Pittsfield Generating",50002,"2025-02-04",9,,,,,,
"MA","Pittsfield Generating",50002,"2025-02-04",10,,,,,,
"MA","Pittsfield Generating",50002,"2025-02-04",11,,,,,,
"MA","Pittsfield Generating",50002,"2025-02-04",12,,,,,,
"MA","Pittsfield Generating",50002,"2025-02-04",13,,,,,,
"MA","Pittsfield Generating",50002,"2025-02-04",14,,,,,,
"MA","Pittsfield Generating",50002,"2025-02-04",15,,,,,,
"MA","Pittsfield Generating",50002,"2025-02-04",16,,,,,,
"MA","Pittsfield Generating",50002,"2025-02-04",17,,,,,,
"MA","Pittsfield Generating",50002,"2025-02-04",18,,,,,,
"MA","Pittsfield Generating",50002,"2025-02-04",19,,,,,,
"MA","Pittsfield Generating",50002,"2025-02-04",20,,,,,,
"MA","Pittsfield Generating",50002,"2025-02-04",21,,,,,,
"MA","Pittsfield Generating",50002,"2025-02-04",22,,,,,,
"MA","Pittsfield Generating",50002,"2025-02-04",23,,,,,,
"MA","Pittsfield Generating",50002,"2025-02-05",0,,,,,,
"MA","Pittsfield Generating",50002,"2025-02-05",1,,,,,,
"MA","Pittsfield Generating",50002,"2025-02-05",2,,,,,,
"MA","Pittsfield Generating",50002,"2025-02-05",3,,,,,,
"MA","Pittsfield Generating",50002,"2025-02-05",4,,,,,,
"MA","Pittsfield Generating",50002,"2025-02-05",5,,,,,,
"MA","Pittsfield Generating",50002,"2025-02-05",6,,,,,,
"MA","Pittsfield Generating",50002,"2025-02-05",7,,,,,,
"MA","Pittsfield Generating",50002,"2025-02-05",8,,,,,,
"MA","Pittsfield Generating",50002,"2025-02-05",9,,,,,,
"MA","Pittsfield Generating",50002,"2025-02-05",10,,,,,,
"MA","Pittsfield Generating",50002,"2025-02-05",11,,,,,,
"MA","Pittsfield Generating",50002,"2025-02-05",12,,,,,,
"MA","Pittsfield Generating",50002,"2025-02-05",13,,,,,,
"MA","Pittsfield Generating",50002,"2025-02-05",14,,,,,,
"MA","Pittsfield Generating",50002,"2025-02-05",15,,,,,,
"MA","Pittsfield Generating",50002,"2025-02-05",16,,,,,,
"MA","Pittsfield Generating",50002,"2025-02-05",17,,,,,,
"MA","Pittsfield Generating",50002,"2025-02-05",18,,,,,,
"MA","Pittsfield Generating",50002,"2025-02-05",19,,,,,,
"MA","Pittsfield Generating",50002,"2025-02-05",20,,,,,,
"MA","Pittsfield Generating",50002,"2025-02-05",21,,,,,,
"MA","Pittsfield Generating",50002,"2025-02-05",22,,,,,,
"MA","Pittsfield Generating",50002,"2025-02-05",23,,,,,,
"MA","Pittsfield Generating",50002,"2025-02-06",0,,,,,,
"MA","Pittsfield Generating",50002,"2025-02-06",1,,,,,,
"MA","Pittsfield Generating",50002,"2025-02-06",2,,,,,,
"MA","Pittsfield Generating",50002,"2025-02-06",3,,,,,,
"MA","Pittsfield Generating",50002,"2025-02-06",4,,,,,,
"MA","Pittsfield Generating",50002,"2025-02-06",5,,,,,,
"MA","Pittsfield Generating",50002,"2025-02-06",6,,,,,,
"MA","Pittsfield Generating",50002,"2025-02-06",7,,,,,,
"MA","Pittsfield Generating",50002,"2025-02-06",8,,,,,,
"MA","Pittsfield Generating",50002,"2025-02-06",9,,,,,,
"MA","Pittsfield Generating",50002,"2025-02-06",10,,,,,,
"MA","Pittsfield Generating",50002,"2025-02-06",11,,,,,,
"MA","Pittsfield Generating",50002,"2025-02-06",12,,,,,,
"MA","Pittsfield Generating",50002,"2025-02-06",13,,,,,,
"MA","Pittsfield Generating",50002,"2025-02-06",14,,,,,,
"MA","Pittsfield Generating",50002,"2025-02-06",15,,,,,,
"MA","Pittsfield Generating",50002,"2025-02-06",16,,,,,,
"MA","Pittsfield Generating",50002,"2025-02-06",17,,,,,,
"MA","Pittsfield Generating",50002,"2025-02-06",18,,,,,,
"MA","Pittsfield Generating",50002,"2025-02-06",19,,,,,,
"MA","Pittsfield Generating",50002,"2025-02-06",20,,,,,,
"MA","Pittsfield Generating",50002,"2025-02-06",21,,,,,,
"MA","Pittsfield Generating",50002,"2025-02-06",22,,,,,,
"MA","Pittsfield Generating",50002,"2025-02-06",23,,,,,,
"MA","Pittsfield Generating",50002,"2025-02-07",0,,,,,,
"MA","Pittsfield Generating",50002,"2025-02-07",1,,,,,,
"MA","Pittsfield Generating",50002,"2025-02-07",2,,,,,,
"MA","Pittsfield Generating",50002,"2025-02-07",3,,,,,,
"MA","Pittsfield Generating",50002,"2025-02-07",4,,,,,,
"MA","Pittsfield Generating",50002,"2025-02-07",5,,,,,,
"MA","Pittsfield Generating",50002,"2025-02-07",6,,,,,,
"MA","Pittsfield Generating",50002,"2025-02-07",7,,,,,,
"MA","Pittsfield Generating",50002,"2025-02-07",8,,,,,,
"MA","Pittsfield Generating",50002,"2025-02-07",9,,,,,,
"MA","Pittsfield Generating",50002,"2025-02-07",10,,,,,,
"MA","Pittsfield Generating",50002,"2025-02-07",11,,,,,,
"MA","Pittsfield Generating",50002,"2025-02-07",12,,,,,,
"MA","Pittsfield Generating",50002,"2025-02-07",13,,,,,,
"MA","Pittsfield Generating",50002,"2025-02-07",14,,,,,,
"MA","Pittsfield Generating",50002,"2025-02-07",15,,,,,,
"MA","Pittsfield Generating",50002,"2025-02-07",16,,,,,,
"MA","Pittsfield Generating",50002,"2025-02-07",17,,,,,,
"MA","Pittsfield Generating",50002,"2025-02-07",18,,,,,,
"MA","Pittsfield Generating",50002,"2025-02-07",19,,,,,,
"MA","Pittsfield Generating",50002,"2025-02-07",20,,,,,,
"MA","Pittsfield Generating",50002,"2025-02-07",21,,,,,,
"MA","Pittsfield Generating",50002,"2025-02-07",22,,,,,,
"MA","Pittsfield Generating",50002,"2025-02-07",23,,,,,,
"MA","Pittsfield Generating",50002,"2025-02-08",0,,,,,,
"MA","Pittsfield Generating",50002,"2025-02-08",1,,,,,,
"MA","Pittsfield Generating",50002,"2025-02-08",2,,,,,,
"MA","Pittsfield Generating",50002,"2025-02-08",3,,,,,,
"MA","Pittsfield Generating",50002,"2025-02-08",4,,,,,,
"MA","Pittsfield Generating",50002,"2025-02-08",5,,,,,,
"MA","Pittsfield Generating",50002,"2025-02-08",6,,,,,,
"MA","Pittsfield Generating",50002,"2025-02-08",7,,,,,,
"MA","Pittsfield Generating",50002,"2025-02-08",8,,,,,,
"MA","Pittsfield Generating",50002,"2025-02-08",9,,,,,,
"MA","Pittsfield Generating",50002,"2025-02-08",10,,,,,,
"MA","Pittsfield Generating",50002,"2025-02-08",11,,,,,,
"MA","Pittsfield Generating",50002,"2025-02-08",12,,,,,,
"MA","Pittsfield Generating",50002,"2025-02-08",13,,,,,,
"MA","Pittsfield Generating",50002,"2025-02-08",14,,,,,,
"MA","Pittsfield Generating",50002,"2025-02-08",15,,,,,,
"MA","Pittsfield Generating",50002,"2025-02-08",16,,,,,,
"MA","Pittsfield Generating",50002,"2025-02-08",17,,,,,,
"MA","Pittsfield Generating",50002,"2025-02-08",18,,,,,,
"MA","Pittsfield Generating",50002,"2025-02-08",19,,,,,,
"MA","Pittsfield Generating",50002,"2025-02-08",20,,,,,,
"MA","Pittsfield Generating",50002,"2025-02-08",21,,,,,,
"MA","Pittsfield Generating",50002,"2025-02-08",22,,,,,,
"MA","Pittsfield Generating",50002,"2025-02-08",23,,,,,,
"MA","Pittsfield Generating",50002,"2025-02-09",0,,,,,,
"MA","Pittsfield Generating",50002,"2025-02-09",1,,,,,,
"MA","Pittsfield Generating",50002,"2025-02-09",2,,,,,,
"MA","Pittsfield Generating",50002,"2025-02-09",3,,,,,,
"MA","Pittsfield Generating",50002,"2025-02-09",4,,,,,,
"MA","Pittsfield Generating",50002,"2025-02-09",5,,,,,,
"MA","Pittsfield Generating",50002,"2025-02-09",6,,,,,,
"MA","Pittsfield Generating",50002,"2025-02-09",7,,,,,,
"MA","Pittsfield Generating",50002,"2025-02-09",8,,,,,,
"MA","Pittsfield Generating",50002,"2025-02-09",9,,,,,,
"MA","Pittsfield Generating",50002,"2025-02-09",10,,,,,,
"MA","Pittsfield Generating",50002,"2025-02-09",11,,,,,,
"MA","Pittsfield Generating",50002,"2025-02-09",12,,,,,,
"MA","Pittsfield Generating",50002,"2025-02-09",13,,,,,,
"MA","Pittsfield Generating",50002,"2025-02-09",14,,,,,,
"MA","Pittsfield Generating",50002,"2025-02-09",15,,,,,,
"MA","Pittsfield Generating",50002,"2025-02-09",16,,,,,,
"MA","Pittsfield Generating",50002,"2025-02-09",17,,,,,,
"MA","Pittsfield Generating",50002,"2025-02-09",18,,,,,,
"MA","Pittsfield Generating",50002,"2025-02-09",19,,,,,,
"MA","Pittsfield Generating",50002,"2025-02-09",20,,,,,,
"MA","Pittsfield Generating",50002,"2025-02-09",21,,,,,,
"MA","Pittsfield Generating",50002,"2025-02-09",22,,,,,,
"MA","Pittsfield Generating",50002,"2025-02-09",23,,,,,,
"MA","Pittsfield Generating",50002,"2025-02-10",0,,,,,,
"MA","Pittsfield Generating",50002,"2025-02-10",1,,,,,,
"MA","Pittsfield Generating",50002,"2025-02-10",2,,,,,,
"MA","Pittsfield Generating",50002,"2025-02-10",3,6,,,1.485,2.835,25.11
"MA","Pittsfield Generating",50002,"2025-02-10",4,22,,,17.544,55.458,295.652
"MA","Pittsfield Generating",50002,"2025-02-10",5,62,,,48.301,42.571,812.528
"MA","Pittsfield Generating",50002,"2025-02-10",6,93,,,70.9,21.6,1192.8
"MA","Pittsfield Generating",50002,"2025-02-10",7,99,,,73.6,15.3,1239
"MA","Pittsfield Generating",50002,"2025-02-10",8,99,,,62.095,34.73,1043.815
"MA","Pittsfield Generating",50002,"2025-02-10",9,91,,,65.948,24.612,1109.182
"MA","Pittsfield Generating",50002,"2025-02-10",10,125,,,88,28.6,1480
"MA","Pittsfield Generating",50002,"2025-02-10",11,125,,,88.3,27.8,1486.8
"MA","Pittsfield Generating",50002,"2025-02-10",12,123,,,87.6,28,1473.9
"MA","Pittsfield Generating",50002,"2025-02-10",13,121,,,104.8,38.3,1364.2
"MA","Pittsfield Generating",50002,"2025-02-10",14,119,,,107.7,37.6,1326.5
"MA","Pittsfield Generating",50002,"2025-02-10",15,90,,,43.74,12.898,538.446
"MA","Pittsfield Generating",50002,"2025-02-10",16,,,,,,
"MA","Pittsfield Generating",50002,"2025-02-10",17,,,,,,
"MA","Pittsfield Generating",50002,"2025-02-10",18,,,,,,
"MA","Pittsfield Generating",50002,"2025-02-10",19,,,,,,
"MA","Pittsfield Generating",50002,"2025-02-10",20,,,,,,
"MA","Pittsfield Generating",50002,"2025-02-10",21,,,,,,
"MA","Pittsfield Generating",50002,"2025-02-10",22,,,,,,
"MA","Pittsfield Generating",50002,"2025-02-10",23,,,,,,
"MA","Pittsfield Generating",50002,"2025-02-11",0,,,,,,
"MA","Pittsfield Generating",50002,"2025-02-11",1,,,,,,
"MA","Pittsfield Generating",50002,"2025-02-11",2,,,,,,
"MA","Pittsfield Generating",50002,"2025-02-11",3,,,,,,
"MA","Pittsfield Generating",50002,"2025-02-11",4,,,,,,
"MA","Pittsfield Generating",50002,"2025-02-11",5,,,,,,
"MA","Pittsfield Generating",50002,"2025-02-11",6,,,,,,
"MA","Pittsfield Generating",50002,"2025-02-11",7,,,,,,
"MA","Pittsfield Generating",50002,"2025-02-11",8,,,,,,
"MA","Pittsfield Generating",50002,"2025-02-11",9,,,,,,
"MA","Pittsfield Generating",50002,"2025-02-11",10,,,,,,
"MA","Pittsfield Generating",50002,"2025-02-11",11,,,,,,
"MA","Pittsfield Generating",50002,"2025-02-11",12,,,,,,
"MA","Pittsfield Generating",50002,"2025-02-11",13,,,,,,
"MA","Pittsfield Generating",50002,"2025-02-11",14,,,,,,
"MA","Pittsfield Generating",50002,"2025-02-11",15,,,,,,
"MA","Pittsfield Generating",50002,"2025-02-11",16,,,,,,
"MA","Pittsfield Generating",50002,"2025-02-11",17,,,,,,
"MA","Pittsfield Generating",50002,"2025-02-11",18,,,,,,
"MA","Pittsfield Generating",50002,"2025-02-11",19,,,,,,
"MA","Pittsfield Generating",50002,"2025-02-11",20,,,,,,
"MA","Pittsfield Generating",50002,"2025-02-11",21,,,,,,
"MA","Pittsfield Generating",50002,"2025-02-11",22,,,,,,
"MA","Pittsfield Generating",50002,"2025-02-11",23,,,,,,
"MA","Pittsfield Generating",50002,"2025-02-12",0,,,,,,
"MA","Pittsfield Generating",50002,"2025-02-12",1,,,,,,
"MA","Pittsfield Generating",50002,"2025-02-12",2,,,,,,
"MA","Pittsfield Generating",50002,"2025-02-12",3,,,,,,
"MA","Pittsfield Generating",50002,"2025-02-12",4,,,,,,
"MA","Pittsfield Generating",50002,"2025-02-12",5,,,,,,
"MA","Pittsfield Generating",50002,"2025-02-12",6,,,,,,
"MA","Pittsfield Generating",50002,"2025-02-12",7,,,,,,
"MA","Pittsfield Generating",50002,"2025-02-12",8,,,,,,
"MA","Pittsfield Generating",50002,"2025-02-12",9,,,,,,
"MA","Pittsfield Generating",50002,"2025-02-12",10,,,,,,
"MA","Pittsfield Generating",50002,"2025-02-12",11,,,,,,
"MA","Pittsfield Generating",50002,"2025-02-12",12,,,,,,
"MA","Pittsfield Generating",50002,"2025-02-12",13,,,,,,
"MA","Pittsfield Generating",50002,"2025-02-12",14,,,,,,
"MA","Pittsfield Generating",50002,"2025-02-12",15,,,,,,
"MA","Pittsfield Generating",50002,"2025-02-12",16,,,,,,
"MA","Pittsfield Generating",50002,"2025-02-12",17,,,,,,
"MA","Pittsfield Generating",50002,"2025-02-12",18,,,,,,
"MA","Pittsfield Generating",50002,"2025-02-12",19,,,,,,
"MA","Pittsfield Generating",50002,"2025-02-12",20,,,,,,
"MA","Pittsfield Generating",50002,"2025-02-12",21,,,,,,
"MA","Pittsfield Generating",50002,"2025-02-12",22,,,,,,
"MA","Pittsfield Generating",50002,"2025-02-12",23,,,,,,
"MA","Pittsfield Generating",50002,"2025-02-13",0,,,,,,
"MA","Pittsfield Generating",50002,"2025-02-13",1,,,,,,
"MA","Pittsfield Generating",50002,"2025-02-13",2,,,,,,
"MA","Pittsfield Generating",50002,"2025-02-13",3,,,,,,
"MA","Pittsfield Generating",50002,"2025-02-13",4,,,,,,
"MA","Pittsfield Generating",50002,"2025-02-13",5,,,,,,
"MA","Pittsfield Generating",50002,"2025-02-13",6,,,,,,
"MA","Pittsfield Generating",50002,"2025-02-13",7,,,,,,
"MA","Pittsfield Generating",50002,"2025-02-13",8,,,,,,
"MA","Pittsfield Generating",50002,"2025-02-13",9,,,,,,
"MA","Pittsfield Generating",50002,"2025-02-13",10,,,,,,
"MA","Pittsfield Generating",50002,"2025-02-13",11,,,,,,
"MA","Pittsfield Generating",50002,"2025-02-13",12,,,,,,
"MA","Pittsfield Generating",50002,"2025-02-13",13,,,,,,
"MA","Pittsfield Generating",50002,"2025-02-13",14,,,,,,
"MA","Pittsfield Generating",50002,"2025-02-13",15,,,,,,
"MA","Pittsfield Generating",50002,"2025-02-13",16,,,,,,
"MA","Pittsfield Generating",50002,"2025-02-13",17,,,,,,
"MA","Pittsfield Generating",50002,"2025-02-13",18,,,,,,
"MA","Pittsfield Generating",50002,"2025-02-13",19,,,,,,
"MA","Pittsfield Generating",50002,"2025-02-13",20,,,,,,
"MA","Pittsfield Generating",50002,"2025-02-13",21,,,,,,
"MA","Pittsfield Generating",50002,"2025-02-13",22,,,,,,
"MA","Pittsfield Generating",50002,"2025-02-13",23,,,,,,
"MA","Pittsfield Generating",50002,"2025-02-14",0,,,,,,
"MA","Pittsfield Generating",50002,"2025-02-14",1,,,,,,
"MA","Pittsfield Generating",50002,"2025-02-14",2,,,,,,
"MA","Pittsfield Generating",50002,"2025-02-14",3,,,,,,
"MA","Pittsfield Generating",50002,"2025-02-14",4,,,,,,
"MA","Pittsfield Generating",50002,"2025-02-14",5,,,,,,
"MA","Pittsfield Generating",50002,"2025-02-14",6,,,,,,
"MA","Pittsfield Generating",50002,"2025-02-14",7,,,,,,
"MA","Pittsfield Generating",50002,"2025-02-14",8,,,,,,
"MA","Pittsfield Generating",50002,"2025-02-14",9,,,,,,
"MA","Pittsfield Generating",50002,"2025-02-14",10,,,,,,
"MA","Pittsfield Generating",50002,"2025-02-14",11,,,,,,
"MA","Pittsfield Generating",50002,"2025-02-14",12,,,,,,
"MA","Pittsfield Generating",50002,"2025-02-14",13,,,,,,
"MA","Pittsfield Generating",50002,"2025-02-14",14,,,,,,
"MA","Pittsfield Generating",50002,"2025-02-14",15,,,,,,
"MA","Pittsfield Generating",50002,"2025-02-14",16,,,,,,
"MA","Pittsfield Generating",50002,"2025-02-14",17,,,,,,
"MA","Pittsfield Generating",50002,"2025-02-14",18,,,,,,
"MA","Pittsfield Generating",50002,"2025-02-14",19,,,,,,
"MA","Pittsfield Generating",50002,"2025-02-14",20,,,,,,
"MA","Pittsfield Generating",50002,"2025-02-14",21,,,,,,
"MA","Pittsfield Generating",50002,"2025-02-14",22,,,,,,
"MA","Pittsfield Generating",50002,"2025-02-14",23,,,,,,
"MA","Pittsfield Generating",50002,"2025-02-15",0,,,,,,
"MA","Pittsfield Generating",50002,"2025-02-15",1,,,,,,
"MA","Pittsfield Generating",50002,"2025-02-15",2,,,,,,
"MA","Pittsfield Generating",50002,"2025-02-15",3,,,,,,
"MA","Pittsfield Generating",50002,"2025-02-15",4,,,,,,
"MA","Pittsfield Generating",50002,"2025-02-15",5,,,,,,
"MA","Pittsfield Generating",50002,"2025-02-15",6,,,,,,
"MA","Pittsfield Generating",50002,"2025-02-15",7,,,,,,
"MA","Pittsfield Generating",50002,"2025-02-15",8,,,,,,
"MA","Pittsfield Generating",50002,"2025-02-15",9,,,,,,
"MA","Pittsfield Generating",50002,"2025-02-15",10,,,,,,
"MA","Pittsfield Generating",50002,"2025-02-15",11,,,,,,
"MA","Pittsfield Generating",50002,"2025-02-15",12,,,,,,
"MA","Pittsfield Generating",50002,"2025-02-15",13,,,,,,
"MA","Pittsfield Generating",50002,"2025-02-15",14,,,,,,
"MA","Pittsfield Generating",50002,"2025-02-15",15,,,,,,
"MA","Pittsfield Generating",50002,"2025-02-15",16,,,,,,
"MA","Pittsfield Generating",50002,"2025-02-15",17,,,,,,
"MA","Pittsfield Generating",50002,"2025-02-15",18,,,,,,
"MA","Pittsfield Generating",50002,"2025-02-15",19,,,,,,
"MA","Pittsfield Generating",50002,"2025-02-15",20,,,,,,
"MA","Pittsfield Generating",50002,"2025-02-15",21,,,,,,
"MA","Pittsfield Generating",50002,"2025-02-15",22,,,,,,
"MA","Pittsfield Generating",50002,"2025-02-15",23,,,,,,
"MA","Pittsfield Generating",50002,"2025-02-16",0,,,,,,
"MA","Pittsfield Generating",50002,"2025-02-16",1,,,,,,
"MA","Pittsfield Generating",50002,"2025-02-16",2,,,,,,
"MA","Pittsfield Generating",50002,"2025-02-16",3,,,,,,
"MA","Pittsfield Generating",50002,"2025-02-16",4,,,,,,
"MA","Pittsfield Generating",50002,"2025-02-16",5,,,,,,
"MA","Pittsfield Generating",50002,"2025-02-16",6,,,,,,
"MA","Pittsfield Generating",50002,"2025-02-16",7,,,,,,
"MA","Pittsfield Generating",50002,"2025-02-16",8,,,,,,
"MA","Pittsfield Generating",50002,"2025-02-16",9,,,,,,
"MA","Pittsfield Generating",50002,"2025-02-16",10,,,,,,
"MA","Pittsfield Generating",50002,"2025-02-16",11,,,,,,
"MA","Pittsfield Generating",50002,"2025-02-16",12,,,,,,
"MA","Pittsfield Generating",50002,"2025-02-16",13,,,,,,
"MA","Pittsfield Generating",50002,"2025-02-16",14,,,,,,
"MA","Pittsfield Generating",50002,"2025-02-16",15,,,,,,
"MA","Pittsfield Generating",50002,"2025-02-16",16,,,,,,
"MA","Pittsfield Generating",50002,"2025-02-16",17,,,,,,
"MA","Pittsfield Generating",50002,"2025-02-16",18,,,,,,
"MA","Pittsfield Generating",50002,"2025-02-16",19,,,,,,
"MA","Pittsfield Generating",50002,"2025-02-16",20,,,,,,
"MA","Pittsfield Generating",50002,"2025-02-16",21,,,,,,
"MA","Pittsfield Generating",50002,"2025-02-16",22,,,,,,
"MA","Pittsfield Generating",50002,"2025-02-16",23,,,,,,
"MA","Pittsfield Generating",50002,"2025-02-17",0,,,,,,
"MA","Pittsfield Generating",50002,"2025-02-17",1,,,,,,
"MA","Pittsfield Generating",50002,"2025-02-17",2,,,,,,
"MA","Pittsfield Generating",50002,"2025-02-17",3,,,,,,
"MA","Pittsfield Generating",50002,"2025-02-17",4,,,,,,
"MA","Pittsfield Generating",50002,"2025-02-17",5,,,,,,
"MA","Pittsfield Generating",50002,"2025-02-17",6,,,,,,
"MA","Pittsfield Generating",50002,"2025-02-17",7,,,,,,
"MA","Pittsfield Generating",50002,"2025-02-17",8,,,,,,
"MA","Pittsfield Generating",50002,"2025-02-17",9,,,,,,
"MA","Pittsfield Generating",50002,"2025-02-17",10,,,,,,
"MA","Pittsfield Generating",50002,"2025-02-17",11,,,,,,
"MA","Pittsfield Generating",50002,"2025-02-17",12,,,,,,
"MA","Pittsfield Generating",50002,"2025-02-17",13,,,,,,
"MA","Pittsfield Generating",50002,"2025-02-17",14,,,,,,
"MA","Pittsfield Generating",50002,"2025-02-17",15,,,,,,
"MA","Pittsfield Generating",50002,"2025-02-17",16,,,,,,
"MA","Pittsfield Generating",50002,"2025-02-17",17,,,,,,
"MA","Pittsfield Generating",50002,"2025-02-17",18,,,,,,
"MA","Pittsfield Generating",50002,"2025-02-17",19,,,,,,
"MA","Pittsfield Generating",50002,"2025-02-17",20,,,,,,
"MA","Pittsfield Generating",50002,"2025-02-17",21,,,,,,
"MA","Pittsfield Generating",50002,"2025-02-17",22,,,,,,
"MA","Pittsfield Generating",50002,"2025-02-17",23,,,,,,
"MA","Pittsfield Generating",50002,"2025-02-18",0,,,,,,
"MA","Pittsfield Generating",50002,"2025-02-18",1,,,,,,
"MA","Pittsfield Generating",50002,"2025-02-18",2,,,,,,
"MA","Pittsfield Generating",50002,"2025-02-18",3,,,,,,
"MA","Pittsfield Generating",50002,"2025-02-18",4,,,,,,
"MA","Pittsfield Generating",50002,"2025-02-18",5,,,,,,
"MA","Pittsfield Generating",50002,"2025-02-18",6,,,,,,
"MA","Pittsfield Generating",50002,"2025-02-18",7,,,,,,
"MA","Pittsfield Generating",50002,"2025-02-18",8,,,,,,
"MA","Pittsfield Generating",50002,"2025-02-18",9,,,,,,
"MA","Pittsfield Generating",50002,"2025-02-18",10,,,,,,
"MA","Pittsfield Generating",50002,"2025-02-18",11,,,,,,
"MA","Pittsfield Generating",50002,"2025-02-18",12,,,,,,
"MA","Pittsfield Generating",50002,"2025-02-18",13,,,,,,
"MA","Pittsfield Generating",50002,"2025-02-18",14,,,,,,
"MA","Pittsfield Generating",50002,"2025-02-18",15,,,,,,
"MA","Pittsfield Generating",50002,"2025-02-18",16,,,,,,
"MA","Pittsfield Generating",50002,"2025-02-18",17,,,,,,
"MA","Pittsfield Generating",50002,"2025-02-18",18,,,,,,
"MA","Pittsfield Generating",50002,"2025-02-18",19,,,,,,
"MA","Pittsfield Generating",50002,"2025-02-18",20,,,,,,
"MA","Pittsfield Generating",50002,"2025-02-18",21,,,,,,
"MA","Pittsfield Generating",50002,"2025-02-18",22,,,,,,
"MA","Pittsfield Generating",50002,"2025-02-18",23,,,,,,
"MA","Pittsfield Generating",50002,"2025-02-19",0,,,,,,
"MA","Pittsfield Generating",50002,"2025-02-19",1,,,,,,
"MA","Pittsfield Generating",50002,"2025-02-19",2,,,,,,
"MA","Pittsfield Generating",50002,"2025-02-19",3,,,,,,
"MA","Pittsfield Generating",50002,"2025-02-19",4,,,,,,
"MA","Pittsfield Generating",50002,"2025-02-19",5,,,,,,
"MA","Pittsfield Generating",50002,"2025-02-19",6,,,,,,
"MA","Pittsfield Generating",50002,"2025-02-19",7,,,,,,
"MA","Pittsfield Generating",50002,"2025-02-19",8,,,,,,
"MA","Pittsfield Generating",50002,"2025-02-19",9,,,,,,
"MA","Pittsfield Generating",50002,"2025-02-19",10,,,,,,
"MA","Pittsfield Generating",50002,"2025-02-19",11,,,,,,
"MA","Pittsfield Generating",50002,"2025-02-19",12,,,,,,
"MA","Pittsfield Generating",50002,"2025-02-19",13,,,,,,
"MA","Pittsfield Generating",50002,"2025-02-19",14,,,,,,
"MA","Pittsfield Generating",50002,"2025-02-19",15,,,,,,
"MA","Pittsfield Generating",50002,"2025-02-19",16,,,,,,
"MA","Pittsfield Generating",50002,"2025-02-19",17,,,,,,
"MA","Pittsfield Generating",50002,"2025-02-19",18,,,,,,
"MA","Pittsfield Generating",50002,"2025-02-19",19,,,,,,
"MA","Pittsfield Generating",50002,"2025-02-19",20,,,,,,
"MA","Pittsfield Generating",50002,"2025-02-19",21,,,,,,
"MA","Pittsfield Generating",50002,"2025-02-19",22,,,,,,
"MA","Pittsfield Generating",50002,"2025-02-19",23,,,,,,
"MA","Pittsfield Generating",50002,"2025-02-20",0,,,,,,
"MA","Pittsfield Generating",50002,"2025-02-20",1,,,,,,
"MA","Pittsfield Generating",50002,"2025-02-20",2,,,,,,
"MA","Pittsfield Generating",50002,"2025-02-20",3,,,,,,
"MA","Pittsfield Generating",50002,"2025-02-20",4,,,,,,
"MA","Pittsfield Generating",50002,"2025-02-20",5,,,,,,
"MA","Pittsfield Generating",50002,"2025-02-20",6,,,,,,
"MA","Pittsfield Generating",50002,"2025-02-20",7,,,,,,
"MA","Pittsfield Generating",50002,"2025-02-20",8,,,,,,
"MA","Pittsfield Generating",50002,"2025-02-20",9,,,,,,
"MA","Pittsfield Generating",50002,"2025-02-20",10,,,,,,
"MA","Pittsfield Generating",50002,"2025-02-20",11,,,,,,
"MA","Pittsfield Generating",50002,"2025-02-20",12,,,,,,
"MA","Pittsfield Generating",50002,"2025-02-20",13,,,,,,
"MA","Pittsfield Generating",50002,"2025-02-20",14,,,,,,
"MA","Pittsfield Generating",50002,"2025-02-20",15,,,,,,
"MA","Pittsfield Generating",50002,"2025-02-20",16,,,,,,
"MA","Pittsfield Generating",50002,"2025-02-20",17,,,,,,
"MA","Pittsfield Generating",50002,"2025-02-20",18,,,,,,
"MA","Pittsfield Generating",50002,"2025-02-20",19,,,,,,
"MA","Pittsfield Generating",50002,"2025-02-20",20,,,,,,
"MA","Pittsfield Generating",50002,"2025-02-20",21,,,,,,
"MA","Pittsfield Generating",50002,"2025-02-20",22,,,,,,
"MA","Pittsfield Generating",50002,"2025-02-20",23,,,,,,
"MA","Pittsfield Generating",50002,"2025-02-21",0,,,,,,
"MA","Pittsfield Generating",50002,"2025-02-21",1,,,,,,
"MA","Pittsfield Generating",50002,"2025-02-21",2,,,,,,
"MA","Pittsfield Generating",50002,"2025-02-21",3,,,,,,
"MA","Pittsfield Generating",50002,"2025-02-21",4,,,,,,
"MA","Pittsfield Generating",50002,"2025-02-21",5,,,,,,
"MA","Pittsfield Generating",50002,"2025-02-21",6,,,,,,
"MA","Pittsfield Generating",50002,"2025-02-21",7,,,,,,
"MA","Pittsfield Generating",50002,"2025-02-21",8,,,,,,
"MA","Pittsfield Generating",50002,"2025-02-21",9,,,,,,
"MA","Pittsfield Generating",50002,"2025-02-21",10,,,,,,
"MA","Pittsfield Generating",50002,"2025-02-21",11,,,,,,
"MA","Pittsfield Generating",50002,"2025-02-21",12,,,,,,
"MA","Pittsfield Generating",50002,"2025-02-21",13,,,,,,
"MA","Pittsfield Generating",50002,"2025-02-21",14,,,,,,
"MA","Pittsfield Generating",50002,"2025-02-21",15,,,,,,
"MA","Pittsfield Generating",50002,"2025-02-21",16,,,,,,
"MA","Pittsfield Generating",50002,"2025-02-21",17,,,,,,
"MA","Pittsfield Generating",50002,"2025-02-21",18,,,,,,
"MA","Pittsfield Generating",50002,"2025-02-21",19,,,,,,
"MA","Pittsfield Generating",50002,"2025-02-21",20,,,,,,
"MA","Pittsfield Generating",50002,"2025-02-21",21,,,,,,
"MA","Pittsfield Generating",50002,"2025-02-21",22,,,,,,
"MA","Pittsfield Generating",50002,"2025-02-21",23,,,,,,
"MA","Pittsfield Generating",50002,"2025-02-22",0,,,,,,
"MA","Pittsfield Generating",50002,"2025-02-22",1,,,,,,
"MA","Pittsfield Generating",50002,"2025-02-22",2,,,,,,
"MA","Pittsfield Generating",50002,"2025-02-22",3,,,,,,
"MA","Pittsfield Generating",50002,"2025-02-22",4,,,,,,
"MA","Pittsfield Generating",50002,"2025-02-22",5,,,,,,
"MA","Pittsfield Generating",50002,"2025-02-22",6,,,,,,
"MA","Pittsfield Generating",50002,"2025-02-22",7,,,,,,
"MA","Pittsfield Generating",50002,"2025-02-22",8,,,,,,
"MA","Pittsfield Generating",50002,"2025-02-22",9,,,,,,
"MA","Pittsfield Generating",50002,"2025-02-22",10,,,,,,
"MA","Pittsfield Generating",50002,"2025-02-22",11,,,,,,
"MA","Pittsfield Generating",50002,"2025-02-22",12,,,,,,
"MA","Pittsfield Generating",50002,"2025-02-22",13,,,,,,
"MA","Pittsfield Generating",50002,"2025-02-22",14,,,,,,
"MA","Pittsfield Generating",50002,"2025-02-22",15,,,,,,
"MA","Pittsfield Generating",50002,"2025-02-22",16,,,,,,
"MA","Pittsfield Generating",50002,"2025-02-22",17,,,,,,
"MA","Pittsfield Generating",50002,"2025-02-22",18,,,,,,
"MA","Pittsfield Generating",50002,"2025-02-22",19,,,,,,
"MA","Pittsfield Generating",50002,"2025-02-22",20,,,,,,
"MA","Pittsfield Generating",50002,"2025-02-22",21,,,,,,
"MA","Pittsfield Generating",50002,"2025-02-22",22,,,,,,
"MA","Pittsfield Generating",50002,"2025-02-22",23,,,,,,
"MA","Pittsfield Generating",50002,"2025-02-23",0,,,,,,
"MA","Pittsfield Generating",50002,"2025-02-23",1,,,,,,
"MA","Pittsfield Generating",50002,"2025-02-23",2,,,,,,
"MA","Pittsfield Generating",50002,"2025-02-23",3,,,,,,
"MA","Pittsfield Generating",50002,"2025-02-23",4,,,,,,
"MA","Pittsfield Generating",50002,"2025-02-23",5,,,,,,
"MA","Pittsfield Generating",50002,"2025-02-23",6,,,,,,
"MA","Pittsfield Generating",50002,"2025-02-23",7,,,,,,
"MA","Pittsfield Generating",50002,"2025-02-23",8,,,,,,
"MA","Pittsfield Generating",50002,"2025-02-23",9,,,,,,
"MA","Pittsfield Generating",50002,"2025-02-23",10,,,,,,
"MA","Pittsfield Generating",50002,"2025-02-23",11,,,,,,
"MA","Pittsfield Generating",50002,"2025-02-23",12,,,,,,
"MA","Pittsfield Generating",50002,"2025-02-23",13,,,,,,
"MA","Pittsfield Generating",50002,"2025-02-23",14,,,,,,
"MA","Pittsfield Generating",50002,"2025-02-23",15,,,,,,
"MA","Pittsfield Generating",50002,"2025-02-23",16,,,,,,
"MA","Pittsfield Generating",50002,"2025-02-23",17,,,,,,
"MA","Pittsfield Generating",50002,"2025-02-23",18,,,,,,
"MA","Pittsfield Generating",50002,"2025-02-23",19,,,,,,
"MA","Pittsfield Generating",50002,"2025-02-23",20,,,,,,
"MA","Pittsfield Generating",50002,"2025-02-23",21,,,,,,
"MA","Pittsfield Generating",50002,"2025-02-23",22,,,,,,
"MA","Pittsfield Generating",50002,"2025-02-23",23,,,,,,
"MA","Pittsfield Generating",50002,"2025-02-24",0,,,,,,
"MA","Pittsfield Generating",50002,"2025-02-24",1,,,,,,
"MA","Pittsfield Generating",50002,"2025-02-24",2,,,,,,
"MA","Pittsfield Generating",50002,"2025-02-24",3,,,,,,
"MA","Pittsfield Generating",50002,"2025-02-24",4,,,,,,
"MA","Pittsfield Generating",50002,"2025-02-24",5,,,,,,
"MA","Pittsfield Generating",50002,"2025-02-24",6,,,,,,
"MA","Pittsfield Generating",50002,"2025-02-24",7,,,,,,
"MA","Pittsfield Generating",50002,"2025-02-24",8,,,,,,
"MA","Pittsfield Generating",50002,"2025-02-24",9,,,,,,
"MA","Pittsfield Generating",50002,"2025-02-24",10,,,,,,
"MA","Pittsfield Generating",50002,"2025-02-24",11,,,,,,
"MA","Pittsfield Generating",50002,"2025-02-24",12,,,,,,
"MA","Pittsfield Generating",50002,"2025-02-24",13,,,,,,
"MA","Pittsfield Generating",50002,"2025-02-24",14,,,,,,
"MA","Pittsfield Generating",50002,"2025-02-24",15,,,,,,
"MA","Pittsfield Generating",50002,"2025-02-24",16,,,,,,
"MA","Pittsfield Generating",50002,"2025-02-24",17,,,,,,
"MA","Pittsfield Generating",50002,"2025-02-24",18,,,,,,
"MA","Pittsfield Generating",50002,"2025-02-24",19,,,,,,
"MA","Pittsfield Generating",50002,"2025-02-24",20,,,,,,
"MA","Pittsfield Generating",50002,"2025-02-24",21,,,,,,
"MA","Pittsfield Generating",50002,"2025-02-24",22,,,,,,
"MA","Pittsfield Generating",50002,"2025-02-24",23,,,,,,
"MA","Pittsfield Generating",50002,"2025-02-25",0,,,,,,
"MA","Pittsfield Generating",50002,"2025-02-25",1,,,,,,
"MA","Pittsfield Generating",50002,"2025-02-25",2,,,,,,
"MA","Pittsfield Generating",50002,"2025-02-25",3,,,,,,
"MA","Pittsfield Generating",50002,"2025-02-25",4,,,,,,
"MA","Pittsfield Generating",50002,"2025-02-25",5,,,,,,
"MA","Pittsfield Generating",50002,"2025-02-25",6,,,,,,
"MA","Pittsfield Generating",50002,"2025-02-25",7,,,,,,
"MA","Pittsfield Generating",50002,"2025-02-25",8,,,,,,
"MA","Pittsfield Generating",50002,"2025-02-25",9,,,,,,
"MA","Pittsfield Generating",50002,"2025-02-25",10,,,,,,
"MA","Pittsfield Generating",50002,"2025-02-25",11,,,,,,
"MA","Pittsfield Generating",50002,"2025-02-25",12,,,,,,
"MA","Pittsfield Generating",50002,"2025-02-25",13,,,,,,
"MA","Pittsfield Generating",50002,"2025-02-25",14,,,,,,
"MA","Pittsfield Generating",50002,"2025-02-25",15,,,,,,
"MA","Pittsfield Generating",50002,"2025-02-25",16,,,,,,
"MA","Pittsfield Generating",50002,"2025-02-25",17,,,,,,
"MA","Pittsfield Generating",50002,"2025-02-25",18,,,,,,
"MA","Pittsfield Generating",50002,"2025-02-25",19,,,,,,
"MA","Pittsfield Generating",50002,"2025-02-25",20,,,,,,
"MA","Pittsfield Generating",50002,"2025-02-25",21,,,,,,
"MA","Pittsfield Generating",50002,"2025-02-25",22,,,,,,
"MA","Pittsfield Generating",50002,"2025-02-25",23,,,,,,
"MA","Pittsfield Generating",50002,"2025-02-26",0,,,,,,
"MA","Pittsfield Generating",50002,"2025-02-26",1,,,,,,
"MA","Pittsfield Generating",50002,"2025-02-26",2,,,,,,
"MA","Pittsfield Generating",50002,"2025-02-26",3,,,,,,
"MA","Pittsfield Generating",50002,"2025-02-26",4,,,,,,
"MA","Pittsfield Generating",50002,"2025-02-26",5,,,,,,
"MA","Pittsfield Generating",50002,"2025-02-26",6,,,,,,
"MA","Pittsfield Generating",50002,"2025-02-26",7,,,,,,
"MA","Pittsfield Generating",50002,"2025-02-26",8,,,,,,
"MA","Pittsfield Generating",50002,"2025-02-26",9,,,,,,
"MA","Pittsfield Generating",50002,"2025-02-26",10,,,,,,
"MA","Pittsfield Generating",50002,"2025-02-26",11,,,,,,
"MA","Pittsfield Generating",50002,"2025-02-26",12,,,,,,
"MA","Pittsfield Generating",50002,"2025-02-26",13,,,,,,
"MA","Pittsfield Generating",50002,"2025-02-26",14,,,,,,
"MA","Pittsfield Generating",50002,"2025-02-26",15,,,,,,
"MA","Pittsfield Generating",50002,"2025-02-26",16,,,,,,
"MA","Pittsfield Generating",50002,"2025-02-26",17,,,,,,
"MA","Pittsfield Generating",50002,"2025-02-26",18,,,,,,
"MA","Pittsfield Generating",50002,"2025-02-26",19,,,,,,
"MA","Pittsfield Generating",50002,"2025-02-26",20,,,,,,
"MA","Pittsfield Generating",50002,"2025-02-26",21,,,,,,
"MA","Pittsfield Generating",50002,"2025-02-26",22,,,,,,
"MA","Pittsfield Generating",50002,"2025-02-26",23,,,,,,
"MA","Pittsfield Generating",50002,"2025-02-27",0,,,,,,
"MA","Pittsfield Generating",50002,"2025-02-27",1,,,,,,
"MA","Pittsfield Generating",50002,"2025-02-27",2,,,,,,
"MA","Pittsfield Generating",50002,"2025-02-27",3,,,,,,
"MA","Pittsfield Generating",50002,"2025-02-27",4,,,,,,
"MA","Pittsfield Generating",50002,"2025-02-27",5,,,,,,
"MA","Pittsfield Generating",50002,"2025-02-27",6,,,,,,
"MA","Pittsfield Generating",50002,"2025-02-27",7,,,,,,
"MA","Pittsfield Generating",50002,"2025-02-27",8,,,,,,
"MA","Pittsfield Generating",50002,"2025-02-27",9,,,,,,
"MA","Pittsfield Generating",50002,"2025-02-27",10,,,,,,
"MA","Pittsfield Generating",50002,"2025-02-27",11,,,,,,
"MA","Pittsfield Generating",50002,"2025-02-27",12,,,,,,
"MA","Pittsfield Generating",50002,"2025-02-27",13,,,,,,
"MA","Pittsfield Generating",50002,"2025-02-27",14,,,,,,
"MA","Pittsfield Generating",50002,"2025-02-27",15,,,,,,
"MA","Pittsfield Generating",50002,"2025-02-27",16,,,,,,
"MA","Pittsfield Generating",50002,"2025-02-27",17,,,,,,
"MA","Pittsfield Generating",50002,"2025-02-27",18,,,,,,
"MA","Pittsfield Generating",50002,"2025-02-27",19,,,,,,
"MA","Pittsfield Generating",50002,"2025-02-27",20,,,,,,
"MA","Pittsfield Generating",50002,"2025-02-27",21,,,,,,
"MA","Pittsfield Generating",50002,"2025-02-27",22,,,,,,
"MA","Pittsfield Generating",50002,"2025-02-27",23,,,,,,
"MA","Pittsfield Generating",50002,"2025-02-28",0,,,,,,
"MA","Pittsfield Generating",50002,"2025-02-28",1,,,,,,
"MA","Pittsfield Generating",50002,"2025-02-28",2,,,,,,
"MA","Pittsfield Generating",50002,"2025-02-28",3,,,,,,
"MA","Pittsfield Generating",50002,"2025-02-28",4,,,,,,
"MA","Pittsfield Generating",50002,"2025-02-28",5,,,,,,
"MA","Pittsfield Generating",50002,"2025-02-28",6,,,,,,
"MA","Pittsfield Generating",50002,"2025-02-28",7,,,,,,
"MA","Pittsfield Generating",50002,"2025-02-28",8,,,,,,
"MA","Pittsfield Generating",50002,"2025-02-28",9,,,,,,
"MA","Pittsfield Generating",50002,"2025-02-28",10,,,,,,
"MA","Pittsfield Generating",50002,"2025-02-28",11,,,,,,
"MA","Pittsfield Generating",50002,"2025-02-28",12,,,,,,
"MA","Pittsfield Generating",50002,"2025-02-28",13,,,,,,
"MA","Pittsfield Generating",50002,"2025-02-28",14,,,,,,
"MA","Pittsfield Generating",50002,"2025-02-28",15,,,,,,
"MA","Pittsfield Generating",50002,"2025-02-28",16,,,,,,
"MA","Pittsfield Generating",50002,"2025-02-28",17,,,,,,
"MA","Pittsfield Generating",50002,"2025-02-28",18,,,,,,
"MA","Pittsfield Generating",50002,"2025-02-28",19,,,,,,
"MA","Pittsfield Generating",50002,"2025-02-28",20,,,,,,
"MA","Pittsfield Generating",50002,"2025-02-28",21,,,,,,
"MA","Pittsfield Generating",50002,"2025-02-28",22,,,,,,
"MA","Pittsfield Generating",50002,"2025-02-28",23,,,,,,
"MA","Pittsfield Generating",50002,"2025-03-01",0,,,,,,
"MA","Pittsfield Generating",50002,"2025-03-01",1,,,,,,
"MA","Pittsfield Generating",50002,"2025-03-01",2,,,,,,
"MA","Pittsfield Generating",50002,"2025-03-01",3,,,,,,
"MA","Pittsfield Generating",50002,"2025-03-01",4,,,,,,
"MA","Pittsfield Generating",50002,"2025-03-01",5,,,,,,
"MA","Pittsfield Generating",50002,"2025-03-01",6,,,,,,
"MA","Pittsfield Generating",50002,"2025-03-01",7,,,,,,
"MA","Pittsfield Generating",50002,"2025-03-01",8,,,,,,
"MA","Pittsfield Generating",50002,"2025-03-01",9,,,,,,
"MA","Pittsfield Generating",50002,"2025-03-01",10,,,,,,
"MA","Pittsfield Generating",50002,"2025-03-01",11,,,,,,
"MA","Pittsfield Generating",50002,"2025-03-01",12,,,,,,
"MA","Pittsfield Generating",50002,"2025-03-01",13,,,,,,
"MA","Pittsfield Generating",50002,"2025-03-01",14,,,,,,
"MA","Pittsfield Generating",50002,"2025-03-01",15,,,,,,
"MA","Pittsfield Generating",50002,"2025-03-01",16,,,,,,
"MA","Pittsfield Generating",50002,"2025-03-01",17,,,,,,
"MA","Pittsfield Generating",50002,"2025-03-01",18,,,,,,
"MA","Pittsfield Generating",50002,"2025-03-01",19,,,,,,
"MA","Pittsfield Generating",50002,"2025-03-01",20,,,,,,
"MA","Pittsfield Generating",50002,"2025-03-01",21,,,,,,
"MA","Pittsfield Generating",50002,"2025-03-01",22,,,,,,
"MA","Pittsfield Generating",50002,"2025-03-01",23,,,,,,
"MA","Pittsfield Generating",50002,"2025-03-02",0,,,,,,
"MA","Pittsfield Generating",50002,"2025-03-02",1,,,,,,
"MA","Pittsfield Generating",50002,"2025-03-02",2,,,,,,
"MA","Pittsfield Generating",50002,"2025-03-02",3,,,,,,
"MA","Pittsfield Generating",50002,"2025-03-02",4,,,,,,
"MA","Pittsfield Generating",50002,"2025-03-02",5,,,,,,
"MA","Pittsfield Generating",50002,"2025-03-02",6,,,,,,
"MA","Pittsfield Generating",50002,"2025-03-02",7,,,,,,
"MA","Pittsfield Generating",50002,"2025-03-02",8,,,,,,
"MA","Pittsfield Generating",50002,"2025-03-02",9,,,,,,
"MA","Pittsfield Generating",50002,"2025-03-02",10,,,,,,
"MA","Pittsfield Generating",50002,"2025-03-02",11,,,,,,
"MA","Pittsfield Generating",50002,"2025-03-02",12,,,,,,
"MA","Pittsfield Generating",50002,"2025-03-02",13,,,,,,
"MA","Pittsfield Generating",50002,"2025-03-02",14,,,,,,
"MA","Pittsfield Generating",50002,"2025-03-02",15,,,,,,
"MA","Pittsfield Generating",50002,"2025-03-02",16,,,,,,
"MA","Pittsfield Generating",50002,"2025-03-02",17,,,,,,
"MA","Pittsfield Generating",50002,"2025-03-02",18,,,,,,
"MA","Pittsfield Generating",50002,"2025-03-02",19,,,,,,
"MA","Pittsfield Generating",50002,"2025-03-02",20,,,,,,
"MA","Pittsfield Generating",50002,"2025-03-02",21,,,,,,
"MA","Pittsfield Generating",50002,"2025-03-02",22,,,,,,
"MA","Pittsfield Generating",50002,"2025-03-02",23,,,,,,
"MA","Pittsfield Generating",50002,"2025-03-03",0,,,,,,
"MA","Pittsfield Generating",50002,"2025-03-03",1,,,,,,
"MA","Pittsfield Generating",50002,"2025-03-03",2,,,,,,
"MA","Pittsfield Generating",50002,"2025-03-03",3,,,,,,
"MA","Pittsfield Generating",50002,"2025-03-03",4,,,,,,
"MA","Pittsfield Generating",50002,"2025-03-03",5,,,,,,
"MA","Pittsfield Generating",50002,"2025-03-03",6,,,,,,
"MA","Pittsfield Generating",50002,"2025-03-03",7,,,,,,
"MA","Pittsfield Generating",50002,"2025-03-03",8,,,,,,
"MA","Pittsfield Generating",50002,"2025-03-03",9,,,,,,
"MA","Pittsfield Generating",50002,"2025-03-03",10,,,,,,
"MA","Pittsfield Generating",50002,"2025-03-03",11,,,,,,
"MA","Pittsfield Generating",50002,"2025-03-03",12,,,,,,
"MA","Pittsfield Generating",50002,"2025-03-03",13,,,,,,
"MA","Pittsfield Generating",50002,"2025-03-03",14,,,,,,
"MA","Pittsfield Generating",50002,"2025-03-03",15,,,,,,
"MA","Pittsfield Generating",50002,"2025-03-03",16,,,,,,
"MA","Pittsfield Generating",50002,"2025-03-03",17,,,,,,
"MA","Pittsfield Generating",50002,"2025-03-03",18,,,,,,
"MA","Pittsfield Generating",50002,"2025-03-03",19,,,,,,
"MA","Pittsfield Generating",50002,"2025-03-03",20,,,,,,
"MA","Pittsfield Generating",50002,"2025-03-03",21,,,,,,
"MA","Pittsfield Generating",50002,"2025-03-03",22,,,,,,
"MA","Pittsfield Generating",50002,"2025-03-03",23,,,,,,
"MA","Pittsfield Generating",50002,"2025-03-04",0,,,,,,
"MA","Pittsfield Generating",50002,"2025-03-04",1,,,,,,
"MA","Pittsfield Generating",50002,"2025-03-04",2,,,,,,
"MA","Pittsfield Generating",50002,"2025-03-04",3,,,,,,
"MA","Pittsfield Generating",50002,"2025-03-04",4,,,,,,
"MA","Pittsfield Generating",50002,"2025-03-04",5,,,,,,
"MA","Pittsfield Generating",50002,"2025-03-04",6,,,,,,
"MA","Pittsfield Generating",50002,"2025-03-04",7,,,,,,
"MA","Pittsfield Generating",50002,"2025-03-04",8,,,,,,
"MA","Pittsfield Generating",50002,"2025-03-04",9,,,,,,
"MA","Pittsfield Generating",50002,"2025-03-04",10,,,,,,
"MA","Pittsfield Generating",50002,"2025-03-04",11,,,,,,
"MA","Pittsfield Generating",50002,"2025-03-04",12,,,,,,
"MA","Pittsfield Generating",50002,"2025-03-04",13,,,,,,
"MA","Pittsfield Generating",50002,"2025-03-04",14,,,,,,
"MA","Pittsfield Generating",50002,"2025-03-04",15,,,,,,
"MA","Pittsfield Generating",50002,"2025-03-04",16,,,,,,
"MA","Pittsfield Generating",50002,"2025-03-04",17,,,,,,
"MA","Pittsfield Generating",50002,"2025-03-04",18,,,,,,
"MA","Pittsfield Generating",50002,"2025-03-04",19,,,,,,
"MA","Pittsfield Generating",50002,"2025-03-04",20,,,,,,
"MA","Pittsfield Generating",50002,"2025-03-04",21,,,,,,
"MA","Pittsfield Generating",50002,"2025-03-04",22,,,,,,
"MA","Pittsfield Generating",50002,"2025-03-04",23,,,,,,
"MA","Pittsfield Generating",50002,"2025-03-05",0,,,,,,
"MA","Pittsfield Generating",50002,"2025-03-05",1,,,,,,
"MA","Pittsfield Generating",50002,"2025-03-05",2,,,,,,
"MA","Pittsfield Generating",50002,"2025-03-05",3,,,,,,
"MA","Pittsfield Generating",50002,"2025-03-05",4,,,,,,
"MA","Pittsfield Generating",50002,"2025-03-05",5,,,,,,
"MA","Pittsfield Generating",50002,"2025-03-05",6,,,,,,
"MA","Pittsfield Generating",50002,"2025-03-05",7,,,,,,
"MA","Pittsfield Generating",50002,"2025-03-05",8,,,,,,
"MA","Pittsfield Generating",50002,"2025-03-05",9,,,,,,
"MA","Pittsfield Generating",50002,"2025-03-05",10,,,,,,
"MA","Pittsfield Generating",50002,"2025-03-05",11,,,,,,
"MA","Pittsfield Generating",50002,"2025-03-05",12,,,,,,
"MA","Pittsfield Generating",50002,"2025-03-05",13,,,,,,
"MA","Pittsfield Generating",50002,"2025-03-05",14,,,,,,
"MA","Pittsfield Generating",50002,"2025-03-05",15,,,,,,
"MA","Pittsfield Generating",50002,"2025-03-05",16,,,,,,
"MA","Pittsfield Generating",50002,"2025-03-05",17,,,,,,
"MA","Pittsfield Generating",50002,"2025-03-05",18,,,,,,
"MA","Pittsfield Generating",50002,"2025-03-05",19,,,,,,
"MA","Pittsfield Generating",50002,"2025-03-05",20,,,,,,
"MA","Pittsfield Generating",50002,"2025-03-05",21,,,,,,
"MA","Pittsfield Generating",50002,"2025-03-05",22,,,,,,
"MA","Pittsfield Generating",50002,"2025-03-05",23,,,,,,
"MA","Pittsfield Generating",50002,"2025-03-06",0,,,,,,
"MA","Pittsfield Generating",50002,"2025-03-06",1,,,,,,
"MA","Pittsfield Generating",50002,"2025-03-06",2,,,,,,
"MA","Pittsfield Generating",50002,"2025-03-06",3,,,,,,
"MA","Pittsfield Generating",50002,"2025-03-06",4,,,,,,
"MA","Pittsfield Generating",50002,"2025-03-06",5,,,,,,
"MA","Pittsfield Generating",50002,"2025-03-06",6,,,,,,
"MA","Pittsfield Generating",50002,"2025-03-06",7,,,,,,
"MA","Pittsfield Generating",50002,"2025-03-06",8,,,,,,
"MA","Pittsfield Generating",50002,"2025-03-06",9,,,,,,
"MA","Pittsfield Generating",50002,"2025-03-06",10,,,,,,
"MA","Pittsfield Generating",50002,"2025-03-06",11,,,,,,
"MA","Pittsfield Generating",50002,"2025-03-06",12,,,,,,
"MA","Pittsfield Generating",50002,"2025-03-06",13,,,,,,
"MA","Pittsfield Generating",50002,"2025-03-06",14,,,,,,
"MA","Pittsfield Generating",50002,"2025-03-06",15,,,,,,
"MA","Pittsfield Generating",50002,"2025-03-06",16,,,,,,
"MA","Pittsfield Generating",50002,"2025-03-06",17,,,,,,
"MA","Pittsfield Generating",50002,"2025-03-06",18,,,,,,
"MA","Pittsfield Generating",50002,"2025-03-06",19,,,,,,
"MA","Pittsfield Generating",50002,"2025-03-06",20,,,,,,
"MA","Pittsfield Generating",50002,"2025-03-06",21,,,,,,
"MA","Pittsfield Generating",50002,"2025-03-06",22,,,,,,
"MA","Pittsfield Generating",50002,"2025-03-06",23,,,,,,
"MA","Pittsfield Generating",50002,"2025-03-07",0,,,,,,
"MA","Pittsfield Generating",50002,"2025-03-07",1,,,,,,
"MA","Pittsfield Generating",50002,"2025-03-07",2,,,,,,
"MA","Pittsfield Generating",50002,"2025-03-07",3,,,,,,
"MA","Pittsfield Generating",50002,"2025-03-07",4,,,,,,
"MA","Pittsfield Generating",50002,"2025-03-07",5,,,,,,
"MA","Pittsfield Generating",50002,"2025-03-07",6,,,,,,
"MA","Pittsfield Generating",50002,"2025-03-07",7,,,,,,
"MA","Pittsfield Generating",50002,"2025-03-07",8,,,,,,
"MA","Pittsfield Generating",50002,"2025-03-07",9,,,,,,
"MA","Pittsfield Generating",50002,"2025-03-07",10,,,,,,
"MA","Pittsfield Generating",50002,"2025-03-07",11,,,,,,
"MA","Pittsfield Generating",50002,"2025-03-07",12,,,,,,
"MA","Pittsfield Generating",50002,"2025-03-07",13,,,,,,
"MA","Pittsfield Generating",50002,"2025-03-07",14,,,,,,
"MA","Pittsfield Generating",50002,"2025-03-07",15,,,,,,
"MA","Pittsfield Generating",50002,"2025-03-07",16,,,,,,
"MA","Pittsfield Generating",50002,"2025-03-07",17,,,,,,
"MA","Pittsfield Generating",50002,"2025-03-07",18,,,,,,
"MA","Pittsfield Generating",50002,"2025-03-07",19,,,,,,
"MA","Pittsfield Generating",50002,"2025-03-07",20,,,,,,
"MA","Pittsfield Generating",50002,"2025-03-07",21,,,,,,
"MA","Pittsfield Generating",50002,"2025-03-07",22,,,,,,
"MA","Pittsfield Generating",50002,"2025-03-07",23,,,,,,
"MA","Pittsfield Generating",50002,"2025-03-08",0,,,,,,
"MA","Pittsfield Generating",50002,"2025-03-08",1,,,,,,
"MA","Pittsfield Generating",50002,"2025-03-08",2,,,,,,
"MA","Pittsfield Generating",50002,"2025-03-08",3,,,,,,
"MA","Pittsfield Generating",50002,"2025-03-08",4,,,,,,
"MA","Pittsfield Generating",50002,"2025-03-08",5,,,,,,
"MA","Pittsfield Generating",50002,"2025-03-08",6,,,,,,
"MA","Pittsfield Generating",50002,"2025-03-08",7,,,,,,
"MA","Pittsfield Generating",50002,"2025-03-08",8,,,,,,
"MA","Pittsfield Generating",50002,"2025-03-08",9,,,,,,
"MA","Pittsfield Generating",50002,"2025-03-08",10,,,,,,
"MA","Pittsfield Generating",50002,"2025-03-08",11,,,,,,
"MA","Pittsfield Generating",50002,"2025-03-08",12,,,,,,
"MA","Pittsfield Generating",50002,"2025-03-08",13,,,,,,
"MA","Pittsfield Generating",50002,"2025-03-08",14,,,,,,
"MA","Pittsfield Generating",50002,"2025-03-08",15,,,,,,
"MA","Pittsfield Generating",50002,"2025-03-08",16,,,,,,
"MA","Pittsfield Generating",50002,"2025-03-08",17,,,,,,
"MA","Pittsfield Generating",50002,"2025-03-08",18,,,,,,
"MA","Pittsfield Generating",50002,"2025-03-08",19,,,,,,
"MA","Pittsfield Generating",50002,"2025-03-08",20,,,,,,
"MA","Pittsfield Generating",50002,"2025-03-08",21,,,,,,
"MA","Pittsfield Generating",50002,"2025-03-08",22,,,,,,
"MA","Pittsfield Generating",50002,"2025-03-08",23,,,,,,
"MA","Pittsfield Generating",50002,"2025-03-09",0,,,,,,
"MA","Pittsfield Generating",50002,"2025-03-09",1,,,,,,
"MA","Pittsfield Generating",50002,"2025-03-09",2,,,,,,
"MA","Pittsfield Generating",50002,"2025-03-09",3,,,,,,
"MA","Pittsfield Generating",50002,"2025-03-09",4,,,,,,
"MA","Pittsfield Generating",50002,"2025-03-09",5,,,,,,
"MA","Pittsfield Generating",50002,"2025-03-09",6,,,,,,
"MA","Pittsfield Generating",50002,"2025-03-09",7,,,,,,
"MA","Pittsfield Generating",50002,"2025-03-09",8,,,,,,
"MA","Pittsfield Generating",50002,"2025-03-09",9,,,,,,
"MA","Pittsfield Generating",50002,"2025-03-09",10,,,,,,
"MA","Pittsfield Generating",50002,"2025-03-09",11,,,,,,
"MA","Pittsfield Generating",50002,"2025-03-09",12,,,,,,
"MA","Pittsfield Generating",50002,"2025-03-09",13,,,,,,
"MA","Pittsfield Generating",50002,"2025-03-09",14,,,,,,
"MA","Pittsfield Generating",50002,"2025-03-09",15,,,,,,
"MA","Pittsfield Generating",50002,"2025-03-09",16,,,,,,
"MA","Pittsfield Generating",50002,"2025-03-09",17,,,,,,
"MA","Pittsfield Generating",50002,"2025-03-09",18,,,,,,
"MA","Pittsfield Generating",50002,"2025-03-09",19,,,,,,
"MA","Pittsfield Generating",50002,"2025-03-09",20,,,,,,
"MA","Pittsfield Generating",50002,"2025-03-09",21,,,,,,
"MA","Pittsfield Generating",50002,"2025-03-09",22,,,,,,
"MA","Pittsfield Generating",50002,"2025-03-09",23,,,,,,
"MA","Pittsfield Generating",50002,"2025-03-10",0,,,,,,
"MA","Pittsfield Generating",50002,"2025-03-10",1,,,,,,
"MA","Pittsfield Generating",50002,"2025-03-10",2,,,,,,
"MA","Pittsfield Generating",50002,"2025-03-10",3,,,,,,
"MA","Pittsfield Generating",50002,"2025-03-10",4,,,,,,
"MA","Pittsfield Generating",50002,"2025-03-10",5,,,,,,
"MA","Pittsfield Generating",50002,"2025-03-10",6,,,,,,
"MA","Pittsfield Generating",50002,"2025-03-10",7,,,,,,
"MA","Pittsfield Generating",50002,"2025-03-10",8,,,,,,
"MA","Pittsfield Generating",50002,"2025-03-10",9,,,,,,
"MA","Pittsfield Generating",50002,"2025-03-10",10,,,,,,
"MA","Pittsfield Generating",50002,"2025-03-10",11,,,,,,
"MA","Pittsfield Generating",50002,"2025-03-10",12,,,,,,
"MA","Pittsfield Generating",50002,"2025-03-10",13,,,,,,
"MA","Pittsfield Generating",50002,"2025-03-10",14,,,,,,
"MA","Pittsfield Generating",50002,"2025-03-10",15,,,,,,
"MA","Pittsfield Generating",50002,"2025-03-10",16,,,,,,
"MA","Pittsfield Generating",50002,"2025-03-10",17,,,,,,
"MA","Pittsfield Generating",50002,"2025-03-10",18,,,,,,
"MA","Pittsfield Generating",50002,"2025-03-10",19,,,,,,
"MA","Pittsfield Generating",50002,"2025-03-10",20,,,,,,
"MA","Pittsfield Generating",50002,"2025-03-10",21,,,,,,
"MA","Pittsfield Generating",50002,"2025-03-10",22,,,,,,
"MA","Pittsfield Generating",50002,"2025-03-10",23,,,,,,
"MA","Pittsfield Generating",50002,"2025-03-11",0,,,,,,
"MA","Pittsfield Generating",50002,"2025-03-11",1,,,,,,
"MA","Pittsfield Generating",50002,"2025-03-11",2,,,,,,
"MA","Pittsfield Generating",50002,"2025-03-11",3,,,,,,
"MA","Pittsfield Generating",50002,"2025-03-11",4,,,,,,
"MA","Pittsfield Generating",50002,"2025-03-11",5,,,,,,
"MA","Pittsfield Generating",50002,"2025-03-11",6,,,,,,
"MA","Pittsfield Generating",50002,"2025-03-11",7,,,,,,
"MA","Pittsfield Generating",50002,"2025-03-11",8,,,,,,
"MA","Pittsfield Generating",50002,"2025-03-11",9,,,,,,
"MA","Pittsfield Generating",50002,"2025-03-11",10,,,,,,
"MA","Pittsfield Generating",50002,"2025-03-11",11,,,,,,
"MA","Pittsfield Generating",50002,"2025-03-11",12,,,,,,
"MA","Pittsfield Generating",50002,"2025-03-11",13,,,,,,
"MA","Pittsfield Generating",50002,"2025-03-11",14,,,,,,
"MA","Pittsfield Generating",50002,"2025-03-11",15,,,,,,
"MA","Pittsfield Generating",50002,"2025-03-11",16,,,,,,
"MA","Pittsfield Generating",50002,"2025-03-11",17,,,,,,
"MA","Pittsfield Generating",50002,"2025-03-11",18,,,,,,
"MA","Pittsfield Generating",50002,"2025-03-11",19,,,,,,
"MA","Pittsfield Generating",50002,"2025-03-11",20,,,,,,
"MA","Pittsfield Generating",50002,"2025-03-11",21,,,,,,
"MA","Pittsfield Generating",50002,"2025-03-11",22,,,,,,
"MA","Pittsfield Generating",50002,"2025-03-11",23,,,,,,
"MA","Pittsfield Generating",50002,"2025-03-12",0,,,,,,
"MA","Pittsfield Generating",50002,"2025-03-12",1,,,,,,
"MA","Pittsfield Generating",50002,"2025-03-12",2,,,,,,
"MA","Pittsfield Generating",50002,"2025-03-12",3,,,,,,
"MA","Pittsfield Generating",50002,"2025-03-12",4,,,,,,
"MA","Pittsfield Generating",50002,"2025-03-12",5,,,,,,
"MA","Pittsfield Generating",50002,"2025-03-12",6,,,,,,
"MA","Pittsfield Generating",50002,"2025-03-12",7,,,,,,
"MA","Pittsfield Generating",50002,"2025-03-12",8,,,,,,
"MA","Pittsfield Generating",50002,"2025-03-12",9,,,,,,
"MA","Pittsfield Generating",50002,"2025-03-12",10,,,,,,
"MA","Pittsfield Generating",50002,"2025-03-12",11,,,,,,
"MA","Pittsfield Generating",50002,"2025-03-12",12,,,,,,
"MA","Pittsfield Generating",50002,"2025-03-12",13,,,,,,
"MA","Pittsfield Generating",50002,"2025-03-12",14,,,,,,
"MA","Pittsfield Generating",50002,"2025-03-12",15,,,,,,
"MA","Pittsfield Generating",50002,"2025-03-12",16,,,,,,
"MA","Pittsfield Generating",50002,"2025-03-12",17,,,,,,
"MA","Pittsfield Generating",50002,"2025-03-12",18,,,,,,
"MA","Pittsfield Generating",50002,"2025-03-12",19,,,,,,
"MA","Pittsfield Generating",50002,"2025-03-12",20,,,,,,
"MA","Pittsfield Generating",50002,"2025-03-12",21,,,,,,
"MA","Pittsfield Generating",50002,"2025-03-12",22,,,,,,
"MA","Pittsfield Generating",50002,"2025-03-12",23,,,,,,
"MA","Pittsfield Generating",50002,"2025-03-13",0,,,,,,
"MA","Pittsfield Generating",50002,"2025-03-13",1,,,,,,
"MA","Pittsfield Generating",50002,"2025-03-13",2,,,,,,
"MA","Pittsfield Generating",50002,"2025-03-13",3,,,,,,
"MA","Pittsfield Generating",50002,"2025-03-13",4,,,,,,
"MA","Pittsfield Generating",50002,"2025-03-13",5,,,,,,
"MA","Pittsfield Generating",50002,"2025-03-13",6,,,,,,
"MA","Pittsfield Generating",50002,"2025-03-13",7,,,,,,
"MA","Pittsfield Generating",50002,"2025-03-13",8,,,,,,
"MA","Pittsfield Generating",50002,"2025-03-13",9,,,,,,
"MA","Pittsfield Generating",50002,"2025-03-13",10,,,,,,
"MA","Pittsfield Generating",50002,"2025-03-13",11,,,,,,
"MA","Pittsfield Generating",50002,"2025-03-13",12,,,,,,
"MA","Pittsfield Generating",50002,"2025-03-13",13,,,,,,
"MA","Pittsfield Generating",50002,"2025-03-13",14,,,,,,
"MA","Pittsfield Generating",50002,"2025-03-13",15,,,,,,
"MA","Pittsfield Generating",50002,"2025-03-13",16,,,,,,
"MA","Pittsfield Generating",50002,"2025-03-13",17,,,,,,
"MA","Pittsfield Generating",50002,"2025-03-13",18,,,,,,
"MA","Pittsfield Generating",50002,"2025-03-13",19,,,,,,
"MA","Pittsfield Generating",50002,"2025-03-13",20,,,,,,
"MA","Pittsfield Generating",50002,"2025-03-13",21,,,,,,
"MA","Pittsfield Generating",50002,"2025-03-13",22,,,,,,
"MA","Pittsfield Generating",50002,"2025-03-13",23,,,,,,
"MA","Pittsfield Generating",50002,"2025-03-14",0,,,,,,
"MA","Pittsfield Generating",50002,"2025-03-14",1,,,,,,
"MA","Pittsfield Generating",50002,"2025-03-14",2,,,,,,
"MA","Pittsfield Generating",50002,"2025-03-14",3,,,,,,
"MA","Pittsfield Generating",50002,"2025-03-14",4,,,,,,
"MA","Pittsfield Generating",50002,"2025-03-14",5,,,,,,
"MA","Pittsfield Generating",50002,"2025-03-14",6,,,,,,
"MA","Pittsfield Generating",50002,"2025-03-14",7,,,,,,
"MA","Pittsfield Generating",50002,"2025-03-14",8,,,,,,
"MA","Pittsfield Generating",50002,"2025-03-14",9,,,,,,
"MA","Pittsfield Generating",50002,"2025-03-14",10,,,,,,
"MA","Pittsfield Generating",50002,"2025-03-14",11,,,,,,
"MA","Pittsfield Generating",50002,"2025-03-14",12,,,,,,
"MA","Pittsfield Generating",50002,"2025-03-14",13,,,,,,
"MA","Pittsfield Generating",50002,"2025-03-14",14,,,,,,
"MA","Pittsfield Generating",50002,"2025-03-14",15,,,,,,
"MA","Pittsfield Generating",50002,"2025-03-14",16,,,,,,
"MA","Pittsfield Generating",50002,"2025-03-14",17,,,,,,
"MA","Pittsfield Generating",50002,"2025-03-14",18,,,,,,
"MA","Pittsfield Generating",50002,"2025-03-14",19,,,,,,
"MA","Pittsfield Generating",50002,"2025-03-14",20,,,,,,
"MA","Pittsfield Generating",50002,"2025-03-14",21,,,,,,
"MA","Pittsfield Generating",50002,"2025-03-14",22,,,,,,
"MA","Pittsfield Generating",50002,"2025-03-14",23,,,,,,
"MA","Pittsfield Generating",50002,"2025-03-15",0,,,,,,
"MA","Pittsfield Generating",50002,"2025-03-15",1,,,,,,
"MA","Pittsfield Generating",50002,"2025-03-15",2,,,,,,
"MA","Pittsfield Generating",50002,"2025-03-15",3,,,,,,
"MA","Pittsfield Generating",50002,"2025-03-15",4,,,,,,
"MA","Pittsfield Generating",50002,"2025-03-15",5,,,,,,
"MA","Pittsfield Generating",50002,"2025-03-15",6,,,,,,
"MA","Pittsfield Generating",50002,"2025-03-15",7,,,,,,
"MA","Pittsfield Generating",50002,"2025-03-15",8,,,,,,
"MA","Pittsfield Generating",50002,"2025-03-15",9,,,,,,
"MA","Pittsfield Generating",50002,"2025-03-15",10,,,,,,
"MA","Pittsfield Generating",50002,"2025-03-15",11,,,,,,
"MA","Pittsfield Generating",50002,"2025-03-15",12,,,,,,
"MA","Pittsfield Generating",50002,"2025-03-15",13,,,,,,
"MA","Pittsfield Generating",50002,"2025-03-15",14,,,,,,
"MA","Pittsfield Generating",50002,"2025-03-15",15,,,,,,
"MA","Pittsfield Generating",50002,"2025-03-15",16,,,,,,
"MA","Pittsfield Generating",50002,"2025-03-15",17,,,,,,
"MA","Pittsfield Generating",50002,"2025-03-15",18,,,,,,
"MA","Pittsfield Generating",50002,"2025-03-15",19,,,,,,
"MA","Pittsfield Generating",50002,"2025-03-15",20,,,,,,
"MA","Pittsfield Generating",50002,"2025-03-15",21,,,,,,
"MA","Pittsfield Generating",50002,"2025-03-15",22,,,,,,
"MA","Pittsfield Generating",50002,"2025-03-15",23,,,,,,
"MA","Pittsfield Generating",50002,"2025-03-16",0,,,,,,
"MA","Pittsfield Generating",50002,"2025-03-16",1,,,,,,
"MA","Pittsfield Generating",50002,"2025-03-16",2,,,,,,
"MA","Pittsfield Generating",50002,"2025-03-16",3,,,,,,
"MA","Pittsfield Generating",50002,"2025-03-16",4,,,,,,
"MA","Pittsfield Generating",50002,"2025-03-16",5,,,,,,
"MA","Pittsfield Generating",50002,"2025-03-16",6,,,,,,
"MA","Pittsfield Generating",50002,"2025-03-16",7,,,,,,
"MA","Pittsfield Generating",50002,"2025-03-16",8,,,,,,
"MA","Pittsfield Generating",50002,"2025-03-16",9,,,,,,
"MA","Pittsfield Generating",50002,"2025-03-16",10,,,,,,
"MA","Pittsfield Generating",50002,"2025-03-16",11,,,,,,
"MA","Pittsfield Generating",50002,"2025-03-16",12,,,,,,
"MA","Pittsfield Generating",50002,"2025-03-16",13,,,,,,
"MA","Pittsfield Generating",50002,"2025-03-16",14,,,,,,
"MA","Pittsfield Generating",50002,"2025-03-16",15,,,,,,
"MA","Pittsfield Generating",50002,"2025-03-16",16,,,,,,
"MA","Pittsfield Generating",50002,"2025-03-16",17,,,,,,
"MA","Pittsfield Generating",50002,"2025-03-16",18,,,,,,
"MA","Pittsfield Generating",50002,"2025-03-16",19,,,,,,
"MA","Pittsfield Generating",50002,"2025-03-16",20,,,,,,
"MA","Pittsfield Generating",50002,"2025-03-16",21,,,,,,
"MA","Pittsfield Generating",50002,"2025-03-16",22,,,,,,
"MA","Pittsfield Generating",50002,"2025-03-16",23,,,,,,
"MA","Pittsfield Generating",50002,"2025-03-17",0,,,,,,
"MA","Pittsfield Generating",50002,"2025-03-17",1,,,,,,
"MA","Pittsfield Generating",50002,"2025-03-17",2,,,,,,
"MA","Pittsfield Generating",50002,"2025-03-17",3,,,,,,
"MA","Pittsfield Generating",50002,"2025-03-17",4,,,,,,
"MA","Pittsfield Generating",50002,"2025-03-17",5,,,,,,
"MA","Pittsfield Generating",50002,"2025-03-17",6,,,,,,
"MA","Pittsfield Generating",50002,"2025-03-17",7,,,,,,
"MA","Pittsfield Generating",50002,"2025-03-17",8,,,,,,
"MA","Pittsfield Generating",50002,"2025-03-17",9,,,,,,
"MA","Pittsfield Generating",50002,"2025-03-17",10,,,,,,
"MA","Pittsfield Generating",50002,"2025-03-17",11,,,,,,
"MA","Pittsfield Generating",50002,"2025-03-17",12,,,,,,
"MA","Pittsfield Generating",50002,"2025-03-17",13,,,,,,
"MA","Pittsfield Generating",50002,"2025-03-17",14,,,,,,
"MA","Pittsfield Generating",50002,"2025-03-17",15,,,,,,
"MA","Pittsfield Generating",50002,"2025-03-17",16,,,,,,
"MA","Pittsfield Generating",50002,"2025-03-17",17,,,,,,
"MA","Pittsfield Generating",50002,"2025-03-17",18,,,,,,
"MA","Pittsfield Generating",50002,"2025-03-17",19,,,,,,
"MA","Pittsfield Generating",50002,"2025-03-17",20,,,,,,
"MA","Pittsfield Generating",50002,"2025-03-17",21,,,,,,
"MA","Pittsfield Generating",50002,"2025-03-17",22,,,,,,
"MA","Pittsfield Generating",50002,"2025-03-17",23,,,,,,
"MA","Pittsfield Generating",50002,"2025-03-18",0,,,,,,
"MA","Pittsfield Generating",50002,"2025-03-18",1,,,,,,
"MA","Pittsfield Generating",50002,"2025-03-18",2,,,,,,
"MA","Pittsfield Generating",50002,"2025-03-18",3,,,,,,
"MA","Pittsfield Generating",50002,"2025-03-18",4,,,,,,
"MA","Pittsfield Generating",50002,"2025-03-18",5,,,,,,
"MA","Pittsfield Generating",50002,"2025-03-18",6,,,,,,
"MA","Pittsfield Generating",50002,"2025-03-18",7,,,,,,
"MA","Pittsfield Generating",50002,"2025-03-18",8,,,,,,
"MA","Pittsfield Generating",50002,"2025-03-18",9,,,,,,
"MA","Pittsfield Generating",50002,"2025-03-18",10,,,,,,
"MA","Pittsfield Generating",50002,"2025-03-18",11,,,,,,
"MA","Pittsfield Generating",50002,"2025-03-18",12,,,,,,
"MA","Pittsfield Generating",50002,"2025-03-18",13,,,,,,
"MA","Pittsfield Generating",50002,"2025-03-18",14,,,,,,
"MA","Pittsfield Generating",50002,"2025-03-18",15,,,,,,
"MA","Pittsfield Generating",50002,"2025-03-18",16,,,,,,
"MA","Pittsfield Generating",50002,"2025-03-18",17,,,,,,
"MA","Pittsfield Generating",50002,"2025-03-18",18,,,,,,
"MA","Pittsfield Generating",50002,"2025-03-18",19,,,,,,
"MA","Pittsfield Generating",50002,"2025-03-18",20,,,,,,
"MA","Pittsfield Generating",50002,"2025-03-18",21,,,,,,
"MA","Pittsfield Generating",50002,"2025-03-18",22,,,,,,
"MA","Pittsfield Generating",50002,"2025-03-18",23,,,,,,
"MA","Pittsfield Generating",50002,"2025-03-19",0,,,,,,
"MA","Pittsfield Generating",50002,"2025-03-19",1,,,,,,
"MA","Pittsfield Generating",50002,"2025-03-19",2,,,,,,
"MA","Pittsfield Generating",50002,"2025-03-19",3,,,,,,
"MA","Pittsfield Generating",50002,"2025-03-19",4,,,,,,
"MA","Pittsfield Generating",50002,"2025-03-19",5,,,,,,
"MA","Pittsfield Generating",50002,"2025-03-19",6,,,,,,
"MA","Pittsfield Generating",50002,"2025-03-19",7,,,,,,
"MA","Pittsfield Generating",50002,"2025-03-19",8,,,,,,
"MA","Pittsfield Generating",50002,"2025-03-19",9,,,,,,
"MA","Pittsfield Generating",50002,"2025-03-19",10,,,,,,
"MA","Pittsfield Generating",50002,"2025-03-19",11,,,,,,
"MA","Pittsfield Generating",50002,"2025-03-19",12,,,,,,
"MA","Pittsfield Generating",50002,"2025-03-19",13,,,,,,
"MA","Pittsfield Generating",50002,"2025-03-19",14,,,,,,
"MA","Pittsfield Generating",50002,"2025-03-19",15,,,,,,
"MA","Pittsfield Generating",50002,"2025-03-19",16,,,,,,
"MA","Pittsfield Generating",50002,"2025-03-19",17,,,,,,
"MA","Pittsfield Generating",50002,"2025-03-19",18,,,,,,
"MA","Pittsfield Generating",50002,"2025-03-19",19,,,,,,
"MA","Pittsfield Generating",50002,"2025-03-19",20,,,,,,
"MA","Pittsfield Generating",50002,"2025-03-19",21,,,,,,
"MA","Pittsfield Generating",50002,"2025-03-19",22,,,,,,
"MA","Pittsfield Generating",50002,"2025-03-19",23,,,,,,
"MA","Pittsfield Generating",50002,"2025-03-20",0,,,,,,
"MA","Pittsfield Generating",50002,"2025-03-20",1,,,,,,
"MA","Pittsfield Generating",50002,"2025-03-20",2,,,,,,
"MA","Pittsfield Generating",50002,"2025-03-20",3,,,,,,
"MA","Pittsfield Generating",50002,"2025-03-20",4,,,,,,
"MA","Pittsfield Generating",50002,"2025-03-20",5,,,,,,
"MA","Pittsfield Generating",50002,"2025-03-20",6,,,,,,
"MA","Pittsfield Generating",50002,"2025-03-20",7,,,,,,
"MA","Pittsfield Generating",50002,"2025-03-20",8,,,,,,
"MA","Pittsfield Generating",50002,"2025-03-20",9,,,,,,
"MA","Pittsfield Generating",50002,"2025-03-20",10,,,,,,
"MA","Pittsfield Generating",50002,"2025-03-20",11,,,,,,
"MA","Pittsfield Generating",50002,"2025-03-20",12,,,,,,
"MA","Pittsfield Generating",50002,"2025-03-20",13,,,,,,
"MA","Pittsfield Generating",50002,"2025-03-20",14,,,,,,
"MA","Pittsfield Generating",50002,"2025-03-20",15,,,,,,
"MA","Pittsfield Generating",50002,"2025-03-20",16,,,,,,
"MA","Pittsfield Generating",50002,"2025-03-20",17,,,,,,
"MA","Pittsfield Generating",50002,"2025-03-20",18,,,,,,
"MA","Pittsfield Generating",50002,"2025-03-20",19,,,,,,
"MA","Pittsfield Generating",50002,"2025-03-20",20,,,,,,
"MA","Pittsfield Generating",50002,"2025-03-20",21,,,,,,
"MA","Pittsfield Generating",50002,"2025-03-20",22,,,,,,
"MA","Pittsfield Generating",50002,"2025-03-20",23,,,,,,
"MA","Pittsfield Generating",50002,"2025-03-21",0,,,,,,
"MA","Pittsfield Generating",50002,"2025-03-21",1,,,,,,
"MA","Pittsfield Generating",50002,"2025-03-21",2,,,,,,
"MA","Pittsfield Generating",50002,"2025-03-21",3,,,,,,
"MA","Pittsfield Generating",50002,"2025-03-21",4,,,,,,
"MA","Pittsfield Generating",50002,"2025-03-21",5,,,,,,
"MA","Pittsfield Generating",50002,"2025-03-21",6,,,,,,
"MA","Pittsfield Generating",50002,"2025-03-21",7,,,,,,
"MA","Pittsfield Generating",50002,"2025-03-21",8,,,,,,
"MA","Pittsfield Generating",50002,"2025-03-21",9,,,,,,
"MA","Pittsfield Generating",50002,"2025-03-21",10,,,,,,
"MA","Pittsfield Generating",50002,"2025-03-21",11,,,,,,
"MA","Pittsfield Generating",50002,"2025-03-21",12,,,,,,
"MA","Pittsfield Generating",50002,"2025-03-21",13,,,,,,
"MA","Pittsfield Generating",50002,"2025-03-21",14,,,,,,
"MA","Pittsfield Generating",50002,"2025-03-21",15,,,,,,
"MA","Pittsfield Generating",50002,"2025-03-21",16,,,,,,
"MA","Pittsfield Generating",50002,"2025-03-21",17,,,,,,
"MA","Pittsfield Generating",50002,"2025-03-21",18,,,,,,
"MA","Pittsfield Generating",50002,"2025-03-21",19,,,,,,
"MA","Pittsfield Generating",50002,"2025-03-21",20,,,,,,
"MA","Pittsfield Generating",50002,"2025-03-21",21,,,,,,
"MA","Pittsfield Generating",50002,"2025-03-21",22,,,,,,
"MA","Pittsfield Generating",50002,"2025-03-21",23,,,,,,
"MA","Pittsfield Generating",50002,"2025-03-22",0,,,,,,
"MA","Pittsfield Generating",50002,"2025-03-22",1,,,,,,
"MA","Pittsfield Generating",50002,"2025-03-22",2,,,,,,
"MA","Pittsfield Generating",50002,"2025-03-22",3,,,,,,
"MA","Pittsfield Generating",50002,"2025-03-22",4,,,,,,
"MA","Pittsfield Generating",50002,"2025-03-22",5,,,,,,
"MA","Pittsfield Generating",50002,"2025-03-22",6,,,,,,
"MA","Pittsfield Generating",50002,"2025-03-22",7,,,,,,
"MA","Pittsfield Generating",50002,"2025-03-22",8,,,,,,
"MA","Pittsfield Generating",50002,"2025-03-22",9,,,,,,
"MA","Pittsfield Generating",50002,"2025-03-22",10,,,,,,
"MA","Pittsfield Generating",50002,"2025-03-22",11,,,,,,
"MA","Pittsfield Generating",50002,"2025-03-22",12,,,,,,
"MA","Pittsfield Generating",50002,"2025-03-22",13,,,,,,
"MA","Pittsfield Generating",50002,"2025-03-22",14,,,,,,
"MA","Pittsfield Generating",50002,"2025-03-22",15,,,,,,
"MA","Pittsfield Generating",50002,"2025-03-22",16,,,,,,
"MA","Pittsfield Generating",50002,"2025-03-22",17,,,,,,
"MA","Pittsfield Generating",50002,"2025-03-22",18,,,,,,
"MA","Pittsfield Generating",50002,"2025-03-22",19,,,,,,
"MA","Pittsfield Generating",50002,"2025-03-22",20,,,,,,
"MA","Pittsfield Generating",50002,"2025-03-22",21,,,,,,
"MA","Pittsfield Generating",50002,"2025-03-22",22,,,,,,
"MA","Pittsfield Generating",50002,"2025-03-22",23,,,,,,
"MA","Pittsfield Generating",50002,"2025-03-23",0,,,,,,
"MA","Pittsfield Generating",50002,"2025-03-23",1,,,,,,
"MA","Pittsfield Generating",50002,"2025-03-23",2,,,,,,
"MA","Pittsfield Generating",50002,"2025-03-23",3,,,,,,
"MA","Pittsfield Generating",50002,"2025-03-23",4,,,,,,
"MA","Pittsfield Generating",50002,"2025-03-23",5,,,,,,
"MA","Pittsfield Generating",50002,"2025-03-23",6,,,,,,
"MA","Pittsfield Generating",50002,"2025-03-23",7,,,,,,
"MA","Pittsfield Generating",50002,"2025-03-23",8,,,,,,
"MA","Pittsfield Generating",50002,"2025-03-23",9,,,,,,
"MA","Pittsfield Generating",50002,"2025-03-23",10,,,,,,
"MA","Pittsfield Generating",50002,"2025-03-23",11,,,,,,
"MA","Pittsfield Generating",50002,"2025-03-23",12,,,,,,
"MA","Pittsfield Generating",50002,"2025-03-23",13,,,,,,
"MA","Pittsfield Generating",50002,"2025-03-23",14,,,,,,
"MA","Pittsfield Generating",50002,"2025-03-23",15,,,,,,
"MA","Pittsfield Generating",50002,"2025-03-23",16,,,,,,
"MA","Pittsfield Generating",50002,"2025-03-23",17,,,,,,
"MA","Pittsfield Generating",50002,"2025-03-23",18,,,,,,
"MA","Pittsfield Generating",50002,"2025-03-23",19,,,,,,
"MA","Pittsfield Generating",50002,"2025-03-23",20,,,,,,
"MA","Pittsfield Generating",50002,"2025-03-23",21,,,,,,
"MA","Pittsfield Generating",50002,"2025-03-23",22,,,,,,
"MA","Pittsfield Generating",50002,"2025-03-23",23,,,,,,
"MA","Pittsfield Generating",50002,"2025-03-24",0,,,,,,
"MA","Pittsfield Generating",50002,"2025-03-24",1,,,,,,
"MA","Pittsfield Generating",50002,"2025-03-24",2,,,,,,
"MA","Pittsfield Generating",50002,"2025-03-24",3,,,,,,
"MA","Pittsfield Generating",50002,"2025-03-24",4,,,,,,
"MA","Pittsfield Generating",50002,"2025-03-24",5,,,,,,
"MA","Pittsfield Generating",50002,"2025-03-24",6,,,,,,
"MA","Pittsfield Generating",50002,"2025-03-24",7,,,,,,
"MA","Pittsfield Generating",50002,"2025-03-24",8,,,,,,
"MA","Pittsfield Generating",50002,"2025-03-24",9,,,,,,
"MA","Pittsfield Generating",50002,"2025-03-24",10,,,,,,
"MA","Pittsfield Generating",50002,"2025-03-24",11,,,,,,
"MA","Pittsfield Generating",50002,"2025-03-24",12,,,,,,
"MA","Pittsfield Generating",50002,"2025-03-24",13,,,,,,
"MA","Pittsfield Generating",50002,"2025-03-24",14,,,,,,
"MA","Pittsfield Generating",50002,"2025-03-24",15,,,,,,
"MA","Pittsfield Generating",50002,"2025-03-24",16,,,,,,
"MA","Pittsfield Generating",50002,"2025-03-24",17,,,,,,
"MA","Pittsfield Generating",50002,"2025-03-24",18,,,,,,
"MA","Pittsfield Generating",50002,"2025-03-24",19,,,,,,
"MA","Pittsfield Generating",50002,"2025-03-24",20,,,,,,
"MA","Pittsfield Generating",50002,"2025-03-24",21,,,,,,
"MA","Pittsfield Generating",50002,"2025-03-24",22,,,,,,
"MA","Pittsfield Generating",50002,"2025-03-24",23,,,,,,
"MA","Pittsfield Generating",50002,"2025-03-25",0,,,,,,
"MA","Pittsfield Generating",50002,"2025-03-25",1,,,,,,
"MA","Pittsfield Generating",50002,"2025-03-25",2,,,,,,
"MA","Pittsfield Generating",50002,"2025-03-25",3,,,,,,
"MA","Pittsfield Generating",50002,"2025-03-25",4,,,,,,
"MA","Pittsfield Generating",50002,"2025-03-25",5,,,,,,
"MA","Pittsfield Generating",50002,"2025-03-25",6,,,,,,
"MA","Pittsfield Generating",50002,"2025-03-25",7,,,,,,
"MA","Pittsfield Generating",50002,"2025-03-25",8,,,,,,
"MA","Pittsfield Generating",50002,"2025-03-25",9,,,,,,
"MA","Pittsfield Generating",50002,"2025-03-25",10,,,,,,
"MA","Pittsfield Generating",50002,"2025-03-25",11,,,,,,
"MA","Pittsfield Generating",50002,"2025-03-25",12,,,,,,
"MA","Pittsfield Generating",50002,"2025-03-25",13,,,,,,
"MA","Pittsfield Generating",50002,"2025-03-25",14,,,,,,
"MA","Pittsfield Generating",50002,"2025-03-25",15,,,,,,
"MA","Pittsfield Generating",50002,"2025-03-25",16,,,,,,
"MA","Pittsfield Generating",50002,"2025-03-25",17,,,,,,
"MA","Pittsfield Generating",50002,"2025-03-25",18,,,,,,
"MA","Pittsfield Generating",50002,"2025-03-25",19,,,,,,
"MA","Pittsfield Generating",50002,"2025-03-25",20,,,,,,
"MA","Pittsfield Generating",50002,"2025-03-25",21,,,,,,
"MA","Pittsfield Generating",50002,"2025-03-25",22,,,,,,
"MA","Pittsfield Generating",50002,"2025-03-25",23,,,,,,
"MA","Pittsfield Generating",50002,"2025-03-26",0,,,,,,
"MA","Pittsfield Generating",50002,"2025-03-26",1,,,,,,
"MA","Pittsfield Generating",50002,"2025-03-26",2,,,,,,
"MA","Pittsfield Generating",50002,"2025-03-26",3,,,,,,
"MA","Pittsfield Generating",50002,"2025-03-26",4,,,,,,
"MA","Pittsfield Generating",50002,"2025-03-26",5,,,,,,
"MA","Pittsfield Generating",50002,"2025-03-26",6,,,,,,
"MA","Pittsfield Generating",50002,"2025-03-26",7,,,,,,
"MA","Pittsfield Generating",50002,"2025-03-26",8,,,,,,
"MA","Pittsfield Generating",50002,"2025-03-26",9,,,,,,
"MA","Pittsfield Generating",50002,"2025-03-26",10,,,,,,
"MA","Pittsfield Generating",50002,"2025-03-26",11,,,,,,
"MA","Pittsfield Generating",50002,"2025-03-26",12,,,,,,
"MA","Pittsfield Generating",50002,"2025-03-26",13,,,,,,
"MA","Pittsfield Generating",50002,"2025-03-26",14,,,,,,
"MA","Pittsfield Generating",50002,"2025-03-26",15,,,,,,
"MA","Pittsfield Generating",50002,"2025-03-26",16,,,,,,
"MA","Pittsfield Generating",50002,"2025-03-26",17,,,,,,
"MA","Pittsfield Generating",50002,"2025-03-26",18,,,,,,
"MA","Pittsfield Generating",50002,"2025-03-26",19,,,,,,
"MA","Pittsfield Generating",50002,"2025-03-26",20,,,,,,
"MA","Pittsfield Generating",50002,"2025-03-26",21,,,,,,
"MA","Pittsfield Generating",50002,"2025-03-26",22,,,,,,
"MA","Pittsfield Generating",50002,"2025-03-26",23,,,,,,
"MA","Pittsfield Generating",50002,"2025-03-27",0,,,,,,
"MA","Pittsfield Generating",50002,"2025-03-27",1,,,,,,
"MA","Pittsfield Generating",50002,"2025-03-27",2,,,,,,
"MA","Pittsfield Generating",50002,"2025-03-27",3,,,,,,
"MA","Pittsfield Generating",50002,"2025-03-27",4,,,,,,
"MA","Pittsfield Generating",50002,"2025-03-27",5,,,,,,
"MA","Pittsfield Generating",50002,"2025-03-27",6,,,,,,
"MA","Pittsfield Generating",50002,"2025-03-27",7,,,,,,
"MA","Pittsfield Generating",50002,"2025-03-27",8,,,,,,
"MA","Pittsfield Generating",50002,"2025-03-27",9,,,,,,
"MA","Pittsfield Generating",50002,"2025-03-27",10,,,,,,
"MA","Pittsfield Generating",50002,"2025-03-27",11,,,,,,
"MA","Pittsfield Generating",50002,"2025-03-27",12,,,,,,
"MA","Pittsfield Generating",50002,"2025-03-27",13,,,,,,
"MA","Pittsfield Generating",50002,"2025-03-27",14,,,,,,
"MA","Pittsfield Generating",50002,"2025-03-27",15,,,,,,
"MA","Pittsfield Generating",50002,"2025-03-27",16,,,,,,
"MA","Pittsfield Generating",50002,"2025-03-27",17,,,,,,
"MA","Pittsfield Generating",50002,"2025-03-27",18,,,,,,
"MA","Pittsfield Generating",50002,"2025-03-27",19,,,,,,
"MA","Pittsfield Generating",50002,"2025-03-27",20,,,,,,
"MA","Pittsfield Generating",50002,"2025-03-27",21,,,,,,
"MA","Pittsfield Generating",50002,"2025-03-27",22,,,,,,
"MA","Pittsfield Generating",50002,"2025-03-27",23,,,,,,
"MA","Pittsfield Generating",50002,"2025-03-28",0,,,,,,
"MA","Pittsfield Generating",50002,"2025-03-28",1,,,,,,
"MA","Pittsfield Generating",50002,"2025-03-28",2,,,,,,
"MA","Pittsfield Generating",50002,"2025-03-28",3,,,,,,
"MA","Pittsfield Generating",50002,"2025-03-28",4,,,,,,
"MA","Pittsfield Generating",50002,"2025-03-28",5,,,,,,
"MA","Pittsfield Generating",50002,"2025-03-28",6,,,,,,
"MA","Pittsfield Generating",50002,"2025-03-28",7,,,,,,
"MA","Pittsfield Generating",50002,"2025-03-28",8,,,,,,
"MA","Pittsfield Generating",50002,"2025-03-28",9,,,,,,
"MA","Pittsfield Generating",50002,"2025-03-28",10,,,,,,
"MA","Pittsfield Generating",50002,"2025-03-28",11,,,,,,
"MA","Pittsfield Generating",50002,"2025-03-28",12,,,,,,
"MA","Pittsfield Generating",50002,"2025-03-28",13,,,,,,
"MA","Pittsfield Generating",50002,"2025-03-28",14,,,,,,
"MA","Pittsfield Generating",50002,"2025-03-28",15,,,,,,
"MA","Pittsfield Generating",50002,"2025-03-28",16,,,,,,
"MA","Pittsfield Generating",50002,"2025-03-28",17,,,,,,
"MA","Pittsfield Generating",50002,"2025-03-28",18,,,,,,
"MA","Pittsfield Generating",50002,"2025-03-28",19,,,,,,
"MA","Pittsfield Generating",50002,"2025-03-28",20,,,,,,
"MA","Pittsfield Generating",50002,"2025-03-28",21,,,,,,
"MA","Pittsfield Generating",50002,"2025-03-28",22,,,,,,
"MA","Pittsfield Generating",50002,"2025-03-28",23,,,,,,
"MA","Pittsfield Generating",50002,"2025-03-29",0,,,,,,
"MA","Pittsfield Generating",50002,"2025-03-29",1,,,,,,
"MA","Pittsfield Generating",50002,"2025-03-29",2,,,,,,
"MA","Pittsfield Generating",50002,"2025-03-29",3,,,,,,
"MA","Pittsfield Generating",50002,"2025-03-29",4,,,,,,
"MA","Pittsfield Generating",50002,"2025-03-29",5,,,,,,
"MA","Pittsfield Generating",50002,"2025-03-29",6,,,,,,
"MA","Pittsfield Generating",50002,"2025-03-29",7,,,,,,
"MA","Pittsfield Generating",50002,"2025-03-29",8,,,,,,
"MA","Pittsfield Generating",50002,"2025-03-29",9,,,,,,
"MA","Pittsfield Generating",50002,"2025-03-29",10,,,,,,
"MA","Pittsfield Generating",50002,"2025-03-29",11,,,,,,
"MA","Pittsfield Generating",50002,"2025-03-29",12,,,,,,
"MA","Pittsfield Generating",50002,"2025-03-29",13,,,,,,
"MA","Pittsfield Generating",50002,"2025-03-29",14,,,,,,
"MA","Pittsfield Generating",50002,"2025-03-29",15,,,,,,
"MA","Pittsfield Generating",50002,"2025-03-29",16,,,,,,
"MA","Pittsfield Generating",50002,"2025-03-29",17,,,,,,
"MA","Pittsfield Generating",50002,"2025-03-29",18,,,,,,
"MA","Pittsfield Generating",50002,"2025-03-29",19,,,,,,
"MA","Pittsfield Generating",50002,"2025-03-29",20,,,,,,
"MA","Pittsfield Generating",50002,"2025-03-29",21,,,,,,
"MA","Pittsfield Generating",50002,"2025-03-29",22,,,,,,
"MA","Pittsfield Generating",50002,"2025-03-29",23,,,,,,
"MA","Pittsfield Generating",50002,"2025-03-30",0,,,,,,
"MA","Pittsfield Generating",50002,"2025-03-30",1,,,,,,
"MA","Pittsfield Generating",50002,"2025-03-30",2,,,,,,
"MA","Pittsfield Generating",50002,"2025-03-30",3,,,,,,
"MA","Pittsfield Generating",50002,"2025-03-30",4,,,,,,
"MA","Pittsfield Generating",50002,"2025-03-30",5,,,,,,
"MA","Pittsfield Generating",50002,"2025-03-30",6,,,,,,
"MA","Pittsfield Generating",50002,"2025-03-30",7,,,,,,
"MA","Pittsfield Generating",50002,"2025-03-30",8,,,,,,
"MA","Pittsfield Generating",50002,"2025-03-30",9,,,,,,
"MA","Pittsfield Generating",50002,"2025-03-30",10,,,,,,
"MA","Pittsfield Generating",50002,"2025-03-30",11,,,,,,
"MA","Pittsfield Generating",50002,"2025-03-30",12,,,,,,
"MA","Pittsfield Generating",50002,"2025-03-30",13,,,,,,
"MA","Pittsfield Generating",50002,"2025-03-30",14,,,,,,
"MA","Pittsfield Generating",50002,"2025-03-30",15,,,,,,
"MA","Pittsfield Generating",50002,"2025-03-30",16,,,,,,
"MA","Pittsfield Generating",50002,"2025-03-30",17,,,,,,
"MA","Pittsfield Generating",50002,"2025-03-30",18,,,,,,
"MA","Pittsfield Generating",50002,"2025-03-30",19,,,,,,
"MA","Pittsfield Generating",50002,"2025-03-30",20,,,,,,
"MA","Pittsfield Generating",50002,"2025-03-30",21,,,,,,
"MA","Pittsfield Generating",50002,"2025-03-30",22,,,,,,
"MA","Pittsfield Generating",50002,"2025-03-30",23,,,,,,
"MA","Pittsfield Generating",50002,"2025-03-31",0,,,,,,
"MA","Pittsfield Generating",50002,"2025-03-31",1,,,,,,
"MA","Pittsfield Generating",50002,"2025-03-31",2,,,,,,
"MA","Pittsfield Generating",50002,"2025-03-31",3,,,,,,
"MA","Pittsfield Generating",50002,"2025-03-31",4,,,,,,
"MA","Pittsfield Generating",50002,"2025-03-31",5,,,,,,
"MA","Pittsfield Generating",50002,"2025-03-31",6,,,,,,
"MA","Pittsfield Generating",50002,"2025-03-31",7,,,,,,
"MA","Pittsfield Generating",50002,"2025-03-31",8,,,,,,
"MA","Pittsfield Generating",50002,"2025-03-31",9,,,,,,
"MA","Pittsfield Generating",50002,"2025-03-31",10,,,,,,
"MA","Pittsfield Generating",50002,"2025-03-31",11,,,,,,
"MA","Pittsfield Generating",50002,"2025-03-31",12,,,,,,
"MA","Pittsfield Generating",50002,"2025-03-31",13,,,,,,
"MA","Pittsfield Generating",50002,"2025-03-31",14,,,,,,
"MA","Pittsfield Generating",50002,"2025-03-31",15,,,,,,
"MA","Pittsfield Generating",50002,"2025-03-31",16,,,,,,
"MA","Pittsfield Generating",50002,"2025-03-31",17,,,,,,
"MA","Pittsfield Generating",50002,"2025-03-31",18,,,,,,
"MA","Pittsfield Generating",50002,"2025-03-31",19,,,,,,
"MA","Pittsfield Generating",50002,"2025-03-31",20,,,,,,
"MA","Pittsfield Generating",50002,"2025-03-31",21,,,,,,
"MA","Pittsfield Generating",50002,"2025-03-31",22,,,,,,
"MA","Pittsfield Generating",50002,"2025-03-31",23,,,,,,
"MA","Pittsfield Generating",50002,"2025-04-01",0,,,,,,
"MA","Pittsfield Generating",50002,"2025-04-01",1,,,,,,
"MA","Pittsfield Generating",50002,"2025-04-01",2,,,,,,
"MA","Pittsfield Generating",50002,"2025-04-01",3,,,,,,
"MA","Pittsfield Generating",50002,"2025-04-01",4,,,,,,
"MA","Pittsfield Generating",50002,"2025-04-01",5,,,,,,
"MA","Pittsfield Generating",50002,"2025-04-01",6,,,,,,
"MA","Pittsfield Generating",50002,"2025-04-01",7,,,,,,
"MA","Pittsfield Generating",50002,"2025-04-01",8,,,,,,
"MA","Pittsfield Generating",50002,"2025-04-01",9,,,,,,
"MA","Pittsfield Generating",50002,"2025-04-01",10,,,,,,
"MA","Pittsfield Generating",50002,"2025-04-01",11,,,,,,
"MA","Pittsfield Generating",50002,"2025-04-01",12,,,,,,
"MA","Pittsfield Generating",50002,"2025-04-01",13,,,,,,
"MA","Pittsfield Generating",50002,"2025-04-01",14,,,,,,
"MA","Pittsfield Generating",50002,"2025-04-01",15,,,,,,
"MA","Pittsfield Generating",50002,"2025-04-01",16,,,,,,
"MA","Pittsfield Generating",50002,"2025-04-01",17,,,,,,
"MA","Pittsfield Generating",50002,"2025-04-01",18,,,,,,
"MA","Pittsfield Generating",50002,"2025-04-01",19,,,,,,
"MA","Pittsfield Generating",50002,"2025-04-01",20,,,,,,
"MA","Pittsfield Generating",50002,"2025-04-01",21,,,,,,
"MA","Pittsfield Generating",50002,"2025-04-01",22,,,,,,
"MA","Pittsfield Generating",50002,"2025-04-01",23,,,,,,
"MA","Pittsfield Generating",50002,"2025-04-02",0,,,,,,
"MA","Pittsfield Generating",50002,"2025-04-02",1,,,,,,
"MA","Pittsfield Generating",50002,"2025-04-02",2,,,,,,
"MA","Pittsfield Generating",50002,"2025-04-02",3,,,,,,
"MA","Pittsfield Generating",50002,"2025-04-02",4,,,,,,
"MA","Pittsfield Generating",50002,"2025-04-02",5,,,,,,
"MA","Pittsfield Generating",50002,"2025-04-02",6,,,,,,
"MA","Pittsfield Generating",50002,"2025-04-02",7,,,,,,
"MA","Pittsfield Generating",50002,"2025-04-02",8,,,,,,
"MA","Pittsfield Generating",50002,"2025-04-02",9,,,,,,
"MA","Pittsfield Generating",50002,"2025-04-02",10,,,,,,
"MA","Pittsfield Generating",50002,"2025-04-02",11,,,,,,
"MA","Pittsfield Generating",50002,"2025-04-02",12,,,,,,
"MA","Pittsfield Generating",50002,"2025-04-02",13,,,,,,
"MA","Pittsfield Generating",50002,"2025-04-02",14,,,,,,
"MA","Pittsfield Generating",50002,"2025-04-02",15,,,,,,
"MA","Pittsfield Generating",50002,"2025-04-02",16,,,,,,
"MA","Pittsfield Generating",50002,"2025-04-02",17,,,,,,
"MA","Pittsfield Generating",50002,"2025-04-02",18,,,,,,
"MA","Pittsfield Generating",50002,"2025-04-02",19,,,,,,
"MA","Pittsfield Generating",50002,"2025-04-02",20,,,,,,
"MA","Pittsfield Generating",50002,"2025-04-02",21,,,,,,
"MA","Pittsfield Generating",50002,"2025-04-02",22,,,,,,
"MA","Pittsfield Generating",50002,"2025-04-02",23,,,,,,
"MA","Pittsfield Generating",50002,"2025-04-03",0,,,,,,
"MA","Pittsfield Generating",50002,"2025-04-03",1,,,,,,
"MA","Pittsfield Generating",50002,"2025-04-03",2,,,,,,
"MA","Pittsfield Generating",50002,"2025-04-03",3,,,,,,
"MA","Pittsfield Generating",50002,"2025-04-03",4,,,,,,
"MA","Pittsfield Generating",50002,"2025-04-03",5,,,,,,
"MA","Pittsfield Generating",50002,"2025-04-03",6,,,,,,
"MA","Pittsfield Generating",50002,"2025-04-03",7,,,,,,
"MA","Pittsfield Generating",50002,"2025-04-03",8,,,,,,
"MA","Pittsfield Generating",50002,"2025-04-03",9,,,,,,
"MA","Pittsfield Generating",50002,"2025-04-03",10,,,,,,
"MA","Pittsfield Generating",50002,"2025-04-03",11,,,,,,
"MA","Pittsfield Generating",50002,"2025-04-03",12,,,,,,
"MA","Pittsfield Generating",50002,"2025-04-03",13,,,,,,
"MA","Pittsfield Generating",50002,"2025-04-03",14,,,,,,
"MA","Pittsfield Generating",50002,"2025-04-03",15,,,,,,
"MA","Pittsfield Generating",50002,"2025-04-03",16,,,,,,
"MA","Pittsfield Generating",50002,"2025-04-03",17,,,,,,
"MA","Pittsfield Generating",50002,"2025-04-03",18,,,,,,
"MA","Pittsfield Generating",50002,"2025-04-03",19,,,,,,
"MA","Pittsfield Generating",50002,"2025-04-03",20,,,,,,
"MA","Pittsfield Generating",50002,"2025-04-03",21,,,,,,
"MA","Pittsfield Generating",50002,"2025-04-03",22,,,,,,
"MA","Pittsfield Generating",50002,"2025-04-03",23,,,,,,
"MA","Pittsfield Generating",50002,"2025-04-04",0,,,,,,
"MA","Pittsfield Generating",50002,"2025-04-04",1,,,,,,
"MA","Pittsfield Generating",50002,"2025-04-04",2,,,,,,
"MA","Pittsfield Generating",50002,"2025-04-04",3,,,,,,
"MA","Pittsfield Generating",50002,"2025-04-04",4,,,,,,
"MA","Pittsfield Generating",50002,"2025-04-04",5,,,,,,
"MA","Pittsfield Generating",50002,"2025-04-04",6,,,,,,
"MA","Pittsfield Generating",50002,"2025-04-04",7,,,,,,
"MA","Pittsfield Generating",50002,"2025-04-04",8,,,,,,
"MA","Pittsfield Generating",50002,"2025-04-04",9,,,,,,
"MA","Pittsfield Generating",50002,"2025-04-04",10,,,,,,
"MA","Pittsfield Generating",50002,"2025-04-04",11,,,,,,
"MA","Pittsfield Generating",50002,"2025-04-04",12,,,,,,
"MA","Pittsfield Generating",50002,"2025-04-04",13,,,,,,
"MA","Pittsfield Generating",50002,"2025-04-04",14,,,,,,
"MA","Pittsfield Generating",50002,"2025-04-04",15,,,,,,
"MA","Pittsfield Generating",50002,"2025-04-04",16,,,,,,
"MA","Pittsfield Generating",50002,"2025-04-04",17,,,,,,
"MA","Pittsfield Generating",50002,"2025-04-04",18,,,,,,
"MA","Pittsfield Generating",50002,"2025-04-04",19,,,,,,
"MA","Pittsfield Generating",50002,"2025-04-04",20,,,,,,
"MA","Pittsfield Generating",50002,"2025-04-04",21,,,,,,
"MA","Pittsfield Generating",50002,"2025-04-04",22,,,,,,
"MA","Pittsfield Generating",50002,"2025-04-04",23,,,,,,
"MA","Pittsfield Generating",50002,"2025-04-05",0,,,,,,
"MA","Pittsfield Generating",50002,"2025-04-05",1,,,,,,
"MA","Pittsfield Generating",50002,"2025-04-05",2,,,,,,
"MA","Pittsfield Generating",50002,"2025-04-05",3,,,,,,
"MA","Pittsfield Generating",50002,"2025-04-05",4,,,,,,
"MA","Pittsfield Generating",50002,"2025-04-05",5,,,,,,
"MA","Pittsfield Generating",50002,"2025-04-05",6,,,,,,
"MA","Pittsfield Generating",50002,"2025-04-05",7,,,,,,
"MA","Pittsfield Generating",50002,"2025-04-05",8,,,,,,
"MA","Pittsfield Generating",50002,"2025-04-05",9,,,,,,
"MA","Pittsfield Generating",50002,"2025-04-05",10,,,,,,
"MA","Pittsfield Generating",50002,"2025-04-05",11,,,,,,
"MA","Pittsfield Generating",50002,"2025-04-05",12,,,,,,
"MA","Pittsfield Generating",50002,"2025-04-05",13,,,,,,
"MA","Pittsfield Generating",50002,"2025-04-05",14,,,,,,
"MA","Pittsfield Generating",50002,"2025-04-05",15,,,,,,
"MA","Pittsfield Generating",50002,"2025-04-05",16,,,,,,
"MA","Pittsfield Generating",50002,"2025-04-05",17,,,,,,
"MA","Pittsfield Generating",50002,"2025-04-05",18,,,,,,
"MA","Pittsfield Generating",50002,"2025-04-05",19,,,,,,
"MA","Pittsfield Generating",50002,"2025-04-05",20,,,,,,
"MA","Pittsfield Generating",50002,"2025-04-05",21,,,,,,
"MA","Pittsfield Generating",50002,"2025-04-05",22,,,,,,
"MA","Pittsfield Generating",50002,"2025-04-05",23,,,,,,
"MA","Pittsfield Generating",50002,"2025-04-06",0,,,,,,
"MA","Pittsfield Generating",50002,"2025-04-06",1,,,,,,
"MA","Pittsfield Generating",50002,"2025-04-06",2,,,,,,
"MA","Pittsfield Generating",50002,"2025-04-06",3,,,,,,
"MA","Pittsfield Generating",50002,"2025-04-06",4,,,,,,
"MA","Pittsfield Generating",50002,"2025-04-06",5,,,,,,
"MA","Pittsfield Generating",50002,"2025-04-06",6,,,,,,
"MA","Pittsfield Generating",50002,"2025-04-06",7,,,,,,
"MA","Pittsfield Generating",50002,"2025-04-06",8,,,,,,
"MA","Pittsfield Generating",50002,"2025-04-06",9,,,,,,
"MA","Pittsfield Generating",50002,"2025-04-06",10,,,,,,
"MA","Pittsfield Generating",50002,"2025-04-06",11,,,,,,
"MA","Pittsfield Generating",50002,"2025-04-06",12,,,,,,
"MA","Pittsfield Generating",50002,"2025-04-06",13,,,,,,
"MA","Pittsfield Generating",50002,"2025-04-06",14,,,,,,
"MA","Pittsfield Generating",50002,"2025-04-06",15,,,,,,
"MA","Pittsfield Generating",50002,"2025-04-06",16,,,,,,
"MA","Pittsfield Generating",50002,"2025-04-06",17,,,,,,
"MA","Pittsfield Generating",50002,"2025-04-06",18,,,,,,
"MA","Pittsfield Generating",50002,"2025-04-06",19,,,,,,
"MA","Pittsfield Generating",50002,"2025-04-06",20,,,,,,
"MA","Pittsfield Generating",50002,"2025-04-06",21,,,,,,
"MA","Pittsfield Generating",50002,"2025-04-06",22,,,,,,
"MA","Pittsfield Generating",50002,"2025-04-06",23,,,,,,
"MA","Pittsfield Generating",50002,"2025-04-07",0,,,,,,
"MA","Pittsfield Generating",50002,"2025-04-07",1,,,,,,
"MA","Pittsfield Generating",50002,"2025-04-07",2,,,,,,
"MA","Pittsfield Generating",50002,"2025-04-07",3,,,,,,
"MA","Pittsfield Generating",50002,"2025-04-07",4,,,,,,
"MA","Pittsfield Generating",50002,"2025-04-07",5,,,,,,
"MA","Pittsfield Generating",50002,"2025-04-07",6,,,,,,
"MA","Pittsfield Generating",50002,"2025-04-07",7,,,,,,
"MA","Pittsfield Generating",50002,"2025-04-07",8,,,,,,
"MA","Pittsfield Generating",50002,"2025-04-07",9,,,,,,
"MA","Pittsfield Generating",50002,"2025-04-07",10,,,,,,
"MA","Pittsfield Generating",50002,"2025-04-07",11,,,,,,
"MA","Pittsfield Generating",50002,"2025-04-07",12,,,,,,
"MA","Pittsfield Generating",50002,"2025-04-07",13,,,,,,
"MA","Pittsfield Generating",50002,"2025-04-07",14,,,,,,
"MA","Pittsfield Generating",50002,"2025-04-07",15,,,,,,
"MA","Pittsfield Generating",50002,"2025-04-07",16,,,,,,
"MA","Pittsfield Generating",50002,"2025-04-07",17,,,,,,
"MA","Pittsfield Generating",50002,"2025-04-07",18,,,,,,
"MA","Pittsfield Generating",50002,"2025-04-07",19,,,,,,
"MA","Pittsfield Generating",50002,"2025-04-07",20,,,,,,
"MA","Pittsfield Generating",50002,"2025-04-07",21,,,,,,
"MA","Pittsfield Generating",50002,"2025-04-07",22,,,,,,
"MA","Pittsfield Generating",50002,"2025-04-07",23,,,,,,
"MA","Pittsfield Generating",50002,"2025-04-08",0,,,,,,
"MA","Pittsfield Generating",50002,"2025-04-08",1,,,,,,
"MA","Pittsfield Generating",50002,"2025-04-08",2,,,,,,
"MA","Pittsfield Generating",50002,"2025-04-08",3,,,,,,
"MA","Pittsfield Generating",50002,"2025-04-08",4,,,,,,
"MA","Pittsfield Generating",50002,"2025-04-08",5,,,,,,
"MA","Pittsfield Generating",50002,"2025-04-08",6,,,,,,
"MA","Pittsfield Generating",50002,"2025-04-08",7,,,,,,
"MA","Pittsfield Generating",50002,"2025-04-08",8,,,,,,
"MA","Pittsfield Generating",50002,"2025-04-08",9,,,,,,
"MA","Pittsfield Generating",50002,"2025-04-08",10,,,,,,
"MA","Pittsfield Generating",50002,"2025-04-08",11,,,,,,
"MA","Pittsfield Generating",50002,"2025-04-08",12,,,,,,
"MA","Pittsfield Generating",50002,"2025-04-08",13,,,,,,
"MA","Pittsfield Generating",50002,"2025-04-08",14,,,,,,
"MA","Pittsfield Generating",50002,"2025-04-08",15,,,,,,
"MA","Pittsfield Generating",50002,"2025-04-08",16,,,,,,
"MA","Pittsfield Generating",50002,"2025-04-08",17,,,,,,
"MA","Pittsfield Generating",50002,"2025-04-08",18,,,,,,
"MA","Pittsfield Generating",50002,"2025-04-08",19,,,,,,
"MA","Pittsfield Generating",50002,"2025-04-08",20,,,,,,
"MA","Pittsfield Generating",50002,"2025-04-08",21,,,,,,
"MA","Pittsfield Generating",50002,"2025-04-08",22,,,,,,
"MA","Pittsfield Generating",50002,"2025-04-08",23,,,,,,
"MA","Pittsfield Generating",50002,"2025-04-09",0,,,,,,
"MA","Pittsfield Generating",50002,"2025-04-09",1,,,,,,
"MA","Pittsfield Generating",50002,"2025-04-09",2,,,,,,
"MA","Pittsfield Generating",50002,"2025-04-09",3,,,,,,
"MA","Pittsfield Generating",50002,"2025-04-09",4,,,,,,
"MA","Pittsfield Generating",50002,"2025-04-09",5,,,,,,
"MA","Pittsfield Generating",50002,"2025-04-09",6,,,,,,
"MA","Pittsfield Generating",50002,"2025-04-09",7,,,,,,
"MA","Pittsfield Generating",50002,"2025-04-09",8,,,,,,
"MA","Pittsfield Generating",50002,"2025-04-09",9,,,,,,
"MA","Pittsfield Generating",50002,"2025-04-09",10,,,,,,
"MA","Pittsfield Generating",50002,"2025-04-09",11,,,,,,
"MA","Pittsfield Generating",50002,"2025-04-09",12,,,,,,
"MA","Pittsfield Generating",50002,"2025-04-09",13,,,,,,
"MA","Pittsfield Generating",50002,"2025-04-09",14,,,,,,
"MA","Pittsfield Generating",50002,"2025-04-09",15,,,,,,
"MA","Pittsfield Generating",50002,"2025-04-09",16,,,,,,
"MA","Pittsfield Generating",50002,"2025-04-09",17,,,,,,
"MA","Pittsfield Generating",50002,"2025-04-09",18,,,,,,
"MA","Pittsfield Generating",50002,"2025-04-09",19,,,,,,
"MA","Pittsfield Generating",50002,"2025-04-09",20,,,,,,
"MA","Pittsfield Generating",50002,"2025-04-09",21,,,,,,
"MA","Pittsfield Generating",50002,"2025-04-09",22,,,,,,
"MA","Pittsfield Generating",50002,"2025-04-09",23,,,,,,
"MA","Pittsfield Generating",50002,"2025-04-10",0,,,,,,
"MA","Pittsfield Generating",50002,"2025-04-10",1,,,,,,
"MA","Pittsfield Generating",50002,"2025-04-10",2,,,,,,
"MA","Pittsfield Generating",50002,"2025-04-10",3,,,,,,
"MA","Pittsfield Generating",50002,"2025-04-10",4,,,,,,
"MA","Pittsfield Generating",50002,"2025-04-10",5,,,,,,
"MA","Pittsfield Generating",50002,"2025-04-10",6,,,,,,
"MA","Pittsfield Generating",50002,"2025-04-10",7,,,,,,
"MA","Pittsfield Generating",50002,"2025-04-10",8,,,,,,
"MA","Pittsfield Generating",50002,"2025-04-10",9,,,,,,
"MA","Pittsfield Generating",50002,"2025-04-10",10,,,,,,
"MA","Pittsfield Generating",50002,"2025-04-10",11,,,,,,
"MA","Pittsfield Generating",50002,"2025-04-10",12,,,,,,
"MA","Pittsfield Generating",50002,"2025-04-10",13,,,,,,
"MA","Pittsfield Generating",50002,"2025-04-10",14,,,,,,
"MA","Pittsfield Generating",50002,"2025-04-10",15,,,,,,
"MA","Pittsfield Generating",50002,"2025-04-10",16,,,,,,
"MA","Pittsfield Generating",50002,"2025-04-10",17,,,,,,
"MA","Pittsfield Generating",50002,"2025-04-10",18,,,,,,
"MA","Pittsfield Generating",50002,"2025-04-10",19,,,,,,
"MA","Pittsfield Generating",50002,"2025-04-10",20,,,,,,
"MA","Pittsfield Generating",50002,"2025-04-10",21,,,,,,
"MA","Pittsfield Generating",50002,"2025-04-10",22,,,,,,
"MA","Pittsfield Generating",50002,"2025-04-10",23,,,,,,
"MA","Pittsfield Generating",50002,"2025-04-11",0,,,,,,
"MA","Pittsfield Generating",50002,"2025-04-11",1,,,,,,
"MA","Pittsfield Generating",50002,"2025-04-11",2,,,,,,
"MA","Pittsfield Generating",50002,"2025-04-11",3,,,,,,
"MA","Pittsfield Generating",50002,"2025-04-11",4,,,,,,
"MA","Pittsfield Generating",50002,"2025-04-11",5,,,,,,
"MA","Pittsfield Generating",50002,"2025-04-11",6,,,,,,
"MA","Pittsfield Generating",50002,"2025-04-11",7,,,,,,
"MA","Pittsfield Generating",50002,"2025-04-11",8,,,,,,
"MA","Pittsfield Generating",50002,"2025-04-11",9,,,,,,
"MA","Pittsfield Generating",50002,"2025-04-11",10,,,,,,
"MA","Pittsfield Generating",50002,"2025-04-11",11,,,,,,
"MA","Pittsfield Generating",50002,"2025-04-11",12,,,,,,
"MA","Pittsfield Generating",50002,"2025-04-11",13,,,,,,
"MA","Pittsfield Generating",50002,"2025-04-11",14,,,,,,
"MA","Pittsfield Generating",50002,"2025-04-11",15,,,,,,
"MA","Pittsfield Generating",50002,"2025-04-11",16,,,,,,
"MA","Pittsfield Generating",50002,"2025-04-11",17,,,,,,
"MA","Pittsfield Generating",50002,"2025-04-11",18,,,,,,
"MA","Pittsfield Generating",50002,"2025-04-11",19,,,,,,
"MA","Pittsfield Generating",50002,"2025-04-11",20,,,,,,
"MA","Pittsfield Generating",50002,"2025-04-11",21,,,,,,
"MA","Pittsfield Generating",50002,"2025-04-11",22,,,,,,
"MA","Pittsfield Generating",50002,"2025-04-11",23,,,,,,
"MA","Pittsfield Generating",50002,"2025-04-12",0,,,,,,
"MA","Pittsfield Generating",50002,"2025-04-12",1,,,,,,
"MA","Pittsfield Generating",50002,"2025-04-12",2,,,,,,
"MA","Pittsfield Generating",50002,"2025-04-12",3,,,,,,
"MA","Pittsfield Generating",50002,"2025-04-12",4,,,,,,
"MA","Pittsfield Generating",50002,"2025-04-12",5,,,,,,
"MA","Pittsfield Generating",50002,"2025-04-12",6,,,,,,
"MA","Pittsfield Generating",50002,"2025-04-12",7,,,,,,
"MA","Pittsfield Generating",50002,"2025-04-12",8,,,,,,
"MA","Pittsfield Generating",50002,"2025-04-12",9,,,,,,
"MA","Pittsfield Generating",50002,"2025-04-12",10,,,,,,
"MA","Pittsfield Generating",50002,"2025-04-12",11,,,,,,
"MA","Pittsfield Generating",50002,"2025-04-12",12,,,,,,
"MA","Pittsfield Generating",50002,"2025-04-12",13,,,,,,
"MA","Pittsfield Generating",50002,"2025-04-12",14,,,,,,
"MA","Pittsfield Generating",50002,"2025-04-12",15,,,,,,
"MA","Pittsfield Generating",50002,"2025-04-12",16,,,,,,
"MA","Pittsfield Generating",50002,"2025-04-12",17,,,,,,
"MA","Pittsfield Generating",50002,"2025-04-12",18,,,,,,
"MA","Pittsfield Generating",50002,"2025-04-12",19,,,,,,
"MA","Pittsfield Generating",50002,"2025-04-12",20,,,,,,
"MA","Pittsfield Generating",50002,"2025-04-12",21,,,,,,
"MA","Pittsfield Generating",50002,"2025-04-12",22,,,,,,
"MA","Pittsfield Generating",50002,"2025-04-12",23,,,,,,
"MA","Pittsfield Generating",50002,"2025-04-13",0,,,,,,
"MA","Pittsfield Generating",50002,"2025-04-13",1,,,,,,
"MA","Pittsfield Generating",50002,"2025-04-13",2,,,,,,
"MA","Pittsfield Generating",50002,"2025-04-13",3,,,,,,
"MA","Pittsfield Generating",50002,"2025-04-13",4,,,,,,
"MA","Pittsfield Generating",50002,"2025-04-13",5,,,,,,
"MA","Pittsfield Generating",50002,"2025-04-13",6,,,,,,
"MA","Pittsfield Generating",50002,"2025-04-13",7,,,,,,
"MA","Pittsfield Generating",50002,"2025-04-13",8,,,,,,
"MA","Pittsfield Generating",50002,"2025-04-13",9,,,,,,
"MA","Pittsfield Generating",50002,"2025-04-13",10,,,,,,
"MA","Pittsfield Generating",50002,"2025-04-13",11,,,,,,
"MA","Pittsfield Generating",50002,"2025-04-13",12,,,,,,
"MA","Pittsfield Generating",50002,"2025-04-13",13,,,,,,
"MA","Pittsfield Generating",50002,"2025-04-13",14,,,,,,
"MA","Pittsfield Generating",50002,"2025-04-13",15,,,,,,
"MA","Pittsfield Generating",50002,"2025-04-13",16,,,,,,
"MA","Pittsfield Generating",50002,"2025-04-13",17,,,,,,
"MA","Pittsfield Generating",50002,"2025-04-13",18,,,,,,
"MA","Pittsfield Generating",50002,"2025-04-13",19,,,,,,
"MA","Pittsfield Generating",50002,"2025-04-13",20,,,,,,
"MA","Pittsfield Generating",50002,"2025-04-13",21,,,,,,
"MA","Pittsfield Generating",50002,"2025-04-13",22,,,,,,
"MA","Pittsfield Generating",50002,"2025-04-13",23,,,,,,
"MA","Pittsfield Generating",50002,"2025-04-14",0,,,,,,
"MA","Pittsfield Generating",50002,"2025-04-14",1,,,,,,
"MA","Pittsfield Generating",50002,"2025-04-14",2,,,,,,
"MA","Pittsfield Generating",50002,"2025-04-14",3,,,,,,
"MA","Pittsfield Generating",50002,"2025-04-14",4,,,,,,
"MA","Pittsfield Generating",50002,"2025-04-14",5,,,,,,
"MA","Pittsfield Generating",50002,"2025-04-14",6,,,,,,
"MA","Pittsfield Generating",50002,"2025-04-14",7,,,,,,
"MA","Pittsfield Generating",50002,"2025-04-14",8,,,,,,
"MA","Pittsfield Generating",50002,"2025-04-14",9,,,,,,
"MA","Pittsfield Generating",50002,"2025-04-14",10,,,,,,
"MA","Pittsfield Generating",50002,"2025-04-14",11,,,,,,
"MA","Pittsfield Generating",50002,"2025-04-14",12,,,,,,
"MA","Pittsfield Generating",50002,"2025-04-14",13,,,,,,
"MA","Pittsfield Generating",50002,"2025-04-14",14,,,,,,
"MA","Pittsfield Generating",50002,"2025-04-14",15,,,,,,
"MA","Pittsfield Generating",50002,"2025-04-14",16,,,,,,
"MA","Pittsfield Generating",50002,"2025-04-14",17,,,,,,
"MA","Pittsfield Generating",50002,"2025-04-14",18,,,,,,
"MA","Pittsfield Generating",50002,"2025-04-14",19,,,,,,
"MA","Pittsfield Generating",50002,"2025-04-14",20,,,,,,
"MA","Pittsfield Generating",50002,"2025-04-14",21,,,,,,
"MA","Pittsfield Generating",50002,"2025-04-14",22,,,,,,
"MA","Pittsfield Generating",50002,"2025-04-14",23,,,,,,
"MA","Pittsfield Generating",50002,"2025-04-15",0,,,,,,
"MA","Pittsfield Generating",50002,"2025-04-15",1,,,,,,
"MA","Pittsfield Generating",50002,"2025-04-15",2,,,,,,
"MA","Pittsfield Generating",50002,"2025-04-15",3,,,,,,
"MA","Pittsfield Generating",50002,"2025-04-15",4,,,,,,
"MA","Pittsfield Generating",50002,"2025-04-15",5,,,,,,
"MA","Pittsfield Generating",50002,"2025-04-15",6,,,,,,
"MA","Pittsfield Generating",50002,"2025-04-15",7,,,,,,
"MA","Pittsfield Generating",50002,"2025-04-15",8,,,,,,
"MA","Pittsfield Generating",50002,"2025-04-15",9,,,,,,
"MA","Pittsfield Generating",50002,"2025-04-15",10,,,,,,
"MA","Pittsfield Generating",50002,"2025-04-15",11,,,,,,
"MA","Pittsfield Generating",50002,"2025-04-15",12,,,,,,
"MA","Pittsfield Generating",50002,"2025-04-15",13,,,,,,
"MA","Pittsfield Generating",50002,"2025-04-15",14,,,,,,
"MA","Pittsfield Generating",50002,"2025-04-15",15,,,,,,
"MA","Pittsfield Generating",50002,"2025-04-15",16,,,,,,
"MA","Pittsfield Generating",50002,"2025-04-15",17,,,,,,
"MA","Pittsfield Generating",50002,"2025-04-15",18,,,,,,
"MA","Pittsfield Generating",50002,"2025-04-15",19,,,,,,
"MA","Pittsfield Generating",50002,"2025-04-15",20,,,,,,
"MA","Pittsfield Generating",50002,"2025-04-15",21,,,,,,
"MA","Pittsfield Generating",50002,"2025-04-15",22,,,,,,
"MA","Pittsfield Generating",50002,"2025-04-15",23,,,,,,
"MA","Pittsfield Generating",50002,"2025-04-16",0,,,,,,
"MA","Pittsfield Generating",50002,"2025-04-16",1,,,,,,
"MA","Pittsfield Generating",50002,"2025-04-16",2,,,,,,
"MA","Pittsfield Generating",50002,"2025-04-16",3,,,,,,
"MA","Pittsfield Generating",50002,"2025-04-16",4,,,,,,
"MA","Pittsfield Generating",50002,"2025-04-16",5,,,,,,
"MA","Pittsfield Generating",50002,"2025-04-16",6,,,,,,
"MA","Pittsfield Generating",50002,"2025-04-16",7,,,,,,
"MA","Pittsfield Generating",50002,"2025-04-16",8,,,,,,
"MA","Pittsfield Generating",50002,"2025-04-16",9,,,,,,
"MA","Pittsfield Generating",50002,"2025-04-16",10,,,,,,
"MA","Pittsfield Generating",50002,"2025-04-16",11,,,,,,
"MA","Pittsfield Generating",50002,"2025-04-16",12,,,,,,
"MA","Pittsfield Generating",50002,"2025-04-16",13,,,,,,
"MA","Pittsfield Generating",50002,"2025-04-16",14,,,,,,
"MA","Pittsfield Generating",50002,"2025-04-16",15,,,,,,
"MA","Pittsfield Generating",50002,"2025-04-16",16,,,,,,
"MA","Pittsfield Generating",50002,"2025-04-16",17,,,,,,
"MA","Pittsfield Generating",50002,"2025-04-16",18,,,,,,
"MA","Pittsfield Generating",50002,"2025-04-16",19,,,,,,
"MA","Pittsfield Generating",50002,"2025-04-16",20,,,,,,
"MA","Pittsfield Generating",50002,"2025-04-16",21,,,,,,
"MA","Pittsfield Generating",50002,"2025-04-16",22,,,,,,
"MA","Pittsfield Generating",50002,"2025-04-16",23,,,,,,
"MA","Pittsfield Generating",50002,"2025-04-17",0,,,,,,
"MA","Pittsfield Generating",50002,"2025-04-17",1,,,,,,
"MA","Pittsfield Generating",50002,"2025-04-17",2,,,,,,
"MA","Pittsfield Generating",50002,"2025-04-17",3,,,,,,
"MA","Pittsfield Generating",50002,"2025-04-17",4,,,,,,
"MA","Pittsfield Generating",50002,"2025-04-17",5,,,,,,
"MA","Pittsfield Generating",50002,"2025-04-17",6,,,,,,
"MA","Pittsfield Generating",50002,"2025-04-17",7,,,,,,
"MA","Pittsfield Generating",50002,"2025-04-17",8,,,,,,
"MA","Pittsfield Generating",50002,"2025-04-17",9,,,,,,
"MA","Pittsfield Generating",50002,"2025-04-17",10,,,,,,
"MA","Pittsfield Generating",50002,"2025-04-17",11,,,,,,
"MA","Pittsfield Generating",50002,"2025-04-17",12,,,,,,
"MA","Pittsfield Generating",50002,"2025-04-17",13,,,,,,
"MA","Pittsfield Generating",50002,"2025-04-17",14,,,,,,
"MA","Pittsfield Generating",50002,"2025-04-17",15,,,,,,
"MA","Pittsfield Generating",50002,"2025-04-17",16,,,,,,
"MA","Pittsfield Generating",50002,"2025-04-17",17,,,,,,
"MA","Pittsfield Generating",50002,"2025-04-17",18,,,,,,
"MA","Pittsfield Generating",50002,"2025-04-17",19,,,,,,
"MA","Pittsfield Generating",50002,"2025-04-17",20,,,,,,
"MA","Pittsfield Generating",50002,"2025-04-17",21,,,,,,
"MA","Pittsfield Generating",50002,"2025-04-17",22,,,,,,
"MA","Pittsfield Generating",50002,"2025-04-17",23,,,,,,
"MA","Pittsfield Generating",50002,"2025-04-18",0,,,,,,
"MA","Pittsfield Generating",50002,"2025-04-18",1,,,,,,
"MA","Pittsfield Generating",50002,"2025-04-18",2,,,,,,
"MA","Pittsfield Generating",50002,"2025-04-18",3,,,,,,
"MA","Pittsfield Generating",50002,"2025-04-18",4,,,,,,
"MA","Pittsfield Generating",50002,"2025-04-18",5,,,,,,
"MA","Pittsfield Generating",50002,"2025-04-18",6,,,,,,
"MA","Pittsfield Generating",50002,"2025-04-18",7,,,,,,
"MA","Pittsfield Generating",50002,"2025-04-18",8,,,,,,
"MA","Pittsfield Generating",50002,"2025-04-18",9,,,,,,
"MA","Pittsfield Generating",50002,"2025-04-18",10,,,,,,
"MA","Pittsfield Generating",50002,"2025-04-18",11,,,,,,
"MA","Pittsfield Generating",50002,"2025-04-18",12,,,,,,
"MA","Pittsfield Generating",50002,"2025-04-18",13,,,,,,
"MA","Pittsfield Generating",50002,"2025-04-18",14,,,,,,
"MA","Pittsfield Generating",50002,"2025-04-18",15,,,,,,
"MA","Pittsfield Generating",50002,"2025-04-18",16,,,,,,
"MA","Pittsfield Generating",50002,"2025-04-18",17,,,,,,
"MA","Pittsfield Generating",50002,"2025-04-18",18,,,,,,
"MA","Pittsfield Generating",50002,"2025-04-18",19,,,,,,
"MA","Pittsfield Generating",50002,"2025-04-18",20,,,,,,
"MA","Pittsfield Generating",50002,"2025-04-18",21,,,,,,
"MA","Pittsfield Generating",50002,"2025-04-18",22,,,,,,
"MA","Pittsfield Generating",50002,"2025-04-18",23,,,,,,
"MA","Pittsfield Generating",50002,"2025-04-19",0,,,,,,
"MA","Pittsfield Generating",50002,"2025-04-19",1,,,,,,
"MA","Pittsfield Generating",50002,"2025-04-19",2,,,,,,
"MA","Pittsfield Generating",50002,"2025-04-19",3,,,,,,
"MA","Pittsfield Generating",50002,"2025-04-19",4,,,,,,
"MA","Pittsfield Generating",50002,"2025-04-19",5,,,,,,
"MA","Pittsfield Generating",50002,"2025-04-19",6,,,,,,
"MA","Pittsfield Generating",50002,"2025-04-19",7,,,,,,
"MA","Pittsfield Generating",50002,"2025-04-19",8,,,,,,
"MA","Pittsfield Generating",50002,"2025-04-19",9,,,,,,
"MA","Pittsfield Generating",50002,"2025-04-19",10,,,,,,
"MA","Pittsfield Generating",50002,"2025-04-19",11,,,,,,
"MA","Pittsfield Generating",50002,"2025-04-19",12,,,,,,
"MA","Pittsfield Generating",50002,"2025-04-19",13,,,,,,
"MA","Pittsfield Generating",50002,"2025-04-19",14,,,,,,
"MA","Pittsfield Generating",50002,"2025-04-19",15,,,,,,
"MA","Pittsfield Generating",50002,"2025-04-19",16,,,,,,
"MA","Pittsfield Generating",50002,"2025-04-19",17,,,,,,
"MA","Pittsfield Generating",50002,"2025-04-19",18,,,,,,
"MA","Pittsfield Generating",50002,"2025-04-19",19,,,,,,
"MA","Pittsfield Generating",50002,"2025-04-19",20,,,,,,
"MA","Pittsfield Generating",50002,"2025-04-19",21,,,,,,
"MA","Pittsfield Generating",50002,"2025-04-19",22,,,,,,
"MA","Pittsfield Generating",50002,"2025-04-19",23,,,,,,
"MA","Pittsfield Generating",50002,"2025-04-20",0,,,,,,
"MA","Pittsfield Generating",50002,"2025-04-20",1,,,,,,
"MA","Pittsfield Generating",50002,"2025-04-20",2,,,,,,
"MA","Pittsfield Generating",50002,"2025-04-20",3,,,,,,
"MA","Pittsfield Generating",50002,"2025-04-20",4,,,,,,
"MA","Pittsfield Generating",50002,"2025-04-20",5,,,,,,
"MA","Pittsfield Generating",50002,"2025-04-20",6,,,,,,
"MA","Pittsfield Generating",50002,"2025-04-20",7,,,,,,
"MA","Pittsfield Generating",50002,"2025-04-20",8,,,,,,
"MA","Pittsfield Generating",50002,"2025-04-20",9,,,,,,
"MA","Pittsfield Generating",50002,"2025-04-20",10,,,,,,
"MA","Pittsfield Generating",50002,"2025-04-20",11,,,,,,
"MA","Pittsfield Generating",50002,"2025-04-20",12,,,,,,
"MA","Pittsfield Generating",50002,"2025-04-20",13,,,,,,
"MA","Pittsfield Generating",50002,"2025-04-20",14,,,,,,
"MA","Pittsfield Generating",50002,"2025-04-20",15,,,,,,
"MA","Pittsfield Generating",50002,"2025-04-20",16,,,,,,
"MA","Pittsfield Generating",50002,"2025-04-20",17,,,,,,
"MA","Pittsfield Generating",50002,"2025-04-20",18,,,,,,
"MA","Pittsfield Generating",50002,"2025-04-20",19,,,,,,
"MA","Pittsfield Generating",50002,"2025-04-20",20,,,,,,
"MA","Pittsfield Generating",50002,"2025-04-20",21,,,,,,
"MA","Pittsfield Generating",50002,"2025-04-20",22,,,,,,
"MA","Pittsfield Generating",50002,"2025-04-20",23,,,,,,
"MA","Pittsfield Generating",50002,"2025-04-21",0,,,,,,
"MA","Pittsfield Generating",50002,"2025-04-21",1,,,,,,
"MA","Pittsfield Generating",50002,"2025-04-21",2,,,,,,
"MA","Pittsfield Generating",50002,"2025-04-21",3,,,,,,
"MA","Pittsfield Generating",50002,"2025-04-21",4,,,,,,
"MA","Pittsfield Generating",50002,"2025-04-21",5,,,,,,
"MA","Pittsfield Generating",50002,"2025-04-21",6,,,,,,
"MA","Pittsfield Generating",50002,"2025-04-21",7,,,,,,
"MA","Pittsfield Generating",50002,"2025-04-21",8,,,,,,
"MA","Pittsfield Generating",50002,"2025-04-21",9,,,,,,
"MA","Pittsfield Generating",50002,"2025-04-21",10,,,,,,
"MA","Pittsfield Generating",50002,"2025-04-21",11,,,,,,
"MA","Pittsfield Generating",50002,"2025-04-21",12,,,,,,
"MA","Pittsfield Generating",50002,"2025-04-21",13,,,,,,
"MA","Pittsfield Generating",50002,"2025-04-21",14,,,,,,
"MA","Pittsfield Generating",50002,"2025-04-21",15,,,,,,
"MA","Pittsfield Generating",50002,"2025-04-21",16,,,,,,
"MA","Pittsfield Generating",50002,"2025-04-21",17,,,,,,
"MA","Pittsfield Generating",50002,"2025-04-21",18,,,,,,
"MA","Pittsfield Generating",50002,"2025-04-21",19,,,,,,
"MA","Pittsfield Generating",50002,"2025-04-21",20,,,,,,
"MA","Pittsfield Generating",50002,"2025-04-21",21,,,,,,
"MA","Pittsfield Generating",50002,"2025-04-21",22,,,,,,
"MA","Pittsfield Generating",50002,"2025-04-21",23,,,,,,
"MA","Pittsfield Generating",50002,"2025-04-22",0,,,,,,
"MA","Pittsfield Generating",50002,"2025-04-22",1,,,,,,
"MA","Pittsfield Generating",50002,"2025-04-22",2,,,,,,
"MA","Pittsfield Generating",50002,"2025-04-22",3,,,,,,
"MA","Pittsfield Generating",50002,"2025-04-22",4,,,,,,
"MA","Pittsfield Generating",50002,"2025-04-22",5,,,,,,
"MA","Pittsfield Generating",50002,"2025-04-22",6,,,,,,
"MA","Pittsfield Generating",50002,"2025-04-22",7,,,,,,
"MA","Pittsfield Generating",50002,"2025-04-22",8,,,,,,
"MA","Pittsfield Generating",50002,"2025-04-22",9,,,,,,
"MA","Pittsfield Generating",50002,"2025-04-22",10,,,,,,
"MA","Pittsfield Generating",50002,"2025-04-22",11,,,,,,
"MA","Pittsfield Generating",50002,"2025-04-22",12,,,,,,
"MA","Pittsfield Generating",50002,"2025-04-22",13,,,,,,
"MA","Pittsfield Generating",50002,"2025-04-22",14,,,,,,
"MA","Pittsfield Generating",50002,"2025-04-22",15,,,,,,
"MA","Pittsfield Generating",50002,"2025-04-22",16,,,,,,
"MA","Pittsfield Generating",50002,"2025-04-22",17,,,,,,
"MA","Pittsfield Generating",50002,"2025-04-22",18,,,,,,
"MA","Pittsfield Generating",50002,"2025-04-22",19,,,,,,
"MA","Pittsfield Generating",50002,"2025-04-22",20,,,,,,
"MA","Pittsfield Generating",50002,"2025-04-22",21,,,,,,
"MA","Pittsfield Generating",50002,"2025-04-22",22,,,,,,
"MA","Pittsfield Generating",50002,"2025-04-22",23,,,,,,
"MA","Pittsfield Generating",50002,"2025-04-23",0,,,,,,
"MA","Pittsfield Generating",50002,"2025-04-23",1,,,,,,
"MA","Pittsfield Generating",50002,"2025-04-23",2,,,,,,
"MA","Pittsfield Generating",50002,"2025-04-23",3,,,,,,
"MA","Pittsfield Generating",50002,"2025-04-23",4,,,,,,
"MA","Pittsfield Generating",50002,"2025-04-23",5,,,,,,
"MA","Pittsfield Generating",50002,"2025-04-23",6,,,,,,
"MA","Pittsfield Generating",50002,"2025-04-23",7,,,,,,
"MA","Pittsfield Generating",50002,"2025-04-23",8,,,,,,
"MA","Pittsfield Generating",50002,"2025-04-23",9,,,,,,
"MA","Pittsfield Generating",50002,"2025-04-23",10,,,,,,
"MA","Pittsfield Generating",50002,"2025-04-23",11,,,,,,
"MA","Pittsfield Generating",50002,"2025-04-23",12,,,,,,
"MA","Pittsfield Generating",50002,"2025-04-23",13,,,,,,
"MA","Pittsfield Generating",50002,"2025-04-23",14,,,,,,
"MA","Pittsfield Generating",50002,"2025-04-23",15,,,,,,
"MA","Pittsfield Generating",50002,"2025-04-23",16,,,,,,
"MA","Pittsfield Generating",50002,"2025-04-23",17,,,,,,
"MA","Pittsfield Generating",50002,"2025-04-23",18,,,,,,
"MA","Pittsfield Generating",50002,"2025-04-23",19,,,,,,
"MA","Pittsfield Generating",50002,"2025-04-23",20,,,,,,
"MA","Pittsfield Generating",50002,"2025-04-23",21,,,,,,
"MA","Pittsfield Generating",50002,"2025-04-23",22,,,,,,
"MA","Pittsfield Generating",50002,"2025-04-23",23,,,,,,
"MA","Pittsfield Generating",50002,"2025-04-24",0,,,,,,
"MA","Pittsfield Generating",50002,"2025-04-24",1,,,,,,
"MA","Pittsfield Generating",50002,"2025-04-24",2,,,,,,
"MA","Pittsfield Generating",50002,"2025-04-24",3,,,,,,
"MA","Pittsfield Generating",50002,"2025-04-24",4,,,,,,
"MA","Pittsfield Generating",50002,"2025-04-24",5,,,,,,
"MA","Pittsfield Generating",50002,"2025-04-24",6,,,,,,
"MA","Pittsfield Generating",50002,"2025-04-24",7,,,,,,
"MA","Pittsfield Generating",50002,"2025-04-24",8,,,,,,
"MA","Pittsfield Generating",50002,"2025-04-24",9,,,,,,
"MA","Pittsfield Generating",50002,"2025-04-24",10,,,,,,
"MA","Pittsfield Generating",50002,"2025-04-24",11,,,,,,
"MA","Pittsfield Generating",50002,"2025-04-24",12,,,,,,
"MA","Pittsfield Generating",50002,"2025-04-24",13,,,,,,
"MA","Pittsfield Generating",50002,"2025-04-24",14,,,,,,
"MA","Pittsfield Generating",50002,"2025-04-24",15,,,,,,
"MA","Pittsfield Generating",50002,"2025-04-24",16,,,,,,
"MA","Pittsfield Generating",50002,"2025-04-24",17,,,,,,
"MA","Pittsfield Generating",50002,"2025-04-24",18,,,,,,
"MA","Pittsfield Generating",50002,"2025-04-24",19,,,,,,
"MA","Pittsfield Generating",50002,"2025-04-24",20,,,,,,
"MA","Pittsfield Generating",50002,"2025-04-24",21,,,,,,
"MA","Pittsfield Generating",50002,"2025-04-24",22,,,,,,
"MA","Pittsfield Generating",50002,"2025-04-24",23,,,,,,
"MA","Pittsfield Generating",50002,"2025-04-25",0,,,,,,
"MA","Pittsfield Generating",50002,"2025-04-25",1,,,,,,
"MA","Pittsfield Generating",50002,"2025-04-25",2,,,,,,
"MA","Pittsfield Generating",50002,"2025-04-25",3,,,,,,
"MA","Pittsfield Generating",50002,"2025-04-25",4,,,,,,
"MA","Pittsfield Generating",50002,"2025-04-25",5,,,,,,
"MA","Pittsfield Generating",50002,"2025-04-25",6,,,,,,
"MA","Pittsfield Generating",50002,"2025-04-25",7,,,,,,
"MA","Pittsfield Generating",50002,"2025-04-25",8,,,,,,
"MA","Pittsfield Generating",50002,"2025-04-25",9,,,,,,
"MA","Pittsfield Generating",50002,"2025-04-25",10,,,,,,
"MA","Pittsfield Generating",50002,"2025-04-25",11,,,,,,
"MA","Pittsfield Generating",50002,"2025-04-25",12,,,,,,
"MA","Pittsfield Generating",50002,"2025-04-25",13,,,,,,
"MA","Pittsfield Generating",50002,"2025-04-25",14,,,,,,
"MA","Pittsfield Generating",50002,"2025-04-25",15,,,,,,
"MA","Pittsfield Generating",50002,"2025-04-25",16,,,,,,
"MA","Pittsfield Generating",50002,"2025-04-25",17,,,,,,
"MA","Pittsfield Generating",50002,"2025-04-25",18,,,,,,
"MA","Pittsfield Generating",50002,"2025-04-25",19,,,,,,
"MA","Pittsfield Generating",50002,"2025-04-25",20,,,,,,
"MA","Pittsfield Generating",50002,"2025-04-25",21,,,,,,
"MA","Pittsfield Generating",50002,"2025-04-25",22,,,,,,
"MA","Pittsfield Generating",50002,"2025-04-25",23,,,,,,
"MA","Pittsfield Generating",50002,"2025-04-26",0,,,,,,
"MA","Pittsfield Generating",50002,"2025-04-26",1,,,,,,
"MA","Pittsfield Generating",50002,"2025-04-26",2,,,,,,
"MA","Pittsfield Generating",50002,"2025-04-26",3,,,,,,
"MA","Pittsfield Generating",50002,"2025-04-26",4,,,,,,
"MA","Pittsfield Generating",50002,"2025-04-26",5,,,,,,
"MA","Pittsfield Generating",50002,"2025-04-26",6,,,,,,
"MA","Pittsfield Generating",50002,"2025-04-26",7,,,,,,
"MA","Pittsfield Generating",50002,"2025-04-26",8,,,,,,
"MA","Pittsfield Generating",50002,"2025-04-26",9,,,,,,
"MA","Pittsfield Generating",50002,"2025-04-26",10,,,,,,
"MA","Pittsfield Generating",50002,"2025-04-26",11,,,,,,
"MA","Pittsfield Generating",50002,"2025-04-26",12,,,,,,
"MA","Pittsfield Generating",50002,"2025-04-26",13,,,,,,
"MA","Pittsfield Generating",50002,"2025-04-26",14,,,,,,
"MA","Pittsfield Generating",50002,"2025-04-26",15,,,,,,
"MA","Pittsfield Generating",50002,"2025-04-26",16,,,,,,
"MA","Pittsfield Generating",50002,"2025-04-26",17,,,,,,
"MA","Pittsfield Generating",50002,"2025-04-26",18,,,,,,
"MA","Pittsfield Generating",50002,"2025-04-26",19,,,,,,
"MA","Pittsfield Generating",50002,"2025-04-26",20,,,,,,
"MA","Pittsfield Generating",50002,"2025-04-26",21,,,,,,
"MA","Pittsfield Generating",50002,"2025-04-26",22,,,,,,
"MA","Pittsfield Generating",50002,"2025-04-26",23,,,,,,
"MA","Pittsfield Generating",50002,"2025-04-27",0,,,,,,
"MA","Pittsfield Generating",50002,"2025-04-27",1,,,,,,
"MA","Pittsfield Generating",50002,"2025-04-27",2,,,,,,
"MA","Pittsfield Generating",50002,"2025-04-27",3,,,,,,
"MA","Pittsfield Generating",50002,"2025-04-27",4,,,,,,
"MA","Pittsfield Generating",50002,"2025-04-27",5,,,,,,
"MA","Pittsfield Generating",50002,"2025-04-27",6,,,,,,
"MA","Pittsfield Generating",50002,"2025-04-27",7,,,,,,
"MA","Pittsfield Generating",50002,"2025-04-27",8,,,,,,
"MA","Pittsfield Generating",50002,"2025-04-27",9,,,,,,
"MA","Pittsfield Generating",50002,"2025-04-27",10,,,,,,
"MA","Pittsfield Generating",50002,"2025-04-27",11,,,,,,
"MA","Pittsfield Generating",50002,"2025-04-27",12,,,,,,
"MA","Pittsfield Generating",50002,"2025-04-27",13,,,,,,
"MA","Pittsfield Generating",50002,"2025-04-27",14,,,,,,
"MA","Pittsfield Generating",50002,"2025-04-27",15,,,,,,
"MA","Pittsfield Generating",50002,"2025-04-27",16,,,,,,
"MA","Pittsfield Generating",50002,"2025-04-27",17,,,,,,
"MA","Pittsfield Generating",50002,"2025-04-27",18,,,,,,
"MA","Pittsfield Generating",50002,"2025-04-27",19,,,,,,
"MA","Pittsfield Generating",50002,"2025-04-27",20,,,,,,
"MA","Pittsfield Generating",50002,"2025-04-27",21,,,,,,
"MA","Pittsfield Generating",50002,"2025-04-27",22,,,,,,
"MA","Pittsfield Generating",50002,"2025-04-27",23,,,,,,
"MA","Pittsfield Generating",50002,"2025-04-28",0,,,,,,
"MA","Pittsfield Generating",50002,"2025-04-28",1,,,,,,
"MA","Pittsfield Generating",50002,"2025-04-28",2,,,,,,
"MA","Pittsfield Generating",50002,"2025-04-28",3,,,,,,
"MA","Pittsfield Generating",50002,"2025-04-28",4,,,,,,
"MA","Pittsfield Generating",50002,"2025-04-28",5,,,,,,
"MA","Pittsfield Generating",50002,"2025-04-28",6,,,,,,
"MA","Pittsfield Generating",50002,"2025-04-28",7,,,,,,
"MA","Pittsfield Generating",50002,"2025-04-28",8,,,,,,
"MA","Pittsfield Generating",50002,"2025-04-28",9,,,,,,
"MA","Pittsfield Generating",50002,"2025-04-28",10,,,,,,
"MA","Pittsfield Generating",50002,"2025-04-28",11,,,,,,
"MA","Pittsfield Generating",50002,"2025-04-28",12,,,,,,
"MA","Pittsfield Generating",50002,"2025-04-28",13,,,,,,
"MA","Pittsfield Generating",50002,"2025-04-28",14,,,,,,
"MA","Pittsfield Generating",50002,"2025-04-28",15,,,,,,
"MA","Pittsfield Generating",50002,"2025-04-28",16,,,,,,
"MA","Pittsfield Generating",50002,"2025-04-28",17,,,,,,
"MA","Pittsfield Generating",50002,"2025-04-28",18,,,,,,
"MA","Pittsfield Generating",50002,"2025-04-28",19,,,,,,
"MA","Pittsfield Generating",50002,"2025-04-28",20,,,,,,
"MA","Pittsfield Generating",50002,"2025-04-28",21,,,,,,
"MA","Pittsfield Generating",50002,"2025-04-28",22,,,,,,
"MA","Pittsfield Generating",50002,"2025-04-28",23,,,,,,
"MA","Pittsfield Generating",50002,"2025-04-29",0,,,,,,
"MA","Pittsfield Generating",50002,"2025-04-29",1,,,,,,
"MA","Pittsfield Generating",50002,"2025-04-29",2,,,,,,
"MA","Pittsfield Generating",50002,"2025-04-29",3,,,,,,
"MA","Pittsfield Generating",50002,"2025-04-29",4,,,,,,
"MA","Pittsfield Generating",50002,"2025-04-29",5,,,,,,
"MA","Pittsfield Generating",50002,"2025-04-29",6,,,,,,
"MA","Pittsfield Generating",50002,"2025-04-29",7,,,,,,
"MA","Pittsfield Generating",50002,"2025-04-29",8,,,,,,
"MA","Pittsfield Generating",50002,"2025-04-29",9,,,,,,
"MA","Pittsfield Generating",50002,"2025-04-29",10,,,,,,
"MA","Pittsfield Generating",50002,"2025-04-29",11,,,,,,
"MA","Pittsfield Generating",50002,"2025-04-29",12,,,,,,
"MA","Pittsfield Generating",50002,"2025-04-29",13,,,,,,
"MA","Pittsfield Generating",50002,"2025-04-29",14,,,,,,
"MA","Pittsfield Generating",50002,"2025-04-29",15,,,,,,
"MA","Pittsfield Generating",50002,"2025-04-29",16,,,,,,
"MA","Pittsfield Generating",50002,"2025-04-29",17,,,,,,
"MA","Pittsfield Generating",50002,"2025-04-29",18,,,,,,
"MA","Pittsfield Generating",50002,"2025-04-29",19,,,,,,
"MA","Pittsfield Generating",50002,"2025-04-29",20,,,,,,
"MA","Pittsfield Generating",50002,"2025-04-29",21,,,,,,
"MA","Pittsfield Generating",50002,"2025-04-29",22,,,,,,
"MA","Pittsfield Generating",50002,"2025-04-29",23,,,,,,
"MA","Pittsfield Generating",50002,"2025-04-30",0,,,,,,
"MA","Pittsfield Generating",50002,"2025-04-30",1,,,,,,
"MA","Pittsfield Generating",50002,"2025-04-30",2,,,,,,
"MA","Pittsfield Generating",50002,"2025-04-30",3,,,,,,
"MA","Pittsfield Generating",50002,"2025-04-30",4,,,,,,
"MA","Pittsfield Generating",50002,"2025-04-30",5,,,,,,
"MA","Pittsfield Generating",50002,"2025-04-30",6,,,,,,
"MA","Pittsfield Generating",50002,"2025-04-30",7,,,,,,
"MA","Pittsfield Generating",50002,"2025-04-30",8,,,,,,
"MA","Pittsfield Generating",50002,"2025-04-30",9,,,,,,
"MA","Pittsfield Generating",50002,"2025-04-30",10,,,,,,
"MA","Pittsfield Generating",50002,"2025-04-30",11,,,,,,
"MA","Pittsfield Generating",50002,"2025-04-30",12,,,,,,
"MA","Pittsfield Generating",50002,"2025-04-30",13,,,,,,
"MA","Pittsfield Generating",50002,"2025-04-30",14,,,,,,
"MA","Pittsfield Generating",50002,"2025-04-30",15,,,,,,
"MA","Pittsfield Generating",50002,"2025-04-30",16,,,,,,
"MA","Pittsfield Generating",50002,"2025-04-30",17,,,,,,
"MA","Pittsfield Generating",50002,"2025-04-30",18,,,,,,
"MA","Pittsfield Generating",50002,"2025-04-30",19,,,,,,
"MA","Pittsfield Generating",50002,"2025-04-30",20,,,,,,
"MA","Pittsfield Generating",50002,"2025-04-30",21,,,,,,
"MA","Pittsfield Generating",50002,"2025-04-30",22,,,,,,
"MA","Pittsfield Generating",50002,"2025-04-30",23,,,,,,
"MA","Pittsfield Generating",50002,"2025-05-01",0,,,,,,
"MA","Pittsfield Generating",50002,"2025-05-01",1,,,,,,
"MA","Pittsfield Generating",50002,"2025-05-01",2,,,,,,
"MA","Pittsfield Generating",50002,"2025-05-01",3,,,,,,
"MA","Pittsfield Generating",50002,"2025-05-01",4,,,,,,
"MA","Pittsfield Generating",50002,"2025-05-01",5,,,,,,
"MA","Pittsfield Generating",50002,"2025-05-01",6,,,,,,
"MA","Pittsfield Generating",50002,"2025-05-01",7,,,,,,
"MA","Pittsfield Generating",50002,"2025-05-01",8,,,,,,
"MA","Pittsfield Generating",50002,"2025-05-01",9,,,,,,
"MA","Pittsfield Generating",50002,"2025-05-01",10,,,,,,
"MA","Pittsfield Generating",50002,"2025-05-01",11,,,,,,
"MA","Pittsfield Generating",50002,"2025-05-01",12,,,,,,
"MA","Pittsfield Generating",50002,"2025-05-01",13,,,,,,
"MA","Pittsfield Generating",50002,"2025-05-01",14,,,,,,
"MA","Pittsfield Generating",50002,"2025-05-01",15,,,,,,
"MA","Pittsfield Generating",50002,"2025-05-01",16,,,,,,
"MA","Pittsfield Generating",50002,"2025-05-01",17,,,,,,
"MA","Pittsfield Generating",50002,"2025-05-01",18,,,,,,
"MA","Pittsfield Generating",50002,"2025-05-01",19,,,,,,
"MA","Pittsfield Generating",50002,"2025-05-01",20,,,,,,
"MA","Pittsfield Generating",50002,"2025-05-01",21,,,,,,
"MA","Pittsfield Generating",50002,"2025-05-01",22,,,,,,
"MA","Pittsfield Generating",50002,"2025-05-01",23,,,,,,
"MA","Pittsfield Generating",50002,"2025-05-02",0,,,,,,
"MA","Pittsfield Generating",50002,"2025-05-02",1,,,,,,
"MA","Pittsfield Generating",50002,"2025-05-02",2,,,,,,
"MA","Pittsfield Generating",50002,"2025-05-02",3,,,,,,
"MA","Pittsfield Generating",50002,"2025-05-02",4,,,,,,
"MA","Pittsfield Generating",50002,"2025-05-02",5,,,,,,
"MA","Pittsfield Generating",50002,"2025-05-02",6,,,,,,
"MA","Pittsfield Generating",50002,"2025-05-02",7,,,,,,
"MA","Pittsfield Generating",50002,"2025-05-02",8,,,,,,
"MA","Pittsfield Generating",50002,"2025-05-02",9,,,,,,
"MA","Pittsfield Generating",50002,"2025-05-02",10,,,,,,
"MA","Pittsfield Generating",50002,"2025-05-02",11,,,,,,
"MA","Pittsfield Generating",50002,"2025-05-02",12,,,,,,
"MA","Pittsfield Generating",50002,"2025-05-02",13,,,,,,
"MA","Pittsfield Generating",50002,"2025-05-02",14,,,,,,
"MA","Pittsfield Generating",50002,"2025-05-02",15,,,,,,
"MA","Pittsfield Generating",50002,"2025-05-02",16,,,,,,
"MA","Pittsfield Generating",50002,"2025-05-02",17,,,,,,
"MA","Pittsfield Generating",50002,"2025-05-02",18,,,,,,
"MA","Pittsfield Generating",50002,"2025-05-02",19,,,,,,
"MA","Pittsfield Generating",50002,"2025-05-02",20,,,,,,
"MA","Pittsfield Generating",50002,"2025-05-02",21,,,,,,
"MA","Pittsfield Generating",50002,"2025-05-02",22,,,,,,
"MA","Pittsfield Generating",50002,"2025-05-02",23,,,,,,
"MA","Pittsfield Generating",50002,"2025-05-03",0,,,,,,
"MA","Pittsfield Generating",50002,"2025-05-03",1,,,,,,
"MA","Pittsfield Generating",50002,"2025-05-03",2,,,,,,
"MA","Pittsfield Generating",50002,"2025-05-03",3,,,,,,
"MA","Pittsfield Generating",50002,"2025-05-03",4,,,,,,
"MA","Pittsfield Generating",50002,"2025-05-03",5,,,,,,
"MA","Pittsfield Generating",50002,"2025-05-03",6,,,,,,
"MA","Pittsfield Generating",50002,"2025-05-03",7,,,,,,
"MA","Pittsfield Generating",50002,"2025-05-03",8,,,,,,
"MA","Pittsfield Generating",50002,"2025-05-03",9,,,,,,
"MA","Pittsfield Generating",50002,"2025-05-03",10,,,,,,
"MA","Pittsfield Generating",50002,"2025-05-03",11,,,,,,
"MA","Pittsfield Generating",50002,"2025-05-03",12,,,,,,
"MA","Pittsfield Generating",50002,"2025-05-03",13,,,,,,
"MA","Pittsfield Generating",50002,"2025-05-03",14,,,,,,
"MA","Pittsfield Generating",50002,"2025-05-03",15,,,,,,
"MA","Pittsfield Generating",50002,"2025-05-03",16,,,,,,
"MA","Pittsfield Generating",50002,"2025-05-03",17,,,,,,
"MA","Pittsfield Generating",50002,"2025-05-03",18,,,,,,
"MA","Pittsfield Generating",50002,"2025-05-03",19,,,,,,
"MA","Pittsfield Generating",50002,"2025-05-03",20,,,,,,
"MA","Pittsfield Generating",50002,"2025-05-03",21,,,,,,
"MA","Pittsfield Generating",50002,"2025-05-03",22,,,,,,
"MA","Pittsfield Generating",50002,"2025-05-03",23,,,,,,
"MA","Pittsfield Generating",50002,"2025-05-04",0,,,,,,
"MA","Pittsfield Generating",50002,"2025-05-04",1,,,,,,
"MA","Pittsfield Generating",50002,"2025-05-04",2,,,,,,
"MA","Pittsfield Generating",50002,"2025-05-04",3,,,,,,
"MA","Pittsfield Generating",50002,"2025-05-04",4,,,,,,
"MA","Pittsfield Generating",50002,"2025-05-04",5,,,,,,
"MA","Pittsfield Generating",50002,"2025-05-04",6,,,,,,
"MA","Pittsfield Generating",50002,"2025-05-04",7,,,,,,
"MA","Pittsfield Generating",50002,"2025-05-04",8,,,,,,
"MA","Pittsfield Generating",50002,"2025-05-04",9,,,,,,
"MA","Pittsfield Generating",50002,"2025-05-04",10,,,,,,
"MA","Pittsfield Generating",50002,"2025-05-04",11,,,,,,
"MA","Pittsfield Generating",50002,"2025-05-04",12,,,,,,
"MA","Pittsfield Generating",50002,"2025-05-04",13,,,,,,
"MA","Pittsfield Generating",50002,"2025-05-04",14,,,,,,
"MA","Pittsfield Generating",50002,"2025-05-04",15,,,,,,
"MA","Pittsfield Generating",50002,"2025-05-04",16,,,,,,
"MA","Pittsfield Generating",50002,"2025-05-04",17,,,,,,
"MA","Pittsfield Generating",50002,"2025-05-04",18,,,,,,
"MA","Pittsfield Generating",50002,"2025-05-04",19,,,,,,
"MA","Pittsfield Generating",50002,"2025-05-04",20,,,,,,
"MA","Pittsfield Generating",50002,"2025-05-04",21,,,,,,
"MA","Pittsfield Generating",50002,"2025-05-04",22,,,,,,
"MA","Pittsfield Generating",50002,"2025-05-04",23,,,,,,
"MA","Pittsfield Generating",50002,"2025-05-05",0,,,,,,
"MA","Pittsfield Generating",50002,"2025-05-05",1,,,,,,
"MA","Pittsfield Generating",50002,"2025-05-05",2,,,,,,
"MA","Pittsfield Generating",50002,"2025-05-05",3,,,,,,
"MA","Pittsfield Generating",50002,"2025-05-05",4,,,,,,
"MA","Pittsfield Generating",50002,"2025-05-05",5,,,,,,
"MA","Pittsfield Generating",50002,"2025-05-05",6,,,,,,
"MA","Pittsfield Generating",50002,"2025-05-05",7,,,,,,
"MA","Pittsfield Generating",50002,"2025-05-05",8,,,,,,
"MA","Pittsfield Generating",50002,"2025-05-05",9,,,,,,
"MA","Pittsfield Generating",50002,"2025-05-05",10,,,,,,
"MA","Pittsfield Generating",50002,"2025-05-05",11,,,,,,
"MA","Pittsfield Generating",50002,"2025-05-05",12,,,,,,
"MA","Pittsfield Generating",50002,"2025-05-05",13,,,,,,
"MA","Pittsfield Generating",50002,"2025-05-05",14,,,,,,
"MA","Pittsfield Generating",50002,"2025-05-05",15,,,,,,
"MA","Pittsfield Generating",50002,"2025-05-05",16,,,,,,
"MA","Pittsfield Generating",50002,"2025-05-05",17,,,,,,
"MA","Pittsfield Generating",50002,"2025-05-05",18,,,,,,
"MA","Pittsfield Generating",50002,"2025-05-05",19,,,,,,
"MA","Pittsfield Generating",50002,"2025-05-05",20,,,,,,
"MA","Pittsfield Generating",50002,"2025-05-05",21,,,,,,
"MA","Pittsfield Generating",50002,"2025-05-05",22,,,,,,
"MA","Pittsfield Generating",50002,"2025-05-05",23,,,,,,
"MA","Pittsfield Generating",50002,"2025-05-06",0,,,,,,
"MA","Pittsfield Generating",50002,"2025-05-06",1,,,,,,
"MA","Pittsfield Generating",50002,"2025-05-06",2,,,,,,
"MA","Pittsfield Generating",50002,"2025-05-06",3,,,,,,
"MA","Pittsfield Generating",50002,"2025-05-06",4,,,,,,
"MA","Pittsfield Generating",50002,"2025-05-06",5,,,,,,
"MA","Pittsfield Generating",50002,"2025-05-06",6,,,,,,
"MA","Pittsfield Generating",50002,"2025-05-06",7,,,,,,
"MA","Pittsfield Generating",50002,"2025-05-06",8,,,,,,
"MA","Pittsfield Generating",50002,"2025-05-06",9,,,,,,
"MA","Pittsfield Generating",50002,"2025-05-06",10,,,,,,
"MA","Pittsfield Generating",50002,"2025-05-06",11,,,,,,
"MA","Pittsfield Generating",50002,"2025-05-06",12,,,,,,
"MA","Pittsfield Generating",50002,"2025-05-06",13,,,,,,
"MA","Pittsfield Generating",50002,"2025-05-06",14,,,,,,
"MA","Pittsfield Generating",50002,"2025-05-06",15,,,,,,
"MA","Pittsfield Generating",50002,"2025-05-06",16,,,,,,
"MA","Pittsfield Generating",50002,"2025-05-06",17,,,,,,
"MA","Pittsfield Generating",50002,"2025-05-06",18,,,,,,
"MA","Pittsfield Generating",50002,"2025-05-06",19,,,,,,
"MA","Pittsfield Generating",50002,"2025-05-06",20,,,,,,
"MA","Pittsfield Generating",50002,"2025-05-06",21,,,,,,
"MA","Pittsfield Generating",50002,"2025-05-06",22,,,,,,
"MA","Pittsfield Generating",50002,"2025-05-06",23,,,,,,
"MA","Pittsfield Generating",50002,"2025-05-07",0,,,,,,
"MA","Pittsfield Generating",50002,"2025-05-07",1,,,,,,
"MA","Pittsfield Generating",50002,"2025-05-07",2,,,,,,
"MA","Pittsfield Generating",50002,"2025-05-07",3,,,,,,
"MA","Pittsfield Generating",50002,"2025-05-07",4,,,,,,
"MA","Pittsfield Generating",50002,"2025-05-07",5,,,,,,
"MA","Pittsfield Generating",50002,"2025-05-07",6,,,,,,
"MA","Pittsfield Generating",50002,"2025-05-07",7,,,,,,
"MA","Pittsfield Generating",50002,"2025-05-07",8,,,,,,
"MA","Pittsfield Generating",50002,"2025-05-07",9,,,,,,
"MA","Pittsfield Generating",50002,"2025-05-07",10,,,,,,
"MA","Pittsfield Generating",50002,"2025-05-07",11,,,,,,
"MA","Pittsfield Generating",50002,"2025-05-07",12,,,,,,
"MA","Pittsfield Generating",50002,"2025-05-07",13,,,,,,
"MA","Pittsfield Generating",50002,"2025-05-07",14,,,,,,
"MA","Pittsfield Generating",50002,"2025-05-07",15,,,,,,
"MA","Pittsfield Generating",50002,"2025-05-07",16,,,,,,
"MA","Pittsfield Generating",50002,"2025-05-07",17,,,,,,
"MA","Pittsfield Generating",50002,"2025-05-07",18,,,,,,
"MA","Pittsfield Generating",50002,"2025-05-07",19,,,,,,
"MA","Pittsfield Generating",50002,"2025-05-07",20,,,,,,
"MA","Pittsfield Generating",50002,"2025-05-07",21,,,,,,
"MA","Pittsfield Generating",50002,"2025-05-07",22,,,,,,
"MA","Pittsfield Generating",50002,"2025-05-07",23,,,,,,
"MA","Pittsfield Generating",50002,"2025-05-08",0,,,,,,
"MA","Pittsfield Generating",50002,"2025-05-08",1,,,,,,
"MA","Pittsfield Generating",50002,"2025-05-08",2,,,,,,
"MA","Pittsfield Generating",50002,"2025-05-08",3,,,,,,
"MA","Pittsfield Generating",50002,"2025-05-08",4,,,,,,
"MA","Pittsfield Generating",50002,"2025-05-08",5,,,,,,
"MA","Pittsfield Generating",50002,"2025-05-08",6,,,,,,
"MA","Pittsfield Generating",50002,"2025-05-08",7,,,,,,
"MA","Pittsfield Generating",50002,"2025-05-08",8,,,,,,
"MA","Pittsfield Generating",50002,"2025-05-08",9,,,,,,
"MA","Pittsfield Generating",50002,"2025-05-08",10,,,,,,
"MA","Pittsfield Generating",50002,"2025-05-08",11,,,,,,
"MA","Pittsfield Generating",50002,"2025-05-08",12,,,,,,
"MA","Pittsfield Generating",50002,"2025-05-08",13,,,,,,
"MA","Pittsfield Generating",50002,"2025-05-08",14,,,,,,
"MA","Pittsfield Generating",50002,"2025-05-08",15,,,,,,
"MA","Pittsfield Generating",50002,"2025-05-08",16,,,,,,
"MA","Pittsfield Generating",50002,"2025-05-08",17,,,,,,
"MA","Pittsfield Generating",50002,"2025-05-08",18,,,,,,
"MA","Pittsfield Generating",50002,"2025-05-08",19,,,,,,
"MA","Pittsfield Generating",50002,"2025-05-08",20,,,,,,
"MA","Pittsfield Generating",50002,"2025-05-08",21,,,,,,
"MA","Pittsfield Generating",50002,"2025-05-08",22,,,,,,
"MA","Pittsfield Generating",50002,"2025-05-08",23,,,,,,
"MA","Pittsfield Generating",50002,"2025-05-09",0,,,,,,
"MA","Pittsfield Generating",50002,"2025-05-09",1,,,,,,
"MA","Pittsfield Generating",50002,"2025-05-09",2,,,,,,
"MA","Pittsfield Generating",50002,"2025-05-09",3,,,,,,
"MA","Pittsfield Generating",50002,"2025-05-09",4,,,,,,
"MA","Pittsfield Generating",50002,"2025-05-09",5,,,,,,
"MA","Pittsfield Generating",50002,"2025-05-09",6,,,,,,
"MA","Pittsfield Generating",50002,"2025-05-09",7,,,,,,
"MA","Pittsfield Generating",50002,"2025-05-09",8,,,,,,
"MA","Pittsfield Generating",50002,"2025-05-09",9,,,,,,
"MA","Pittsfield Generating",50002,"2025-05-09",10,,,,,,
"MA","Pittsfield Generating",50002,"2025-05-09",11,,,,,,
"MA","Pittsfield Generating",50002,"2025-05-09",12,,,,,,
"MA","Pittsfield Generating",50002,"2025-05-09",13,,,,,,
"MA","Pittsfield Generating",50002,"2025-05-09",14,,,,,,
"MA","Pittsfield Generating",50002,"2025-05-09",15,,,,,,
"MA","Pittsfield Generating",50002,"2025-05-09",16,,,,,,
"MA","Pittsfield Generating",50002,"2025-05-09",17,,,,,,
"MA","Pittsfield Generating",50002,"2025-05-09",18,,,,,,
"MA","Pittsfield Generating",50002,"2025-05-09",19,,,,,,
"MA","Pittsfield Generating",50002,"2025-05-09",20,,,,,,
"MA","Pittsfield Generating",50002,"2025-05-09",21,,,,,,
"MA","Pittsfield Generating",50002,"2025-05-09",22,,,,,,
"MA","Pittsfield Generating",50002,"2025-05-09",23,,,,,,
"MA","Pittsfield Generating",50002,"2025-05-10",0,,,,,,
"MA","Pittsfield Generating",50002,"2025-05-10",1,,,,,,
"MA","Pittsfield Generating",50002,"2025-05-10",2,,,,,,
"MA","Pittsfield Generating",50002,"2025-05-10",3,,,,,,
"MA","Pittsfield Generating",50002,"2025-05-10",4,,,,,,
"MA","Pittsfield Generating",50002,"2025-05-10",5,,,,,,
"MA","Pittsfield Generating",50002,"2025-05-10",6,,,,,,
"MA","Pittsfield Generating",50002,"2025-05-10",7,,,,,,
"MA","Pittsfield Generating",50002,"2025-05-10",8,,,,,,
"MA","Pittsfield Generating",50002,"2025-05-10",9,,,,,,
"MA","Pittsfield Generating",50002,"2025-05-10",10,,,,,,
"MA","Pittsfield Generating",50002,"2025-05-10",11,,,,,,
"MA","Pittsfield Generating",50002,"2025-05-10",12,,,,,,
"MA","Pittsfield Generating",50002,"2025-05-10",13,,,,,,
"MA","Pittsfield Generating",50002,"2025-05-10",14,,,,,,
"MA","Pittsfield Generating",50002,"2025-05-10",15,,,,,,
"MA","Pittsfield Generating",50002,"2025-05-10",16,,,,,,
"MA","Pittsfield Generating",50002,"2025-05-10",17,,,,,,
"MA","Pittsfield Generating",50002,"2025-05-10",18,,,,,,
"MA","Pittsfield Generating",50002,"2025-05-10",19,,,,,,
"MA","Pittsfield Generating",50002,"2025-05-10",20,,,,,,
"MA","Pittsfield Generating",50002,"2025-05-10",21,,,,,,
"MA","Pittsfield Generating",50002,"2025-05-10",22,,,,,,
"MA","Pittsfield Generating",50002,"2025-05-10",23,,,,,,
"MA","Pittsfield Generating",50002,"2025-05-11",0,,,,,,
"MA","Pittsfield Generating",50002,"2025-05-11",1,,,,,,
"MA","Pittsfield Generating",50002,"2025-05-11",2,,,,,,
"MA","Pittsfield Generating",50002,"2025-05-11",3,,,,,,
"MA","Pittsfield Generating",50002,"2025-05-11",4,,,,,,
"MA","Pittsfield Generating",50002,"2025-05-11",5,,,,,,
"MA","Pittsfield Generating",50002,"2025-05-11",6,,,,,,
"MA","Pittsfield Generating",50002,"2025-05-11",7,,,,,,
"MA","Pittsfield Generating",50002,"2025-05-11",8,,,,,,
"MA","Pittsfield Generating",50002,"2025-05-11",9,,,,,,
"MA","Pittsfield Generating",50002,"2025-05-11",10,,,,,,
"MA","Pittsfield Generating",50002,"2025-05-11",11,,,,,,
"MA","Pittsfield Generating",50002,"2025-05-11",12,,,,,,
"MA","Pittsfield Generating",50002,"2025-05-11",13,,,,,,
"MA","Pittsfield Generating",50002,"2025-05-11",14,,,,,,
"MA","Pittsfield Generating",50002,"2025-05-11",15,,,,,,
"MA","Pittsfield Generating",50002,"2025-05-11",16,,,,,,
"MA","Pittsfield Generating",50002,"2025-05-11",17,,,,,,
"MA","Pittsfield Generating",50002,"2025-05-11",18,,,,,,
"MA","Pittsfield Generating",50002,"2025-05-11",19,,,,,,
"MA","Pittsfield Generating",50002,"2025-05-11",20,,,,,,
"MA","Pittsfield Generating",50002,"2025-05-11",21,,,,,,
"MA","Pittsfield Generating",50002,"2025-05-11",22,,,,,,
"MA","Pittsfield Generating",50002,"2025-05-11",23,,,,,,
"MA","Pittsfield Generating",50002,"2025-05-12",0,,,,,,
"MA","Pittsfield Generating",50002,"2025-05-12",1,,,,,,
"MA","Pittsfield Generating",50002,"2025-05-12",2,,,,,,
"MA","Pittsfield Generating",50002,"2025-05-12",3,,,,,,
"MA","Pittsfield Generating",50002,"2025-05-12",4,,,,,,
"MA","Pittsfield Generating",50002,"2025-05-12",5,,,,,,
"MA","Pittsfield Generating",50002,"2025-05-12",6,,,,,,
"MA","Pittsfield Generating",50002,"2025-05-12",7,,,,,,
"MA","Pittsfield Generating",50002,"2025-05-12",8,,,,,,
"MA","Pittsfield Generating",50002,"2025-05-12",9,,,,,,
"MA","Pittsfield Generating",50002,"2025-05-12",10,,,,,,
"MA","Pittsfield Generating",50002,"2025-05-12",11,,,,,,
"MA","Pittsfield Generating",50002,"2025-05-12",12,,,,,,
"MA","Pittsfield Generating",50002,"2025-05-12",13,,,,,,
"MA","Pittsfield Generating",50002,"2025-05-12",14,,,,,,
"MA","Pittsfield Generating",50002,"2025-05-12",15,,,,,,
"MA","Pittsfield Generating",50002,"2025-05-12",16,,,,,,
"MA","Pittsfield Generating",50002,"2025-05-12",17,,,,,,
"MA","Pittsfield Generating",50002,"2025-05-12",18,,,,,,
"MA","Pittsfield Generating",50002,"2025-05-12",19,,,,,,
"MA","Pittsfield Generating",50002,"2025-05-12",20,,,,,,
"MA","Pittsfield Generating",50002,"2025-05-12",21,,,,,,
"MA","Pittsfield Generating",50002,"2025-05-12",22,,,,,,
"MA","Pittsfield Generating",50002,"2025-05-12",23,,,,,,
"MA","Pittsfield Generating",50002,"2025-05-13",0,,,,,,
"MA","Pittsfield Generating",50002,"2025-05-13",1,,,,,,
"MA","Pittsfield Generating",50002,"2025-05-13",2,,,,,,
"MA","Pittsfield Generating",50002,"2025-05-13",3,,,,,,
"MA","Pittsfield Generating",50002,"2025-05-13",4,,,,,,
"MA","Pittsfield Generating",50002,"2025-05-13",5,,,,,,
"MA","Pittsfield Generating",50002,"2025-05-13",6,,,,,,
"MA","Pittsfield Generating",50002,"2025-05-13",7,,,,,,
"MA","Pittsfield Generating",50002,"2025-05-13",8,,,,,,
"MA","Pittsfield Generating",50002,"2025-05-13",9,,,,,,
"MA","Pittsfield Generating",50002,"2025-05-13",10,,,,,,
"MA","Pittsfield Generating",50002,"2025-05-13",11,,,,,,
"MA","Pittsfield Generating",50002,"2025-05-13",12,,,,,,
"MA","Pittsfield Generating",50002,"2025-05-13",13,,,,,,
"MA","Pittsfield Generating",50002,"2025-05-13",14,,,,,,
"MA","Pittsfield Generating",50002,"2025-05-13",15,,,,,,
"MA","Pittsfield Generating",50002,"2025-05-13",16,,,,,,
"MA","Pittsfield Generating",50002,"2025-05-13",17,,,,,,
"MA","Pittsfield Generating",50002,"2025-05-13",18,,,,,,
"MA","Pittsfield Generating",50002,"2025-05-13",19,,,,,,
"MA","Pittsfield Generating",50002,"2025-05-13",20,,,,,,
"MA","Pittsfield Generating",50002,"2025-05-13",21,,,,,,
"MA","Pittsfield Generating",50002,"2025-05-13",22,,,,,,
"MA","Pittsfield Generating",50002,"2025-05-13",23,,,,,,
"MA","Pittsfield Generating",50002,"2025-05-14",0,,,,,,
"MA","Pittsfield Generating",50002,"2025-05-14",1,,,,,,
"MA","Pittsfield Generating",50002,"2025-05-14",2,,,,,,
"MA","Pittsfield Generating",50002,"2025-05-14",3,,,,,,
"MA","Pittsfield Generating",50002,"2025-05-14",4,,,,,,
"MA","Pittsfield Generating",50002,"2025-05-14",5,,,,,,
"MA","Pittsfield Generating",50002,"2025-05-14",6,,,,,,
"MA","Pittsfield Generating",50002,"2025-05-14",7,,,,,,
"MA","Pittsfield Generating",50002,"2025-05-14",8,,,,,,
"MA","Pittsfield Generating",50002,"2025-05-14",9,,,,,,
"MA","Pittsfield Generating",50002,"2025-05-14",10,,,,,,
"MA","Pittsfield Generating",50002,"2025-05-14",11,,,,,,
"MA","Pittsfield Generating",50002,"2025-05-14",12,,,,,,
"MA","Pittsfield Generating",50002,"2025-05-14",13,,,,,,
"MA","Pittsfield Generating",50002,"2025-05-14",14,,,,,,
"MA","Pittsfield Generating",50002,"2025-05-14",15,,,,,,
"MA","Pittsfield Generating",50002,"2025-05-14",16,,,,,,
"MA","Pittsfield Generating",50002,"2025-05-14",17,,,,,,
"MA","Pittsfield Generating",50002,"2025-05-14",18,,,,,,
"MA","Pittsfield Generating",50002,"2025-05-14",19,,,,,,
"MA","Pittsfield Generating",50002,"2025-05-14",20,,,,,,
"MA","Pittsfield Generating",50002,"2025-05-14",21,,,,,,
"MA","Pittsfield Generating",50002,"2025-05-14",22,,,,,,
"MA","Pittsfield Generating",50002,"2025-05-14",23,,,,,,
"MA","Pittsfield Generating",50002,"2025-05-15",0,,,,,,
"MA","Pittsfield Generating",50002,"2025-05-15",1,,,,,,
"MA","Pittsfield Generating",50002,"2025-05-15",2,,,,,,
"MA","Pittsfield Generating",50002,"2025-05-15",3,,,,,,
"MA","Pittsfield Generating",50002,"2025-05-15",4,,,,,,
"MA","Pittsfield Generating",50002,"2025-05-15",5,,,,,,
"MA","Pittsfield Generating",50002,"2025-05-15",6,,,,,,
"MA","Pittsfield Generating",50002,"2025-05-15",7,,,,,,
"MA","Pittsfield Generating",50002,"2025-05-15",8,,,,,,
"MA","Pittsfield Generating",50002,"2025-05-15",9,,,,,,
"MA","Pittsfield Generating",50002,"2025-05-15",10,,,,,,
"MA","Pittsfield Generating",50002,"2025-05-15",11,,,,,,
"MA","Pittsfield Generating",50002,"2025-05-15",12,,,,,,
"MA","Pittsfield Generating",50002,"2025-05-15",13,,,,,,
"MA","Pittsfield Generating",50002,"2025-05-15",14,,,,,,
"MA","Pittsfield Generating",50002,"2025-05-15",15,,,,,,
"MA","Pittsfield Generating",50002,"2025-05-15",16,,,,,,
"MA","Pittsfield Generating",50002,"2025-05-15",17,,,,,,
"MA","Pittsfield Generating",50002,"2025-05-15",18,,,,,,
"MA","Pittsfield Generating",50002,"2025-05-15",19,,,,,,
"MA","Pittsfield Generating",50002,"2025-05-15",20,,,,,,
"MA","Pittsfield Generating",50002,"2025-05-15",21,,,,,,
"MA","Pittsfield Generating",50002,"2025-05-15",22,,,,,,
"MA","Pittsfield Generating",50002,"2025-05-15",23,,,,,,
"MA","Pittsfield Generating",50002,"2025-05-16",0,,,,,,
"MA","Pittsfield Generating",50002,"2025-05-16",1,,,,,,
"MA","Pittsfield Generating",50002,"2025-05-16",2,,,,,,
"MA","Pittsfield Generating",50002,"2025-05-16",3,,,,,,
"MA","Pittsfield Generating",50002,"2025-05-16",4,,,,,,
"MA","Pittsfield Generating",50002,"2025-05-16",5,,,,,,
"MA","Pittsfield Generating",50002,"2025-05-16",6,,,,,,
"MA","Pittsfield Generating",50002,"2025-05-16",7,,,,,,
"MA","Pittsfield Generating",50002,"2025-05-16",8,,,,,,
"MA","Pittsfield Generating",50002,"2025-05-16",9,,,,,,
"MA","Pittsfield Generating",50002,"2025-05-16",10,,,,,,
"MA","Pittsfield Generating",50002,"2025-05-16",11,,,,,,
"MA","Pittsfield Generating",50002,"2025-05-16",12,0,,,0.54,0.492,9.18
"MA","Pittsfield Generating",50002,"2025-05-16",13,21,,,17.76,66.124,299.656
"MA","Pittsfield Generating",50002,"2025-05-16",14,58,,,47.43,42.14,798.875
"MA","Pittsfield Generating",50002,"2025-05-16",15,85,,,65.7,26.5,1106.1
"MA","Pittsfield Generating",50002,"2025-05-16",16,93,,,69.8,14.4,1175.3
"MA","Pittsfield Generating",50002,"2025-05-16",17,87,,,66.6,13,1120.9
"MA","Pittsfield Generating",50002,"2025-05-16",18,91,,,68.8,13.1,1157.8
"MA","Pittsfield Generating",50002,"2025-05-16",19,90,,,68.3,13,1148.5
"MA","Pittsfield Generating",50002,"2025-05-16",20,103,,,75.8,19.5,1275
"MA","Pittsfield Generating",50002,"2025-05-16",21,92,,,65.807,16.75,1106.98
"MA","Pittsfield Generating",50002,"2025-05-16",22,24,,,7.8,1.72,131.32
"MA","Pittsfield Generating",50002,"2025-05-16",23,,,,,,
"MA","Pittsfield Generating",50002,"2025-05-17",0,,,,,,
"MA","Pittsfield Generating",50002,"2025-05-17",1,,,,,,
"MA","Pittsfield Generating",50002,"2025-05-17",2,,,,,,
"MA","Pittsfield Generating",50002,"2025-05-17",3,,,,,,
"MA","Pittsfield Generating",50002,"2025-05-17",4,,,,,,
"MA","Pittsfield Generating",50002,"2025-05-17",5,,,,,,
"MA","Pittsfield Generating",50002,"2025-05-17",6,,,,,,
"MA","Pittsfield Generating",50002,"2025-05-17",7,,,,,,
"MA","Pittsfield Generating",50002,"2025-05-17",8,,,,,,
"MA","Pittsfield Generating",50002,"2025-05-17",9,,,,,,
"MA","Pittsfield Generating",50002,"2025-05-17",10,,,,,,
"MA","Pittsfield Generating",50002,"2025-05-17",11,,,,,,
"MA","Pittsfield Generating",50002,"2025-05-17",12,,,,,,
"MA","Pittsfield Generating",50002,"2025-05-17",13,,,,,,
"MA","Pittsfield Generating",50002,"2025-05-17",14,,,,,,
"MA","Pittsfield Generating",50002,"2025-05-17",15,,,,,,
"MA","Pittsfield Generating",50002,"2025-05-17",16,,,,,,
"MA","Pittsfield Generating",50002,"2025-05-17",17,,,,,,
"MA","Pittsfield Generating",50002,"2025-05-17",18,,,,,,
"MA","Pittsfield Generating",50002,"2025-05-17",19,,,,,,
"MA","Pittsfield Generating",50002,"2025-05-17",20,,,,,,
"MA","Pittsfield Generating",50002,"2025-05-17",21,,,,,,
"MA","Pittsfield Generating",50002,"2025-05-17",22,,,,,,
"MA","Pittsfield Generating",50002,"2025-05-17",23,,,,,,
"MA","Pittsfield Generating",50002,"2025-05-18",0,,,,,,
"MA","Pittsfield Generating",50002,"2025-05-18",1,,,,,,
"MA","Pittsfield Generating",50002,"2025-05-18",2,,,,,,
"MA","Pittsfield Generating",50002,"2025-05-18",3,,,,,,
"MA","Pittsfield Generating",50002,"2025-05-18",4,,,,,,
"MA","Pittsfield Generating",50002,"2025-05-18",5,,,,,,
"MA","Pittsfield Generating",50002,"2025-05-18",6,,,,,,
"MA","Pittsfield Generating",50002,"2025-05-18",7,,,,,,
"MA","Pittsfield Generating",50002,"2025-05-18",8,,,,,,
"MA","Pittsfield Generating",50002,"2025-05-18",9,,,,,,
"MA","Pittsfield Generating",50002,"2025-05-18",10,,,,,,
"MA","Pittsfield Generating",50002,"2025-05-18",11,,,,,,
"MA","Pittsfield Generating",50002,"2025-05-18",12,,,,,,
"MA","Pittsfield Generating",50002,"2025-05-18",13,,,,,,
"MA","Pittsfield Generating",50002,"2025-05-18",14,,,,,,
"MA","Pittsfield Generating",50002,"2025-05-18",15,,,,,,
"MA","Pittsfield Generating",50002,"2025-05-18",16,,,,,,
"MA","Pittsfield Generating",50002,"2025-05-18",17,,,,,,
"MA","Pittsfield Generating",50002,"2025-05-18",18,,,,,,
"MA","Pittsfield Generating",50002,"2025-05-18",19,,,,,,
"MA","Pittsfield Generating",50002,"2025-05-18",20,,,,,,
"MA","Pittsfield Generating",50002,"2025-05-18",21,,,,,,
"MA","Pittsfield Generating",50002,"2025-05-18",22,,,,,,
"MA","Pittsfield Generating",50002,"2025-05-18",23,,,,,,
"MA","Pittsfield Generating",50002,"2025-05-19",0,,,,,,
"MA","Pittsfield Generating",50002,"2025-05-19",1,,,,,,
"MA","Pittsfield Generating",50002,"2025-05-19",2,,,,,,
"MA","Pittsfield Generating",50002,"2025-05-19",3,,,,,,
"MA","Pittsfield Generating",50002,"2025-05-19",4,,,,,,
"MA","Pittsfield Generating",50002,"2025-05-19",5,,,,,,
"MA","Pittsfield Generating",50002,"2025-05-19",6,,,,,,
"MA","Pittsfield Generating",50002,"2025-05-19",7,,,,,,
"MA","Pittsfield Generating",50002,"2025-05-19",8,,,,,,
"MA","Pittsfield Generating",50002,"2025-05-19",9,,,,,,
"MA","Pittsfield Generating",50002,"2025-05-19",10,,,,,,
"MA","Pittsfield Generating",50002,"2025-05-19",11,,,,,,
"MA","Pittsfield Generating",50002,"2025-05-19",12,,,,,,
"MA","Pittsfield Generating",50002,"2025-05-19",13,,,,,,
"MA","Pittsfield Generating",50002,"2025-05-19",14,,,,,,
"MA","Pittsfield Generating",50002,"2025-05-19",15,,,,,,
"MA","Pittsfield Generating",50002,"2025-05-19",16,,,,,,
"MA","Pittsfield Generating",50002,"2025-05-19",17,,,,,,
"MA","Pittsfield Generating",50002,"2025-05-19",18,,,,,,
"MA","Pittsfield Generating",50002,"2025-05-19",19,,,,,,
"MA","Pittsfield Generating",50002,"2025-05-19",20,,,,,,
"MA","Pittsfield Generating",50002,"2025-05-19",21,,,,,,
"MA","Pittsfield Generating",50002,"2025-05-19",22,,,,,,
"MA","Pittsfield Generating",50002,"2025-05-19",23,,,,,,
"MA","Pittsfield Generating",50002,"2025-05-20",0,,,,,,
"MA","Pittsfield Generating",50002,"2025-05-20",1,,,,,,
"MA","Pittsfield Generating",50002,"2025-05-20",2,,,,,,
"MA","Pittsfield Generating",50002,"2025-05-20",3,,,,,,
"MA","Pittsfield Generating",50002,"2025-05-20",4,,,,,,
"MA","Pittsfield Generating",50002,"2025-05-20",5,,,,,,
"MA","Pittsfield Generating",50002,"2025-05-20",6,,,,,,
"MA","Pittsfield Generating",50002,"2025-05-20",7,,,,,,
"MA","Pittsfield Generating",50002,"2025-05-20",8,,,,,,
"MA","Pittsfield Generating",50002,"2025-05-20",9,,,,,,
"MA","Pittsfield Generating",50002,"2025-05-20",10,,,,,,
"MA","Pittsfield Generating",50002,"2025-05-20",11,,,,,,
"MA","Pittsfield Generating",50002,"2025-05-20",12,,,,,,
"MA","Pittsfield Generating",50002,"2025-05-20",13,,,,,,
"MA","Pittsfield Generating",50002,"2025-05-20",14,,,,,,
"MA","Pittsfield Generating",50002,"2025-05-20",15,,,,,,
"MA","Pittsfield Generating",50002,"2025-05-20",16,,,,,,
"MA","Pittsfield Generating",50002,"2025-05-20",17,,,,,,
"MA","Pittsfield Generating",50002,"2025-05-20",18,,,,,,
"MA","Pittsfield Generating",50002,"2025-05-20",19,,,,,,
"MA","Pittsfield Generating",50002,"2025-05-20",20,,,,,,
"MA","Pittsfield Generating",50002,"2025-05-20",21,,,,,,
"MA","Pittsfield Generating",50002,"2025-05-20",22,,,,,,
"MA","Pittsfield Generating",50002,"2025-05-20",23,,,,,,
"MA","Pittsfield Generating",50002,"2025-05-21",0,,,,,,
"MA","Pittsfield Generating",50002,"2025-05-21",1,,,,,,
"MA","Pittsfield Generating",50002,"2025-05-21",2,,,,,,
"MA","Pittsfield Generating",50002,"2025-05-21",3,,,,,,
"MA","Pittsfield Generating",50002,"2025-05-21",4,,,,,,
"MA","Pittsfield Generating",50002,"2025-05-21",5,,,,,,
"MA","Pittsfield Generating",50002,"2025-05-21",6,,,,,,
"MA","Pittsfield Generating",50002,"2025-05-21",7,,,,,,
"MA","Pittsfield Generating",50002,"2025-05-21",8,,,,,,
"MA","Pittsfield Generating",50002,"2025-05-21",9,,,,,,
"MA","Pittsfield Generating",50002,"2025-05-21",10,,,,,,
"MA","Pittsfield Generating",50002,"2025-05-21",11,,,,,,
"MA","Pittsfield Generating",50002,"2025-05-21",12,,,,,,
"MA","Pittsfield Generating",50002,"2025-05-21",13,,,,,,
"MA","Pittsfield Generating",50002,"2025-05-21",14,,,,,,
"MA","Pittsfield Generating",50002,"2025-05-21",15,,,,,,
"MA","Pittsfield Generating",50002,"2025-05-21",16,,,,,,
"MA","Pittsfield Generating",50002,"2025-05-21",17,,,,,,
"MA","Pittsfield Generating",50002,"2025-05-21",18,,,,,,
"MA","Pittsfield Generating",50002,"2025-05-21",19,,,,,,
"MA","Pittsfield Generating",50002,"2025-05-21",20,,,,,,
"MA","Pittsfield Generating",50002,"2025-05-21",21,,,,,,
"MA","Pittsfield Generating",50002,"2025-05-21",22,,,,,,
"MA","Pittsfield Generating",50002,"2025-05-21",23,,,,,,
"MA","Pittsfield Generating",50002,"2025-05-22",0,,,,,,
"MA","Pittsfield Generating",50002,"2025-05-22",1,,,,,,
"MA","Pittsfield Generating",50002,"2025-05-22",2,,,,,,
"MA","Pittsfield Generating",50002,"2025-05-22",3,,,,,,
"MA","Pittsfield Generating",50002,"2025-05-22",4,,,,,,
"MA","Pittsfield Generating",50002,"2025-05-22",5,,,,,,
"MA","Pittsfield Generating",50002,"2025-05-22",6,,,,,,
"MA","Pittsfield Generating",50002,"2025-05-22",7,,,,,,
"MA","Pittsfield Generating",50002,"2025-05-22",8,,,,,,
"MA","Pittsfield Generating",50002,"2025-05-22",9,,,,,,
"MA","Pittsfield Generating",50002,"2025-05-22",10,,,,,,
"MA","Pittsfield Generating",50002,"2025-05-22",11,,,,,,
"MA","Pittsfield Generating",50002,"2025-05-22",12,,,,,,
"MA","Pittsfield Generating",50002,"2025-05-22",13,,,,,,
"MA","Pittsfield Generating",50002,"2025-05-22",14,,,,,,
"MA","Pittsfield Generating",50002,"2025-05-22",15,,,,,,
"MA","Pittsfield Generating",50002,"2025-05-22",16,,,,,,
"MA","Pittsfield Generating",50002,"2025-05-22",17,,,,,,
"MA","Pittsfield Generating",50002,"2025-05-22",18,,,,,,
"MA","Pittsfield Generating",50002,"2025-05-22",19,,,,,,
"MA","Pittsfield Generating",50002,"2025-05-22",20,,,,,,
"MA","Pittsfield Generating",50002,"2025-05-22",21,,,,,,
"MA","Pittsfield Generating",50002,"2025-05-22",22,,,,,,
"MA","Pittsfield Generating",50002,"2025-05-22",23,,,,,,
"MA","Pittsfield Generating",50002,"2025-05-23",0,,,,,,
"MA","Pittsfield Generating",50002,"2025-05-23",1,,,,,,
"MA","Pittsfield Generating",50002,"2025-05-23",2,,,,,,
"MA","Pittsfield Generating",50002,"2025-05-23",3,,,,,,
"MA","Pittsfield Generating",50002,"2025-05-23",4,,,,,,
"MA","Pittsfield Generating",50002,"2025-05-23",5,,,,,,
"MA","Pittsfield Generating",50002,"2025-05-23",6,,,,,,
"MA","Pittsfield Generating",50002,"2025-05-23",7,,,,,,
"MA","Pittsfield Generating",50002,"2025-05-23",8,,,,,,
"MA","Pittsfield Generating",50002,"2025-05-23",9,,,,,,
"MA","Pittsfield Generating",50002,"2025-05-23",10,,,,,,
"MA","Pittsfield Generating",50002,"2025-05-23",11,,,,,,
"MA","Pittsfield Generating",50002,"2025-05-23",12,,,,,,
"MA","Pittsfield Generating",50002,"2025-05-23",13,,,,,,
"MA","Pittsfield Generating",50002,"2025-05-23",14,,,,,,
"MA","Pittsfield Generating",50002,"2025-05-23",15,,,,,,
"MA","Pittsfield Generating",50002,"2025-05-23",16,,,,,,
"MA","Pittsfield Generating",50002,"2025-05-23",17,,,,,,
"MA","Pittsfield Generating",50002,"2025-05-23",18,,,,,,
"MA","Pittsfield Generating",50002,"2025-05-23",19,,,,,,
"MA","Pittsfield Generating",50002,"2025-05-23",20,,,,,,
"MA","Pittsfield Generating",50002,"2025-05-23",21,,,,,,
"MA","Pittsfield Generating",50002,"2025-05-23",22,,,,,,
"MA","Pittsfield Generating",50002,"2025-05-23",23,,,,,,
"MA","Pittsfield Generating",50002,"2025-05-24",0,,,,,,
"MA","Pittsfield Generating",50002,"2025-05-24",1,,,,,,
"MA","Pittsfield Generating",50002,"2025-05-24",2,,,,,,
"MA","Pittsfield Generating",50002,"2025-05-24",3,,,,,,
"MA","Pittsfield Generating",50002,"2025-05-24",4,,,,,,
"MA","Pittsfield Generating",50002,"2025-05-24",5,,,,,,
"MA","Pittsfield Generating",50002,"2025-05-24",6,,,,,,
"MA","Pittsfield Generating",50002,"2025-05-24",7,,,,,,
"MA","Pittsfield Generating",50002,"2025-05-24",8,,,,,,
"MA","Pittsfield Generating",50002,"2025-05-24",9,,,,,,
"MA","Pittsfield Generating",50002,"2025-05-24",10,,,,,,
"MA","Pittsfield Generating",50002,"2025-05-24",11,,,,,,
"MA","Pittsfield Generating",50002,"2025-05-24",12,,,,,,
"MA","Pittsfield Generating",50002,"2025-05-24",13,,,,,,
"MA","Pittsfield Generating",50002,"2025-05-24",14,,,,,,
"MA","Pittsfield Generating",50002,"2025-05-24",15,,,,,,
"MA","Pittsfield Generating",50002,"2025-05-24",16,,,,,,
"MA","Pittsfield Generating",50002,"2025-05-24",17,,,,,,
"MA","Pittsfield Generating",50002,"2025-05-24",18,,,,,,
"MA","Pittsfield Generating",50002,"2025-05-24",19,,,,,,
"MA","Pittsfield Generating",50002,"2025-05-24",20,,,,,,
"MA","Pittsfield Generating",50002,"2025-05-24",21,,,,,,
"MA","Pittsfield Generating",50002,"2025-05-24",22,,,,,,
"MA","Pittsfield Generating",50002,"2025-05-24",23,,,,,,
"MA","Pittsfield Generating",50002,"2025-05-25",0,,,,,,
"MA","Pittsfield Generating",50002,"2025-05-25",1,,,,,,
"MA","Pittsfield Generating",50002,"2025-05-25",2,,,,,,
"MA","Pittsfield Generating",50002,"2025-05-25",3,,,,,,
"MA","Pittsfield Generating",50002,"2025-05-25",4,,,,,,
"MA","Pittsfield Generating",50002,"2025-05-25",5,,,,,,
"MA","Pittsfield Generating",50002,"2025-05-25",6,,,,,,
"MA","Pittsfield Generating",50002,"2025-05-25",7,,,,,,
"MA","Pittsfield Generating",50002,"2025-05-25",8,,,,,,
"MA","Pittsfield Generating",50002,"2025-05-25",9,,,,,,
"MA","Pittsfield Generating",50002,"2025-05-25",10,,,,,,
"MA","Pittsfield Generating",50002,"2025-05-25",11,,,,,,
"MA","Pittsfield Generating",50002,"2025-05-25",12,,,,,,
"MA","Pittsfield Generating",50002,"2025-05-25",13,,,,,,
"MA","Pittsfield Generating",50002,"2025-05-25",14,,,,,,
"MA","Pittsfield Generating",50002,"2025-05-25",15,,,,,,
"MA","Pittsfield Generating",50002,"2025-05-25",16,,,,,,
"MA","Pittsfield Generating",50002,"2025-05-25",17,,,,,,
"MA","Pittsfield Generating",50002,"2025-05-25",18,,,,,,
"MA","Pittsfield Generating",50002,"2025-05-25",19,,,,,,
"MA","Pittsfield Generating",50002,"2025-05-25",20,,,,,,
"MA","Pittsfield Generating",50002,"2025-05-25",21,,,,,,
"MA","Pittsfield Generating",50002,"2025-05-25",22,,,,,,
"MA","Pittsfield Generating",50002,"2025-05-25",23,,,,,,
"MA","Pittsfield Generating",50002,"2025-05-26",0,,,,,,
"MA","Pittsfield Generating",50002,"2025-05-26",1,,,,,,
"MA","Pittsfield Generating",50002,"2025-05-26",2,,,,,,
"MA","Pittsfield Generating",50002,"2025-05-26",3,,,,,,
"MA","Pittsfield Generating",50002,"2025-05-26",4,,,,,,
"MA","Pittsfield Generating",50002,"2025-05-26",5,,,,,,
"MA","Pittsfield Generating",50002,"2025-05-26",6,,,,,,
"MA","Pittsfield Generating",50002,"2025-05-26",7,,,,,,
"MA","Pittsfield Generating",50002,"2025-05-26",8,,,,,,
"MA","Pittsfield Generating",50002,"2025-05-26",9,,,,,,
"MA","Pittsfield Generating",50002,"2025-05-26",10,,,,,,
"MA","Pittsfield Generating",50002,"2025-05-26",11,,,,,,
"MA","Pittsfield Generating",50002,"2025-05-26",12,,,,,,
"MA","Pittsfield Generating",50002,"2025-05-26",13,,,,,,
"MA","Pittsfield Generating",50002,"2025-05-26",14,,,,,,
"MA","Pittsfield Generating",50002,"2025-05-26",15,,,,,,
"MA","Pittsfield Generating",50002,"2025-05-26",16,,,,,,
"MA","Pittsfield Generating",50002,"2025-05-26",17,,,,,,
"MA","Pittsfield Generating",50002,"2025-05-26",18,,,,,,
"MA","Pittsfield Generating",50002,"2025-05-26",19,,,,,,
"MA","Pittsfield Generating",50002,"2025-05-26",20,,,,,,
"MA","Pittsfield Generating",50002,"2025-05-26",21,,,,,,
"MA","Pittsfield Generating",50002,"2025-05-26",22,,,,,,
"MA","Pittsfield Generating",50002,"2025-05-26",23,,,,,,
"MA","Pittsfield Generating",50002,"2025-05-27",0,,,,,,
"MA","Pittsfield Generating",50002,"2025-05-27",1,,,,,,
"MA","Pittsfield Generating",50002,"2025-05-27",2,,,,,,
"MA","Pittsfield Generating",50002,"2025-05-27",3,,,,,,
"MA","Pittsfield Generating",50002,"2025-05-27",4,,,,,,
"MA","Pittsfield Generating",50002,"2025-05-27",5,,,,,,
"MA","Pittsfield Generating",50002,"2025-05-27",6,,,,,,
"MA","Pittsfield Generating",50002,"2025-05-27",7,,,,,,
"MA","Pittsfield Generating",50002,"2025-05-27",8,,,,,,
"MA","Pittsfield Generating",50002,"2025-05-27",9,,,,,,
"MA","Pittsfield Generating",50002,"2025-05-27",10,,,,,,
"MA","Pittsfield Generating",50002,"2025-05-27",11,,,,,,
"MA","Pittsfield Generating",50002,"2025-05-27",12,,,,,,
"MA","Pittsfield Generating",50002,"2025-05-27",13,,,,,,
"MA","Pittsfield Generating",50002,"2025-05-27",14,,,,,,
"MA","Pittsfield Generating",50002,"2025-05-27",15,,,,,,
"MA","Pittsfield Generating",50002,"2025-05-27",16,,,,,,
"MA","Pittsfield Generating",50002,"2025-05-27",17,,,,,,
"MA","Pittsfield Generating",50002,"2025-05-27",18,,,,,,
"MA","Pittsfield Generating",50002,"2025-05-27",19,,,,,,
"MA","Pittsfield Generating",50002,"2025-05-27",20,,,,,,
"MA","Pittsfield Generating",50002,"2025-05-27",21,,,,,,
"MA","Pittsfield Generating",50002,"2025-05-27",22,,,,,,
"MA","Pittsfield Generating",50002,"2025-05-27",23,,,,,,
"MA","Pittsfield Generating",50002,"2025-05-28",0,,,,,,
"MA","Pittsfield Generating",50002,"2025-05-28",1,,,,,,
"MA","Pittsfield Generating",50002,"2025-05-28",2,,,,,,
"MA","Pittsfield Generating",50002,"2025-05-28",3,,,,,,
"MA","Pittsfield Generating",50002,"2025-05-28",4,,,,,,
"MA","Pittsfield Generating",50002,"2025-05-28",5,,,,,,
"MA","Pittsfield Generating",50002,"2025-05-28",6,,,,,,
"MA","Pittsfield Generating",50002,"2025-05-28",7,,,,,,
"MA","Pittsfield Generating",50002,"2025-05-28",8,,,,,,
"MA","Pittsfield Generating",50002,"2025-05-28",9,,,,,,
"MA","Pittsfield Generating",50002,"2025-05-28",10,,,,,,
"MA","Pittsfield Generating",50002,"2025-05-28",11,,,,,,
"MA","Pittsfield Generating",50002,"2025-05-28",12,,,,,,
"MA","Pittsfield Generating",50002,"2025-05-28",13,,,,,,
"MA","Pittsfield Generating",50002,"2025-05-28",14,,,,,,
"MA","Pittsfield Generating",50002,"2025-05-28",15,,,,,,
"MA","Pittsfield Generating",50002,"2025-05-28",16,,,,,,
"MA","Pittsfield Generating",50002,"2025-05-28",17,,,,,,
"MA","Pittsfield Generating",50002,"2025-05-28",18,,,,,,
"MA","Pittsfield Generating",50002,"2025-05-28",19,,,,,,
"MA","Pittsfield Generating",50002,"2025-05-28",20,,,,,,
"MA","Pittsfield Generating",50002,"2025-05-28",21,,,,,,
"MA","Pittsfield Generating",50002,"2025-05-28",22,,,,,,
"MA","Pittsfield Generating",50002,"2025-05-28",23,,,,,,
"MA","Pittsfield Generating",50002,"2025-05-29",0,,,,,,
"MA","Pittsfield Generating",50002,"2025-05-29",1,,,,,,
"MA","Pittsfield Generating",50002,"2025-05-29",2,,,,,,
"MA","Pittsfield Generating",50002,"2025-05-29",3,,,,,,
"MA","Pittsfield Generating",50002,"2025-05-29",4,,,,,,
"MA","Pittsfield Generating",50002,"2025-05-29",5,,,,,,
"MA","Pittsfield Generating",50002,"2025-05-29",6,,,,,,
"MA","Pittsfield Generating",50002,"2025-05-29",7,,,,,,
"MA","Pittsfield Generating",50002,"2025-05-29",8,,,,,,
"MA","Pittsfield Generating",50002,"2025-05-29",9,,,,,,
"MA","Pittsfield Generating",50002,"2025-05-29",10,,,,,,
"MA","Pittsfield Generating",50002,"2025-05-29",11,,,,,,
"MA","Pittsfield Generating",50002,"2025-05-29",12,,,,,,
"MA","Pittsfield Generating",50002,"2025-05-29",13,,,,,,
"MA","Pittsfield Generating",50002,"2025-05-29",14,,,,,,
"MA","Pittsfield Generating",50002,"2025-05-29",15,,,,,,
"MA","Pittsfield Generating",50002,"2025-05-29",16,,,,,,
"MA","Pittsfield Generating",50002,"2025-05-29",17,,,,,,
"MA","Pittsfield Generating",50002,"2025-05-29",18,,,,,,
"MA","Pittsfield Generating",50002,"2025-05-29",19,,,,,,
"MA","Pittsfield Generating",50002,"2025-05-29",20,,,,,,
"MA","Pittsfield Generating",50002,"2025-05-29",21,,,,,,
"MA","Pittsfield Generating",50002,"2025-05-29",22,,,,,,
"MA","Pittsfield Generating",50002,"2025-05-29",23,,,,,,
"MA","Pittsfield Generating",50002,"2025-05-30",0,,,,,,
"MA","Pittsfield Generating",50002,"2025-05-30",1,,,,,,
"MA","Pittsfield Generating",50002,"2025-05-30",2,,,,,,
"MA","Pittsfield Generating",50002,"2025-05-30",3,,,,,,
"MA","Pittsfield Generating",50002,"2025-05-30",4,,,,,,
"MA","Pittsfield Generating",50002,"2025-05-30",5,,,,,,
"MA","Pittsfield Generating",50002,"2025-05-30",6,,,,,,
"MA","Pittsfield Generating",50002,"2025-05-30",7,,,,,,
"MA","Pittsfield Generating",50002,"2025-05-30",8,,,,,,
"MA","Pittsfield Generating",50002,"2025-05-30",9,,,,,,
"MA","Pittsfield Generating",50002,"2025-05-30",10,,,,,,
"MA","Pittsfield Generating",50002,"2025-05-30",11,,,,,,
"MA","Pittsfield Generating",50002,"2025-05-30",12,,,,,,
"MA","Pittsfield Generating",50002,"2025-05-30",13,,,,,,
"MA","Pittsfield Generating",50002,"2025-05-30",14,,,,,,
"MA","Pittsfield Generating",50002,"2025-05-30",15,,,,,,
"MA","Pittsfield Generating",50002,"2025-05-30",16,,,,,,
"MA","Pittsfield Generating",50002,"2025-05-30",17,,,,,,
"MA","Pittsfield Generating",50002,"2025-05-30",18,,,,,,
"MA","Pittsfield Generating",50002,"2025-05-30",19,,,,,,
"MA","Pittsfield Generating",50002,"2025-05-30",20,,,,,,
"MA","Pittsfield Generating",50002,"2025-05-30",21,,,,,,
"MA","Pittsfield Generating",50002,"2025-05-30",22,,,,,,
"MA","Pittsfield Generating",50002,"2025-05-30",23,,,,,,
"MA","Pittsfield Generating",50002,"2025-05-31",0,,,,,,
"MA","Pittsfield Generating",50002,"2025-05-31",1,,,,,,
"MA","Pittsfield Generating",50002,"2025-05-31",2,,,,,,
"MA","Pittsfield Generating",50002,"2025-05-31",3,,,,,,
"MA","Pittsfield Generating",50002,"2025-05-31",4,,,,,,
"MA","Pittsfield Generating",50002,"2025-05-31",5,,,,,,
"MA","Pittsfield Generating",50002,"2025-05-31",6,,,,,,
"MA","Pittsfield Generating",50002,"2025-05-31",7,,,,,,
"MA","Pittsfield Generating",50002,"2025-05-31",8,,,,,,
"MA","Pittsfield Generating",50002,"2025-05-31",9,,,,,,
"MA","Pittsfield Generating",50002,"2025-05-31",10,,,,,,
"MA","Pittsfield Generating",50002,"2025-05-31",11,,,,,,
"MA","Pittsfield Generating",50002,"2025-05-31",12,,,,,,
"MA","Pittsfield Generating",50002,"2025-05-31",13,,,,,,
"MA","Pittsfield Generating",50002,"2025-05-31",14,,,,,,
"MA","Pittsfield Generating",50002,"2025-05-31",15,,,,,,
"MA","Pittsfield Generating",50002,"2025-05-31",16,,,,,,
"MA","Pittsfield Generating",50002,"2025-05-31",17,,,,,,
"MA","Pittsfield Generating",50002,"2025-05-31",18,,,,,,
"MA","Pittsfield Generating",50002,"2025-05-31",19,,,,,,
"MA","Pittsfield Generating",50002,"2025-05-31",20,,,,,,
"MA","Pittsfield Generating",50002,"2025-05-31",21,,,,,,
"MA","Pittsfield Generating",50002,"2025-05-31",22,,,,,,
"MA","Pittsfield Generating",50002,"2025-05-31",23,,,,,,
"MA","Pittsfield Generating",50002,"2025-06-01",0,,,,,,
"MA","Pittsfield Generating",50002,"2025-06-01",1,,,,,,
"MA","Pittsfield Generating",50002,"2025-06-01",2,,,,,,
"MA","Pittsfield Generating",50002,"2025-06-01",3,,,,,,
"MA","Pittsfield Generating",50002,"2025-06-01",4,,,,,,
"MA","Pittsfield Generating",50002,"2025-06-01",5,,,,,,
"MA","Pittsfield Generating",50002,"2025-06-01",6,,,,,,
"MA","Pittsfield Generating",50002,"2025-06-01",7,,,,,,
"MA","Pittsfield Generating",50002,"2025-06-01",8,,,,,,
"MA","Pittsfield Generating",50002,"2025-06-01",9,,,,,,
"MA","Pittsfield Generating",50002,"2025-06-01",10,,,,,,
"MA","Pittsfield Generating",50002,"2025-06-01",11,,,,,,
"MA","Pittsfield Generating",50002,"2025-06-01",12,,,,,,
"MA","Pittsfield Generating",50002,"2025-06-01",13,,,,,,
"MA","Pittsfield Generating",50002,"2025-06-01",14,,,,,,
"MA","Pittsfield Generating",50002,"2025-06-01",15,,,,,,
"MA","Pittsfield Generating",50002,"2025-06-01",16,,,,,,
"MA","Pittsfield Generating",50002,"2025-06-01",17,,,,,,
"MA","Pittsfield Generating",50002,"2025-06-01",18,,,,,,
"MA","Pittsfield Generating",50002,"2025-06-01",19,,,,,,
"MA","Pittsfield Generating",50002,"2025-06-01",20,,,,,,
"MA","Pittsfield Generating",50002,"2025-06-01",21,,,,,,
"MA","Pittsfield Generating",50002,"2025-06-01",22,,,,,,
"MA","Pittsfield Generating",50002,"2025-06-01",23,,,,,,
"MA","Pittsfield Generating",50002,"2025-06-02",0,,,,,,
"MA","Pittsfield Generating",50002,"2025-06-02",1,,,,,,
"MA","Pittsfield Generating",50002,"2025-06-02",2,,,,,,
"MA","Pittsfield Generating",50002,"2025-06-02",3,,,,,,
"MA","Pittsfield Generating",50002,"2025-06-02",4,,,,,,
"MA","Pittsfield Generating",50002,"2025-06-02",5,,,,,,
"MA","Pittsfield Generating",50002,"2025-06-02",6,,,,,,
"MA","Pittsfield Generating",50002,"2025-06-02",7,,,,,,
"MA","Pittsfield Generating",50002,"2025-06-02",8,,,,,,
"MA","Pittsfield Generating",50002,"2025-06-02",9,,,,,,
"MA","Pittsfield Generating",50002,"2025-06-02",10,,,,,,
"MA","Pittsfield Generating",50002,"2025-06-02",11,,,,,,
"MA","Pittsfield Generating",50002,"2025-06-02",12,,,,,,
"MA","Pittsfield Generating",50002,"2025-06-02",13,,,,,,
"MA","Pittsfield Generating",50002,"2025-06-02",14,,,,,,
"MA","Pittsfield Generating",50002,"2025-06-02",15,,,,,,
"MA","Pittsfield Generating",50002,"2025-06-02",16,,,,,,
"MA","Pittsfield Generating",50002,"2025-06-02",17,,,,,,
"MA","Pittsfield Generating",50002,"2025-06-02",18,,,,,,
"MA","Pittsfield Generating",50002,"2025-06-02",19,,,,,,
"MA","Pittsfield Generating",50002,"2025-06-02",20,,,,,,
"MA","Pittsfield Generating",50002,"2025-06-02",21,,,,,,
"MA","Pittsfield Generating",50002,"2025-06-02",22,,,,,,
"MA","Pittsfield Generating",50002,"2025-06-02",23,,,,,,
"MA","Pittsfield Generating",50002,"2025-06-03",0,,,,,,
"MA","Pittsfield Generating",50002,"2025-06-03",1,,,,,,
"MA","Pittsfield Generating",50002,"2025-06-03",2,,,,,,
"MA","Pittsfield Generating",50002,"2025-06-03",3,,,,,,
"MA","Pittsfield Generating",50002,"2025-06-03",4,,,,,,
"MA","Pittsfield Generating",50002,"2025-06-03",5,,,,,,
"MA","Pittsfield Generating",50002,"2025-06-03",6,,,,,,
"MA","Pittsfield Generating",50002,"2025-06-03",7,,,,,,
"MA","Pittsfield Generating",50002,"2025-06-03",8,,,,,,
"MA","Pittsfield Generating",50002,"2025-06-03",9,,,,,,
"MA","Pittsfield Generating",50002,"2025-06-03",10,,,,,,
"MA","Pittsfield Generating",50002,"2025-06-03",11,,,,,,
"MA","Pittsfield Generating",50002,"2025-06-03",12,,,,,,
"MA","Pittsfield Generating",50002,"2025-06-03",13,,,,,,
"MA","Pittsfield Generating",50002,"2025-06-03",14,,,,,,
"MA","Pittsfield Generating",50002,"2025-06-03",15,,,,,,
"MA","Pittsfield Generating",50002,"2025-06-03",16,,,,,,
"MA","Pittsfield Generating",50002,"2025-06-03",17,,,,,,
"MA","Pittsfield Generating",50002,"2025-06-03",18,,,,,,
"MA","Pittsfield Generating",50002,"2025-06-03",19,,,,,,
"MA","Pittsfield Generating",50002,"2025-06-03",20,,,,,,
"MA","Pittsfield Generating",50002,"2025-06-03",21,,,,,,
"MA","Pittsfield Generating",50002,"2025-06-03",22,,,,,,
"MA","Pittsfield Generating",50002,"2025-06-03",23,,,,,,
"MA","Pittsfield Generating",50002,"2025-06-04",0,,,,,,
"MA","Pittsfield Generating",50002,"2025-06-04",1,,,,,,
"MA","Pittsfield Generating",50002,"2025-06-04",2,,,,,,
"MA","Pittsfield Generating",50002,"2025-06-04",3,,,,,,
"MA","Pittsfield Generating",50002,"2025-06-04",4,,,,,,
"MA","Pittsfield Generating",50002,"2025-06-04",5,,,,,,
"MA","Pittsfield Generating",50002,"2025-06-04",6,,,,,,
"MA","Pittsfield Generating",50002,"2025-06-04",7,,,,,,
"MA","Pittsfield Generating",50002,"2025-06-04",8,,,,,,
"MA","Pittsfield Generating",50002,"2025-06-04",9,,,,,,
"MA","Pittsfield Generating",50002,"2025-06-04",10,,,,,,
"MA","Pittsfield Generating",50002,"2025-06-04",11,,,,,,
"MA","Pittsfield Generating",50002,"2025-06-04",12,,,,,,
"MA","Pittsfield Generating",50002,"2025-06-04",13,,,,,,
"MA","Pittsfield Generating",50002,"2025-06-04",14,,,,,,
"MA","Pittsfield Generating",50002,"2025-06-04",15,,,,,,
"MA","Pittsfield Generating",50002,"2025-06-04",16,,,,,,
"MA","Pittsfield Generating",50002,"2025-06-04",17,,,,,,
"MA","Pittsfield Generating",50002,"2025-06-04",18,,,,,,
"MA","Pittsfield Generating",50002,"2025-06-04",19,,,,,,
"MA","Pittsfield Generating",50002,"2025-06-04",20,,,,,,
"MA","Pittsfield Generating",50002,"2025-06-04",21,,,,,,
"MA","Pittsfield Generating",50002,"2025-06-04",22,,,,,,
"MA","Pittsfield Generating",50002,"2025-06-04",23,,,,,,
"MA","Pittsfield Generating",50002,"2025-06-05",0,,,,,,
"MA","Pittsfield Generating",50002,"2025-06-05",1,,,,,,
"MA","Pittsfield Generating",50002,"2025-06-05",2,,,,,,
"MA","Pittsfield Generating",50002,"2025-06-05",3,,,,,,
"MA","Pittsfield Generating",50002,"2025-06-05",4,,,,,,
"MA","Pittsfield Generating",50002,"2025-06-05",5,,,,,,
"MA","Pittsfield Generating",50002,"2025-06-05",6,,,,,,
"MA","Pittsfield Generating",50002,"2025-06-05",7,,,,,,
"MA","Pittsfield Generating",50002,"2025-06-05",8,,,,,,
"MA","Pittsfield Generating",50002,"2025-06-05",9,,,,,,
"MA","Pittsfield Generating",50002,"2025-06-05",10,,,,,,
"MA","Pittsfield Generating",50002,"2025-06-05",11,,,,,,
"MA","Pittsfield Generating",50002,"2025-06-05",12,8,,,8.008,20.328,134.673
"MA","Pittsfield Generating",50002,"2025-06-05",13,31,,,23.58,39.22,397.88
"MA","Pittsfield Generating",50002,"2025-06-05",14,57,,,51.132,61.372,861.896
"MA","Pittsfield Generating",50002,"2025-06-05",15,89,,,69.5,12.5,1169.7
"MA","Pittsfield Generating",50002,"2025-06-05",16,102,,,76.2,15.4,1282
"MA","Pittsfield Generating",50002,"2025-06-05",17,104,,,77.1,42.3,1297.7
"MA","Pittsfield Generating",50002,"2025-06-05",18,90,,,69.4,10.4,1167.7
"MA","Pittsfield Generating",50002,"2025-06-05",19,93,,,69.9,10.9,1174.9
"MA","Pittsfield Generating",50002,"2025-06-05",20,84,,,64.67,8.21,1088.44
"MA","Pittsfield Generating",50002,"2025-06-05",21,28,,,9.832,1.168,165.283
"MA","Pittsfield Generating",50002,"2025-06-05",22,,,,,,
"MA","Pittsfield Generating",50002,"2025-06-05",23,,,,,,
"MA","Pittsfield Generating",50002,"2025-06-06",0,,,,,,
"MA","Pittsfield Generating",50002,"2025-06-06",1,,,,,,
"MA","Pittsfield Generating",50002,"2025-06-06",2,,,,,,
"MA","Pittsfield Generating",50002,"2025-06-06",3,,,,,,
"MA","Pittsfield Generating",50002,"2025-06-06",4,,,,,,
"MA","Pittsfield Generating",50002,"2025-06-06",5,,,,,,
"MA","Pittsfield Generating",50002,"2025-06-06",6,,,,,,
"MA","Pittsfield Generating",50002,"2025-06-06",7,,,,,,
"MA","Pittsfield Generating",50002,"2025-06-06",8,,,,,,
"MA","Pittsfield Generating",50002,"2025-06-06",9,,,,,,
"MA","Pittsfield Generating",50002,"2025-06-06",10,,,,,,
"MA","Pittsfield Generating",50002,"2025-06-06",11,,,,,,
"MA","Pittsfield Generating",50002,"2025-06-06",12,,,,,,
"MA","Pittsfield Generating",50002,"2025-06-06",13,,,,,,
"MA","Pittsfield Generating",50002,"2025-06-06",14,,,,,,
"MA","Pittsfield Generating",50002,"2025-06-06",15,,,,,,
"MA","Pittsfield Generating",50002,"2025-06-06",16,,,,,,
"MA","Pittsfield Generating",50002,"2025-06-06",17,,,,,,
"MA","Pittsfield Generating",50002,"2025-06-06",18,,,,,,
"MA","Pittsfield Generating",50002,"2025-06-06",19,,,,,,
"MA","Pittsfield Generating",50002,"2025-06-06",20,,,,,,
"MA","Pittsfield Generating",50002,"2025-06-06",21,,,,,,
"MA","Pittsfield Generating",50002,"2025-06-06",22,,,,,,
"MA","Pittsfield Generating",50002,"2025-06-06",23,,,,,,
"MA","Pittsfield Generating",50002,"2025-06-07",0,,,,,,
"MA","Pittsfield Generating",50002,"2025-06-07",1,,,,,,
"MA","Pittsfield Generating",50002,"2025-06-07",2,,,,,,
"MA","Pittsfield Generating",50002,"2025-06-07",3,,,,,,
"MA","Pittsfield Generating",50002,"2025-06-07",4,,,,,,
"MA","Pittsfield Generating",50002,"2025-06-07",5,,,,,,
"MA","Pittsfield Generating",50002,"2025-06-07",6,,,,,,
"MA","Pittsfield Generating",50002,"2025-06-07",7,,,,,,
"MA","Pittsfield Generating",50002,"2025-06-07",8,,,,,,
"MA","Pittsfield Generating",50002,"2025-06-07",9,,,,,,
"MA","Pittsfield Generating",50002,"2025-06-07",10,,,,,,
"MA","Pittsfield Generating",50002,"2025-06-07",11,,,,,,
"MA","Pittsfield Generating",50002,"2025-06-07",12,,,,,,
"MA","Pittsfield Generating",50002,"2025-06-07",13,,,,,,
"MA","Pittsfield Generating",50002,"2025-06-07",14,,,,,,
"MA","Pittsfield Generating",50002,"2025-06-07",15,,,,,,
"MA","Pittsfield Generating",50002,"2025-06-07",16,,,,,,
"MA","Pittsfield Generating",50002,"2025-06-07",17,,,,,,
"MA","Pittsfield Generating",50002,"2025-06-07",18,,,,,,
"MA","Pittsfield Generating",50002,"2025-06-07",19,,,,,,
"MA","Pittsfield Generating",50002,"2025-06-07",20,,,,,,
"MA","Pittsfield Generating",50002,"2025-06-07",21,,,,,,
"MA","Pittsfield Generating",50002,"2025-06-07",22,,,,,,
"MA","Pittsfield Generating",50002,"2025-06-07",23,,,,,,
"MA","Pittsfield Generating",50002,"2025-06-08",0,,,,,,
"MA","Pittsfield Generating",50002,"2025-06-08",1,,,,,,
"MA","Pittsfield Generating",50002,"2025-06-08",2,,,,,,
"MA","Pittsfield Generating",50002,"2025-06-08",3,,,,,,
"MA","Pittsfield Generating",50002,"2025-06-08",4,,,,,,
"MA","Pittsfield Generating",50002,"2025-06-08",5,,,,,,
"MA","Pittsfield Generating",50002,"2025-06-08",6,,,,,,
"MA","Pittsfield Generating",50002,"2025-06-08",7,,,,,,
"MA","Pittsfield Generating",50002,"2025-06-08",8,,,,,,
"MA","Pittsfield Generating",50002,"2025-06-08",9,,,,,,
"MA","Pittsfield Generating",50002,"2025-06-08",10,,,,,,
"MA","Pittsfield Generating",50002,"2025-06-08",11,,,,,,
"MA","Pittsfield Generating",50002,"2025-06-08",12,,,,,,
"MA","Pittsfield Generating",50002,"2025-06-08",13,,,,,,
"MA","Pittsfield Generating",50002,"2025-06-08",14,,,,,,
"MA","Pittsfield Generating",50002,"2025-06-08",15,,,,,,
"MA","Pittsfield Generating",50002,"2025-06-08",16,,,,,,
"MA","Pittsfield Generating",50002,"2025-06-08",17,,,,,,
"MA","Pittsfield Generating",50002,"2025-06-08",18,,,,,,
"MA","Pittsfield Generating",50002,"2025-06-08",19,,,,,,
"MA","Pittsfield Generating",50002,"2025-06-08",20,,,,,,
"MA","Pittsfield Generating",50002,"2025-06-08",21,,,,,,
"MA","Pittsfield Generating",50002,"2025-06-08",22,,,,,,
"MA","Pittsfield Generating",50002,"2025-06-08",23,,,,,,
"MA","Pittsfield Generating",50002,"2025-06-09",0,,,,,,
"MA","Pittsfield Generating",50002,"2025-06-09",1,,,,,,
"MA","Pittsfield Generating",50002,"2025-06-09",2,,,,,,
"MA","Pittsfield Generating",50002,"2025-06-09",3,,,,,,
"MA","Pittsfield Generating",50002,"2025-06-09",4,,,,,,
"MA","Pittsfield Generating",50002,"2025-06-09",5,,,,,,
"MA","Pittsfield Generating",50002,"2025-06-09",6,,,,,,
"MA","Pittsfield Generating",50002,"2025-06-09",7,,,,,,
"MA","Pittsfield Generating",50002,"2025-06-09",8,,,,,,
"MA","Pittsfield Generating",50002,"2025-06-09",9,,,,,,
"MA","Pittsfield Generating",50002,"2025-06-09",10,,,,,,
"MA","Pittsfield Generating",50002,"2025-06-09",11,,,,,,
"MA","Pittsfield Generating",50002,"2025-06-09",12,,,,,,
"MA","Pittsfield Generating",50002,"2025-06-09",13,,,,,,
"MA","Pittsfield Generating",50002,"2025-06-09",14,,,,,,
"MA","Pittsfield Generating",50002,"2025-06-09",15,,,,,,
"MA","Pittsfield Generating",50002,"2025-06-09",16,,,,,,
"MA","Pittsfield Generating",50002,"2025-06-09",17,,,,,,
"MA","Pittsfield Generating",50002,"2025-06-09",18,,,,,,
"MA","Pittsfield Generating",50002,"2025-06-09",19,,,,,,
"MA","Pittsfield Generating",50002,"2025-06-09",20,,,,,,
"MA","Pittsfield Generating",50002,"2025-06-09",21,,,,,,
"MA","Pittsfield Generating",50002,"2025-06-09",22,,,,,,
"MA","Pittsfield Generating",50002,"2025-06-09",23,,,,,,
"MA","Pittsfield Generating",50002,"2025-06-10",0,,,,,,
"MA","Pittsfield Generating",50002,"2025-06-10",1,,,,,,
"MA","Pittsfield Generating",50002,"2025-06-10",2,,,,,,
"MA","Pittsfield Generating",50002,"2025-06-10",3,,,,,,
"MA","Pittsfield Generating",50002,"2025-06-10",4,,,,,,
"MA","Pittsfield Generating",50002,"2025-06-10",5,,,,,,
"MA","Pittsfield Generating",50002,"2025-06-10",6,,,,,,
"MA","Pittsfield Generating",50002,"2025-06-10",7,,,,,,
"MA","Pittsfield Generating",50002,"2025-06-10",8,,,,,,
"MA","Pittsfield Generating",50002,"2025-06-10",9,,,,,,
"MA","Pittsfield Generating",50002,"2025-06-10",10,,,,,,
"MA","Pittsfield Generating",50002,"2025-06-10",11,,,,,,
"MA","Pittsfield Generating",50002,"2025-06-10",12,,,,,,
"MA","Pittsfield Generating",50002,"2025-06-10",13,,,,,,
"MA","Pittsfield Generating",50002,"2025-06-10",14,,,,,,
"MA","Pittsfield Generating",50002,"2025-06-10",15,,,,,,
"MA","Pittsfield Generating",50002,"2025-06-10",16,,,,,,
"MA","Pittsfield Generating",50002,"2025-06-10",17,,,,,,
"MA","Pittsfield Generating",50002,"2025-06-10",18,,,,,,
"MA","Pittsfield Generating",50002,"2025-06-10",19,,,,,,
"MA","Pittsfield Generating",50002,"2025-06-10",20,,,,,,
"MA","Pittsfield Generating",50002,"2025-06-10",21,,,,,,
"MA","Pittsfield Generating",50002,"2025-06-10",22,,,,,,
"MA","Pittsfield Generating",50002,"2025-06-10",23,,,,,,
"MA","Pittsfield Generating",50002,"2025-06-11",0,,,,,,
"MA","Pittsfield Generating",50002,"2025-06-11",1,,,,,,
"MA","Pittsfield Generating",50002,"2025-06-11",2,,,,,,
"MA","Pittsfield Generating",50002,"2025-06-11",3,,,,,,
"MA","Pittsfield Generating",50002,"2025-06-11",4,,,,,,
"MA","Pittsfield Generating",50002,"2025-06-11",5,,,,,,
"MA","Pittsfield Generating",50002,"2025-06-11",6,,,,,,
"MA","Pittsfield Generating",50002,"2025-06-11",7,,,,,,
"MA","Pittsfield Generating",50002,"2025-06-11",8,,,,,,
"MA","Pittsfield Generating",50002,"2025-06-11",9,,,,,,
"MA","Pittsfield Generating",50002,"2025-06-11",10,,,,,,
"MA","Pittsfield Generating",50002,"2025-06-11",11,,,,,,
"MA","Pittsfield Generating",50002,"2025-06-11",12,,,,,,
"MA","Pittsfield Generating",50002,"2025-06-11",13,,,,,,
"MA","Pittsfield Generating",50002,"2025-06-11",14,,,,,,
"MA","Pittsfield Generating",50002,"2025-06-11",15,,,,,,
"MA","Pittsfield Generating",50002,"2025-06-11",16,,,,,,
"MA","Pittsfield Generating",50002,"2025-06-11",17,,,,,,
"MA","Pittsfield Generating",50002,"2025-06-11",18,,,,,,
"MA","Pittsfield Generating",50002,"2025-06-11",19,,,,,,
"MA","Pittsfield Generating",50002,"2025-06-11",20,,,,,,
"MA","Pittsfield Generating",50002,"2025-06-11",21,,,,,,
"MA","Pittsfield Generating",50002,"2025-06-11",22,,,,,,
"MA","Pittsfield Generating",50002,"2025-06-11",23,,,,,,
"MA","Pittsfield Generating",50002,"2025-06-12",0,,,,,,
"MA","Pittsfield Generating",50002,"2025-06-12",1,,,,,,
"MA","Pittsfield Generating",50002,"2025-06-12",2,,,,,,
"MA","Pittsfield Generating",50002,"2025-06-12",3,,,,,,
"MA","Pittsfield Generating",50002,"2025-06-12",4,,,,,,
"MA","Pittsfield Generating",50002,"2025-06-12",5,,,,,,
"MA","Pittsfield Generating",50002,"2025-06-12",6,,,,,,
"MA","Pittsfield Generating",50002,"2025-06-12",7,,,,,,
"MA","Pittsfield Generating",50002,"2025-06-12",8,,,,,,
"MA","Pittsfield Generating",50002,"2025-06-12",9,,,,,,
"MA","Pittsfield Generating",50002,"2025-06-12",10,,,,,,
"MA","Pittsfield Generating",50002,"2025-06-12",11,,,,,,
"MA","Pittsfield Generating",50002,"2025-06-12",12,,,,,,
"MA","Pittsfield Generating",50002,"2025-06-12",13,,,,,,
"MA","Pittsfield Generating",50002,"2025-06-12",14,,,,,,
"MA","Pittsfield Generating",50002,"2025-06-12",15,,,,,,
"MA","Pittsfield Generating",50002,"2025-06-12",16,,,,,,
"MA","Pittsfield Generating",50002,"2025-06-12",17,,,,,,
"MA","Pittsfield Generating",50002,"2025-06-12",18,,,,,,
"MA","Pittsfield Generating",50002,"2025-06-12",19,,,,,,
"MA","Pittsfield Generating",50002,"2025-06-12",20,,,,,,
"MA","Pittsfield Generating",50002,"2025-06-12",21,,,,,,
"MA","Pittsfield Generating",50002,"2025-06-12",22,,,,,,
"MA","Pittsfield Generating",50002,"2025-06-12",23,,,,,,
"MA","Pittsfield Generating",50002,"2025-06-13",0,,,,,,
"MA","Pittsfield Generating",50002,"2025-06-13",1,,,,,,
"MA","Pittsfield Generating",50002,"2025-06-13",2,,,,,,
"MA","Pittsfield Generating",50002,"2025-06-13",3,,,,,,
"MA","Pittsfield Generating",50002,"2025-06-13",4,,,,,,
"MA","Pittsfield Generating",50002,"2025-06-13",5,,,,,,
"MA","Pittsfield Generating",50002,"2025-06-13",6,,,,,,
"MA","Pittsfield Generating",50002,"2025-06-13",7,,,,,,
"MA","Pittsfield Generating",50002,"2025-06-13",8,,,,,,
"MA","Pittsfield Generating",50002,"2025-06-13",9,,,,,,
"MA","Pittsfield Generating",50002,"2025-06-13",10,,,,,,
"MA","Pittsfield Generating",50002,"2025-06-13",11,,,,,,
"MA","Pittsfield Generating",50002,"2025-06-13",12,,,,,,
"MA","Pittsfield Generating",50002,"2025-06-13",13,,,,,,
"MA","Pittsfield Generating",50002,"2025-06-13",14,,,,,,
"MA","Pittsfield Generating",50002,"2025-06-13",15,,,,,,
"MA","Pittsfield Generating",50002,"2025-06-13",16,,,,,,
"MA","Pittsfield Generating",50002,"2025-06-13",17,,,,,,
"MA","Pittsfield Generating",50002,"2025-06-13",18,,,,,,
"MA","Pittsfield Generating",50002,"2025-06-13",19,,,,,,
"MA","Pittsfield Generating",50002,"2025-06-13",20,,,,,,
"MA","Pittsfield Generating",50002,"2025-06-13",21,,,,,,
"MA","Pittsfield Generating",50002,"2025-06-13",22,,,,,,
"MA","Pittsfield Generating",50002,"2025-06-13",23,,,,,,
"MA","Pittsfield Generating",50002,"2025-06-14",0,,,,,,
"MA","Pittsfield Generating",50002,"2025-06-14",1,,,,,,
"MA","Pittsfield Generating",50002,"2025-06-14",2,,,,,,
"MA","Pittsfield Generating",50002,"2025-06-14",3,,,,,,
"MA","Pittsfield Generating",50002,"2025-06-14",4,,,,,,
"MA","Pittsfield Generating",50002,"2025-06-14",5,,,,,,
"MA","Pittsfield Generating",50002,"2025-06-14",6,,,,,,
"MA","Pittsfield Generating",50002,"2025-06-14",7,,,,,,
"MA","Pittsfield Generating",50002,"2025-06-14",8,,,,,,
"MA","Pittsfield Generating",50002,"2025-06-14",9,,,,,,
"MA","Pittsfield Generating",50002,"2025-06-14",10,,,,,,
"MA","Pittsfield Generating",50002,"2025-06-14",11,,,,,,
"MA","Pittsfield Generating",50002,"2025-06-14",12,,,,,,
"MA","Pittsfield Generating",50002,"2025-06-14",13,,,,,,
"MA","Pittsfield Generating",50002,"2025-06-14",14,,,,,,
"MA","Pittsfield Generating",50002,"2025-06-14",15,,,,,,
"MA","Pittsfield Generating",50002,"2025-06-14",16,,,,,,
"MA","Pittsfield Generating",50002,"2025-06-14",17,,,,,,
"MA","Pittsfield Generating",50002,"2025-06-14",18,,,,,,
"MA","Pittsfield Generating",50002,"2025-06-14",19,,,,,,
"MA","Pittsfield Generating",50002,"2025-06-14",20,,,,,,
"MA","Pittsfield Generating",50002,"2025-06-14",21,,,,,,
"MA","Pittsfield Generating",50002,"2025-06-14",22,,,,,,
"MA","Pittsfield Generating",50002,"2025-06-14",23,,,,,,
"MA","Pittsfield Generating",50002,"2025-06-15",0,,,,,,
"MA","Pittsfield Generating",50002,"2025-06-15",1,,,,,,
"MA","Pittsfield Generating",50002,"2025-06-15",2,,,,,,
"MA","Pittsfield Generating",50002,"2025-06-15",3,,,,,,
"MA","Pittsfield Generating",50002,"2025-06-15",4,,,,,,
"MA","Pittsfield Generating",50002,"2025-06-15",5,,,,,,
"MA","Pittsfield Generating",50002,"2025-06-15",6,,,,,,
"MA","Pittsfield Generating",50002,"2025-06-15",7,,,,,,
"MA","Pittsfield Generating",50002,"2025-06-15",8,,,,,,
"MA","Pittsfield Generating",50002,"2025-06-15",9,,,,,,
"MA","Pittsfield Generating",50002,"2025-06-15",10,,,,,,
"MA","Pittsfield Generating",50002,"2025-06-15",11,,,,,,
"MA","Pittsfield Generating",50002,"2025-06-15",12,,,,,,
"MA","Pittsfield Generating",50002,"2025-06-15",13,,,,,,
"MA","Pittsfield Generating",50002,"2025-06-15",14,,,,,,
"MA","Pittsfield Generating",50002,"2025-06-15",15,,,,,,
"MA","Pittsfield Generating",50002,"2025-06-15",16,,,,,,
"MA","Pittsfield Generating",50002,"2025-06-15",17,,,,,,
"MA","Pittsfield Generating",50002,"2025-06-15",18,,,,,,
"MA","Pittsfield Generating",50002,"2025-06-15",19,,,,,,
"MA","Pittsfield Generating",50002,"2025-06-15",20,,,,,,
"MA","Pittsfield Generating",50002,"2025-06-15",21,,,,,,
"MA","Pittsfield Generating",50002,"2025-06-15",22,,,,,,
"MA","Pittsfield Generating",50002,"2025-06-15",23,,,,,,
"MA","Pittsfield Generating",50002,"2025-06-16",0,,,,,,
"MA","Pittsfield Generating",50002,"2025-06-16",1,,,,,,
"MA","Pittsfield Generating",50002,"2025-06-16",2,,,,,,
"MA","Pittsfield Generating",50002,"2025-06-16",3,,,,,,
"MA","Pittsfield Generating",50002,"2025-06-16",4,,,,,,
"MA","Pittsfield Generating",50002,"2025-06-16",5,,,,,,
"MA","Pittsfield Generating",50002,"2025-06-16",6,,,,,,
"MA","Pittsfield Generating",50002,"2025-06-16",7,,,,,,
"MA","Pittsfield Generating",50002,"2025-06-16",8,,,,,,
"MA","Pittsfield Generating",50002,"2025-06-16",9,,,,,,
"MA","Pittsfield Generating",50002,"2025-06-16",10,,,,,,
"MA","Pittsfield Generating",50002,"2025-06-16",11,,,,,,
"MA","Pittsfield Generating",50002,"2025-06-16",12,,,,,,
"MA","Pittsfield Generating",50002,"2025-06-16",13,,,,,,
"MA","Pittsfield Generating",50002,"2025-06-16",14,,,,,,
"MA","Pittsfield Generating",50002,"2025-06-16",15,,,,,,
"MA","Pittsfield Generating",50002,"2025-06-16",16,,,,,,
"MA","Pittsfield Generating",50002,"2025-06-16",17,,,,,,
"MA","Pittsfield Generating",50002,"2025-06-16",18,,,,,,
"MA","Pittsfield Generating",50002,"2025-06-16",19,,,,,,
"MA","Pittsfield Generating",50002,"2025-06-16",20,,,,,,
"MA","Pittsfield Generating",50002,"2025-06-16",21,,,,,,
"MA","Pittsfield Generating",50002,"2025-06-16",22,,,,,,
"MA","Pittsfield Generating",50002,"2025-06-16",23,,,,,,
"MA","Pittsfield Generating",50002,"2025-06-17",0,,,,,,
"MA","Pittsfield Generating",50002,"2025-06-17",1,,,,,,
"MA","Pittsfield Generating",50002,"2025-06-17",2,,,,,,
"MA","Pittsfield Generating",50002,"2025-06-17",3,,,,,,
"MA","Pittsfield Generating",50002,"2025-06-17",4,,,,,,
"MA","Pittsfield Generating",50002,"2025-06-17",5,,,,,,
"MA","Pittsfield Generating",50002,"2025-06-17",6,,,,,,
"MA","Pittsfield Generating",50002,"2025-06-17",7,,,,,,
"MA","Pittsfield Generating",50002,"2025-06-17",8,,,,,,
"MA","Pittsfield Generating",50002,"2025-06-17",9,,,,,,
"MA","Pittsfield Generating",50002,"2025-06-17",10,,,,,,
"MA","Pittsfield Generating",50002,"2025-06-17",11,,,,,,
"MA","Pittsfield Generating",50002,"2025-06-17",12,,,,,,
"MA","Pittsfield Generating",50002,"2025-06-17",13,,,,,,
"MA","Pittsfield Generating",50002,"2025-06-17",14,,,,,,
"MA","Pittsfield Generating",50002,"2025-06-17",15,,,,,,
"MA","Pittsfield Generating",50002,"2025-06-17",16,,,,,,
"MA","Pittsfield Generating",50002,"2025-06-17",17,,,,,,
"MA","Pittsfield Generating",50002,"2025-06-17",18,,,,,,
"MA","Pittsfield Generating",50002,"2025-06-17",19,,,,,,
"MA","Pittsfield Generating",50002,"2025-06-17",20,,,,,,
"MA","Pittsfield Generating",50002,"2025-06-17",21,,,,,,
"MA","Pittsfield Generating",50002,"2025-06-17",22,,,,,,
"MA","Pittsfield Generating",50002,"2025-06-17",23,,,,,,
"MA","Pittsfield Generating",50002,"2025-06-18",0,,,,,,
"MA","Pittsfield Generating",50002,"2025-06-18",1,,,,,,
"MA","Pittsfield Generating",50002,"2025-06-18",2,,,,,,
"MA","Pittsfield Generating",50002,"2025-06-18",3,,,,,,
"MA","Pittsfield Generating",50002,"2025-06-18",4,,,,,,
"MA","Pittsfield Generating",50002,"2025-06-18",5,,,,,,
"MA","Pittsfield Generating",50002,"2025-06-18",6,,,,,,
"MA","Pittsfield Generating",50002,"2025-06-18",7,,,,,,
"MA","Pittsfield Generating",50002,"2025-06-18",8,,,,,,
"MA","Pittsfield Generating",50002,"2025-06-18",9,,,,,,
"MA","Pittsfield Generating",50002,"2025-06-18",10,,,,,,
"MA","Pittsfield Generating",50002,"2025-06-18",11,,,,,,
"MA","Pittsfield Generating",50002,"2025-06-18",12,9,,,10.672,31.556,179.216
"MA","Pittsfield Generating",50002,"2025-06-18",13,36,,,32.562,93.241,549.324
"MA","Pittsfield Generating",50002,"2025-06-18",14,61,,,46.93,121.782,789.812
"MA","Pittsfield Generating",50002,"2025-06-18",15,87,,,42.705,8.268,719.214
"MA","Pittsfield Generating",50002,"2025-06-18",16,29,,,22.2,1.9,374.1
"MA","Pittsfield Generating",50002,"2025-06-18",17,29,,,22.2,3.4,373.7
"MA","Pittsfield Generating",50002,"2025-06-18",18,30,,,22.5,2.7,378.7
"MA","Pittsfield Generating",50002,"2025-06-18",19,31,,,23.1,3.1,388
"MA","Pittsfield Generating",50002,"2025-06-18",20,30,,,22.9,3.1,385.6
"MA","Pittsfield Generating",50002,"2025-06-18",21,30,,,23,3.1,386.7
"MA","Pittsfield Generating",50002,"2025-06-18",22,30,,,23,3.1,386.6
"MA","Pittsfield Generating",50002,"2025-06-18",23,31,,,23,3.1,387.7
"MA","Pittsfield Generating",50002,"2025-06-19",0,31,,,23.1,3.1,388.1
"MA","Pittsfield Generating",50002,"2025-06-19",1,31,,,23.1,3.1,388.2
"MA","Pittsfield Generating",50002,"2025-06-19",2,31,,,23.1,3.1,388.1
"MA","Pittsfield Generating",50002,"2025-06-19",3,31,,,23,3.1,387.8
"MA","Pittsfield Generating",50002,"2025-06-19",4,31,,,23.1,3.5,387.9
"MA","Pittsfield Generating",50002,"2025-06-19",5,30,,,23,3.5,386.8
"MA","Pittsfield Generating",50002,"2025-06-19",6,31,,,23,3.5,387.2
"MA","Pittsfield Generating",50002,"2025-06-19",7,31,,,23,3.5,387.5
"MA","Pittsfield Generating",50002,"2025-06-19",8,30,,,23,3.5,386.9
"MA","Pittsfield Generating",50002,"2025-06-19",9,30,,,22.9,3.5,386.1
"MA","Pittsfield Generating",50002,"2025-06-19",10,30,,,23,3.9,387.1
"MA","Pittsfield Generating",50002,"2025-06-19",11,30,,,22.9,4.2,385.8
"MA","Pittsfield Generating",50002,"2025-06-19",12,30,,,22.9,4.6,384.8
"MA","Pittsfield Generating",50002,"2025-06-19",13,30,,,22.9,4.6,385.3
"MA","Pittsfield Generating",50002,"2025-06-19",14,37,,,28.4,27.81,477.41
"MA","Pittsfield Generating",50002,"2025-06-19",15,56,,,43.8,12.3,736.1
"MA","Pittsfield Generating",50002,"2025-06-19",16,59,,,45.4,7.2,763.1
"MA","Pittsfield Generating",50002,"2025-06-19",17,59,,,45.3,6.9,762.5
"MA","Pittsfield Generating",50002,"2025-06-19",18,59,,,45.4,7.3,763.4
"MA","Pittsfield Generating",50002,"2025-06-19",19,59,,,45.3,8.8,762.3
"MA","Pittsfield Generating",50002,"2025-06-19",20,59,,,45.1,8.3,758.6
"MA","Pittsfield Generating",50002,"2025-06-19",21,59,,,45.2,10.3,761.2
"MA","Pittsfield Generating",50002,"2025-06-19",22,59,,,45.3,10.3,762.2
"MA","Pittsfield Generating",50002,"2025-06-19",23,59,,,45.4,10,763.6
"MA","Pittsfield Generating",50002,"2025-06-20",0,59,,,45.5,9.6,765.7
"MA","Pittsfield Generating",50002,"2025-06-20",1,60,,,45.5,11.2,766.1
"MA","Pittsfield Generating",50002,"2025-06-20",2,60,,,45.5,11.5,766.3
"MA","Pittsfield Generating",50002,"2025-06-20",3,60,,,45.5,11.5,766.5
"MA","Pittsfield Generating",50002,"2025-06-20",4,60,,,45.5,11.5,766.9
"MA","Pittsfield Generating",50002,"2025-06-20",5,59,,,45.5,11.4,764.7
"MA","Pittsfield Generating",50002,"2025-06-20",6,59,,,45.5,11.4,764.4
"MA","Pittsfield Generating",50002,"2025-06-20",7,59,,,45.3,11.4,763.1
"MA","Pittsfield Generating",50002,"2025-06-20",8,60,,,45.5,11.5,765.7
"MA","Pittsfield Generating",50002,"2025-06-20",9,59,,,45.5,11,764.9
"MA","Pittsfield Generating",50002,"2025-06-20",10,59,,,45.5,11,765.1
"MA","Pittsfield Generating",50002,"2025-06-20",11,59,,,45.5,11.1,765.5
"MA","Pittsfield Generating",50002,"2025-06-20",12,59,,,45.3,11,762.3
"MA","Pittsfield Generating",50002,"2025-06-20",13,59,,,45.3,11,761.4
"MA","Pittsfield Generating",50002,"2025-06-20",14,68,,,50.316,28.227,847.77
"MA","Pittsfield Generating",50002,"2025-06-20",15,84,,,65.8,16.3,1108
"MA","Pittsfield Generating",50002,"2025-06-20",16,85,,,60.675,14.675,1021.65
"MA","Pittsfield Generating",50002,"2025-06-20",17,60,,,45.8,11.2,771.1
"MA","Pittsfield Generating",50002,"2025-06-20",18,63,,,47.3,12.3,796.2
"MA","Pittsfield Generating",50002,"2025-06-20",19,64,,,48.3,12.6,811.8
"MA","Pittsfield Generating",50002,"2025-06-20",20,66,,,48.7,11.9,819.5
"MA","Pittsfield Generating",50002,"2025-06-20",21,65,,,48.7,10.6,819.5
"MA","Pittsfield Generating",50002,"2025-06-20",22,66,,,49,11.5,824
"MA","Pittsfield Generating",50002,"2025-06-20",23,67,,,49.7,12.1,835.7
"MA","Pittsfield Generating",50002,"2025-06-21",0,67,,,49.9,12.6,839.7
"MA","Pittsfield Generating",50002,"2025-06-21",1,68,,,50,12.6,840.6
"MA","Pittsfield Generating",50002,"2025-06-21",2,68,,,50,12.6,840.5
"MA","Pittsfield Generating",50002,"2025-06-21",3,68,,,50,12.2,841.4
"MA","Pittsfield Generating",50002,"2025-06-21",4,68,,,50,11.8,841.7
"MA","Pittsfield Generating",50002,"2025-06-21",5,67,,,49.9,12.2,839.8
"MA","Pittsfield Generating",50002,"2025-06-21",6,67,,,49.8,12.6,838.6
"MA","Pittsfield Generating",50002,"2025-06-21",7,67,,,49.8,12.2,837.3
"MA","Pittsfield Generating",50002,"2025-06-21",8,67,,,49.8,13,838.7
"MA","Pittsfield Generating",50002,"2025-06-21",9,67,,,49.8,12.6,838.9
"MA","Pittsfield Generating",50002,"2025-06-21",10,67,,,49.9,13.4,839.6
"MA","Pittsfield Generating",50002,"2025-06-21",11,67,,,49.8,13.8,836.8
"MA","Pittsfield Generating",50002,"2025-06-21",12,67,,,49.6,13.8,835.4
"MA","Pittsfield Generating",50002,"2025-06-21",13,67,,,49.8,14.6,837.1
"MA","Pittsfield Generating",50002,"2025-06-21",14,67,,,49.8,14.6,838.9
"MA","Pittsfield Generating",50002,"2025-06-21",15,67,,,49.8,15.6,838.9
"MA","Pittsfield Generating",50002,"2025-06-21",16,67,,,49.8,14.2,839.4
"MA","Pittsfield Generating",50002,"2025-06-21",17,67,,,49.8,13.8,839
"MA","Pittsfield Generating",50002,"2025-06-21",18,67,,,50,12.6,840
"MA","Pittsfield Generating",50002,"2025-06-21",19,67,,,50,12.2,839.9
"MA","Pittsfield Generating",50002,"2025-06-21",20,67,,,49.8,11.4,839.6
"MA","Pittsfield Generating",50002,"2025-06-21",21,67,,,49.8,11.3,838.6
"MA","Pittsfield Generating",50002,"2025-06-21",22,73,,,52.45,16.75,884.025
"MA","Pittsfield Generating",50002,"2025-06-21",23,87,,,68.5,21.4,1152.4
"MA","Pittsfield Generating",50002,"2025-06-22",0,93,,,70.9,12.4,1193
"MA","Pittsfield Generating",50002,"2025-06-22",1,94,,,70.8,12.4,1191
"MA","Pittsfield Generating",50002,"2025-06-22",2,94,,,70.9,12.8,1192.2
"MA","Pittsfield Generating",50002,"2025-06-22",3,94,,,70.6,13.2,1189.1
"MA","Pittsfield Generating",50002,"2025-06-22",4,94,,,70.7,12,1190.1
"MA","Pittsfield Generating",50002,"2025-06-22",5,94,,,70.6,12.4,1188.4
"MA","Pittsfield Generating",50002,"2025-06-22",6,94,,,70.6,12.4,1188.8
"MA","Pittsfield Generating",50002,"2025-06-22",7,94,,,70.6,12,1188.9
"MA","Pittsfield Generating",50002,"2025-06-22",8,94,,,70.9,14.4,1191.8
"MA","Pittsfield Generating",50002,"2025-06-22",9,89,,,68.3,14.5,1150.3
"MA","Pittsfield Generating",50002,"2025-06-22",10,80,,,63.8,12.2,1072.7
"MA","Pittsfield Generating",50002,"2025-06-22",11,79,,,63.3,12,1064.5
"MA","Pittsfield Generating",50002,"2025-06-22",12,80,,,63.7,11.5,1071.2
"MA","Pittsfield Generating",50002,"2025-06-22",13,80,,,63.8,11.1,1073.8
"MA","Pittsfield Generating",50002,"2025-06-22",14,80,,,63.7,10.6,1071.8
"MA","Pittsfield Generating",50002,"2025-06-22",15,89,,,68.2,12.6,1147
"MA","Pittsfield Generating",50002,"2025-06-22",16,87,,,67.7,12.2,1139
"MA","Pittsfield Generating",50002,"2025-06-22",17,84,,,65.5,10.6,1100.9
"MA","Pittsfield Generating",50002,"2025-06-22",18,95,,,56.39,13.16,949.76
"MA","Pittsfield Generating",50002,"2025-06-22",19,87,,,67.3,21.5,1133.8
"MA","Pittsfield Generating",50002,"2025-06-22",20,93,,,70.8,13,1191.7
"MA","Pittsfield Generating",50002,"2025-06-22",21,72,,,49.39,10.32,831.87
"MA","Pittsfield Generating",50002,"2025-06-22",22,62,,,46.5,9.4,781.9
"MA","Pittsfield Generating",50002,"2025-06-22",23,63,,,46.9,9.1,788.1
"MA","Pittsfield Generating",50002,"2025-06-23",0,61,,,46,8.9,774
"MA","Pittsfield Generating",50002,"2025-06-23",1,61,,,45.9,9.6,771.7
"MA","Pittsfield Generating",50002,"2025-06-23",2,61,,,45.9,9.6,771.8
"MA","Pittsfield Generating",50002,"2025-06-23",3,61,,,46,9.6,774
"MA","Pittsfield Generating",50002,"2025-06-23",4,61,,,45.9,8.5,773.2
"MA","Pittsfield Generating",50002,"2025-06-23",5,64,,,47.8,9.3,803.1
"MA","Pittsfield Generating",50002,"2025-06-23",6,60,,,45.4,8.4,763.7
"MA","Pittsfield Generating",50002,"2025-06-23",7,60,,,45.5,7.2,765.7
"MA","Pittsfield Generating",50002,"2025-06-23",8,75,,,55.005,72.608,925.777
"MA","Pittsfield Generating",50002,"2025-06-23",9,94,,,71.5,21,1204
"MA","Pittsfield Generating",50002,"2025-06-23",10,104,,,77.4,15.5,1302.6
"MA","Pittsfield Generating",50002,"2025-06-23",11,105,,,78.1,15.3,1314
"MA","Pittsfield Generating",50002,"2025-06-23",12,105,,,77.9,15.7,1311
"MA","Pittsfield Generating",50002,"2025-06-23",13,104,,,77.6,17.9,1306.7
"MA","Pittsfield Generating",50002,"2025-06-23",14,104,,,78,17.9,1311.8
"MA","Pittsfield Generating",50002,"2025-06-23",15,104,,,77.7,18.7,1307.5
"MA","Pittsfield Generating",50002,"2025-06-23",16,104,,,77.6,18.3,1305.7
"MA","Pittsfield Generating",50002,"2025-06-23",17,89,,,69.2,15.9,1164
"MA","Pittsfield Generating",50002,"2025-06-23",18,99,,,74.3,17.1,1248.9
"MA","Pittsfield Generating",50002,"2025-06-23",19,92,,,70.6,14.3,1187.5
"MA","Pittsfield Generating",50002,"2025-06-23",20,90,,,69.2,12.4,1164.1
"MA","Pittsfield Generating",50002,"2025-06-23",21,103,,,76.8,18.1,1292.1
"MA","Pittsfield Generating",50002,"2025-06-23",22,100,,,74.8,18.9,1259.4
"MA","Pittsfield Generating",50002,"2025-06-23",23,84,,,65.8,11.5,1108
"MA","Pittsfield Generating",50002,"2025-06-24",0,93,,,70.9,13.5,1192.8
"MA","Pittsfield Generating",50002,"2025-06-24",1,96,,,72.2,15.4,1216.3
"MA","Pittsfield Generating",50002,"2025-06-24",2,81,,,64.1,9.7,1078.2
"MA","Pittsfield Generating",50002,"2025-06-24",3,81,,,64.2,9.7,1080.9
"MA","Pittsfield Generating",50002,"2025-06-24",4,90,,,68.6,12.3,1154.3
"MA","Pittsfield Generating",50002,"2025-06-24",5,93,,,71.1,14.4,1197
"MA","Pittsfield Generating",50002,"2025-06-24",6,78,,,63.1,11,1060.9
"MA","Pittsfield Generating",50002,"2025-06-24",7,82,,,64.9,12.4,1092.7
"MA","Pittsfield Generating",50002,"2025-06-24",8,78,,,63.1,11.7,1063.2
"MA","Pittsfield Generating",50002,"2025-06-24",9,84,,,65.6,13.3,1103.9
"MA","Pittsfield Generating",50002,"2025-06-24",10,81,,,64.3,13.4,1082.5
"MA","Pittsfield Generating",50002,"2025-06-24",11,99,,,74.3,17.1,1250.1
"MA","Pittsfield Generating",50002,"2025-06-24",12,96,,,72.7,17.9,1222.8
"MA","Pittsfield Generating",50002,"2025-06-24",13,104,,,77.4,21.3,1303.4
"MA","Pittsfield Generating",50002,"2025-06-24",14,91,,,69.9,17.6,1176.8
"MA","Pittsfield Generating",50002,"2025-06-24",15,81,,,63.8,15,1073.8
"MA","Pittsfield Generating",50002,"2025-06-24",16,87,,,66.6,16.4,1120.4
"MA","Pittsfield Generating",50002,"2025-06-24",17,85,,,66.2,16.4,1114.3
"MA","Pittsfield Generating",50002,"2025-06-24",18,90,,,68.8,17.3,1158
"MA","Pittsfield Generating",50002,"2025-06-24",19,90,,,69.2,17.4,1164.4
"MA","Pittsfield Generating",50002,"2025-06-24",20,89,,,68,15.9,1143.9
"MA","Pittsfield Generating",50002,"2025-06-24",21,81,,,64.1,12.9,1079.7
"MA","Pittsfield Generating",50002,"2025-06-24",22,82,,,64.6,12.4,1087.3
"MA","Pittsfield Generating",50002,"2025-06-24",23,93,,,71,16.3,1194.5
"MA","Pittsfield Generating",50002,"2025-06-25",0,81,,,64.1,11.9,1079.9
"MA","Pittsfield Generating",50002,"2025-06-25",1,81,,,64.4,11.2,1083.3
"MA","Pittsfield Generating",50002,"2025-06-25",2,81,,,64.4,11.2,1084.5
"MA","Pittsfield Generating",50002,"2025-06-25",3,81,,,64.7,11.3,1087.8
"MA","Pittsfield Generating",50002,"2025-06-25",4,81,,,64.5,10.8,1085.5
"MA","Pittsfield Generating",50002,"2025-06-25",5,81,,,64.5,10.4,1084.8
"MA","Pittsfield Generating",50002,"2025-06-25",6,90,,,69.4,16,1167.6
"MA","Pittsfield Generating",50002,"2025-06-25",7,88,,,68.3,13.3,1148.3
"MA","Pittsfield Generating",50002,"2025-06-25",8,87,,,67.3,9.8,1132.1
"MA","Pittsfield Generating",50002,"2025-06-25",9,106,,,78.3,16.7,1318.9
"MA","Pittsfield Generating",50002,"2025-06-25",10,105,,,78.2,17.1,1315.2
"MA","Pittsfield Generating",50002,"2025-06-25",11,105,,,78,17.9,1312.1
"MA","Pittsfield Generating",50002,"2025-06-25",12,104,,,77.7,17.9,1308.8
"MA","Pittsfield Generating",50002,"2025-06-25",13,104,,,77.5,43.8,1304
"MA","Pittsfield Generating",50002,"2025-06-25",14,103,,,77.2,43.6,1299.1
"MA","Pittsfield Generating",50002,"2025-06-25",15,104,,,77.1,43.5,1297.6
"MA","Pittsfield Generating",50002,"2025-06-25",16,104,,,77.2,18.6,1298.6
"MA","Pittsfield Generating",50002,"2025-06-25",17,104,,,77.6,16.6,1306.1
"MA","Pittsfield Generating",50002,"2025-06-25",18,103,,,77.3,16.5,1299.3
"MA","Pittsfield Generating",50002,"2025-06-25",19,103,,,76.4,16.3,1285.9
"MA","Pittsfield Generating",50002,"2025-06-25",20,101,,,75.9,17.9,1277.5
"MA","Pittsfield Generating",50002,"2025-06-25",21,98,,,73.7,14.5,1239.3
"MA","Pittsfield Generating",50002,"2025-06-25",22,73,,,52.075,12.245,876.67
"MA","Pittsfield Generating",50002,"2025-06-25",23,70,,,51.5,11.3,867.1
"MA","Pittsfield Generating",50002,"2025-06-26",0,70,,,51.6,12.2,869.2
"MA","Pittsfield Generating",50002,"2025-06-26",1,70,,,51.7,13.9,869.6
"MA","Pittsfield Generating",50002,"2025-06-26",2,70,,,51.7,14.4,870
"MA","Pittsfield Generating",50002,"2025-06-26",3,71,,,51.7,14.4,870.5
"MA","Pittsfield Generating",50002,"2025-06-26",4,71,,,51.9,14.4,872.6
"MA","Pittsfield Generating",50002,"2025-06-26",5,72,,,52.3,15,880.9
"MA","Pittsfield Generating",50002,"2025-06-26",6,73,,,52.9,22.7,890.4
"MA","Pittsfield Generating",50002,"2025-06-26",7,70,,,51,14.7,858.7
"MA","Pittsfield Generating",50002,"2025-06-26",8,66,,,48.8,12.7,821.4
"MA","Pittsfield Generating",50002,"2025-06-26",9,64,,,48,11.3,807.3
"MA","Pittsfield Generating",50002,"2025-06-26",10,70,,,50.7,13.6,853
"MA","Pittsfield Generating",50002,"2025-06-26",11,68,,,49.9,11.7,840.7
"MA","Pittsfield Generating",50002,"2025-06-26",12,67,,,49.5,10.8,832.5
"MA","Pittsfield Generating",50002,"2025-06-26",13,71,,,51.3,11.2,863.4
"MA","Pittsfield Generating",50002,"2025-06-26",14,66,,,49.1,9.9,825.1
"MA","Pittsfield Generating",50002,"2025-06-26",15,61,,,46.2,8.5,778.3
"MA","Pittsfield Generating",50002,"2025-06-26",16,61,,,46.2,8.5,778.1
"MA","Pittsfield Generating",50002,"2025-06-26",17,61,,,46.3,8.5,779.8
"MA","Pittsfield Generating",50002,"2025-06-26",18,61,,,46.4,8.1,780.1
"MA","Pittsfield Generating",50002,"2025-06-26",19,58,,,42.712,7.732,719
"MA","Pittsfield Generating",50002,"2025-06-26",20,23,,,5.7,0.87,95.85
"MA","Pittsfield Generating",50002,"2025-06-26",21,,,,,,
"MA","Pittsfield Generating",50002,"2025-06-26",22,,,,,,
"MA","Pittsfield Generating",50002,"2025-06-26",23,,,,,,
"MA","Pittsfield Generating",50002,"2025-06-27",0,,,,,,
"MA","Pittsfield Generating",50002,"2025-06-27",1,,,,,,
"MA","Pittsfield Generating",50002,"2025-06-27",2,,,,,,
"MA","Pittsfield Generating",50002,"2025-06-27",3,,,,,,
"MA","Pittsfield Generating",50002,"2025-06-27",4,,,,,,
"MA","Pittsfield Generating",50002,"2025-06-27",5,,,,,,
"MA","Pittsfield Generating",50002,"2025-06-27",6,,,,,,
"MA","Pittsfield Generating",50002,"2025-06-27",7,,,,,,
"MA","Pittsfield Generating",50002,"2025-06-27",8,,,,,,
"MA","Pittsfield Generating",50002,"2025-06-27",9,,,,,,
"MA","Pittsfield Generating",50002,"2025-06-27",10,,,,,,
"MA","Pittsfield Generating",50002,"2025-06-27",11,,,,,,
"MA","Pittsfield Generating",50002,"2025-06-27",12,,,,,,
"MA","Pittsfield Generating",50002,"2025-06-27",13,,,,,,
"MA","Pittsfield Generating",50002,"2025-06-27",14,,,,,,
"MA","Pittsfield Generating",50002,"2025-06-27",15,,,,,,
"MA","Pittsfield Generating",50002,"2025-06-27",16,,,,,,
"MA","Pittsfield Generating",50002,"2025-06-27",17,,,,,,
"MA","Pittsfield Generating",50002,"2025-06-27",18,,,,,,
"MA","Pittsfield Generating",50002,"2025-06-27",19,,,,,,
"MA","Pittsfield Generating",50002,"2025-06-27",20,,,,,,
"MA","Pittsfield Generating",50002,"2025-06-27",21,,,,,,
"MA","Pittsfield Generating",50002,"2025-06-27",22,,,,,,
"MA","Pittsfield Generating",50002,"2025-06-27",23,,,,,,
"MA","Pittsfield Generating",50002,"2025-06-28",0,,,,,,
"MA","Pittsfield Generating",50002,"2025-06-28",1,,,,,,
"MA","Pittsfield Generating",50002,"2025-06-28",2,,,,,,
"MA","Pittsfield Generating",50002,"2025-06-28",3,,,,,,
"MA","Pittsfield Generating",50002,"2025-06-28",4,,,,,,
"MA","Pittsfield Generating",50002,"2025-06-28",5,,,,,,
"MA","Pittsfield Generating",50002,"2025-06-28",6,,,,,,
"MA","Pittsfield Generating",50002,"2025-06-28",7,,,,,,
"MA","Pittsfield Generating",50002,"2025-06-28",8,,,,,,
"MA","Pittsfield Generating",50002,"2025-06-28",9,,,,,,
"MA","Pittsfield Generating",50002,"2025-06-28",10,,,,,,
"MA","Pittsfield Generating",50002,"2025-06-28",11,,,,,,
"MA","Pittsfield Generating",50002,"2025-06-28",12,,,,,,
"MA","Pittsfield Generating",50002,"2025-06-28",13,,,,,,
"MA","Pittsfield Generating",50002,"2025-06-28",14,,,,,,
"MA","Pittsfield Generating",50002,"2025-06-28",15,,,,,,
"MA","Pittsfield Generating",50002,"2025-06-28",16,,,,,,
"MA","Pittsfield Generating",50002,"2025-06-28",17,,,,,,
"MA","Pittsfield Generating",50002,"2025-06-28",18,,,,,,
"MA","Pittsfield Generating",50002,"2025-06-28",19,,,,,,
"MA","Pittsfield Generating",50002,"2025-06-28",20,,,,,,
"MA","Pittsfield Generating",50002,"2025-06-28",21,,,,,,
"MA","Pittsfield Generating",50002,"2025-06-28",22,,,,,,
"MA","Pittsfield Generating",50002,"2025-06-28",23,,,,,,
"MA","Pittsfield Generating",50002,"2025-06-29",0,,,,,,
"MA","Pittsfield Generating",50002,"2025-06-29",1,,,,,,
"MA","Pittsfield Generating",50002,"2025-06-29",2,,,,,,
"MA","Pittsfield Generating",50002,"2025-06-29",3,,,,,,
"MA","Pittsfield Generating",50002,"2025-06-29",4,,,,,,
"MA","Pittsfield Generating",50002,"2025-06-29",5,,,,,,
"MA","Pittsfield Generating",50002,"2025-06-29",6,,,,,,
"MA","Pittsfield Generating",50002,"2025-06-29",7,,,,,,
"MA","Pittsfield Generating",50002,"2025-06-29",8,,,,,,
"MA","Pittsfield Generating",50002,"2025-06-29",9,,,,,,
"MA","Pittsfield Generating",50002,"2025-06-29",10,,,,,,
"MA","Pittsfield Generating",50002,"2025-06-29",11,0,,,0.18,0.09,3.02
"MA","Pittsfield Generating",50002,"2025-06-29",12,10,,,12.168,48.212,205.452
"MA","Pittsfield Generating",50002,"2025-06-29",13,43,,,37.1,31.3,624
"MA","Pittsfield Generating",50002,"2025-06-29",14,74,,,60.4,41.5,1017.3
"MA","Pittsfield Generating",50002,"2025-06-29",15,106,,,78.8,19.4,1326.6
"MA","Pittsfield Generating",50002,"2025-06-29",16,102,,,75.7,17,1272.9
"MA","Pittsfield Generating",50002,"2025-06-29",17,104,,,77.4,20.4,1301.3
"MA","Pittsfield Generating",50002,"2025-06-29",18,105,,,77.9,20.9,1310.3
"MA","Pittsfield Generating",50002,"2025-06-29",19,106,,,78.5,21.5,1319.9
"MA","Pittsfield Generating",50002,"2025-06-29",20,108,,,79,19.9,1330
"MA","Pittsfield Generating",50002,"2025-06-29",21,87,,,61.027,10.861,1026.879
"MA","Pittsfield Generating",50002,"2025-06-29",22,22,,,6.006,0.693,101.046
"MA","Pittsfield Generating",50002,"2025-06-29",23,,,,,,
"MA","Pittsfield Generating",50002,"2025-06-30",0,,,,,,
"MA","Pittsfield Generating",50002,"2025-06-30",1,,,,,,
"MA","Pittsfield Generating",50002,"2025-06-30",2,,,,,,
"MA","Pittsfield Generating",50002,"2025-06-30",3,,,,,,
"MA","Pittsfield Generating",50002,"2025-06-30",4,,,,,,
"MA","Pittsfield Generating",50002,"2025-06-30",5,,,,,,
"MA","Pittsfield Generating",50002,"2025-06-30",6,,,,,,
"MA","Pittsfield Generating",50002,"2025-06-30",7,,,,,,
"MA","Pittsfield Generating",50002,"2025-06-30",8,10,,,10.004,42.394,168.838
"MA","Pittsfield Generating",50002,"2025-06-30",9,35,,,30.199,110.942,507.438
"MA","Pittsfield Generating",50002,"2025-06-30",10,71,,,58.9,45.8,993
"MA","Pittsfield Generating",50002,"2025-06-30",11,81,,,64.3,10.8,1083.7
"MA","Pittsfield Generating",50002,"2025-06-30",12,88,,,67.5,11.7,1137
"MA","Pittsfield Generating",50002,"2025-06-30",13,91,,,69.7,13.3,1171.9
"MA","Pittsfield Generating",50002,"2025-06-30",14,91,,,69.8,15,1176.2
"MA","Pittsfield Generating",50002,"2025-06-30",15,96,,,72.8,14.7,1225.4
"MA","Pittsfield Generating",50002,"2025-06-30",16,106,,,78,17,1311.4
"MA","Pittsfield Generating",50002,"2025-06-30",17,106,,,78.9,15.9,1327.8
"MA","Pittsfield Generating",50002,"2025-06-30",18,106,,,79.1,15.5,1330.6
"MA","Pittsfield Generating",50002,"2025-06-30",19,107,,,78.8,15.5,1327.3
"MA","Pittsfield Generating",50002,"2025-06-30",20,107,,,79,15.5,1329
"MA","Pittsfield Generating",50002,"2025-06-30",21,103,,,76.7,15.9,1291.2
"MA","Pittsfield Generating",50002,"2025-06-30",22,82,,,64.8,9,1090.7
"MA","Pittsfield Generating",50002,"2025-06-30",23,93,,,70.6,11.6,1189.7
"MA","Pittsfield Generating",50002,"2025-07-01",0,89,,,68.3,64.5,1148.6
"MA","Pittsfield Generating",50002,"2025-07-01",1,84,,,65.3,8.8,1098.6
"MA","Pittsfield Generating",50002,"2025-07-01",2,84,,,65.3,8.8,1100.6
"MA","Pittsfield Generating",50002,"2025-07-01",3,84,,,65.3,8.8,1100
"MA","Pittsfield Generating",50002,"2025-07-01",4,87,,,67,9.5,1129.6
"MA","Pittsfield Generating",50002,"2025-07-01",5,100,,,74.2,13,1249.6
"MA","Pittsfield Generating",50002,"2025-07-01",6,104,,,77.3,14.3,1301.9
"MA","Pittsfield Generating",50002,"2025-07-01",7,101,,,75.5,12.7,1270.6
"MA","Pittsfield Generating",50002,"2025-07-01",8,93,,,70.7,11.6,1191.5
"MA","Pittsfield Generating",50002,"2025-07-01",9,90,,,69.1,9.7,1162.9
"MA","Pittsfield Generating",50002,"2025-07-01",10,106,,,78.8,15.5,1324.9
"MA","Pittsfield Generating",50002,"2025-07-01",11,106,,,78.5,16.3,1321.4
"MA","Pittsfield Generating",50002,"2025-07-01",12,105,,,78.1,16.2,1316.5
"MA","Pittsfield Generating",50002,"2025-07-01",13,104,,,77.5,16.1,1304.8
"MA","Pittsfield Generating",50002,"2025-07-01",14,104,,,77.2,16.9,1300
"MA","Pittsfield Generating",50002,"2025-07-01",15,108,,,79.8,13.5,1342.3
"MA","Pittsfield Generating",50002,"2025-07-01",16,107,,,79.8,15.7,1342.2
"MA","Pittsfield Generating",50002,"2025-07-01",17,101,,,75.8,12.8,1276.4
"MA","Pittsfield Generating",50002,"2025-07-01",18,108,,,80,14.9,1345.2
"MA","Pittsfield Generating",50002,"2025-07-01",19,108,,,80.1,14.9,1347.5
"MA","Pittsfield Generating",50002,"2025-07-01",20,101,,,75.3,13.9,1266
"MA","Pittsfield Generating",50002,"2025-07-01",21,104,,,77.4,16.1,1303.4
"MA","Pittsfield Generating",50002,"2025-07-01",22,102,,,76.6,15.9,1290.3
"MA","Pittsfield Generating",50002,"2025-07-01",23,92,,,70.4,12.6,1184.9
"MA","Pittsfield Generating",50002,"2025-07-02",0,87,,,66.9,9.4,1125.6
"MA","Pittsfield Generating",50002,"2025-07-02",1,84,,,65.8,9.5,1107.1
"MA","Pittsfield Generating",50002,"2025-07-02",2,84,,,65.9,8.4,1108.7
"MA","Pittsfield Generating",50002,"2025-07-02",3,84,,,66,8.9,1110.7
"MA","Pittsfield Generating",50002,"2025-07-02",4,84,,,66.3,9.6,1115.4
"MA","Pittsfield Generating",50002,"2025-07-02",5,104,,,76.9,16,1295.6
"MA","Pittsfield Generating",50002,"2025-07-02",6,84,,,65.9,10,1109.8
"MA","Pittsfield Generating",50002,"2025-07-02",7,83,,,65.6,10.3,1103.5
"MA","Pittsfield Generating",50002,"2025-07-02",8,83,,,65.7,11.5,1104.8
"MA","Pittsfield Generating",50002,"2025-07-02",9,90,,,68.6,13.5,1156.6
"MA","Pittsfield Generating",50002,"2025-07-02",10,84,,,66.1,12.9,1111.4
"MA","Pittsfield Generating",50002,"2025-07-02",11,101,,,75.6,19.9,1271.6
"MA","Pittsfield Generating",50002,"2025-07-02",12,100,,,75.5,19.9,1268.7
"MA","Pittsfield Generating",50002,"2025-07-02",13,107,,,78.7,21.6,1323.5
"MA","Pittsfield Generating",50002,"2025-07-02",14,97,,,72.7,20,1223.8
"MA","Pittsfield Generating",50002,"2025-07-02",15,95,,,72.4,20.7,1217.5
"MA","Pittsfield Generating",50002,"2025-07-02",16,86,,,66.4,17.1,1116.8
"MA","Pittsfield Generating",50002,"2025-07-02",17,88,,,67.9,15.3,1143.3
"MA","Pittsfield Generating",50002,"2025-07-02",18,106,,,78.8,18.9,1325.4
"MA","Pittsfield Generating",50002,"2025-07-02",19,106,,,78.9,18.1,1327
"MA","Pittsfield Generating",50002,"2025-07-02",20,108,,,79.4,17.8,1337.1
"MA","Pittsfield Generating",50002,"2025-07-02",21,96,,,72.6,16.3,1222.1
"MA","Pittsfield Generating",50002,"2025-07-02",22,81,,,64.8,10.9,1090.6
"MA","Pittsfield Generating",50002,"2025-07-02",23,82,,,65.1,12.1,1095.9
"MA","Pittsfield Generating",50002,"2025-07-03",0,82,,,65,11,1094.4
"MA","Pittsfield Generating",50002,"2025-07-03",1,83,,,65.4,11.3,1099.8
"MA","Pittsfield Generating",50002,"2025-07-03",2,82,,,65.3,12.1,1098.3
"MA","Pittsfield Generating",50002,"2025-07-03",3,83,,,65.5,12.8,1102.1
"MA","Pittsfield Generating",50002,"2025-07-03",4,83,,,65.7,11.8,1104.7
"MA","Pittsfield Generating",50002,"2025-07-03",5,106,,,78.1,24,1315.3
"MA","Pittsfield Generating",50002,"2025-07-03",6,99,,,74.1,19.5,1246.4
"MA","Pittsfield Generating",50002,"2025-07-03",7,82,,,64.6,12.4,1087.2
"MA","Pittsfield Generating",50002,"2025-07-03",8,81,,,64.6,13.1,1088.3
"MA","Pittsfield Generating",50002,"2025-07-03",9,89,,,68.4,15.8,1151.9
"MA","Pittsfield Generating",50002,"2025-07-03",10,97,,,72.9,17.9,1227.8
"MA","Pittsfield Generating",50002,"2025-07-03",11,100,,,75,21.5,1263.4
"MA","Pittsfield Generating",50002,"2025-07-03",12,84,,,65.9,28,1108.2
"MA","Pittsfield Generating",50002,"2025-07-03",13,100,,,75.5,28.4,1270.6
"MA","Pittsfield Generating",50002,"2025-07-03",14,98,,,74.1,25,1248.4
"MA","Pittsfield Generating",50002,"2025-07-03",15,102,,,76.8,25.8,1292.8
"MA","Pittsfield Generating",50002,"2025-07-03",16,104,,,77,21.6,1295.3
"MA","Pittsfield Generating",50002,"2025-07-03",17,84,,,66.3,15.2,1115.5
"MA","Pittsfield Generating",50002,"2025-07-03",18,84,,,66,15.2,1111.4
"MA","Pittsfield Generating",50002,"2025-07-03",19,84,,,65.5,14.7,1101.7
"MA","Pittsfield Generating",50002,"2025-07-03",20,84,,,65.6,15,1104.4
"MA","Pittsfield Generating",50002,"2025-07-03",21,84,,,65.6,14.7,1104.6
"MA","Pittsfield Generating",50002,"2025-07-03",22,84,,,65.7,15.2,1106.6
"MA","Pittsfield Generating",50002,"2025-07-03",23,50,,,12.12,3.196,204.137
"MA","Pittsfield Generating",50002,"2025-07-04",0,,,,,,
"MA","Pittsfield Generating",50002,"2025-07-04",1,,,,,,
"MA","Pittsfield Generating",50002,"2025-07-04",2,,,,,,
"MA","Pittsfield Generating",50002,"2025-07-04",3,,,,,,
"MA","Pittsfield Generating",50002,"2025-07-04",4,,,,,,
"MA","Pittsfield Generating",50002,"2025-07-04",5,,,,,,
"MA","Pittsfield Generating",50002,"2025-07-04",6,,,,,,
"MA","Pittsfield Generating",50002,"2025-07-04",7,,,,,,
"MA","Pittsfield Generating",50002,"2025-07-04",8,,,,,,
"MA","Pittsfield Generating",50002,"2025-07-04",9,,,,,,
"MA","Pittsfield Generating",50002,"2025-07-04",10,,,,,,
"MA","Pittsfield Generating",50002,"2025-07-04",11,,,,,,
"MA","Pittsfield Generating",50002,"2025-07-04",12,,,,,,
"MA","Pittsfield Generating",50002,"2025-07-04",13,,,,,,
"MA","Pittsfield Generating",50002,"2025-07-04",14,,,,,,
"MA","Pittsfield Generating",50002,"2025-07-04",15,,,,,,
"MA","Pittsfield Generating",50002,"2025-07-04",16,,,,,,
"MA","Pittsfield Generating",50002,"2025-07-04",17,,,,,,
"MA","Pittsfield Generating",50002,"2025-07-04",18,,,,,,
"MA","Pittsfield Generating",50002,"2025-07-04",19,,,,,,
"MA","Pittsfield Generating",50002,"2025-07-04",20,,,,,,
"MA","Pittsfield Generating",50002,"2025-07-04",21,,,,,,
"MA","Pittsfield Generating",50002,"2025-07-04",22,,,,,,
"MA","Pittsfield Generating",50002,"2025-07-04",23,,,,,,
"MA","Pittsfield Generating",50002,"2025-07-05",0,,,,,,
"MA","Pittsfield Generating",50002,"2025-07-05",1,,,,,,
"MA","Pittsfield Generating",50002,"2025-07-05",2,,,,,,
"MA","Pittsfield Generating",50002,"2025-07-05",3,,,,,,
"MA","Pittsfield Generating",50002,"2025-07-05",4,,,,,,
"MA","Pittsfield Generating",50002,"2025-07-05",5,,,,,,
"MA","Pittsfield Generating",50002,"2025-07-05",6,,,,,,
"MA","Pittsfield Generating",50002,"2025-07-05",7,,,,,,
"MA","Pittsfield Generating",50002,"2025-07-05",8,,,,,,
"MA","Pittsfield Generating",50002,"2025-07-05",9,,,,,,
"MA","Pittsfield Generating",50002,"2025-07-05",10,,,,,,
"MA","Pittsfield Generating",50002,"2025-07-05",11,,,,,,
"MA","Pittsfield Generating",50002,"2025-07-05",12,,,,,,
"MA","Pittsfield Generating",50002,"2025-07-05",13,,,,,,
"MA","Pittsfield Generating",50002,"2025-07-05",14,,,,,,
"MA","Pittsfield Generating",50002,"2025-07-05",15,,,,,,
"MA","Pittsfield Generating",50002,"2025-07-05",16,,,,,,
"MA","Pittsfield Generating",50002,"2025-07-05",17,,,,,,
"MA","Pittsfield Generating",50002,"2025-07-05",18,,,,,,
"MA","Pittsfield Generating",50002,"2025-07-05",19,,,,,,
"MA","Pittsfield Generating",50002,"2025-07-05",20,,,,,,
"MA","Pittsfield Generating",50002,"2025-07-05",21,,,,,,
"MA","Pittsfield Generating",50002,"2025-07-05",22,,,,,,
"MA","Pittsfield Generating",50002,"2025-07-05",23,,,,,,
"MA","Pittsfield Generating",50002,"2025-07-06",0,,,,,,
"MA","Pittsfield Generating",50002,"2025-07-06",1,,,,,,
"MA","Pittsfield Generating",50002,"2025-07-06",2,,,,,,
"MA","Pittsfield Generating",50002,"2025-07-06",3,,,,,,
"MA","Pittsfield Generating",50002,"2025-07-06",4,,,,,,
"MA","Pittsfield Generating",50002,"2025-07-06",5,,,,,,
"MA","Pittsfield Generating",50002,"2025-07-06",6,,,,,,
"MA","Pittsfield Generating",50002,"2025-07-06",7,,,,,,
"MA","Pittsfield Generating",50002,"2025-07-06",8,,,,,,
"MA","Pittsfield Generating",50002,"2025-07-06",9,0,,,0.064,0.022,1.068
"MA","Pittsfield Generating",50002,"2025-07-06",10,11,,,12.9,41.8,216.8
"MA","Pittsfield Generating",50002,"2025-07-06",11,40,,,35.7,23.5,599.4
"MA","Pittsfield Generating",50002,"2025-07-06",12,59,,,45.5,10,767
"MA","Pittsfield Generating",50002,"2025-07-06",13,64,,,48.6,13.5,817.5
"MA","Pittsfield Generating",50002,"2025-07-06",14,62,,,47.3,15.2,797
"MA","Pittsfield Generating",50002,"2025-07-06",15,63,,,48,16.2,808
"MA","Pittsfield Generating",50002,"2025-07-06",16,64,,,48.9,16.5,822.5
"MA","Pittsfield Generating",50002,"2025-07-06",17,67,,,50.3,17.8,846.8
"MA","Pittsfield Generating",50002,"2025-07-06",18,68,,,50.7,17.5,853.8
"MA","Pittsfield Generating",50002,"2025-07-06",19,67,,,50.2,17.4,845.8
"MA","Pittsfield Generating",50002,"2025-07-06",20,67,,,50.2,17.3,843.4
"MA","Pittsfield Generating",50002,"2025-07-06",21,62,,,47.2,14.7,795
"MA","Pittsfield Generating",50002,"2025-07-06",22,60,,,46.2,13.2,776.9
"MA","Pittsfield Generating",50002,"2025-07-06",23,58,,,45.2,11.8,761.8
"MA","Pittsfield Generating",50002,"2025-07-07",0,58,,,44.9,11.7,754.2
"MA","Pittsfield Generating",50002,"2025-07-07",1,58,,,44.7,11.3,753.1
"MA","Pittsfield Generating",50002,"2025-07-07",2,58,,,44.9,11.4,755.7
"MA","Pittsfield Generating",50002,"2025-07-07",3,58,,,45,11.4,756
"MA","Pittsfield Generating",50002,"2025-07-07",4,58,,,44.9,11.4,755.5
"MA","Pittsfield Generating",50002,"2025-07-07",5,58,,,44.8,11.4,755.1
"MA","Pittsfield Generating",50002,"2025-07-07",6,66,,,49.8,15.9,839.3
"MA","Pittsfield Generating",50002,"2025-07-07",7,68,,,50.9,17.1,856.3
"MA","Pittsfield Generating",50002,"2025-07-07",8,66,,,49.7,13.7,836.2
"MA","Pittsfield Generating",50002,"2025-07-07",9,66,,,50,12.6,841.9
"MA","Pittsfield Generating",50002,"2025-07-07",10,63,,,47.9,10.1,806.1
"MA","Pittsfield Generating",50002,"2025-07-07",11,70,,,52.511,20.029,881.912
"MA","Pittsfield Generating",50002,"2025-07-07",12,87,,,68.1,39.3,1145.4
"MA","Pittsfield Generating",50002,"2025-07-07",13,83,,,64.9,12.4,1092.2
"MA","Pittsfield Generating",50002,"2025-07-07",14,86,,,67.3,14.4,1133
"MA","Pittsfield Generating",50002,"2025-07-07",15,83,,,65.7,12.4,1104.7
"MA","Pittsfield Generating",50002,"2025-07-07",16,81,,,64.2,12.2,1080.1
"MA","Pittsfield Generating",50002,"2025-07-07",17,81,,,64.6,11.6,1086.2
"MA","Pittsfield Generating",50002,"2025-07-07",18,81,,,64.7,11.3,1089
"MA","Pittsfield Generating",50002,"2025-07-07",19,85,,,66.7,13.1,1123.9
"MA","Pittsfield Generating",50002,"2025-07-07",20,84,,,66.4,12.6,1117.8
"MA","Pittsfield Generating",50002,"2025-07-07",21,84,,,65.8,12.9,1107.2
"MA","Pittsfield Generating",50002,"2025-07-07",22,83,,,66,12.6,1109.9
"MA","Pittsfield Generating",50002,"2025-07-07",23,86,,,66.9,13.1,1125.4
"MA","Pittsfield Generating",50002,"2025-07-08",0,82,,,64.8,11.6,1090.4
"MA","Pittsfield Generating",50002,"2025-07-08",1,84,,,65.9,11.8,1107.8
"MA","Pittsfield Generating",50002,"2025-07-08",2,85,,,66.7,12.3,1122.9
"MA","Pittsfield Generating",50002,"2025-07-08",3,81,,,64.1,11.5,1080.5
"MA","Pittsfield Generating",50002,"2025-07-08",4,81,,,64.1,11.5,1080
"MA","Pittsfield Generating",50002,"2025-07-08",5,85,,,67,13.1,1128
"MA","Pittsfield Generating",50002,"2025-07-08",6,87,,,67.8,14.1,1141.9
"MA","Pittsfield Generating",50002,"2025-07-08",7,89,,,68.7,15,1155
"MA","Pittsfield Generating",50002,"2025-07-08",8,90,,,69,17,1160
"MA","Pittsfield Generating",50002,"2025-07-08",9,98,,,74.6,20.1,1254.8
"MA","Pittsfield Generating",50002,"2025-07-08",10,101,,,76.2,21.4,1282
"MA","Pittsfield Generating",50002,"2025-07-08",11,99,,,75,20.2,1262.5
"MA","Pittsfield Generating",50002,"2025-07-08",12,99,,,74.8,20.6,1258.3
"MA","Pittsfield Generating",50002,"2025-07-08",13,98,,,74.4,21.7,1252
"MA","Pittsfield Generating",50002,"2025-07-08",14,98,,,74.2,20.9,1249.2
"MA","Pittsfield Generating",50002,"2025-07-08",15,98,,,74.7,22.6,1257.2
"MA","Pittsfield Generating",50002,"2025-07-08",16,98,,,74.8,23.1,1259
"MA","Pittsfield Generating",50002,"2025-07-08",17,88,,,68.6,20,1152.9
"MA","Pittsfield Generating",50002,"2025-07-08",18,101,,,76.4,22.3,1285.2
"MA","Pittsfield Generating",50002,"2025-07-08",19,101,,,76.5,22.7,1286.3
"MA","Pittsfield Generating",50002,"2025-07-08",20,101,,,76.2,20.5,1282.3
"MA","Pittsfield Generating",50002,"2025-07-08",21,97,,,75.2,18.7,1266
"MA","Pittsfield Generating",50002,"2025-07-08",22,88,,,69.9,17.1,1175.1
"MA","Pittsfield Generating",50002,"2025-07-08",23,81,,,66.4,14.1,1115.4
"MA","Pittsfield Generating",50002,"2025-07-09",0,81,,,66.5,13.8,1118.1
"MA","Pittsfield Generating",50002,"2025-07-09",1,82,,,66.6,14.2,1120.5
"MA","Pittsfield Generating",50002,"2025-07-09",2,82,,,66.8,12.7,1121.8
"MA","Pittsfield Generating",50002,"2025-07-09",3,83,,,66.7,12.4,1123.8
"MA","Pittsfield Generating",50002,"2025-07-09",4,83,,,66.7,13.2,1123.6
"MA","Pittsfield Generating",50002,"2025-07-09",5,83,,,66.7,13.2,1122.8
"MA","Pittsfield Generating",50002,"2025-07-09",6,86,,,58.22,13.51,980.335
"MA","Pittsfield Generating",50002,"2025-07-09",7,87,,,68.4,19.4,1151.1
"MA","Pittsfield Generating",50002,"2025-07-09",8,88,,,68.9,16,1160.2
"MA","Pittsfield Generating",50002,"2025-07-09",9,100,,,76.3,20.1,1285.3
"MA","Pittsfield Generating",50002,"2025-07-09",10,100,,,75.5,22.8,1271.3
"MA","Pittsfield Generating",50002,"2025-07-09",11,99,,,75.1,27.1,1264.4
"MA","Pittsfield Generating",50002,"2025-07-09",12,98,,,74.7,28.1,1256.2
"MA","Pittsfield Generating",50002,"2025-07-09",13,96,,,74,24,1245.8
"MA","Pittsfield Generating",50002,"2025-07-09",14,97,,,74.7,23.4,1255.8
"MA","Pittsfield Generating",50002,"2025-07-09",15,93,,,71.7,24.9,1206.6
"MA","Pittsfield Generating",50002,"2025-07-09",16,95,,,72.5,24.4,1219.6
"MA","Pittsfield Generating",50002,"2025-07-09",17,95,,,73.3,24.3,1233.4
"MA","Pittsfield Generating",50002,"2025-07-09",18,96,,,73.6,21.8,1238
"MA","Pittsfield Generating",50002,"2025-07-09",19,98,,,74.3,19.1,1249.8
"MA","Pittsfield Generating",50002,"2025-07-09",20,98,,,74.7,18.4,1256.5
"MA","Pittsfield Generating",50002,"2025-07-09",21,97,,,74.4,18.7,1252.8
"MA","Pittsfield Generating",50002,"2025-07-09",22,87,,,66.808,16.208,1123.464
"MA","Pittsfield Generating",50002,"2025-07-09",23,30,,,23.4,6.64,394.54
"MA","Pittsfield Generating",50002,"2025-07-10",0,29,,,23.3,6.3,391.6
"MA","Pittsfield Generating",50002,"2025-07-10",1,30,,,23.4,5.5,393.3
"MA","Pittsfield Generating",50002,"2025-07-10",2,30,,,23.6,5.6,397.7
"MA","Pittsfield Generating",50002,"2025-07-10",3,30,,,5.925,1.4,99.625
"MA","Pittsfield Generating",50002,"2025-07-10",4,2,,,1.156,0.663,19.55
"MA","Pittsfield Generating",50002,"2025-07-10",5,17,,,16.5,57.1,277.2
"MA","Pittsfield Generating",50002,"2025-07-10",6,44,,,30.547,14.672,514.596
"MA","Pittsfield Generating",50002,"2025-07-10",7,58,,,46,18.6,772.6
"MA","Pittsfield Generating",50002,"2025-07-10",8,58,,,45.2,6.1,760.6
"MA","Pittsfield Generating",50002,"2025-07-10",9,54,,,43.2,5.8,727.5
"MA","Pittsfield Generating",50002,"2025-07-10",10,54,,,43.2,10.5,726.8
"MA","Pittsfield Generating",50002,"2025-07-10",11,64,,,48.9,59.6,822.6
"MA","Pittsfield Generating",50002,"2025-07-10",12,66,,,49.6,10.8,833.6
"MA","Pittsfield Generating",50002,"2025-07-10",13,63,,,48.4,12.6,814.1
"MA","Pittsfield Generating",50002,"2025-07-10",14,61,,,47.1,9.9,793.3
"MA","Pittsfield Generating",50002,"2025-07-10",15,61,,,46.5,9.8,781.8
"MA","Pittsfield Generating",50002,"2025-07-10",16,60,,,46.1,8.9,776.3
"MA","Pittsfield Generating",50002,"2025-07-10",17,64,,,48.1,10.1,807.9
"MA","Pittsfield Generating",50002,"2025-07-10",18,63,,,47.6,10,801.1
"MA","Pittsfield Generating",50002,"2025-07-10",19,65,,,49.1,10.3,825.6
"MA","Pittsfield Generating",50002,"2025-07-10",20,64,,,48.2,9.8,812.1
"MA","Pittsfield Generating",50002,"2025-07-10",21,59,,,46,8.2,773.7
"MA","Pittsfield Generating",50002,"2025-07-10",22,59,,,45.9,8.1,772.3
"MA","Pittsfield Generating",50002,"2025-07-10",23,59,,,45.5,8.1,766.4
"MA","Pittsfield Generating",50002,"2025-07-11",0,59,,,45.8,8.1,771.3
"MA","Pittsfield Generating",50002,"2025-07-11",1,59,,,45.8,8.1,769.2
"MA","Pittsfield Generating",50002,"2025-07-11",2,59,,,45.8,8.1,771.6
"MA","Pittsfield Generating",50002,"2025-07-11",3,59,,,45.8,8.1,770.7
"MA","Pittsfield Generating",50002,"2025-07-11",4,59,,,45.8,8.1,771.8
"MA","Pittsfield Generating",50002,"2025-07-11",5,59,,,45.8,8.5,771.8
"MA","Pittsfield Generating",50002,"2025-07-11",6,59,,,45.8,8.1,770.6
"MA","Pittsfield Generating",50002,"2025-07-11",7,59,,,45.7,8.1,768.6
"MA","Pittsfield Generating",50002,"2025-07-11",8,59,,,45.9,8.5,772
"MA","Pittsfield Generating",50002,"2025-07-11",9,65,,,49.5,12.1,832.7
"MA","Pittsfield Generating",50002,"2025-07-11",10,79,,,64.1,29.5,1078.6
"MA","Pittsfield Generating",50002,"2025-07-11",11,88,,,68.8,16.9,1157.6
"MA","Pittsfield Generating",50002,"2025-07-11",12,95,,,72.6,18.4,1222.6
"MA","Pittsfield Generating",50002,"2025-07-11",13,95,,,73.2,18.1,1231.7
"MA","Pittsfield Generating",50002,"2025-07-11",14,93,,,72.2,17.4,1215.8
"MA","Pittsfield Generating",50002,"2025-07-11",15,97,,,74.1,19.6,1247.9
"MA","Pittsfield Generating",50002,"2025-07-11",16,101,,,73.148,17.156,1229.616
"MA","Pittsfield Generating",50002,"2025-07-11",17,67,,,51.1,12.1,859.7
"MA","Pittsfield Generating",50002,"2025-07-11",18,67,,,51.1,11.6,859.6
"MA","Pittsfield Generating",50002,"2025-07-11",19,69,,,51.5,10.8,867.3
"MA","Pittsfield Generating",50002,"2025-07-11",20,68,,,51.4,11.2,864.1
"MA","Pittsfield Generating",50002,"2025-07-11",21,68,,,51.4,11.7,863.7
"MA","Pittsfield Generating",50002,"2025-07-11",22,67,,,50.8,12,854.2
"MA","Pittsfield Generating",50002,"2025-07-11",23,65,,,49.4,10.9,832.2
"MA","Pittsfield Generating",50002,"2025-07-12",0,66,,,50.3,12.3,845.5
"MA","Pittsfield Generating",50002,"2025-07-12",1,65,,,49.3,10.8,829.4
"MA","Pittsfield Generating",50002,"2025-07-12",2,64,,,49,10.3,823.3
"MA","Pittsfield Generating",50002,"2025-07-12",3,64,,,48.9,10.3,824.3
"MA","Pittsfield Generating",50002,"2025-07-12",4,64,,,49,10.3,824.5
"MA","Pittsfield Generating",50002,"2025-07-12",5,64,,,48.9,10.3,823.9
"MA","Pittsfield Generating",50002,"2025-07-12",6,64,,,49,10.7,824.2
"MA","Pittsfield Generating",50002,"2025-07-12",7,82,,,65.9,41.7,1110.9
"MA","Pittsfield Generating",50002,"2025-07-12",8,86,,,66.94,31.14,1125.685
"MA","Pittsfield Generating",50002,"2025-07-12",9,58,,,45.3,7.6,761.6
"MA","Pittsfield Generating",50002,"2025-07-12",10,59,,,45.7,8.1,768.4
"MA","Pittsfield Generating",50002,"2025-07-12",11,61,,,47.1,9.5,791.8
"MA","Pittsfield Generating",50002,"2025-07-12",12,60,,,46.5,10.5,781.2
"MA","Pittsfield Generating",50002,"2025-07-12",13,64,,,49.4,9.9,830.7
"MA","Pittsfield Generating",50002,"2025-07-12",14,67,,,50.8,11.1,855.2
"MA","Pittsfield Generating",50002,"2025-07-12",15,69,,,51.8,10,870
"MA","Pittsfield Generating",50002,"2025-07-12",16,67,,,51.1,9.9,858.3
"MA","Pittsfield Generating",50002,"2025-07-12",17,67,,,51.1,11.7,860.6
"MA","Pittsfield Generating",50002,"2025-07-12",18,69,,,51.6,11.7,867.6
"MA","Pittsfield Generating",50002,"2025-07-12",19,69,,,52,11.9,874.9
"MA","Pittsfield Generating",50002,"2025-07-12",20,69,,,52.2,12.3,879.4
"MA","Pittsfield Generating",50002,"2025-07-12",21,68,,,50.9,11.6,856.3
"MA","Pittsfield Generating",50002,"2025-07-12",22,62,,,47.6,9.6,800.8
"MA","Pittsfield Generating",50002,"2025-07-12",23,58,,,45.3,8,762.2
"MA","Pittsfield Generating",50002,"2025-07-13",0,58,,,45.2,8.4,760.1
"MA","Pittsfield Generating",50002,"2025-07-13",1,58,,,45.1,8.4,760.3
"MA","Pittsfield Generating",50002,"2025-07-13",2,58,,,45.4,8,762.7
"MA","Pittsfield Generating",50002,"2025-07-13",3,58,,,45.2,7.9,761.2
"MA","Pittsfield Generating",50002,"2025-07-13",4,58,,,45.4,8.1,763.7
"MA","Pittsfield Generating",50002,"2025-07-13",5,58,,,45.3,8.4,762
"MA","Pittsfield Generating",50002,"2025-07-13",6,58,,,45.4,8.1,764
"MA","Pittsfield Generating",50002,"2025-07-13",7,61,,,46.86,10.616,788.199
"MA","Pittsfield Generating",50002,"2025-07-13",8,80,,,63.9,16.1,1075.6
"MA","Pittsfield Generating",50002,"2025-07-13",9,81,,,64.4,21.6,1084
"MA","Pittsfield Generating",50002,"2025-07-13",10,81,,,64.1,22.2,1079
"MA","Pittsfield Generating",50002,"2025-07-13",11,81,,,64.3,10.8,1082.7
"MA","Pittsfield Generating",50002,"2025-07-13",12,81,,,64.6,12.3,1086.2
"MA","Pittsfield Generating",50002,"2025-07-13",13,81,,,64.3,12.6,1083.3
"MA","Pittsfield Generating",50002,"2025-07-13",14,90,,,70.1,15.3,1177.9
"MA","Pittsfield Generating",50002,"2025-07-13",15,97,,,74,17.1,1244.8
"MA","Pittsfield Generating",50002,"2025-07-13",16,98,,,74.3,17.1,1248.7
"MA","Pittsfield Generating",50002,"2025-07-13",17,98,,,74.1,16.7,1247.9
"MA","Pittsfield Generating",50002,"2025-07-13",18,98,,,74.7,17.2,1255.9
"MA","Pittsfield Generating",50002,"2025-07-13",19,98,,,75,16.4,1261.9
"MA","Pittsfield Generating",50002,"2025-07-13",20,97,,,74.4,15.9,1252.3
"MA","Pittsfield Generating",50002,"2025-07-13",21,94,,,72.4,14.3,1218.5
"MA","Pittsfield Generating",50002,"2025-07-13",22,97,,,73.1,14,1230.9
"MA","Pittsfield Generating",50002,"2025-07-13",23,89,,,69.6,12.5,1169.7
"MA","Pittsfield Generating",50002,"2025-07-14",0,87,,,68.1,12.4,1147.8
"MA","Pittsfield Generating",50002,"2025-07-14",1,88,,,68.8,12.5,1157
"MA","Pittsfield Generating",50002,"2025-07-14",2,87,,,68.4,12.4,1150.6
"MA","Pittsfield Generating",50002,"2025-07-14",3,87,,,68.2,12.3,1148.3
"MA","Pittsfield Generating",50002,"2025-07-14",4,87,,,68.3,12.3,1150.5
"MA","Pittsfield Generating",50002,"2025-07-14",5,95,,,73,14.9,1228.8
"MA","Pittsfield Generating",50002,"2025-07-14",6,95,,,73.3,15.2,1233.3
"MA","Pittsfield Generating",50002,"2025-07-14",7,93,,,71.8,14.5,1208.3
"MA","Pittsfield Generating",50002,"2025-07-14",8,95,,,73.2,15.3,1232
"MA","Pittsfield Generating",50002,"2025-07-14",9,98,,,75.3,17,1266.7
"MA","Pittsfield Generating",50002,"2025-07-14",10,97,,,74.9,16.8,1260
"MA","Pittsfield Generating",50002,"2025-07-14",11,97,,,74.3,16.7,1251.6
"MA","Pittsfield Generating",50002,"2025-07-14",12,96,,,74,16.3,1245.6
"MA","Pittsfield Generating",50002,"2025-07-14",13,95,,,73.5,16,1237.1
"MA","Pittsfield Generating",50002,"2025-07-14",14,94,,,72.7,16,1223.7
"MA","Pittsfield Generating",50002,"2025-07-14",15,92,,,71.8,16.6,1208.2
"MA","Pittsfield Generating",50002,"2025-07-14",16,93,,,72,17.1,1212.6
"MA","Pittsfield Generating",50002,"2025-07-14",17,94,,,73.1,14.4,1230.2
"MA","Pittsfield Generating",50002,"2025-07-14",18,95,,,72.7,13.9,1223.4
"MA","Pittsfield Generating",50002,"2025-07-14",19,96,,,73.8,14.1,1240.6
"MA","Pittsfield Generating",50002,"2025-07-14",20,97,,,74.1,15.1,1246.7
"MA","Pittsfield Generating",50002,"2025-07-14",21,96,,,73.5,14.4,1237.3
"MA","Pittsfield Generating",50002,"2025-07-14",22,93,,,72.1,14.6,1212.4
"MA","Pittsfield Generating",50002,"2025-07-14",23,86,,,68.1,12.3,1146.4
"MA","Pittsfield Generating",50002,"2025-07-15",0,86,,,68.3,12.3,1149.7
"MA","Pittsfield Generating",50002,"2025-07-15",1,87,,,68.6,12.7,1154.3
"MA","Pittsfield Generating",50002,"2025-07-15",2,87,,,68.9,12.8,1157.5
"MA","Pittsfield Generating",50002,"2025-07-15",3,88,,,68.8,12.8,1158.4
"MA","Pittsfield Generating",50002,"2025-07-15",4,88,,,69,12.8,1160.5
"MA","Pittsfield Generating",50002,"2025-07-15",5,89,,,69.4,13.3,1167.6
"MA","Pittsfield Generating",50002,"2025-07-15",6,86,,,68.4,12.3,1150.5
"MA","Pittsfield Generating",50002,"2025-07-15",7,86,,,50.532,8.384,850.1
"MA","Pittsfield Generating",50002,"2025-07-15",8,55,,,44.207,7.056,743.55
"MA","Pittsfield Generating",50002,"2025-07-15",9,81,,,65,20,1093.3
"MA","Pittsfield Generating",50002,"2025-07-15",10,85,,,66.7,13.5,1121.1
"MA","Pittsfield Generating",50002,"2025-07-15",11,83,,,66.5,13.8,1118.5
"MA","Pittsfield Generating",50002,"2025-07-15",12,83,,,66.5,15,1118.5
"MA","Pittsfield Generating",50002,"2025-07-15",13,88,,,68.5,16.5,1152.1
"MA","Pittsfield Generating",50002,"2025-07-15",14,92,,,70.9,18,1192.8
"MA","Pittsfield Generating",50002,"2025-07-15",15,93,,,72.4,18.7,1216.7
"MA","Pittsfield Generating",50002,"2025-07-15",16,94,,,72.8,20.1,1225
"MA","Pittsfield Generating",50002,"2025-07-15",17,90,,,70.3,19,1183.5
"MA","Pittsfield Generating",50002,"2025-07-15",18,95,,,73.4,19.5,1235.4
"MA","Pittsfield Generating",50002,"2025-07-15",19,95,,,73.5,18.6,1238.5
"MA","Pittsfield Generating",50002,"2025-07-15",20,90,,,69.8,14.9,1176.6
"MA","Pittsfield Generating",50002,"2025-07-15",21,93,,,71.7,15.7,1206.7
"MA","Pittsfield Generating",50002,"2025-07-15",22,88,,,69.1,14.9,1161.5
"MA","Pittsfield Generating",50002,"2025-07-15",23,87,,,68,14,1143.5
"MA","Pittsfield Generating",50002,"2025-07-16",0,87,,,68.1,13.6,1145.6
"MA","Pittsfield Generating",50002,"2025-07-16",1,85,,,67.7,13.6,1138.8
"MA","Pittsfield Generating",50002,"2025-07-16",2,86,,,67.8,13.6,1141.3
"MA","Pittsfield Generating",50002,"2025-07-16",3,85,,,67.7,13.5,1139.2
"MA","Pittsfield Generating",50002,"2025-07-16",4,85,,,68,13.6,1142.9
"MA","Pittsfield Generating",50002,"2025-07-16",5,85,,,67.9,13.2,1142
"MA","Pittsfield Generating",50002,"2025-07-16",6,85,,,67.4,9.4,1135.5
"MA","Pittsfield Generating",50002,"2025-07-16",7,84,,,66.9,18.3,1127.3
"MA","Pittsfield Generating",50002,"2025-07-16",8,83,,,66.6,28.4,1119.9
"MA","Pittsfield Generating",50002,"2025-07-16",9,83,,,66.2,27.2,1113.4
"MA","Pittsfield Generating",50002,"2025-07-16",10,81,,,65.1,22.3,1095.4
"MA","Pittsfield Generating",50002,"2025-07-16",11,81,,,65,19.7,1094.9
"MA","Pittsfield Generating",50002,"2025-07-16",12,81,,,65,20.4,1092.8
"MA","Pittsfield Generating",50002,"2025-07-16",13,81,,,64.7,21.8,1088.2
"MA","Pittsfield Generating",50002,"2025-07-16",14,80,,,64.7,21.4,1087.6
"MA","Pittsfield Generating",50002,"2025-07-16",15,82,,,65.8,22.5,1107.4
"MA","Pittsfield Generating",50002,"2025-07-16",16,86,,,68.3,19.2,1149.2
"MA","Pittsfield Generating",50002,"2025-07-16",17,84,,,66.2,16.2,1113.3
"MA","Pittsfield Generating",50002,"2025-07-16",18,83,,,66.1,14.8,1111.1
"MA","Pittsfield Generating",50002,"2025-07-16",19,84,,,67,13.8,1127.3
"MA","Pittsfield Generating",50002,"2025-07-16",20,85,,,66.9,13.5,1126.1
"MA","Pittsfield Generating",50002,"2025-07-16",21,84,,,66.5,12.6,1117.8
"MA","Pittsfield Generating",50002,"2025-07-16",22,84,,,66.3,12.5,1115.8
"MA","Pittsfield Generating",50002,"2025-07-16",23,83,,,66.3,12.1,1116.3
"MA","Pittsfield Generating",50002,"2025-07-17",0,83,,,66.5,12.1,1119
"MA","Pittsfield Generating",50002,"2025-07-17",1,83,,,66.3,13,1115.5
"MA","Pittsfield Generating",50002,"2025-07-17",2,83,,,66.2,12.4,1113.3
"MA","Pittsfield Generating",50002,"2025-07-17",3,83,,,66.2,12.6,1113.1
"MA","Pittsfield Generating",50002,"2025-07-17",4,83,,,66.2,12.6,1113.1
"MA","Pittsfield Generating",50002,"2025-07-17",5,83,,,66.5,13.7,1120.2
"MA","Pittsfield Generating",50002,"2025-07-17",6,82,,,66.2,13.3,1114.4
"MA","Pittsfield Generating",50002,"2025-07-17",7,82,,,66,13.4,1111.8
"MA","Pittsfield Generating",50002,"2025-07-17",8,82,,,65.7,12.7,1106.8
"MA","Pittsfield Generating",50002,"2025-07-17",9,82,,,65.8,13.2,1107.4
"MA","Pittsfield Generating",50002,"2025-07-17",10,82,,,65.7,12.7,1105.3
"MA","Pittsfield Generating",50002,"2025-07-17",11,82,,,66,14.7,1110.3
"MA","Pittsfield Generating",50002,"2025-07-17",12,81,,,65.6,15.8,1103.9
"MA","Pittsfield Generating",50002,"2025-07-17",13,81,,,65.4,17.2,1100.8
"MA","Pittsfield Generating",50002,"2025-07-17",14,82,,,65.3,17.6,1099.5
"MA","Pittsfield Generating",50002,"2025-07-17",15,81,,,65.5,17.2,1103.2
"MA","Pittsfield Generating",50002,"2025-07-17",16,81,,,65.5,18,1103.1
"MA","Pittsfield Generating",50002,"2025-07-17",17,83,,,65.8,17.7,1107.8
"MA","Pittsfield Generating",50002,"2025-07-17",18,82,,,65.9,18.1,1109.9
"MA","Pittsfield Generating",50002,"2025-07-17",19,95,,,72.8,22.1,1224.1
"MA","Pittsfield Generating",50002,"2025-07-17",20,88,,,69.1,20,1162.5
"MA","Pittsfield Generating",50002,"2025-07-17",21,83,,,66.6,19.3,1119.9
"MA","Pittsfield Generating",50002,"2025-07-17",22,85,,,67,19.1,1127.3
"MA","Pittsfield Generating",50002,"2025-07-17",23,87,,,68.3,20.3,1150.5
"MA","Pittsfield Generating",50002,"2025-07-18",0,85,,,66.9,18.3,1124.2
"MA","Pittsfield Generating",50002,"2025-07-18",1,85,,,66.8,18.3,1124.9
"MA","Pittsfield Generating",50002,"2025-07-18",2,85,,,67.3,19.6,1132.6
"MA","Pittsfield Generating",50002,"2025-07-18",3,85,,,67.3,20,1133.6
"MA","Pittsfield Generating",50002,"2025-07-18",4,85,,,67.6,20.7,1137.2
"MA","Pittsfield Generating",50002,"2025-07-18",5,86,,,67.6,21,1138
"MA","Pittsfield Generating",50002,"2025-07-18",6,87,,,67.9,20.8,1142.9
"MA","Pittsfield Generating",50002,"2025-07-18",7,87,,,68.1,21.6,1145.3
"MA","Pittsfield Generating",50002,"2025-07-18",8,87,,,67.9,21.8,1143.5
"MA","Pittsfield Generating",50002,"2025-07-18",9,87,,,68.2,22.3,1148.2
"MA","Pittsfield Generating",50002,"2025-07-18",10,86,,,67.6,22.9,1138.2
"MA","Pittsfield Generating",50002,"2025-07-18",11,86,,,67.9,23.2,1143
"MA","Pittsfield Generating",50002,"2025-07-18",12,85,,,67.6,22.4,1136.5
"MA","Pittsfield Generating",50002,"2025-07-18",13,85,,,67.3,22.6,1132.3
"MA","Pittsfield Generating",50002,"2025-07-18",14,85,,,67.2,24.8,1130.8
"MA","Pittsfield Generating",50002,"2025-07-18",15,85,,,67.1,25.6,1129.7
"MA","Pittsfield Generating",50002,"2025-07-18",16,85,,,66.474,20.729,1118.763
"MA","Pittsfield Generating",50002,"2025-07-18",17,62,,,48.1,17.8,808.3
"MA","Pittsfield Generating",50002,"2025-07-18",18,82,,,59.006,24.143,993.142
"MA","Pittsfield Generating",50002,"2025-07-18",19,62,,,47.4,11.9,797.9
"MA","Pittsfield Generating",50002,"2025-07-18",20,57,,,44.6,9.4,750.4
"MA","Pittsfield Generating",50002,"2025-07-18",21,57,,,44.7,8.6,752.4
"MA","Pittsfield Generating",50002,"2025-07-18",22,58,,,44.9,8.7,755.7
"MA","Pittsfield Generating",50002,"2025-07-18",23,35,,,13.132,2.666,220.832
"MA","Pittsfield Generating",50002,"2025-07-19",0,,,,,,
"MA","Pittsfield Generating",50002,"2025-07-19",1,,,,,,
"MA","Pittsfield Generating",50002,"2025-07-19",2,,,,,,
"MA","Pittsfield Generating",50002,"2025-07-19",3,,,,,,
"MA","Pittsfield Generating",50002,"2025-07-19",4,,,,,,
"MA","Pittsfield Generating",50002,"2025-07-19",5,,,,,,
"MA","Pittsfield Generating",50002,"2025-07-19",6,,,,,,
"MA","Pittsfield Generating",50002,"2025-07-19",7,,,,,,
"MA","Pittsfield Generating",50002,"2025-07-19",8,,,,,,
"MA","Pittsfield Generating",50002,"2025-07-19",9,,,,,,
"MA","Pittsfield Generating",50002,"2025-07-19",10,,,,,,
"MA","Pittsfield Generating",50002,"2025-07-19",11,,,,,,
"MA","Pittsfield Generating",50002,"2025-07-19",12,10,,,11.196,24.452,188.664
"MA","Pittsfield Generating",50002,"2025-07-19",13,51,,,43.36,37.344,729.6
"MA","Pittsfield Generating",50002,"2025-07-19",14,79,,,63.7,12.1,1070.8
"MA","Pittsfield Generating",50002,"2025-07-19",15,86,,,67.8,13.7,1140.3
"MA","Pittsfield Generating",50002,"2025-07-19",16,91,,,71.3,15.3,1200.7
"MA","Pittsfield Generating",50002,"2025-07-19",17,92,,,72.1,15.8,1213.3
"MA","Pittsfield Generating",50002,"2025-07-19",18,96,,,73.7,17.4,1240.4
"MA","Pittsfield Generating",50002,"2025-07-19",19,97,,,74.8,17.2,1257.3
"MA","Pittsfield Generating",50002,"2025-07-19",20,91,,,71.4,14.4,1201
"MA","Pittsfield Generating",50002,"2025-07-19",21,79,,,60.12,11.45,1011.255
"MA","Pittsfield Generating",50002,"2025-07-19",22,26,,,10.058,2.538,169.529
"MA","Pittsfield Generating",50002,"2025-07-19",23,,,,,,
"MA","Pittsfield Generating",50002,"2025-07-20",0,,,,,,
"MA","Pittsfield Generating",50002,"2025-07-20",1,,,,,,
"MA","Pittsfield Generating",50002,"2025-07-20",2,,,,,,
"MA","Pittsfield Generating",50002,"2025-07-20",3,,,,,,
"MA","Pittsfield Generating",50002,"2025-07-20",4,,,,,,
"MA","Pittsfield Generating",50002,"2025-07-20",5,,,,,,
"MA","Pittsfield Generating",50002,"2025-07-20",6,,,,,,
"MA","Pittsfield Generating",50002,"2025-07-20",7,,,,,,
"MA","Pittsfield Generating",50002,"2025-07-20",8,,,,,,
"MA","Pittsfield Generating",50002,"2025-07-20",9,17,,,15.768,17.556,264.414
"MA","Pittsfield Generating",50002,"2025-07-20",10,61,,,48.435,34.096,815.574
"MA","Pittsfield Generating",50002,"2025-07-20",11,54,,,44.075,7.225,741.925
"MA","Pittsfield Generating",50002,"2025-07-20",12,58,,,45.5,8.8,766
"MA","Pittsfield Generating",50002,"2025-07-20",13,61,,,47.1,10.3,792.6
"MA","Pittsfield Generating",50002,"2025-07-20",14,82,,,57.492,17.821,967.909
"MA","Pittsfield Generating",50002,"2025-07-20",15,98,,,74.5,13.4,1254
"MA","Pittsfield Generating",50002,"2025-07-20",16,94,,,72.9,13.1,1227.4
"MA","Pittsfield Generating",50002,"2025-07-20",17,87,,,68.4,11.6,1152
"MA","Pittsfield Generating",50002,"2025-07-20",18,88,,,69,12.4,1161.7
"MA","Pittsfield Generating",50002,"2025-07-20",19,87,,,68.6,13.6,1155.3
"MA","Pittsfield Generating",50002,"2025-07-20",20,93,,,69.485,15.566,1168.795
"MA","Pittsfield Generating",50002,"2025-07-20",21,20,,,4.572,0.958,76.962
"MA","Pittsfield Generating",50002,"2025-07-20",22,,,,,,
"MA","Pittsfield Generating",50002,"2025-07-20",23,,,,,,
"MA","Pittsfield Generating",50002,"2025-07-21",0,,,,,,
"MA","Pittsfield Generating",50002,"2025-07-21",1,,,,,,
"MA","Pittsfield Generating",50002,"2025-07-21",2,,,,,,
"MA","Pittsfield Generating",50002,"2025-07-21",3,,,,,,
"MA","Pittsfield Generating",50002,"2025-07-21",4,,,,,,
"MA","Pittsfield Generating",50002,"2025-07-21",5,,,,,,
"MA","Pittsfield Generating",50002,"2025-07-21",6,,,,,,
"MA","Pittsfield Generating",50002,"2025-07-21",7,,,,,,
"MA","Pittsfield Generating",50002,"2025-07-21",8,,,,,,
"MA","Pittsfield Generating",50002,"2025-07-21",9,,,,,,
"MA","Pittsfield Generating",50002,"2025-07-21",10,,,,,,
"MA","Pittsfield Generating",50002,"2025-07-21",11,,,,,,
"MA","Pittsfield Generating",50002,"2025-07-21",12,,,,,,
"MA","Pittsfield Generating",50002,"2025-07-21",13,,,,,,
"MA","Pittsfield Generating",50002,"2025-07-21",14,,,,,,
"MA","Pittsfield Generating",50002,"2025-07-21",15,,,,,,
"MA","Pittsfield Generating",50002,"2025-07-21",16,,,,,,
"MA","Pittsfield Generating",50002,"2025-07-21",17,,,,,,
"MA","Pittsfield Generating",50002,"2025-07-21",18,,,,,,
"MA","Pittsfield Generating",50002,"2025-07-21",19,,,,,,
"MA","Pittsfield Generating",50002,"2025-07-21",20,,,,,,
"MA","Pittsfield Generating",50002,"2025-07-21",21,,,,,,
"MA","Pittsfield Generating",50002,"2025-07-21",22,,,,,,
"MA","Pittsfield Generating",50002,"2025-07-21",23,,,,,,
"MA","Pittsfield Generating",50002,"2025-07-22",0,,,,,,
"MA","Pittsfield Generating",50002,"2025-07-22",1,,,,,,
"MA","Pittsfield Generating",50002,"2025-07-22",2,,,,,,
"MA","Pittsfield Generating",50002,"2025-07-22",3,,,,,,
"MA","Pittsfield Generating",50002,"2025-07-22",4,,,,,,
"MA","Pittsfield Generating",50002,"2025-07-22",5,,,,,,
"MA","Pittsfield Generating",50002,"2025-07-22",6,,,,,,
"MA","Pittsfield Generating",50002,"2025-07-22",7,,,,,,
"MA","Pittsfield Generating",50002,"2025-07-22",8,,,,,,
"MA","Pittsfield Generating",50002,"2025-07-22",9,,,,,,
"MA","Pittsfield Generating",50002,"2025-07-22",10,,,,,,
"MA","Pittsfield Generating",50002,"2025-07-22",11,,,,,,
"MA","Pittsfield Generating",50002,"2025-07-22",12,,,,,,
"MA","Pittsfield Generating",50002,"2025-07-22",13,11,,,10.624,37.516,178.45
"MA","Pittsfield Generating",50002,"2025-07-22",14,37,,,28.337,32.264,477.053
"MA","Pittsfield Generating",50002,"2025-07-22",15,75,,,61.3,63.1,1031.3
"MA","Pittsfield Generating",50002,"2025-07-22",16,87,,,59.91,26.095,1008.3
"MA","Pittsfield Generating",50002,"2025-07-22",17,95,,,72.5,19.2,1219.2
"MA","Pittsfield Generating",50002,"2025-07-22",18,95,,,72.3,16.8,1215.8
"MA","Pittsfield Generating",50002,"2025-07-22",19,94,,,71.8,14.6,1209.3
"MA","Pittsfield Generating",50002,"2025-07-22",20,86,,,67.4,11,1133.6
"MA","Pittsfield Generating",50002,"2025-07-22",21,41,,,16.056,3.112,269.971
"MA","Pittsfield Generating",50002,"2025-07-22",22,,,,,,
"MA","Pittsfield Generating",50002,"2025-07-22",23,,,,,,
"MA","Pittsfield Generating",50002,"2025-07-23",0,,,,,,
"MA","Pittsfield Generating",50002,"2025-07-23",1,,,,,,
"MA","Pittsfield Generating",50002,"2025-07-23",2,,,,,,
"MA","Pittsfield Generating",50002,"2025-07-23",3,,,,,,
"MA","Pittsfield Generating",50002,"2025-07-23",4,,,,,,
"MA","Pittsfield Generating",50002,"2025-07-23",5,,,,,,
"MA","Pittsfield Generating",50002,"2025-07-23",6,,,,,,
"MA","Pittsfield Generating",50002,"2025-07-23",7,,,,,,
"MA","Pittsfield Generating",50002,"2025-07-23",8,,,,,,
"MA","Pittsfield Generating",50002,"2025-07-23",9,,,,,,
"MA","Pittsfield Generating",50002,"2025-07-23",10,,,,,,
"MA","Pittsfield Generating",50002,"2025-07-23",11,,,,,,
"MA","Pittsfield Generating",50002,"2025-07-23",12,11,,,8.908,20.876,150.28
"MA","Pittsfield Generating",50002,"2025-07-23",13,38,,,29.119,14.285,489.37
"MA","Pittsfield Generating",50002,"2025-07-23",14,51,,,41.96,32.46,705.48
"MA","Pittsfield Generating",50002,"2025-07-23",15,57,,,44.6,10.5,749.9
"MA","Pittsfield Generating",50002,"2025-07-23",16,58,,,45.926,12.224,773.132
"MA","Pittsfield Generating",50002,"2025-07-23",17,59,,,46.2,11.7,777
"MA","Pittsfield Generating",50002,"2025-07-23",18,61,,,46.7,9.4,786
"MA","Pittsfield Generating",50002,"2025-07-23",19,62,,,47.4,9.6,797.3
"MA","Pittsfield Generating",50002,"2025-07-23",20,62,,,47,8.4,791.6
"MA","Pittsfield Generating",50002,"2025-07-23",21,61,,,46.5,7.5,781.6
"MA","Pittsfield Generating",50002,"2025-07-23",22,77,,,58.558,33.141,985.045
"MA","Pittsfield Generating",50002,"2025-07-23",23,84,,,66.9,9.9,1126.6
"MA","Pittsfield Generating",50002,"2025-07-24",0,84,,,66.9,9.5,1126.8
"MA","Pittsfield Generating",50002,"2025-07-24",1,84,,,67.1,10.2,1129
"MA","Pittsfield Generating",50002,"2025-07-24",2,85,,,67.5,11.5,1136.4
"MA","Pittsfield Generating",50002,"2025-07-24",3,85,,,67.3,11,1133
"MA","Pittsfield Generating",50002,"2025-07-24",4,86,,,67.5,11.9,1136.7
"MA","Pittsfield Generating",50002,"2025-07-24",5,83,,,65.5,12.3,1103.5
"MA","Pittsfield Generating",50002,"2025-07-24",6,81,,,64.4,11.9,1083.2
"MA","Pittsfield Generating",50002,"2025-07-24",7,81,,,64.5,12.3,1084.7
"MA","Pittsfield Generating",50002,"2025-07-24",8,81,,,64.5,11.6,1084
"MA","Pittsfield Generating",50002,"2025-07-24",9,81,,,64.5,9,1085.3
"MA","Pittsfield Generating",50002,"2025-07-24",10,80,,,64.3,9,1082
"MA","Pittsfield Generating",50002,"2025-07-24",11,81,,,64.4,10.4,1084.8
"MA","Pittsfield Generating",50002,"2025-07-24",12,80,,,64.4,13.4,1083.5
"MA","Pittsfield Generating",50002,"2025-07-24",13,80,,,64.5,15.9,1084.6
"MA","Pittsfield Generating",50002,"2025-07-24",14,84,,,60.084,26.872,1011.38
"MA","Pittsfield Generating",50002,"2025-07-24",15,63,,,47.8,14.4,805.3
"MA","Pittsfield Generating",50002,"2025-07-24",16,61,,,47.577,13.491,799.735
"MA","Pittsfield Generating",50002,"2025-07-24",17,61,,,46.2,13,778.4
"MA","Pittsfield Generating",50002,"2025-07-24",18,59,,,45.8,11.4,770.2
"MA","Pittsfield Generating",50002,"2025-07-24",19,60,,,46.3,11.2,780.4
"MA","Pittsfield Generating",50002,"2025-07-24",20,59,,,45.4,9.5,764
"MA","Pittsfield Generating",50002,"2025-07-24",21,58,,,45.54,8.97,765.45
"MA","Pittsfield Generating",50002,"2025-07-24",22,60,,,46.094,9.246,775.833
"MA","Pittsfield Generating",50002,"2025-07-24",23,60,,,45.8,8.4,769.2
"MA","Pittsfield Generating",50002,"2025-07-25",0,60,,,45.8,8.4,771
"MA","Pittsfield Generating",50002,"2025-07-25",1,60,,,45.9,8,772
"MA","Pittsfield Generating",50002,"2025-07-25",2,60,,,45.9,7.6,772.4
"MA","Pittsfield Generating",50002,"2025-07-25",3,60,,,45.9,7.6,772.1
"MA","Pittsfield Generating",50002,"2025-07-25",4,70,,,52.24,24.08,880.044
"MA","Pittsfield Generating",50002,"2025-07-25",5,83,,,65.5,10.6,1102.2
"MA","Pittsfield Generating",50002,"2025-07-25",6,82,,,64.6,12,1087
"MA","Pittsfield Generating",50002,"2025-07-25",7,82,,,64.7,13,1089.1
"MA","Pittsfield Generating",50002,"2025-07-25",8,82,,,64.8,15.3,1091
"MA","Pittsfield Generating",50002,"2025-07-25",9,93,,,71.4,19.2,1200.9
"MA","Pittsfield Generating",50002,"2025-07-25",10,96,,,73.7,18.6,1241.5
"MA","Pittsfield Generating",50002,"2025-07-25",11,96,,,73.9,17,1243.8
"MA","Pittsfield Generating",50002,"2025-07-25",12,96,,,73.9,18.2,1242.9
"MA","Pittsfield Generating",50002,"2025-07-25",13,96,,,73.5,19,1237.4
"MA","Pittsfield Generating",50002,"2025-07-25",14,93,,,72.3,19.9,1216.9
"MA","Pittsfield Generating",50002,"2025-07-25",15,93,,,71.9,19,1210.1
"MA","Pittsfield Generating",50002,"2025-07-25",16,84,,,66.6,16.3,1120
"MA","Pittsfield Generating",50002,"2025-07-25",17,85,,,67,16.1,1126.3
"MA","Pittsfield Generating",50002,"2025-07-25",18,86,,,67.4,14.6,1133.9
"MA","Pittsfield Generating",50002,"2025-07-25",19,86,,,67.3,13.1,1133.7
"MA","Pittsfield Generating",50002,"2025-07-25",20,85,,,66.9,12.3,1124.9
"MA","Pittsfield Generating",50002,"2025-07-25",21,86,,,67.5,12,1135.7
"MA","Pittsfield Generating",50002,"2025-07-25",22,88,,,68.7,11.9,1155.7
"MA","Pittsfield Generating",50002,"2025-07-25",23,86,,,67.8,11.2,1139.7
"MA","Pittsfield Generating",50002,"2025-07-26",0,86,,,67.1,11.2,1130.4
"MA","Pittsfield Generating",50002,"2025-07-26",1,86,,,67.2,11.6,1131.3
"MA","Pittsfield Generating",50002,"2025-07-26",2,86,,,67.2,11.6,1130.8
"MA","Pittsfield Generating",50002,"2025-07-26",3,86,,,67.3,11.6,1131.8
"MA","Pittsfield Generating",50002,"2025-07-26",4,85,,,66.9,12,1125.5
"MA","Pittsfield Generating",50002,"2025-07-26",5,82,,,64.9,13.2,1091.2
"MA","Pittsfield Generating",50002,"2025-07-26",6,81,,,64.7,13.4,1089.3
"MA","Pittsfield Generating",50002,"2025-07-26",7,81,,,64.7,14.6,1088.8
"MA","Pittsfield Generating",50002,"2025-07-26",8,81,,,64.7,16.4,1088.8
"MA","Pittsfield Generating",50002,"2025-07-26",9,81,,,64.6,20,1086.3
"MA","Pittsfield Generating",50002,"2025-07-26",10,81,,,64.3,17.3,1081.4
"MA","Pittsfield Generating",50002,"2025-07-26",11,80,,,64.1,18.3,1078.1
"MA","Pittsfield Generating",50002,"2025-07-26",12,80,,,63.8,23.6,1073.4
"MA","Pittsfield Generating",50002,"2025-07-26",13,81,,,64.5,24.9,1084.4
"MA","Pittsfield Generating",50002,"2025-07-26",14,82,,,64.6,24.2,1086.2
"MA","Pittsfield Generating",50002,"2025-07-26",15,82,,,65.1,24.8,1095.7
"MA","Pittsfield Generating",50002,"2025-07-26",16,82,,,65.1,20.1,1095.9
"MA","Pittsfield Generating",50002,"2025-07-26",17,82,,,65.4,19.4,1099.3
"MA","Pittsfield Generating",50002,"2025-07-26",18,82,,,65.3,17.2,1098.4
"MA","Pittsfield Generating",50002,"2025-07-26",19,84,,,65.8,16.3,1107.7
"MA","Pittsfield Generating",50002,"2025-07-26",20,81,,,64.6,14.9,1088
"MA","Pittsfield Generating",50002,"2025-07-26",21,81,,,64.5,13.8,1086.7
"MA","Pittsfield Generating",50002,"2025-07-26",22,82,,,65.3,13.5,1098.1
"MA","Pittsfield Generating",50002,"2025-07-26",23,85,,,66.8,13.9,1123.1
"MA","Pittsfield Generating",50002,"2025-07-27",0,85,,,66.8,13.6,1124.9
"MA","Pittsfield Generating",50002,"2025-07-27",1,85,,,66.6,12.4,1121.6
"MA","Pittsfield Generating",50002,"2025-07-27",2,85,,,66.6,12.4,1121
"MA","Pittsfield Generating",50002,"2025-07-27",3,85,,,66.4,12.4,1118.4
"MA","Pittsfield Generating",50002,"2025-07-27",4,84,,,66.2,11.9,1113.7
"MA","Pittsfield Generating",50002,"2025-07-27",5,84,,,66.1,11.8,1111.9
"MA","Pittsfield Generating",50002,"2025-07-27",6,84,,,66.4,11.5,1115.7
"MA","Pittsfield Generating",50002,"2025-07-27",7,84,,,66.5,11.6,1119.6
"MA","Pittsfield Generating",50002,"2025-07-27",8,84,,,66.6,12,1119.5
"MA","Pittsfield Generating",50002,"2025-07-27",9,84,,,66.3,11.5,1113.8
"MA","Pittsfield Generating",50002,"2025-07-27",10,83,,,65.8,11.4,1107.9
"MA","Pittsfield Generating",50002,"2025-07-27",11,84,,,66.2,10.8,1113.6
"MA","Pittsfield Generating",50002,"2025-07-27",12,84,,,66,11.1,1109.2
"MA","Pittsfield Generating",50002,"2025-07-27",13,83,,,65.7,11.1,1107.7
"MA","Pittsfield Generating",50002,"2025-07-27",14,83,,,65.7,11.4,1105.3
"MA","Pittsfield Generating",50002,"2025-07-27",15,84,,,66,11.5,1110.2
"MA","Pittsfield Generating",50002,"2025-07-27",16,95,,,72.9,13.5,1227.3
"MA","Pittsfield Generating",50002,"2025-07-27",17,98,,,75.3,14.4,1266.5
"MA","Pittsfield Generating",50002,"2025-07-27",18,98,,,75.4,14.4,1270.2
"MA","Pittsfield Generating",50002,"2025-07-27",19,99,,,75.4,15.2,1268.4
"MA","Pittsfield Generating",50002,"2025-07-27",20,99,,,75,17.3,1264
"MA","Pittsfield Generating",50002,"2025-07-27",21,90,,,70,14.5,1178.3
"MA","Pittsfield Generating",50002,"2025-07-27",22,93,,,71.6,14.5,1204.7
"MA","Pittsfield Generating",50002,"2025-07-27",23,84,,,66.7,12,1123
"MA","Pittsfield Generating",50002,"2025-07-28",0,78,,,63.5,11.4,1068.8
"MA","Pittsfield Generating",50002,"2025-07-28",1,80,,,64,11.9,1078
"MA","Pittsfield Generating",50002,"2025-07-28",2,79,,,64.2,11.5,1080.3
"MA","Pittsfield Generating",50002,"2025-07-28",3,80,,,64,11.2,1076.4
"MA","Pittsfield Generating",50002,"2025-07-28",4,80,,,63.9,11.1,1075.3
"MA","Pittsfield Generating",50002,"2025-07-28",5,97,,,74.3,17.5,1249.7
"MA","Pittsfield Generating",50002,"2025-07-28",6,102,,,77.5,17.8,1303.9
"MA","Pittsfield Generating",50002,"2025-07-28",7,81,,,65.1,12.1,1094.2
"MA","Pittsfield Generating",50002,"2025-07-28",8,82,,,65.3,13.2,1098.4
"MA","Pittsfield Generating",50002,"2025-07-28",9,84,,,66.4,17.1,1117.9
"MA","Pittsfield Generating",50002,"2025-07-28",10,96,,,73.7,23.2,1239.1
"MA","Pittsfield Generating",50002,"2025-07-28",11,96,,,73.4,23.8,1234.7
"MA","Pittsfield Generating",50002,"2025-07-28",12,96,,,73,25,1229.7
"MA","Pittsfield Generating",50002,"2025-07-28",13,95,,,72.8,26.2,1225.4
"MA","Pittsfield Generating",50002,"2025-07-28",14,94,,,72.7,24.1,1222.2
"MA","Pittsfield Generating",50002,"2025-07-28",15,94,,,72.6,22,1221.7
"MA","Pittsfield Generating",50002,"2025-07-28",16,93,,,72.5,22,1220.2
"MA","Pittsfield Generating",50002,"2025-07-28",17,95,,,72.7,19.7,1222.5
"MA","Pittsfield Generating",50002,"2025-07-28",18,95,,,73.2,19.7,1232.3
"MA","Pittsfield Generating",50002,"2025-07-28",19,96,,,73.7,17.9,1239.9
"MA","Pittsfield Generating",50002,"2025-07-28",20,91,,,70.3,14.6,1182.1
"MA","Pittsfield Generating",50002,"2025-07-28",21,91,,,70.5,15.1,1186.4
"MA","Pittsfield Generating",50002,"2025-07-28",22,97,,,73.3,16.5,1233.1
"MA","Pittsfield Generating",50002,"2025-07-28",23,94,,,71.7,17,1206.6
"MA","Pittsfield Generating",50002,"2025-07-29",0,78,,,63.7,12.8,1071.1
"MA","Pittsfield Generating",50002,"2025-07-29",1,80,,,63.8,15.1,1074.3
"MA","Pittsfield Generating",50002,"2025-07-29",2,79,,,63.7,16.1,1071
"MA","Pittsfield Generating",50002,"2025-07-29",3,79,,,63.7,16.1,1070.7
"MA","Pittsfield Generating",50002,"2025-07-29",4,79,,,63.7,16.4,1071.1
"MA","Pittsfield Generating",50002,"2025-07-29",5,79,,,64,15.7,1076.6
"MA","Pittsfield Generating",50002,"2025-07-29",6,79,,,63.8,14.6,1072.7
"MA","Pittsfield Generating",50002,"2025-07-29",7,79,,,63.8,15,1072.1
"MA","Pittsfield Generating",50002,"2025-07-29",8,92,,,71.3,19.6,1199.6
"MA","Pittsfield Generating",50002,"2025-07-29",9,95,,,72.9,20.9,1226.8
"MA","Pittsfield Generating",50002,"2025-07-29",10,92,,,70.9,20.3,1192.6
"MA","Pittsfield Generating",50002,"2025-07-29",11,92,,,71.3,21.3,1200
"MA","Pittsfield Generating",50002,"2025-07-29",12,95,,,72.7,22,1224.7
"MA","Pittsfield Generating",50002,"2025-07-29",13,95,,,72.6,23.6,1221.9
"MA","Pittsfield Generating",50002,"2025-07-29",14,95,,,72.6,23.6,1221
"MA","Pittsfield Generating",50002,"2025-07-29",15,93,,,72.1,24.3,1214
"MA","Pittsfield Generating",50002,"2025-07-29",16,93,,,72.1,24.6,1212.8
"MA","Pittsfield Generating",50002,"2025-07-29",17,95,,,73.3,29.2,1234.6
"MA","Pittsfield Generating",50002,"2025-07-29",18,85,,,67.5,27.3,1135.8
"MA","Pittsfield Generating",50002,"2025-07-29",19,95,,,72.3,22.8,1217.8
"MA","Pittsfield Generating",50002,"2025-07-29",20,98,,,75.1,22.8,1264
"MA","Pittsfield Generating",50002,"2025-07-29",21,100,,,75.9,24.2,1275.3
"MA","Pittsfield Generating",50002,"2025-07-29",22,100,,,76.2,24.7,1281.5
"MA","Pittsfield Generating",50002,"2025-07-29",23,88,,,69,19.7,1160.5
"MA","Pittsfield Generating",50002,"2025-07-30",0,85,,,66.9,18.4,1125.2
"MA","Pittsfield Generating",50002,"2025-07-30",1,81,,,64.2,18,1080.4
"MA","Pittsfield Generating",50002,"2025-07-30",2,80,,,63.9,18.4,1076.3
"MA","Pittsfield Generating",50002,"2025-07-30",3,80,,,64,19.1,1076.1
"MA","Pittsfield Generating",50002,"2025-07-30",4,80,,,64,19,1076
"MA","Pittsfield Generating",50002,"2025-07-30",5,79,,,63.8,18.5,1074.3
"MA","Pittsfield Generating",50002,"2025-07-30",6,84,,,66.3,21.4,1116.1
"MA","Pittsfield Generating",50002,"2025-07-30",7,79,,,63.9,19.7,1075.6
"MA","Pittsfield Generating",50002,"2025-07-30",8,83,,,66.1,23.1,1112.9
"MA","Pittsfield Generating",50002,"2025-07-30",9,93,,,71.7,27,1207.9
"MA","Pittsfield Generating",50002,"2025-07-30",10,87,,,68.3,29.4,1148.4
"MA","Pittsfield Generating",50002,"2025-07-30",11,80,,,64.9,27.9,1090.9
"MA","Pittsfield Generating",50002,"2025-07-30",12,89,,,69.5,28.5,1168.7
"MA","Pittsfield Generating",50002,"2025-07-30",13,95,,,72.8,27.3,1225.1
"MA","Pittsfield Generating",50002,"2025-07-30",14,94,,,72.5,26.5,1220.2
"MA","Pittsfield Generating",50002,"2025-07-30",15,93,,,72.3,24.3,1217
"MA","Pittsfield Generating",50002,"2025-07-30",16,85,,,67.2,23,1130.4
"MA","Pittsfield Generating",50002,"2025-07-30",17,79,,,63.9,20.8,1073.8
"MA","Pittsfield Generating",50002,"2025-07-30",18,85,,,66.9,20.7,1125.1
"MA","Pittsfield Generating",50002,"2025-07-30",19,92,,,71.6,20.9,1204.6
"MA","Pittsfield Generating",50002,"2025-07-30",20,89,,,69.7,18.4,1174.2
"MA","Pittsfield Generating",50002,"2025-07-30",21,83,,,66.1,16,1113.1
"MA","Pittsfield Generating",50002,"2025-07-30",22,82,,,61.202,15.374,1030.392
"MA","Pittsfield Generating",50002,"2025-07-30",23,32,,,25.078,5.918,421.818
"MA","Pittsfield Generating",50002,"2025-07-31",0,33,,,25.3,5.5,425.5
"MA","Pittsfield Generating",50002,"2025-07-31",1,33,,,25.4,5.6,427.1
"MA","Pittsfield Generating",50002,"2025-07-31",2,33,,,25.5,5.6,429.3
"MA","Pittsfield Generating",50002,"2025-07-31",3,33,,,25.4,7.3,427.5
"MA","Pittsfield Generating",50002,"2025-07-31",4,33,,,25.5,6.9,428.3
"MA","Pittsfield Generating",50002,"2025-07-31",5,33,,,25.4,6.8,428.1
"MA","Pittsfield Generating",50002,"2025-07-31",6,33,,,25.3,6.8,426.1
"MA","Pittsfield Generating",50002,"2025-07-31",7,33,,,25.4,7.3,426.6
"MA","Pittsfield Generating",50002,"2025-07-31",8,33,,,25.3,7.7,425.2
"MA","Pittsfield Generating",50002,"2025-07-31",9,33,,,25.3,8.9,426
"MA","Pittsfield Generating",50002,"2025-07-31",10,33,,,25.4,8.1,427.7
"MA","Pittsfield Generating",50002,"2025-07-31",11,34,,,25.8,8.2,433.9
"MA","Pittsfield Generating",50002,"2025-07-31",12,34,,,25.9,7.8,435.8
"MA","Pittsfield Generating",50002,"2025-07-31",13,34,,,26.1,7.5,438.7
"MA","Pittsfield Generating",50002,"2025-07-31",14,35,,,26.3,8,442.4
"MA","Pittsfield Generating",50002,"2025-07-31",15,35,,,26.2,7.9,441.6
"MA","Pittsfield Generating",50002,"2025-07-31",16,35,,,26.3,8,443.1
"MA","Pittsfield Generating",50002,"2025-07-31",17,35,,,26.4,8.9,444.5
"MA","Pittsfield Generating",50002,"2025-07-31",18,35,,,26.6,9.4,447.1
"MA","Pittsfield Generating",50002,"2025-07-31",19,35,,,26,8.3,437.6
"MA","Pittsfield Generating",50002,"2025-07-31",20,33,,,24.8,5.4,417.5
"MA","Pittsfield Generating",50002,"2025-07-31",21,33,,,24.9,5.4,418.9
"MA","Pittsfield Generating",50002,"2025-07-31",22,29,,,20.516,4.14,345.92
"MA","Pittsfield Generating",50002,"2025-07-31",23,,,,,,
"MA","Pittsfield Generating",50002,"2025-08-01",0,,,,,,
"MA","Pittsfield Generating",50002,"2025-08-01",1,,,,,,
"MA","Pittsfield Generating",50002,"2025-08-01",2,,,,,,
"MA","Pittsfield Generating",50002,"2025-08-01",3,,,,,,
"MA","Pittsfield Generating",50002,"2025-08-01",4,,,,,,
"MA","Pittsfield Generating",50002,"2025-08-01",5,,,,,,
"MA","Pittsfield Generating",50002,"2025-08-01",6,,,,,,
"MA","Pittsfield Generating",50002,"2025-08-01",7,,,,,,
"MA","Pittsfield Generating",50002,"2025-08-01",8,,,,,,
"MA","Pittsfield Generating",50002,"2025-08-01",9,,,,,,
"MA","Pittsfield Generating",50002,"2025-08-01",10,,,,,,
"MA","Pittsfield Generating",50002,"2025-08-01",11,0,,,0.315,0.266,5.306
"MA","Pittsfield Generating",50002,"2025-08-01",12,15,,,15.2,57.2,256.3
"MA","Pittsfield Generating",50002,"2025-08-01",13,39,,,29.75,29.51,500.51
"MA","Pittsfield Generating",50002,"2025-08-01",14,53,,,42.6,18.6,716.4
"MA","Pittsfield Generating",50002,"2025-08-01",15,53,,,42.3,16.4,712.9
"MA","Pittsfield Generating",50002,"2025-08-01",16,53,,,42.3,13.9,712
"MA","Pittsfield Generating",50002,"2025-08-01",17,36,,,26.127,10.082,440.221
"MA","Pittsfield Generating",50002,"2025-08-01",18,36,,,26,9.2,438.2
"MA","Pittsfield Generating",50002,"2025-08-01",19,51,,,32.686,16.722,551.006
"MA","Pittsfield Generating",50002,"2025-08-01",20,34,,,20,4.4,336.72
"MA","Pittsfield Generating",50002,"2025-08-01",21,,,,,,
"MA","Pittsfield Generating",50002,"2025-08-01",22,,,,,,
"MA","Pittsfield Generating",50002,"2025-08-01",23,,,,,,
"MA","Pittsfield Generating",50002,"2025-08-02",0,,,,,,
"MA","Pittsfield Generating",50002,"2025-08-02",1,,,,,,
"MA","Pittsfield Generating",50002,"2025-08-02",2,,,,,,
"MA","Pittsfield Generating",50002,"2025-08-02",3,,,,,,
"MA","Pittsfield Generating",50002,"2025-08-02",4,,,,,,
"MA","Pittsfield Generating",50002,"2025-08-02",5,,,,,,
"MA","Pittsfield Generating",50002,"2025-08-02",6,,,,,,
"MA","Pittsfield Generating",50002,"2025-08-02",7,,,,,,
"MA","Pittsfield Generating",50002,"2025-08-02",8,,,,,,
"MA","Pittsfield Generating",50002,"2025-08-02",9,,,,,,
"MA","Pittsfield Generating",50002,"2025-08-02",10,,,,,,
"MA","Pittsfield Generating",50002,"2025-08-02",11,,,,,,
"MA","Pittsfield Generating",50002,"2025-08-02",12,,,,,,
"MA","Pittsfield Generating",50002,"2025-08-02",13,,,,,,
"MA","Pittsfield Generating",50002,"2025-08-02",14,,,,,,
"MA","Pittsfield Generating",50002,"2025-08-02",15,,,,,,
"MA","Pittsfield Generating",50002,"2025-08-02",16,,,,,,
"MA","Pittsfield Generating",50002,"2025-08-02",17,,,,,,
"MA","Pittsfield Generating",50002,"2025-08-02",18,,,,,,
"MA","Pittsfield Generating",50002,"2025-08-02",19,,,,,,
"MA","Pittsfield Generating",50002,"2025-08-02",20,,,,,,
"MA","Pittsfield Generating",50002,"2025-08-02",21,,,,,,
"MA","Pittsfield Generating",50002,"2025-08-02",22,,,,,,
"MA","Pittsfield Generating",50002,"2025-08-02",23,,,,,,
"MA","Pittsfield Generating",50002,"2025-08-03",0,,,,,,
"MA","Pittsfield Generating",50002,"2025-08-03",1,,,,,,
"MA","Pittsfield Generating",50002,"2025-08-03",2,,,,,,
"MA","Pittsfield Generating",50002,"2025-08-03",3,,,,,,
"MA","Pittsfield Generating",50002,"2025-08-03",4,,,,,,
"MA","Pittsfield Generating",50002,"2025-08-03",5,,,,,,
"MA","Pittsfield Generating",50002,"2025-08-03",6,,,,,,
"MA","Pittsfield Generating",50002,"2025-08-03",7,,,,,,
"MA","Pittsfield Generating",50002,"2025-08-03",8,,,,,,
"MA","Pittsfield Generating",50002,"2025-08-03",9,,,,,,
"MA","Pittsfield Generating",50002,"2025-08-03",10,,,,,,
"MA","Pittsfield Generating",50002,"2025-08-03",11,2,,,0.936,1.274,15.782
"MA","Pittsfield Generating",50002,"2025-08-03",12,18,,,17.92,54.992,301.968
"MA","Pittsfield Generating",50002,"2025-08-03",13,39,,,29.24,24.636,492.444
"MA","Pittsfield Generating",50002,"2025-08-03",14,74,,,61,30.9,1026.2
"MA","Pittsfield Generating",50002,"2025-08-03",15,77,,,51.255,15.89,862.51
"MA","Pittsfield Generating",50002,"2025-08-03",16,63,,,47.7,17.6,803
"MA","Pittsfield Generating",50002,"2025-08-03",17,66,,,49.6,17.4,834.7
"MA","Pittsfield Generating",50002,"2025-08-03",18,63,,,48.1,14.5,810.3
"MA","Pittsfield Generating",50002,"2025-08-03",19,65,,,49.2,11.9,828.1
"MA","Pittsfield Generating",50002,"2025-08-03",20,60,,,43.8,9.664,736.796
"MA","Pittsfield Generating",50002,"2025-08-03",21,24,,,6.825,1.715,115.08
"MA","Pittsfield Generating",50002,"2025-08-03",22,,,,,,
"MA","Pittsfield Generating",50002,"2025-08-03",23,,,,,,
"MA","Pittsfield Generating",50002,"2025-08-04",0,,,,,,
"MA","Pittsfield Generating",50002,"2025-08-04",1,,,,,,
"MA","Pittsfield Generating",50002,"2025-08-04",2,,,,,,
"MA","Pittsfield Generating",50002,"2025-08-04",3,,,,,,
"MA","Pittsfield Generating",50002,"2025-08-04",4,,,,,,
"MA","Pittsfield Generating",50002,"2025-08-04",5,,,,,,
"MA","Pittsfield Generating",50002,"2025-08-04",6,,,,,,
"MA","Pittsfield Generating",50002,"2025-08-04",7,,,,,,
"MA","Pittsfield Generating",50002,"2025-08-04",8,,,,,,
"MA","Pittsfield Generating",50002,"2025-08-04",9,,,,,,
"MA","Pittsfield Generating",50002,"2025-08-04",10,0,,,0.18,0.16,3.045
"MA","Pittsfield Generating",50002,"2025-08-04",11,14,,,14.393,37.372,242.472
"MA","Pittsfield Generating",50002,"2025-08-04",12,45,,,37.345,17.431,629.596
"MA","Pittsfield Generating",50002,"2025-08-04",13,72,,,59.7,23.9,1003.6
"MA","Pittsfield Generating",50002,"2025-08-04",14,87,,,47.219,10.931,795.199
"MA","Pittsfield Generating",50002,"2025-08-04",15,61,,,46.8,11.8,787.6
"MA","Pittsfield Generating",50002,"2025-08-04",16,63,,,47.7,12.1,802.5
"MA","Pittsfield Generating",50002,"2025-08-04",17,63,,,47.8,11.3,804.6
"MA","Pittsfield Generating",50002,"2025-08-04",18,60,,,45.8,9.7,771.1
"MA","Pittsfield Generating",50002,"2025-08-04",19,63,,,47.5,9.6,799.6
"MA","Pittsfield Generating",50002,"2025-08-04",20,60,,,45.8,8.8,771.2
"MA","Pittsfield Generating",50002,"2025-08-04",21,57,,,43.18,8.38,726.188
"MA","Pittsfield Generating",50002,"2025-08-04",22,26,,,11.799,2.394,198.987
"MA","Pittsfield Generating",50002,"2025-08-04",23,,,,,,
"MA","Pittsfield Generating",50002,"2025-08-05",0,,,,,,
"MA","Pittsfield Generating",50002,"2025-08-05",1,,,,,,
"MA","Pittsfield Generating",50002,"2025-08-05",2,,,,,,
"MA","Pittsfield Generating",50002,"2025-08-05",3,,,,,,
"MA","Pittsfield Generating",50002,"2025-08-05",4,,,,,,
"MA","Pittsfield Generating",50002,"2025-08-05",5,,,,,,
"MA","Pittsfield Generating",50002,"2025-08-05",6,,,,,,
"MA","Pittsfield Generating",50002,"2025-08-05",7,,,,,,
"MA","Pittsfield Generating",50002,"2025-08-05",8,13,,,9.936,23.616,167.472
"MA","Pittsfield Generating",50002,"2025-08-05",9,,,,,,
"MA","Pittsfield Generating",50002,"2025-08-05",10,10,,,10.912,26.576,183.04
"MA","Pittsfield Generating",50002,"2025-08-05",11,34,,,26.425,13.52,444.685
"MA","Pittsfield Generating",50002,"2025-08-05",12,49,,,34.407,4.236,578.409
"MA","Pittsfield Generating",50002,"2025-08-05",13,45,,,35.825,18.71,603.055
"MA","Pittsfield Generating",50002,"2025-08-05",14,41,,,30.08,11.208,505.486
"MA","Pittsfield Generating",50002,"2025-08-05",15,56,,,44.2,7.8,743.3
"MA","Pittsfield Generating",50002,"2025-08-05",16,59,,,45.6,8.4,766.4
"MA","Pittsfield Generating",50002,"2025-08-05",17,57,,,45,8.4,758.1
"MA","Pittsfield Generating",50002,"2025-08-05",18,62,,,47.2,9.3,794.7
"MA","Pittsfield Generating",50002,"2025-08-05",19,59,,,42.115,12.608,707.969
"MA","Pittsfield Generating",50002,"2025-08-05",20,34,,,25.2,6.3,423.2
"MA","Pittsfield Generating",50002,"2025-08-05",21,16,,,1.208,0.224,20.336
"MA","Pittsfield Generating",50002,"2025-08-05",22,,,,,,
"MA","Pittsfield Generating",50002,"2025-08-05",23,,,,,,
"MA","Pittsfield Generating",50002,"2025-08-06",0,,,,,,
"MA","Pittsfield Generating",50002,"2025-08-06",1,,,,,,
"MA","Pittsfield Generating",50002,"2025-08-06",2,,,,,,
"MA","Pittsfield Generating",50002,"2025-08-06",3,,,,,,
"MA","Pittsfield Generating",50002,"2025-08-06",4,,,,,,
"MA","Pittsfield Generating",50002,"2025-08-06",5,,,,,,
"MA","Pittsfield Generating",50002,"2025-08-06",6,,,,,,
"MA","Pittsfield Generating",50002,"2025-08-06",7,,,,,,
"MA","Pittsfield Generating",50002,"2025-08-06",8,,,,,,
"MA","Pittsfield Generating",50002,"2025-08-06",9,,,,,,
"MA","Pittsfield Generating",50002,"2025-08-06",10,2,,,1.035,1.17,17.4
"MA","Pittsfield Generating",50002,"2025-08-06",11,17,,,16.82,19.394,282.484
"MA","Pittsfield Generating",50002,"2025-08-06",12,44,,,37.6,9.6,633.8
"MA","Pittsfield Generating",50002,"2025-08-06",13,63,,,48.1,9.4,809.2
"MA","Pittsfield Generating",50002,"2025-08-06",14,64,,,48.2,9.3,812.3
"MA","Pittsfield Generating",50002,"2025-08-06",15,68,,,50.2,8.1,845
"MA","Pittsfield Generating",50002,"2025-08-06",16,68,,,50.4,9,847.6
"MA","Pittsfield Generating",50002,"2025-08-06",17,67,,,49.9,9.3,840.1
"MA","Pittsfield Generating",50002,"2025-08-06",18,67,,,50.2,10.1,844.4
"MA","Pittsfield Generating",50002,"2025-08-06",19,67,,,50.2,10.2,844.9
"MA","Pittsfield Generating",50002,"2025-08-06",20,61,,,44.052,8,741.576
"MA","Pittsfield Generating",50002,"2025-08-06",21,23,,,7.215,0.962,121.508
"MA","Pittsfield Generating",50002,"2025-08-06",22,,,,,,
"MA","Pittsfield Generating",50002,"2025-08-06",23,,,,,,
"MA","Pittsfield Generating",50002,"2025-08-07",0,,,,,,
"MA","Pittsfield Generating",50002,"2025-08-07",1,,,,,,
"MA","Pittsfield Generating",50002,"2025-08-07",2,,,,,,
"MA","Pittsfield Generating",50002,"2025-08-07",3,,,,,,
"MA","Pittsfield Generating",50002,"2025-08-07",4,,,,,,
"MA","Pittsfield Generating",50002,"2025-08-07",5,,,,,,
"MA","Pittsfield Generating",50002,"2025-08-07",6,,,,,,
"MA","Pittsfield Generating",50002,"2025-08-07",7,,,,,,
"MA","Pittsfield Generating",50002,"2025-08-07",8,,,,,,
"MA","Pittsfield Generating",50002,"2025-08-07",9,,,,,,
"MA","Pittsfield Generating",50002,"2025-08-07",10,,,,,,
"MA","Pittsfield Generating",50002,"2025-08-07",11,,,,,,
"MA","Pittsfield Generating",50002,"2025-08-07",12,13,,,13.756,29.577,231.612
"MA","Pittsfield Generating",50002,"2025-08-07",13,41,,,22.192,34.366,372.828
"MA","Pittsfield Generating",50002,"2025-08-07",14,52,,,21.002,17.428,353.424
"MA","Pittsfield Generating",50002,"2025-08-07",15,34,,,25.824,5.78,434.616
"MA","Pittsfield Generating",50002,"2025-08-07",16,35,,,25.3,4.7,425.8
"MA","Pittsfield Generating",50002,"2025-08-07",17,35,,,25.4,4.7,427
"MA","Pittsfield Generating",50002,"2025-08-07",18,41,,,30.735,18.435,516.485
"MA","Pittsfield Generating",50002,"2025-08-07",19,55,,,43.9,22.8,739.3
"MA","Pittsfield Generating",50002,"2025-08-07",20,60,,,46.4,7.1,780.3
"MA","Pittsfield Generating",50002,"2025-08-07",21,24,,,12.27,1.622,206.278
"MA","Pittsfield Generating",50002,"2025-08-07",22,,,,,,
"MA","Pittsfield Generating",50002,"2025-08-07",23,,,,,,
"MA","Pittsfield Generating",50002,"2025-08-08",0,,,,,,
"MA","Pittsfield Generating",50002,"2025-08-08",1,,,,,,
"MA","Pittsfield Generating",50002,"2025-08-08",2,,,,,,
"MA","Pittsfield Generating",50002,"2025-08-08",3,,,,,,
"MA","Pittsfield Generating",50002,"2025-08-08",4,,,,,,
"MA","Pittsfield Generating",50002,"2025-08-08",5,,,,,,
"MA","Pittsfield Generating",50002,"2025-08-08",6,,,,,,
"MA","Pittsfield Generating",50002,"2025-08-08",7,,,,,,
"MA","Pittsfield Generating",50002,"2025-08-08",8,,,,,,
"MA","Pittsfield Generating",50002,"2025-08-08",9,,,,,,
"MA","Pittsfield Generating",50002,"2025-08-08",10,,,,,,
"MA","Pittsfield Generating",50002,"2025-08-08",11,,,,,,
"MA","Pittsfield Generating",50002,"2025-08-08",12,,,,,,
"MA","Pittsfield Generating",50002,"2025-08-08",13,11,,,12.35,30.34,207.89
"MA","Pittsfield Generating",50002,"2025-08-08",14,38,,,29.25,22.991,492.258
"MA","Pittsfield Generating",50002,"2025-08-08",15,53,,,28.29,8.88,476.03
"MA","Pittsfield Generating",50002,"2025-08-08",16,34,,,25.2,9.3,424.5
"MA","Pittsfield Generating",50002,"2025-08-08",17,35,,,25.6,10.3,430.3
"MA","Pittsfield Generating",50002,"2025-08-08",18,39,,,29.672,14.408,499.252
"MA","Pittsfield Generating",50002,"2025-08-08",19,55,,,43.5,12.5,732
"MA","Pittsfield Generating",50002,"2025-08-08",20,59,,,45.8,9.7,770.2
"MA","Pittsfield Generating",50002,"2025-08-08",21,32,,,15.915,2.474,267.704
"MA","Pittsfield Generating",50002,"2025-08-08",22,,,,,,
"MA","Pittsfield Generating",50002,"2025-08-08",23,,,,,,
"MA","Pittsfield Generating",50002,"2025-08-09",0,,,,,,
"MA","Pittsfield Generating",50002,"2025-08-09",1,,,,,,
"MA","Pittsfield Generating",50002,"2025-08-09",2,,,,,,
"MA","Pittsfield Generating",50002,"2025-08-09",3,,,,,,
"MA","Pittsfield Generating",50002,"2025-08-09",4,,,,,,
"MA","Pittsfield Generating",50002,"2025-08-09",5,,,,,,
"MA","Pittsfield Generating",50002,"2025-08-09",6,,,,,,
"MA","Pittsfield Generating",50002,"2025-08-09",7,,,,,,
"MA","Pittsfield Generating",50002,"2025-08-09",8,,,,,,
"MA","Pittsfield Generating",50002,"2025-08-09",9,,,,,,
"MA","Pittsfield Generating",50002,"2025-08-09",10,,,,,,
"MA","Pittsfield Generating",50002,"2025-08-09",11,,,,,,
"MA","Pittsfield Generating",50002,"2025-08-09",12,,,,,,
"MA","Pittsfield Generating",50002,"2025-08-09",13,,,,,,
"MA","Pittsfield Generating",50002,"2025-08-09",14,7,,,5.858,11.832,98.484
"MA","Pittsfield Generating",50002,"2025-08-09",15,25,,,21.621,47.299,363.698
"MA","Pittsfield Generating",50002,"2025-08-09",16,34,,,25.1,7.6,422.5
"MA","Pittsfield Generating",50002,"2025-08-09",17,34,,,25.2,7.6,424.5
"MA","Pittsfield Generating",50002,"2025-08-09",18,35,,,25.5,7.7,428.8
"MA","Pittsfield Generating",50002,"2025-08-09",19,48,,,37.445,16.157,629.877
"MA","Pittsfield Generating",50002,"2025-08-09",20,67,,,50.1,10.6,843.8
"MA","Pittsfield Generating",50002,"2025-08-09",21,64,,,48.2,9.3,810.3
"MA","Pittsfield Generating",50002,"2025-08-09",22,66,,,49.5,10.9,833.7
"MA","Pittsfield Generating",50002,"2025-08-09",23,58,,,45.1,7.6,759.1
"MA","Pittsfield Generating",50002,"2025-08-10",0,58,,,45.3,7.6,762.4
"MA","Pittsfield Generating",50002,"2025-08-10",1,58,,,45.2,7.6,761
"MA","Pittsfield Generating",50002,"2025-08-10",2,58,,,45.2,7.6,761
"MA","Pittsfield Generating",50002,"2025-08-10",3,58,,,45.2,7.6,760.8
"MA","Pittsfield Generating",50002,"2025-08-10",4,58,,,45,7.5,757.2
"MA","Pittsfield Generating",50002,"2025-08-10",5,58,,,44.9,7.5,756.5
"MA","Pittsfield Generating",50002,"2025-08-10",6,58,,,44.9,7.5,755.9
"MA","Pittsfield Generating",50002,"2025-08-10",7,58,,,44.9,8.3,756.3
"MA","Pittsfield Generating",50002,"2025-08-10",8,58,,,44.8,9,754.4
"MA","Pittsfield Generating",50002,"2025-08-10",9,58,,,44.8,10.1,752.7
"MA","Pittsfield Generating",50002,"2025-08-10",10,57,,,44.6,11.3,751.5
"MA","Pittsfield Generating",50002,"2025-08-10",11,59,,,46.1,13.2,775.9
"MA","Pittsfield Generating",50002,"2025-08-10",12,57,,,44.9,13.2,755.7
"MA","Pittsfield Generating",50002,"2025-08-10",13,60,,,46.8,13.8,788.4
"MA","Pittsfield Generating",50002,"2025-08-10",14,61,,,47.3,14.4,796.1
"MA","Pittsfield Generating",50002,"2025-08-10",15,61,,,47.4,14.4,796.9
"MA","Pittsfield Generating",50002,"2025-08-10",16,61,,,47.4,14,797.2
"MA","Pittsfield Generating",50002,"2025-08-10",17,62,,,47.6,13.2,801.1
"MA","Pittsfield Generating",50002,"2025-08-10",18,63,,,48.4,12.7,814.3
"MA","Pittsfield Generating",50002,"2025-08-10",19,65,,,49.2,12,828.2
"MA","Pittsfield Generating",50002,"2025-08-10",20,65,,,49.5,12.1,832.3
"MA","Pittsfield Generating",50002,"2025-08-10",21,65,,,49.5,13.4,832.6
"MA","Pittsfield Generating",50002,"2025-08-10",22,65,,,49.7,13.4,837
"MA","Pittsfield Generating",50002,"2025-08-10",23,66,,,49.5,11.7,832.8
"MA","Pittsfield Generating",50002,"2025-08-11",0,62,,,46.9,9.9,790.5
"MA","Pittsfield Generating",50002,"2025-08-11",1,57,,,44.6,7.9,749.1
"MA","Pittsfield Generating",50002,"2025-08-11",2,57,,,44.4,7.9,748.6
"MA","Pittsfield Generating",50002,"2025-08-11",3,57,,,44.9,7.9,754.1
"MA","Pittsfield Generating",50002,"2025-08-11",4,61,,,47,9.5,791.5
"MA","Pittsfield Generating",50002,"2025-08-11",5,66,,,49.7,11.7,835.5
"MA","Pittsfield Generating",50002,"2025-08-11",6,64,,,48.3,10.1,812
"MA","Pittsfield Generating",50002,"2025-08-11",7,61,,,46.9,8.7,788.9
"MA","Pittsfield Generating",50002,"2025-08-11",8,57,,,44.4,8.6,747.7
"MA","Pittsfield Generating",50002,"2025-08-11",9,63,,,47.8,12.8,803.6
"MA","Pittsfield Generating",50002,"2025-08-11",10,63,,,48.6,15.1,818.2
"MA","Pittsfield Generating",50002,"2025-08-11",11,63,,,48.3,15.4,812.7
"MA","Pittsfield Generating",50002,"2025-08-11",12,63,,,48,16.2,807.7
"MA","Pittsfield Generating",50002,"2025-08-11",13,61,,,47,15.4,791.4
"MA","Pittsfield Generating",50002,"2025-08-11",14,60,,,47.034,14.75,789.873
"MA","Pittsfield Generating",50002,"2025-08-11",15,61,,,47.576,14.722,800.156
"MA","Pittsfield Generating",50002,"2025-08-11",16,61,,,47.36,15.556,797.206
"MA","Pittsfield Generating",50002,"2025-08-11",17,62,,,47.8,16.1,803.9
"MA","Pittsfield Generating",50002,"2025-08-11",18,63,,,48.94,15.04,822.82
"MA","Pittsfield Generating",50002,"2025-08-11",19,64,,,48.7,13.6,819.3
"MA","Pittsfield Generating",50002,"2025-08-11",20,64,,,48.8,11.5,822.3
"MA","Pittsfield Generating",50002,"2025-08-11",21,66,,,49.1,11.5,827.6
"MA","Pittsfield Generating",50002,"2025-08-11",22,65,,,49.4,12.4,831.8
"MA","Pittsfield Generating",50002,"2025-08-11",23,60,,,45.9,10.4,771.3
"MA","Pittsfield Generating",50002,"2025-08-12",0,57,,,44.5,9.3,748.9
"MA","Pittsfield Generating",50002,"2025-08-12",1,57,,,44.5,9.3,748.8
"MA","Pittsfield Generating",50002,"2025-08-12",2,57,,,44.6,9.1,751.4
"MA","Pittsfield Generating",50002,"2025-08-12",3,58,,,44.8,9.1,753.7
"MA","Pittsfield Generating",50002,"2025-08-12",4,58,,,44.8,9.1,754.9
"MA","Pittsfield Generating",50002,"2025-08-12",5,61,,,46.6,10.2,783.9
"MA","Pittsfield Generating",50002,"2025-08-12",6,61,,,46.7,10.6,784.9
"MA","Pittsfield Generating",50002,"2025-08-12",7,58,,,45,9.8,757.2
"MA","Pittsfield Generating",50002,"2025-08-12",8,57,,,44.766,10.268,752.926
"MA","Pittsfield Generating",50002,"2025-08-12",9,73,,,60.6,31.2,1018.7
"MA","Pittsfield Generating",50002,"2025-08-12",10,80,,,64.1,45,1079.2
"MA","Pittsfield Generating",50002,"2025-08-12",11,79,,,63.9,37.4,1075.3
"MA","Pittsfield Generating",50002,"2025-08-12",12,85,,,66.9,24,1126.5
"MA","Pittsfield Generating",50002,"2025-08-12",13,83,,,65.1,19.2,1095.1
"MA","Pittsfield Generating",50002,"2025-08-12",14,82,,,65.5,20.6,1103.3
"MA","Pittsfield Generating",50002,"2025-08-12",15,87,,,67.6,19.7,1139.4
"MA","Pittsfield Generating",50002,"2025-08-12",16,88,,,68.2,19.5,1146.8
"MA","Pittsfield Generating",50002,"2025-08-12",17,84,,,66,18.4,1111.4
"MA","Pittsfield Generating",50002,"2025-08-12",18,84,,,66,15.8,1110.2
"MA","Pittsfield Generating",50002,"2025-08-12",19,89,,,68.8,15.1,1157.7
"MA","Pittsfield Generating",50002,"2025-08-12",20,86,,,66.9,13.1,1126
"MA","Pittsfield Generating",50002,"2025-08-12",21,86,,,67.2,13.2,1132.1
"MA","Pittsfield Generating",50002,"2025-08-12",22,84,,,66.4,13,1117.5
"MA","Pittsfield Generating",50002,"2025-08-12",23,80,,,64.5,11.8,1084.6
"MA","Pittsfield Generating",50002,"2025-08-13",0,81,,,64.9,12,1090.4
"MA","Pittsfield Generating",50002,"2025-08-13",1,81,,,64.6,11.5,1088.2
"MA","Pittsfield Generating",50002,"2025-08-13",2,81,,,64.6,11.2,1089.1
"MA","Pittsfield Generating",50002,"2025-08-13",3,81,,,64.9,10.9,1090
"MA","Pittsfield Generating",50002,"2025-08-13",4,82,,,64.9,11.2,1093.7
"MA","Pittsfield Generating",50002,"2025-08-13",5,82,,,65.2,10.9,1096.3
"MA","Pittsfield Generating",50002,"2025-08-13",6,84,,,66.5,14.1,1119.5
"MA","Pittsfield Generating",50002,"2025-08-13",7,81,,,64.6,11.8,1085
"MA","Pittsfield Generating",50002,"2025-08-13",8,81,,,64.6,13,1088.3
"MA","Pittsfield Generating",50002,"2025-08-13",9,81,,,64.6,14.9,1087.2
"MA","Pittsfield Generating",50002,"2025-08-13",10,81,,,64.6,17.7,1087.7
"MA","Pittsfield Generating",50002,"2025-08-13",11,81,,,64.5,25.9,1085.4
"MA","Pittsfield Generating",50002,"2025-08-13",12,81,,,64.5,24.1,1086.6
"MA","Pittsfield Generating",50002,"2025-08-13",13,84,,,66.5,18.4,1120.5
"MA","Pittsfield Generating",50002,"2025-08-13",14,86,,,67.5,19,1135.7
"MA","Pittsfield Generating",50002,"2025-08-13",15,83,,,65.8,15.9,1108
"MA","Pittsfield Generating",50002,"2025-08-13",16,84,,,65.7,15.9,1105.5
"MA","Pittsfield Generating",50002,"2025-08-13",17,84,,,65.6,15.9,1103.9
"MA","Pittsfield Generating",50002,"2025-08-13",18,88,,,68.4,17.2,1152.4
"MA","Pittsfield Generating",50002,"2025-08-13",19,83,,,65.8,15.5,1108
"MA","Pittsfield Generating",50002,"2025-08-13",20,82,,,65.2,15,1096.8
"MA","Pittsfield Generating",50002,"2025-08-13",21,82,,,65.5,14.3,1100.7
"MA","Pittsfield Generating",50002,"2025-08-13",22,84,,,66.3,15.6,1115.1
"MA","Pittsfield Generating",50002,"2025-08-13",23,89,,,69.3,16.6,1165.6
"MA","Pittsfield Generating",50002,"2025-08-14",0,88,,,68.7,16.8,1153.9
"MA","Pittsfield Generating",50002,"2025-08-14",1,82,,,65.3,14.4,1100.1
"MA","Pittsfield Generating",50002,"2025-08-14",2,85,,,66.9,15.7,1127.1
"MA","Pittsfield Generating",50002,"2025-08-14",3,89,,,68.9,17.4,1159.8
"MA","Pittsfield Generating",50002,"2025-08-14",4,83,,,65.3,15.2,1099.2
"MA","Pittsfield Generating",50002,"2025-08-14",5,83,,,65.8,15.5,1107.4
"MA","Pittsfield Generating",50002,"2025-08-14",6,91,,,70.2,17.7,1181.7
"MA","Pittsfield Generating",50002,"2025-08-14",7,88,,,68.3,16.8,1149.2
"MA","Pittsfield Generating",50002,"2025-08-14",8,85,,,66.1,16.7,1111.9
"MA","Pittsfield Generating",50002,"2025-08-14",9,82,,,65.5,17.7,1101.9
"MA","Pittsfield Generating",50002,"2025-08-14",10,82,,,65.7,20.1,1104.3
"MA","Pittsfield Generating",50002,"2025-08-14",11,83,,,65.8,23.3,1108.4
"MA","Pittsfield Generating",50002,"2025-08-14",12,87,,,68.6,24.9,1152
"MA","Pittsfield Generating",50002,"2025-08-14",13,89,,,69.7,25.8,1173.2
"MA","Pittsfield Generating",50002,"2025-08-14",14,90,,,69.5,26.7,1170.3
"MA","Pittsfield Generating",50002,"2025-08-14",15,90,,,69.3,26.3,1164.8
"MA","Pittsfield Generating",50002,"2025-08-14",16,87,,,67.9,21.7,1141.3
"MA","Pittsfield Generating",50002,"2025-08-14",17,89,,,68.4,20,1150.5
"MA","Pittsfield Generating",50002,"2025-08-14",18,89,,,69.4,20.2,1167.1
"MA","Pittsfield Generating",50002,"2025-08-14",19,89,,,69.3,18.7,1166.1
"MA","Pittsfield Generating",50002,"2025-08-14",20,90,,,69.4,17.1,1167.8
"MA","Pittsfield Generating",50002,"2025-08-14",21,89,,,69,16.6,1159.9
"MA","Pittsfield Generating",50002,"2025-08-14",22,88,,,68.5,16.5,1151.2
"MA","Pittsfield Generating",50002,"2025-08-14",23,81,,,60.108,13.957,1011.264
"MA","Pittsfield Generating",50002,"2025-08-15",0,49,,,31.4,7.6,528.15
"MA","Pittsfield Generating",50002,"2025-08-15",1,28,,,22.2,5.6,374.3
"MA","Pittsfield Generating",50002,"2025-08-15",2,28,,,22.3,5.2,374.7
"MA","Pittsfield Generating",50002,"2025-08-15",3,28,,,22.3,5.2,374.7
"MA","Pittsfield Generating",50002,"2025-08-15",4,28,,,22.3,5.3,375.2
"MA","Pittsfield Generating",50002,"2025-08-15",5,40,,,28.375,19.375,476.67
"MA","Pittsfield Generating",50002,"2025-08-15",6,48,,,32.161,18.426,540.57
"MA","Pittsfield Generating",50002,"2025-08-15",7,59,,,45.5,12.9,764.2
"MA","Pittsfield Generating",50002,"2025-08-15",8,74,,,57.78,38.5,972.34
"MA","Pittsfield Generating",50002,"2025-08-15",9,81,,,64.8,18.9,1088.5
"MA","Pittsfield Generating",50002,"2025-08-15",10,81,,,64.5,22.2,1087.2
"MA","Pittsfield Generating",50002,"2025-08-15",11,91,,,70.2,26.4,1180.3
"MA","Pittsfield Generating",50002,"2025-08-15",12,94,,,72.1,29,1211.8
"MA","Pittsfield Generating",50002,"2025-08-15",13,93,,,71.8,28,1207.7
"MA","Pittsfield Generating",50002,"2025-08-15",14,93,,,71.2,27.2,1198.6
"MA","Pittsfield Generating",50002,"2025-08-15",15,86,,,67.9,26.6,1142.4
"MA","Pittsfield Generating",50002,"2025-08-15",16,91,,,70.2,26.4,1181.9
"MA","Pittsfield Generating",50002,"2025-08-15",17,91,,,70.8,22.7,1190.8
"MA","Pittsfield Generating",50002,"2025-08-15",18,92,,,71.3,20.8,1201
"MA","Pittsfield Generating",50002,"2025-08-15",19,94,,,71.7,16.8,1207.5
"MA","Pittsfield Generating",50002,"2025-08-15",20,94,,,71.7,15.2,1207.3
"MA","Pittsfield Generating",50002,"2025-08-15",21,90,,,69.9,14,1176.2
"MA","Pittsfield Generating",50002,"2025-08-15",22,89,,,68.9,13.9,1158.2
"MA","Pittsfield Generating",50002,"2025-08-15",23,80,,,61.844,10.984,1040.956
"MA","Pittsfield Generating",50002,"2025-08-16",0,22,,,11.042,2.057,185.828
"MA","Pittsfield Generating",50002,"2025-08-16",1,,,,,,
"MA","Pittsfield Generating",50002,"2025-08-16",2,,,,,,
"MA","Pittsfield Generating",50002,"2025-08-16",3,,,,,,
"MA","Pittsfield Generating",50002,"2025-08-16",4,,,,,,
"MA","Pittsfield Generating",50002,"2025-08-16",5,,,,,,
"MA","Pittsfield Generating",50002,"2025-08-16",6,,,,,,
"MA","Pittsfield Generating",50002,"2025-08-16",7,,,,,,
"MA","Pittsfield Generating",50002,"2025-08-16",8,,,,,,
"MA","Pittsfield Generating",50002,"2025-08-16",9,,,,,,
"MA","Pittsfield Generating",50002,"2025-08-16",10,,,,,,
"MA","Pittsfield Generating",50002,"2025-08-16",11,,,,,,
"MA","Pittsfield Generating",50002,"2025-08-16",12,,,,,,
"MA","Pittsfield Generating",50002,"2025-08-16",13,,,,,,
"MA","Pittsfield Generating",50002,"2025-08-16",14,,,,,,
"MA","Pittsfield Generating",50002,"2025-08-16",15,,,,,,
"MA","Pittsfield Generating",50002,"2025-08-16",16,,,,,,
"MA","Pittsfield Generating",50002,"2025-08-16",17,,,,,,
"MA","Pittsfield Generating",50002,"2025-08-16",18,,,,,,
"MA","Pittsfield Generating",50002,"2025-08-16",19,,,,,,
"MA","Pittsfield Generating",50002,"2025-08-16",20,,,,,,
"MA","Pittsfield Generating",50002,"2025-08-16",21,,,,,,
"MA","Pittsfield Generating",50002,"2025-08-16",22,,,,,,
"MA","Pittsfield Generating",50002,"2025-08-16",23,,,,,,
"MA","Pittsfield Generating",50002,"2025-08-17",0,,,,,,
"MA","Pittsfield Generating",50002,"2025-08-17",1,,,,,,
"MA","Pittsfield Generating",50002,"2025-08-17",2,,,,,,
"MA","Pittsfield Generating",50002,"2025-08-17",3,,,,,,
"MA","Pittsfield Generating",50002,"2025-08-17",4,,,,,,
"MA","Pittsfield Generating",50002,"2025-08-17",5,,,,,,
"MA","Pittsfield Generating",50002,"2025-08-17",6,,,,,,
"MA","Pittsfield Generating",50002,"2025-08-17",7,,,,,,
"MA","Pittsfield Generating",50002,"2025-08-17",8,,,,,,
"MA","Pittsfield Generating",50002,"2025-08-17",9,13,,,12.375,37.209,207.51
"MA","Pittsfield Generating",50002,"2025-08-17",10,37,,,33.738,22.261,567.853
"MA","Pittsfield Generating",50002,"2025-08-17",11,57,,,45.44,10.49,764.805
"MA","Pittsfield Generating",50002,"2025-08-17",12,71,,,56.06,37.38,943.38
"MA","Pittsfield Generating",50002,"2025-08-17",13,85,,,68.4,20.6,1151.5
"MA","Pittsfield Generating",50002,"2025-08-17",14,86,,,69.6,15.7,1171.7
"MA","Pittsfield Generating",50002,"2025-08-17",15,87,,,69.9,14.2,1176.3
"MA","Pittsfield Generating",50002,"2025-08-17",16,84,,,68,11.9,1144.8
"MA","Pittsfield Generating",50002,"2025-08-17",17,80,,,65.7,9.2,1105.8
"MA","Pittsfield Generating",50002,"2025-08-17",18,84,,,67.5,9.5,1136.7
"MA","Pittsfield Generating",50002,"2025-08-17",19,83,,,67.7,11,1140
"MA","Pittsfield Generating",50002,"2025-08-17",20,86,,,69.3,12,1165.5
"MA","Pittsfield Generating",50002,"2025-08-17",21,77,,,64.2,10.4,1079.7
"MA","Pittsfield Generating",50002,"2025-08-17",22,37,,,14.928,2.361,251.692
"MA","Pittsfield Generating",50002,"2025-08-17",23,,,,,,
"MA","Pittsfield Generating",50002,"2025-08-18",0,,,,,,
"MA","Pittsfield Generating",50002,"2025-08-18",1,,,,,,
"MA","Pittsfield Generating",50002,"2025-08-18",2,,,,,,
"MA","Pittsfield Generating",50002,"2025-08-18",3,,,,,,
"MA","Pittsfield Generating",50002,"2025-08-18",4,,,,,,
"MA","Pittsfield Generating",50002,"2025-08-18",5,,,,,,
"MA","Pittsfield Generating",50002,"2025-08-18",6,,,,,,
"MA","Pittsfield Generating",50002,"2025-08-18",7,,,,,,
"MA","Pittsfield Generating",50002,"2025-08-18",8,,,,,,
"MA","Pittsfield Generating",50002,"2025-08-18",9,,,,,,
"MA","Pittsfield Generating",50002,"2025-08-18",10,,,,,,
"MA","Pittsfield Generating",50002,"2025-08-18",11,,,,,,
"MA","Pittsfield Generating",50002,"2025-08-18",12,,,,,,
"MA","Pittsfield Generating",50002,"2025-08-18",13,,,,,,
"MA","Pittsfield Generating",50002,"2025-08-18",14,,,,,,
"MA","Pittsfield Generating",50002,"2025-08-18",15,,,,,,
"MA","Pittsfield Generating",50002,"2025-08-18",16,,,,,,
"MA","Pittsfield Generating",50002,"2025-08-18",17,,,,,,
"MA","Pittsfield Generating",50002,"2025-08-18",18,,,,,,
"MA","Pittsfield Generating",50002,"2025-08-18",19,,,,,,
"MA","Pittsfield Generating",50002,"2025-08-18",20,,,,,,
"MA","Pittsfield Generating",50002,"2025-08-18",21,,,,,,
"MA","Pittsfield Generating",50002,"2025-08-18",22,,,,,,
"MA","Pittsfield Generating",50002,"2025-08-18",23,,,,,,
"MA","Pittsfield Generating",50002,"2025-08-19",0,,,,,,
"MA","Pittsfield Generating",50002,"2025-08-19",1,,,,,,
"MA","Pittsfield Generating",50002,"2025-08-19",2,,,,,,
"MA","Pittsfield Generating",50002,"2025-08-19",3,,,,,,
"MA","Pittsfield Generating",50002,"2025-08-19",4,,,,,,
"MA","Pittsfield Generating",50002,"2025-08-19",5,,,,,,
"MA","Pittsfield Generating",50002,"2025-08-19",6,,,,,,
"MA","Pittsfield Generating",50002,"2025-08-19",7,,,,,,
"MA","Pittsfield Generating",50002,"2025-08-19",8,,,,,,
"MA","Pittsfield Generating",50002,"2025-08-19",9,,,,,,
"MA","Pittsfield Generating",50002,"2025-08-19",10,,,,,,
"MA","Pittsfield Generating",50002,"2025-08-19",11,0,,,0.108,0.063,1.803
"MA","Pittsfield Generating",50002,"2025-08-19",12,17,,,16.664,43.562,280.104
"MA","Pittsfield Generating",50002,"2025-08-19",13,57,,,47.438,29.1,799.042
"MA","Pittsfield Generating",50002,"2025-08-19",14,80,,,54.855,24.45,922.035
"MA","Pittsfield Generating",50002,"2025-08-19",15,60,,,46.776,11.97,787.01
"MA","Pittsfield Generating",50002,"2025-08-19",16,64,,,48.8,12.4,821.9
"MA","Pittsfield Generating",50002,"2025-08-19",17,67,,,50,12.6,840.9
"MA","Pittsfield Generating",50002,"2025-08-19",18,66,,,49.08,14.78,827.26
"MA","Pittsfield Generating",50002,"2025-08-19",19,88,,,68.5,32.3,1151.2
"MA","Pittsfield Generating",50002,"2025-08-19",20,91,,,69.5,16.8,1169.5
"MA","Pittsfield Generating",50002,"2025-08-19",21,86,,,67.3,14.3,1131.6
"MA","Pittsfield Generating",50002,"2025-08-19",22,89,,,68.6,15.4,1154.7
"MA","Pittsfield Generating",50002,"2025-08-19",23,88,,,68.1,13.8,1144.5
"MA","Pittsfield Generating",50002,"2025-08-20",0,86,,,67.2,13.1,1129.6
"MA","Pittsfield Generating",50002,"2025-08-20",1,86,,,67,12.3,1126.7
"MA","Pittsfield Generating",50002,"2025-08-20",2,86,,,67,12,1126.5
"MA","Pittsfield Generating",50002,"2025-08-20",3,86,,,67,11.6,1127.7
"MA","Pittsfield Generating",50002,"2025-08-20",4,90,,,69.4,13.7,1167.8
"MA","Pittsfield Generating",50002,"2025-08-20",5,88,,,68.1,13.1,1147.8
"MA","Pittsfield Generating",50002,"2025-08-20",6,86,,,67.2,13.6,1129.8
"MA","Pittsfield Generating",50002,"2025-08-20",7,92,,,70,13.7,1177
"MA","Pittsfield Generating",50002,"2025-08-20",8,86,,,67.1,12.3,1127.9
"MA","Pittsfield Generating",50002,"2025-08-20",9,86,,,67.2,11.7,1132.1
"MA","Pittsfield Generating",50002,"2025-08-20",10,89,,,69.1,12.4,1162.7
"MA","Pittsfield Generating",50002,"2025-08-20",11,87,,,68,14.5,1145.2
"MA","Pittsfield Generating",50002,"2025-08-20",12,86,,,67.5,12.8,1135.5
"MA","Pittsfield Generating",50002,"2025-08-20",13,87,,,67.3,12.5,1131.6
"MA","Pittsfield Generating",50002,"2025-08-20",14,86,,,67.2,12.5,1129.8
"MA","Pittsfield Generating",50002,"2025-08-20",15,86,,,67.2,12.2,1130
"MA","Pittsfield Generating",50002,"2025-08-20",16,87,,,67.2,13.2,1130.5
"MA","Pittsfield Generating",50002,"2025-08-20",17,87,,,67.6,13.7,1137.8
"MA","Pittsfield Generating",50002,"2025-08-20",18,86,,,67.2,14,1130.8
"MA","Pittsfield Generating",50002,"2025-08-20",19,85,,,67,14,1126.4
"MA","Pittsfield Generating",50002,"2025-08-20",20,83,,,65.5,13.4,1102.7
"MA","Pittsfield Generating",50002,"2025-08-20",21,33,,,13.484,2.87,226.858
"MA","Pittsfield Generating",50002,"2025-08-20",22,,,,,,
"MA","Pittsfield Generating",50002,"2025-08-20",23,,,,,,
"MA","Pittsfield Generating",50002,"2025-08-21",0,,,,,,
"MA","Pittsfield Generating",50002,"2025-08-21",1,,,,,,
"MA","Pittsfield Generating",50002,"2025-08-21",2,,,,,,
"MA","Pittsfield Generating",50002,"2025-08-21",3,,,,,,
"MA","Pittsfield Generating",50002,"2025-08-21",4,,,,,,
"MA","Pittsfield Generating",50002,"2025-08-21",5,,,,,,
"MA","Pittsfield Generating",50002,"2025-08-21",6,,,,,,
"MA","Pittsfield Generating",50002,"2025-08-21",7,,,,,,
"MA","Pittsfield Generating",50002,"2025-08-21",8,,,,,,
"MA","Pittsfield Generating",50002,"2025-08-21",9,,,,,,
"MA","Pittsfield Generating",50002,"2025-08-21",10,,,,,,
"MA","Pittsfield Generating",50002,"2025-08-21",11,,,,,,
"MA","Pittsfield Generating",50002,"2025-08-21",12,,,,,,
"MA","Pittsfield Generating",50002,"2025-08-21",13,,,,,,
"MA","Pittsfield Generating",50002,"2025-08-21",14,,,,,,
"MA","Pittsfield Generating",50002,"2025-08-21",15,,,,,,
"MA","Pittsfield Generating",50002,"2025-08-21",16,,,,,,
"MA","Pittsfield Generating",50002,"2025-08-21",17,,,,,,
"MA","Pittsfield Generating",50002,"2025-08-21",18,,,,,,
"MA","Pittsfield Generating",50002,"2025-08-21",19,,,,,,
"MA","Pittsfield Generating",50002,"2025-08-21",20,,,,,,
"MA","Pittsfield Generating",50002,"2025-08-21",21,,,,,,
"MA","Pittsfield Generating",50002,"2025-08-21",22,,,,,,
"MA","Pittsfield Generating",50002,"2025-08-21",23,,,,,,
"MA","Pittsfield Generating",50002,"2025-08-22",0,,,,,,
"MA","Pittsfield Generating",50002,"2025-08-22",1,,,,,,
"MA","Pittsfield Generating",50002,"2025-08-22",2,,,,,,
"MA","Pittsfield Generating",50002,"2025-08-22",3,,,,,,
"MA","Pittsfield Generating",50002,"2025-08-22",4,,,,,,
"MA","Pittsfield Generating",50002,"2025-08-22",5,,,,,,
"MA","Pittsfield Generating",50002,"2025-08-22",6,,,,,,
"MA","Pittsfield Generating",50002,"2025-08-22",7,,,,,,
"MA","Pittsfield Generating",50002,"2025-08-22",8,,,,,,
"MA","Pittsfield Generating",50002,"2025-08-22",9,,,,,,
"MA","Pittsfield Generating",50002,"2025-08-22",10,,,,,,
"MA","Pittsfield Generating",50002,"2025-08-22",11,,,,,,
"MA","Pittsfield Generating",50002,"2025-08-22",12,,,,,,
"MA","Pittsfield Generating",50002,"2025-08-22",13,,,,,,
"MA","Pittsfield Generating",50002,"2025-08-22",14,,,,,,
"MA","Pittsfield Generating",50002,"2025-08-22",15,,,,,,
"MA","Pittsfield Generating",50002,"2025-08-22",16,,,,,,
"MA","Pittsfield Generating",50002,"2025-08-22",17,,,,,,
"MA","Pittsfield Generating",50002,"2025-08-22",18,,,,,,
"MA","Pittsfield Generating",50002,"2025-08-22",19,,,,,,
"MA","Pittsfield Generating",50002,"2025-08-22",20,,,,,,
"MA","Pittsfield Generating",50002,"2025-08-22",21,,,,,,
"MA","Pittsfield Generating",50002,"2025-08-22",22,,,,,,
"MA","Pittsfield Generating",50002,"2025-08-22",23,,,,,,
"MA","Pittsfield Generating",50002,"2025-08-23",0,,,,,,
"MA","Pittsfield Generating",50002,"2025-08-23",1,,,,,,
"MA","Pittsfield Generating",50002,"2025-08-23",2,,,,,,
"MA","Pittsfield Generating",50002,"2025-08-23",3,,,,,,
"MA","Pittsfield Generating",50002,"2025-08-23",4,,,,,,
"MA","Pittsfield Generating",50002,"2025-08-23",5,,,,,,
"MA","Pittsfield Generating",50002,"2025-08-23",6,,,,,,
"MA","Pittsfield Generating",50002,"2025-08-23",7,,,,,,
"MA","Pittsfield Generating",50002,"2025-08-23",8,,,,,,
"MA","Pittsfield Generating",50002,"2025-08-23",9,,,,,,
"MA","Pittsfield Generating",50002,"2025-08-23",10,,,,,,
"MA","Pittsfield Generating",50002,"2025-08-23",11,,,,,,
"MA","Pittsfield Generating",50002,"2025-08-23",12,,,,,,
"MA","Pittsfield Generating",50002,"2025-08-23",13,,,,,,
"MA","Pittsfield Generating",50002,"2025-08-23",14,,,,,,
"MA","Pittsfield Generating",50002,"2025-08-23",15,,,,,,
"MA","Pittsfield Generating",50002,"2025-08-23",16,,,,,,
"MA","Pittsfield Generating",50002,"2025-08-23",17,,,,,,
"MA","Pittsfield Generating",50002,"2025-08-23",18,,,,,,
"MA","Pittsfield Generating",50002,"2025-08-23",19,,,,,,
"MA","Pittsfield Generating",50002,"2025-08-23",20,,,,,,
"MA","Pittsfield Generating",50002,"2025-08-23",21,,,,,,
"MA","Pittsfield Generating",50002,"2025-08-23",22,,,,,,
"MA","Pittsfield Generating",50002,"2025-08-23",23,,,,,,
"MA","Pittsfield Generating",50002,"2025-08-24",0,,,,,,
"MA","Pittsfield Generating",50002,"2025-08-24",1,,,,,,
"MA","Pittsfield Generating",50002,"2025-08-24",2,,,,,,
"MA","Pittsfield Generating",50002,"2025-08-24",3,,,,,,
"MA","Pittsfield Generating",50002,"2025-08-24",4,,,,,,
"MA","Pittsfield Generating",50002,"2025-08-24",5,,,,,,
"MA","Pittsfield Generating",50002,"2025-08-24",6,,,,,,
"MA","Pittsfield Generating",50002,"2025-08-24",7,,,,,,
"MA","Pittsfield Generating",50002,"2025-08-24",8,,,,,,
"MA","Pittsfield Generating",50002,"2025-08-24",9,,,,,,
"MA","Pittsfield Generating",50002,"2025-08-24",10,,,,,,
"MA","Pittsfield Generating",50002,"2025-08-24",11,,,,,,
"MA","Pittsfield Generating",50002,"2025-08-24",12,,,,,,
"MA","Pittsfield Generating",50002,"2025-08-24",13,,,,,,
"MA","Pittsfield Generating",50002,"2025-08-24",14,,,,,,
"MA","Pittsfield Generating",50002,"2025-08-24",15,,,,,,
"MA","Pittsfield Generating",50002,"2025-08-24",16,,,,,,
"MA","Pittsfield Generating",50002,"2025-08-24",17,,,,,,
"MA","Pittsfield Generating",50002,"2025-08-24",18,,,,,,
"MA","Pittsfield Generating",50002,"2025-08-24",19,,,,,,
"MA","Pittsfield Generating",50002,"2025-08-24",20,,,,,,
"MA","Pittsfield Generating",50002,"2025-08-24",21,,,,,,
"MA","Pittsfield Generating",50002,"2025-08-24",22,,,,,,
"MA","Pittsfield Generating",50002,"2025-08-24",23,,,,,,
"MA","Pittsfield Generating",50002,"2025-08-25",0,,,,,,
"MA","Pittsfield Generating",50002,"2025-08-25",1,,,,,,
"MA","Pittsfield Generating",50002,"2025-08-25",2,,,,,,
"MA","Pittsfield Generating",50002,"2025-08-25",3,,,,,,
"MA","Pittsfield Generating",50002,"2025-08-25",4,,,,,,
"MA","Pittsfield Generating",50002,"2025-08-25",5,,,,,,
"MA","Pittsfield Generating",50002,"2025-08-25",6,,,,,,
"MA","Pittsfield Generating",50002,"2025-08-25",7,,,,,,
"MA","Pittsfield Generating",50002,"2025-08-25",8,,,,,,
"MA","Pittsfield Generating",50002,"2025-08-25",9,,,,,,
"MA","Pittsfield Generating",50002,"2025-08-25",10,16,,,14.725,18.905,248.425
"MA","Pittsfield Generating",50002,"2025-08-25",11,22,,,0.258,0.104,4.34
"MA","Pittsfield Generating",50002,"2025-08-25",12,,,,,,
"MA","Pittsfield Generating",50002,"2025-08-25",13,,,,,,
"MA","Pittsfield Generating",50002,"2025-08-25",14,,,,,,
"MA","Pittsfield Generating",50002,"2025-08-25",15,,,,,,
"MA","Pittsfield Generating",50002,"2025-08-25",16,,,,,,
"MA","Pittsfield Generating",50002,"2025-08-25",17,,,,,,
"MA","Pittsfield Generating",50002,"2025-08-25",18,,,,,,
"MA","Pittsfield Generating",50002,"2025-08-25",19,,,,,,
"MA","Pittsfield Generating",50002,"2025-08-25",20,,,,,,
"MA","Pittsfield Generating",50002,"2025-08-25",21,,,,,,
"MA","Pittsfield Generating",50002,"2025-08-25",22,,,,,,
"MA","Pittsfield Generating",50002,"2025-08-25",23,,,,,,
"MA","Pittsfield Generating",50002,"2025-08-26",0,,,,,,
"MA","Pittsfield Generating",50002,"2025-08-26",1,,,,,,
"MA","Pittsfield Generating",50002,"2025-08-26",2,,,,,,
"MA","Pittsfield Generating",50002,"2025-08-26",3,,,,,,
"MA","Pittsfield Generating",50002,"2025-08-26",4,,,,,,
"MA","Pittsfield Generating",50002,"2025-08-26",5,,,,,,
"MA","Pittsfield Generating",50002,"2025-08-26",6,,,,,,
"MA","Pittsfield Generating",50002,"2025-08-26",7,,,,,,
"MA","Pittsfield Generating",50002,"2025-08-26",8,,,,,,
"MA","Pittsfield Generating",50002,"2025-08-26",9,,,,,,
"MA","Pittsfield Generating",50002,"2025-08-26",10,,,,,,
"MA","Pittsfield Generating",50002,"2025-08-26",11,,,,,,
"MA","Pittsfield Generating",50002,"2025-08-26",12,,,,,,
"MA","Pittsfield Generating",50002,"2025-08-26",13,,,,,,
"MA","Pittsfield Generating",50002,"2025-08-26",14,,,,,,
"MA","Pittsfield Generating",50002,"2025-08-26",15,,,,,,
"MA","Pittsfield Generating",50002,"2025-08-26",16,,,,,,
"MA","Pittsfield Generating",50002,"2025-08-26",17,,,,,,
"MA","Pittsfield Generating",50002,"2025-08-26",18,,,,,,
"MA","Pittsfield Generating",50002,"2025-08-26",19,,,,,,
"MA","Pittsfield Generating",50002,"2025-08-26",20,,,,,,
"MA","Pittsfield Generating",50002,"2025-08-26",21,,,,,,
"MA","Pittsfield Generating",50002,"2025-08-26",22,,,,,,
"MA","Pittsfield Generating",50002,"2025-08-26",23,,,,,,
"MA","Pittsfield Generating",50002,"2025-08-27",0,,,,,,
"MA","Pittsfield Generating",50002,"2025-08-27",1,,,,,,
"MA","Pittsfield Generating",50002,"2025-08-27",2,,,,,,
"MA","Pittsfield Generating",50002,"2025-08-27",3,,,,,,
"MA","Pittsfield Generating",50002,"2025-08-27",4,,,,,,
"MA","Pittsfield Generating",50002,"2025-08-27",5,,,,,,
"MA","Pittsfield Generating",50002,"2025-08-27",6,,,,,,
"MA","Pittsfield Generating",50002,"2025-08-27",7,,,,,,
"MA","Pittsfield Generating",50002,"2025-08-27",8,,,,,,
"MA","Pittsfield Generating",50002,"2025-08-27",9,,,,,,
"MA","Pittsfield Generating",50002,"2025-08-27",10,,,,,,
"MA","Pittsfield Generating",50002,"2025-08-27",11,,,,,,
"MA","Pittsfield Generating",50002,"2025-08-27",12,,,,,,
"MA","Pittsfield Generating",50002,"2025-08-27",13,,,,,,
"MA","Pittsfield Generating",50002,"2025-08-27",14,,,,,,
"MA","Pittsfield Generating",50002,"2025-08-27",15,,,,,,
"MA","Pittsfield Generating",50002,"2025-08-27",16,,,,,,
"MA","Pittsfield Generating",50002,"2025-08-27",17,,,,,,
"MA","Pittsfield Generating",50002,"2025-08-27",18,,,,,,
"MA","Pittsfield Generating",50002,"2025-08-27",19,,,,,,
"MA","Pittsfield Generating",50002,"2025-08-27",20,,,,,,
"MA","Pittsfield Generating",50002,"2025-08-27",21,,,,,,
"MA","Pittsfield Generating",50002,"2025-08-27",22,,,,,,
"MA","Pittsfield Generating",50002,"2025-08-27",23,,,,,,
"MA","Pittsfield Generating",50002,"2025-08-28",0,,,,,,
"MA","Pittsfield Generating",50002,"2025-08-28",1,,,,,,
"MA","Pittsfield Generating",50002,"2025-08-28",2,,,,,,
"MA","Pittsfield Generating",50002,"2025-08-28",3,,,,,,
"MA","Pittsfield Generating",50002,"2025-08-28",4,,,,,,
"MA","Pittsfield Generating",50002,"2025-08-28",5,,,,,,
"MA","Pittsfield Generating",50002,"2025-08-28",6,,,,,,
"MA","Pittsfield Generating",50002,"2025-08-28",7,,,,,,
"MA","Pittsfield Generating",50002,"2025-08-28",8,,,,,,
"MA","Pittsfield Generating",50002,"2025-08-28",9,,,,,,
"MA","Pittsfield Generating",50002,"2025-08-28",10,,,,,,
"MA","Pittsfield Generating",50002,"2025-08-28",11,,,,,,
"MA","Pittsfield Generating",50002,"2025-08-28",12,,,,,,
"MA","Pittsfield Generating",50002,"2025-08-28",13,,,,,,
"MA","Pittsfield Generating",50002,"2025-08-28",14,,,,,,
"MA","Pittsfield Generating",50002,"2025-08-28",15,,,,,,
"MA","Pittsfield Generating",50002,"2025-08-28",16,,,,,,
"MA","Pittsfield Generating",50002,"2025-08-28",17,,,,,,
"MA","Pittsfield Generating",50002,"2025-08-28",18,,,,,,
"MA","Pittsfield Generating",50002,"2025-08-28",19,,,,,,
"MA","Pittsfield Generating",50002,"2025-08-28",20,,,,,,
"MA","Pittsfield Generating",50002,"2025-08-28",21,,,,,,
"MA","Pittsfield Generating",50002,"2025-08-28",22,,,,,,
"MA","Pittsfield Generating",50002,"2025-08-28",23,,,,,,
"MA","Pittsfield Generating",50002,"2025-08-29",0,,,,,,
"MA","Pittsfield Generating",50002,"2025-08-29",1,,,,,,
"MA","Pittsfield Generating",50002,"2025-08-29",2,,,,,,
"MA","Pittsfield Generating",50002,"2025-08-29",3,,,,,,
"MA","Pittsfield Generating",50002,"2025-08-29",4,,,,,,
"MA","Pittsfield Generating",50002,"2025-08-29",5,,,,,,
"MA","Pittsfield Generating",50002,"2025-08-29",6,,,,,,
"MA","Pittsfield Generating",50002,"2025-08-29",7,,,,,,
"MA","Pittsfield Generating",50002,"2025-08-29",8,,,,,,
"MA","Pittsfield Generating",50002,"2025-08-29",9,,,,,,
"MA","Pittsfield Generating",50002,"2025-08-29",10,,,,,,
"MA","Pittsfield Generating",50002,"2025-08-29",11,,,,,,
"MA","Pittsfield Generating",50002,"2025-08-29",12,,,,,,
"MA","Pittsfield Generating",50002,"2025-08-29",13,,,,,,
"MA","Pittsfield Generating",50002,"2025-08-29",14,,,,,,
"MA","Pittsfield Generating",50002,"2025-08-29",15,,,,,,
"MA","Pittsfield Generating",50002,"2025-08-29",16,,,,,,
"MA","Pittsfield Generating",50002,"2025-08-29",17,,,,,,
"MA","Pittsfield Generating",50002,"2025-08-29",18,,,,,,
"MA","Pittsfield Generating",50002,"2025-08-29",19,,,,,,
"MA","Pittsfield Generating",50002,"2025-08-29",20,,,,,,
"MA","Pittsfield Generating",50002,"2025-08-29",21,,,,,,
"MA","Pittsfield Generating",50002,"2025-08-29",22,,,,,,
"MA","Pittsfield Generating",50002,"2025-08-29",23,,,,,,
"MA","Pittsfield Generating",50002,"2025-08-30",0,,,,,,
"MA","Pittsfield Generating",50002,"2025-08-30",1,,,,,,
"MA","Pittsfield Generating",50002,"2025-08-30",2,,,,,,
"MA","Pittsfield Generating",50002,"2025-08-30",3,,,,,,
"MA","Pittsfield Generating",50002,"2025-08-30",4,,,,,,
"MA","Pittsfield Generating",50002,"2025-08-30",5,,,,,,
"MA","Pittsfield Generating",50002,"2025-08-30",6,,,,,,
"MA","Pittsfield Generating",50002,"2025-08-30",7,,,,,,
"MA","Pittsfield Generating",50002,"2025-08-30",8,,,,,,
"MA","Pittsfield Generating",50002,"2025-08-30",9,,,,,,
"MA","Pittsfield Generating",50002,"2025-08-30",10,,,,,,
"MA","Pittsfield Generating",50002,"2025-08-30",11,,,,,,
"MA","Pittsfield Generating",50002,"2025-08-30",12,,,,,,
"MA","Pittsfield Generating",50002,"2025-08-30",13,,,,,,
"MA","Pittsfield Generating",50002,"2025-08-30",14,,,,,,
"MA","Pittsfield Generating",50002,"2025-08-30",15,,,,,,
"MA","Pittsfield Generating",50002,"2025-08-30",16,,,,,,
"MA","Pittsfield Generating",50002,"2025-08-30",17,,,,,,
"MA","Pittsfield Generating",50002,"2025-08-30",18,,,,,,
"MA","Pittsfield Generating",50002,"2025-08-30",19,,,,,,
"MA","Pittsfield Generating",50002,"2025-08-30",20,,,,,,
"MA","Pittsfield Generating",50002,"2025-08-30",21,,,,,,
"MA","Pittsfield Generating",50002,"2025-08-30",22,,,,,,
"MA","Pittsfield Generating",50002,"2025-08-30",23,,,,,,
"MA","Pittsfield Generating",50002,"2025-08-31",0,,,,,,
"MA","Pittsfield Generating",50002,"2025-08-31",1,,,,,,
"MA","Pittsfield Generating",50002,"2025-08-31",2,,,,,,
"MA","Pittsfield Generating",50002,"2025-08-31",3,,,,,,
"MA","Pittsfield Generating",50002,"2025-08-31",4,,,,,,
"MA","Pittsfield Generating",50002,"2025-08-31",5,,,,,,
"MA","Pittsfield Generating",50002,"2025-08-31",6,,,,,,
"MA","Pittsfield Generating",50002,"2025-08-31",7,,,,,,
"MA","Pittsfield Generating",50002,"2025-08-31",8,,,,,,
"MA","Pittsfield Generating",50002,"2025-08-31",9,,,,,,
"MA","Pittsfield Generating",50002,"2025-08-31",10,,,,,,
"MA","Pittsfield Generating",50002,"2025-08-31",11,,,,,,
"MA","Pittsfield Generating",50002,"2025-08-31",12,,,,,,
"MA","Pittsfield Generating",50002,"2025-08-31",13,,,,,,
"MA","Pittsfield Generating",50002,"2025-08-31",14,,,,,,
"MA","Pittsfield Generating",50002,"2025-08-31",15,,,,,,
"MA","Pittsfield Generating",50002,"2025-08-31",16,,,,,,
"MA","Pittsfield Generating",50002,"2025-08-31",17,,,,,,
"MA","Pittsfield Generating",50002,"2025-08-31",18,,,,,,
"MA","Pittsfield Generating",50002,"2025-08-31",19,,,,,,
"MA","Pittsfield Generating",50002,"2025-08-31",20,,,,,,
"MA","Pittsfield Generating",50002,"2025-08-31",21,,,,,,
"MA","Pittsfield Generating",50002,"2025-08-31",22,,,,,,
"MA","Pittsfield Generating",50002,"2025-08-31",23,,,,,,
"MA","Pittsfield Generating",50002,"2025-09-01",0,,,,,,
"MA","Pittsfield Generating",50002,"2025-09-01",1,,,,,,
"MA","Pittsfield Generating",50002,"2025-09-01",2,,,,,,
"MA","Pittsfield Generating",50002,"2025-09-01",3,,,,,,
"MA","Pittsfield Generating",50002,"2025-09-01",4,,,,,,
"MA","Pittsfield Generating",50002,"2025-09-01",5,,,,,,
"MA","Pittsfield Generating",50002,"2025-09-01",6,,,,,,
"MA","Pittsfield Generating",50002,"2025-09-01",7,,,,,,
"MA","Pittsfield Generating",50002,"2025-09-01",8,,,,,,
"MA","Pittsfield Generating",50002,"2025-09-01",9,,,,,,
"MA","Pittsfield Generating",50002,"2025-09-01",10,,,,,,
"MA","Pittsfield Generating",50002,"2025-09-01",11,,,,,,
"MA","Pittsfield Generating",50002,"2025-09-01",12,,,,,,
"MA","Pittsfield Generating",50002,"2025-09-01",13,,,,,,
"MA","Pittsfield Generating",50002,"2025-09-01",14,,,,,,
"MA","Pittsfield Generating",50002,"2025-09-01",15,,,,,,
"MA","Pittsfield Generating",50002,"2025-09-01",16,,,,,,
"MA","Pittsfield Generating",50002,"2025-09-01",17,,,,,,
"MA","Pittsfield Generating",50002,"2025-09-01",18,,,,,,
"MA","Pittsfield Generating",50002,"2025-09-01",19,,,,,,
"MA","Pittsfield Generating",50002,"2025-09-01",20,,,,,,
"MA","Pittsfield Generating",50002,"2025-09-01",21,,,,,,
"MA","Pittsfield Generating",50002,"2025-09-01",22,,,,,,
"MA","Pittsfield Generating",50002,"2025-09-01",23,,,,,,
"MA","Pittsfield Generating",50002,"2025-09-02",0,,,,,,
"MA","Pittsfield Generating",50002,"2025-09-02",1,,,,,,
"MA","Pittsfield Generating",50002,"2025-09-02",2,,,,,,
"MA","Pittsfield Generating",50002,"2025-09-02",3,,,,,,
"MA","Pittsfield Generating",50002,"2025-09-02",4,,,,,,
"MA","Pittsfield Generating",50002,"2025-09-02",5,,,,,,
"MA","Pittsfield Generating",50002,"2025-09-02",6,,,,,,
"MA","Pittsfield Generating",50002,"2025-09-02",7,,,,,,
"MA","Pittsfield Generating",50002,"2025-09-02",8,,,,,,
"MA","Pittsfield Generating",50002,"2025-09-02",9,,,,,,
"MA","Pittsfield Generating",50002,"2025-09-02",10,,,,,,
"MA","Pittsfield Generating",50002,"2025-09-02",11,,,,,,
"MA","Pittsfield Generating",50002,"2025-09-02",12,,,,,,
"MA","Pittsfield Generating",50002,"2025-09-02",13,,,,,,
"MA","Pittsfield Generating",50002,"2025-09-02",14,,,,,,
"MA","Pittsfield Generating",50002,"2025-09-02",15,,,,,,
"MA","Pittsfield Generating",50002,"2025-09-02",16,,,,,,
"MA","Pittsfield Generating",50002,"2025-09-02",17,,,,,,
"MA","Pittsfield Generating",50002,"2025-09-02",18,,,,,,
"MA","Pittsfield Generating",50002,"2025-09-02",19,,,,,,
"MA","Pittsfield Generating",50002,"2025-09-02",20,,,,,,
"MA","Pittsfield Generating",50002,"2025-09-02",21,,,,,,
"MA","Pittsfield Generating",50002,"2025-09-02",22,,,,,,
"MA","Pittsfield Generating",50002,"2025-09-02",23,,,,,,
"MA","Pittsfield Generating",50002,"2025-09-03",0,,,,,,
"MA","Pittsfield Generating",50002,"2025-09-03",1,,,,,,
"MA","Pittsfield Generating",50002,"2025-09-03",2,,,,,,
"MA","Pittsfield Generating",50002,"2025-09-03",3,,,,,,
"MA","Pittsfield Generating",50002,"2025-09-03",4,,,,,,
"MA","Pittsfield Generating",50002,"2025-09-03",5,,,,,,
"MA","Pittsfield Generating",50002,"2025-09-03",6,,,,,,
"MA","Pittsfield Generating",50002,"2025-09-03",7,,,,,,
"MA","Pittsfield Generating",50002,"2025-09-03",8,,,,,,
"MA","Pittsfield Generating",50002,"2025-09-03",9,,,,,,
"MA","Pittsfield Generating",50002,"2025-09-03",10,,,,,,
"MA","Pittsfield Generating",50002,"2025-09-03",11,,,,,,
"MA","Pittsfield Generating",50002,"2025-09-03",12,,,,,,
"MA","Pittsfield Generating",50002,"2025-09-03",13,,,,,,
"MA","Pittsfield Generating",50002,"2025-09-03",14,,,,,,
"MA","Pittsfield Generating",50002,"2025-09-03",15,,,,,,
"MA","Pittsfield Generating",50002,"2025-09-03",16,,,,,,
"MA","Pittsfield Generating",50002,"2025-09-03",17,,,,,,
"MA","Pittsfield Generating",50002,"2025-09-03",18,,,,,,
"MA","Pittsfield Generating",50002,"2025-09-03",19,,,,,,
"MA","Pittsfield Generating",50002,"2025-09-03",20,,,,,,
"MA","Pittsfield Generating",50002,"2025-09-03",21,,,,,,
"MA","Pittsfield Generating",50002,"2025-09-03",22,,,,,,
"MA","Pittsfield Generating",50002,"2025-09-03",23,,,,,,
"MA","Pittsfield Generating",50002,"2025-09-04",0,,,,,,
"MA","Pittsfield Generating",50002,"2025-09-04",1,,,,,,
"MA","Pittsfield Generating",50002,"2025-09-04",2,,,,,,
"MA","Pittsfield Generating",50002,"2025-09-04",3,,,,,,
"MA","Pittsfield Generating",50002,"2025-09-04",4,,,,,,
"MA","Pittsfield Generating",50002,"2025-09-04",5,,,,,,
"MA","Pittsfield Generating",50002,"2025-09-04",6,,,,,,
"MA","Pittsfield Generating",50002,"2025-09-04",7,,,,,,
"MA","Pittsfield Generating",50002,"2025-09-04",8,,,,,,
"MA","Pittsfield Generating",50002,"2025-09-04",9,,,,,,
"MA","Pittsfield Generating",50002,"2025-09-04",10,,,,,,
"MA","Pittsfield Generating",50002,"2025-09-04",11,,,,,,
"MA","Pittsfield Generating",50002,"2025-09-04",12,,,,,,
"MA","Pittsfield Generating",50002,"2025-09-04",13,,,,,,
"MA","Pittsfield Generating",50002,"2025-09-04",14,,,,,,
"MA","Pittsfield Generating",50002,"2025-09-04",15,,,,,,
"MA","Pittsfield Generating",50002,"2025-09-04",16,,,,,,
"MA","Pittsfield Generating",50002,"2025-09-04",17,,,,,,
"MA","Pittsfield Generating",50002,"2025-09-04",18,,,,,,
"MA","Pittsfield Generating",50002,"2025-09-04",19,,,,,,
"MA","Pittsfield Generating",50002,"2025-09-04",20,,,,,,
"MA","Pittsfield Generating",50002,"2025-09-04",21,,,,,,
"MA","Pittsfield Generating",50002,"2025-09-04",22,,,,,,
"MA","Pittsfield Generating",50002,"2025-09-04",23,,,,,,
"MA","Pittsfield Generating",50002,"2025-09-05",0,,,,,,
"MA","Pittsfield Generating",50002,"2025-09-05",1,,,,,,
"MA","Pittsfield Generating",50002,"2025-09-05",2,,,,,,
"MA","Pittsfield Generating",50002,"2025-09-05",3,,,,,,
"MA","Pittsfield Generating",50002,"2025-09-05",4,,,,,,
"MA","Pittsfield Generating",50002,"2025-09-05",5,,,,,,
"MA","Pittsfield Generating",50002,"2025-09-05",6,,,,,,
"MA","Pittsfield Generating",50002,"2025-09-05",7,,,,,,
"MA","Pittsfield Generating",50002,"2025-09-05",8,,,,,,
"MA","Pittsfield Generating",50002,"2025-09-05",9,,,,,,
"MA","Pittsfield Generating",50002,"2025-09-05",10,,,,,,
"MA","Pittsfield Generating",50002,"2025-09-05",11,,,,,,
"MA","Pittsfield Generating",50002,"2025-09-05",12,,,,,,
"MA","Pittsfield Generating",50002,"2025-09-05",13,,,,,,
"MA","Pittsfield Generating",50002,"2025-09-05",14,,,,,,
"MA","Pittsfield Generating",50002,"2025-09-05",15,,,,,,
"MA","Pittsfield Generating",50002,"2025-09-05",16,,,,,,
"MA","Pittsfield Generating",50002,"2025-09-05",17,,,,,,
"MA","Pittsfield Generating",50002,"2025-09-05",18,,,,,,
"MA","Pittsfield Generating",50002,"2025-09-05",19,,,,,,
"MA","Pittsfield Generating",50002,"2025-09-05",20,,,,,,
"MA","Pittsfield Generating",50002,"2025-09-05",21,,,,,,
"MA","Pittsfield Generating",50002,"2025-09-05",22,,,,,,
"MA","Pittsfield Generating",50002,"2025-09-05",23,,,,,,
"MA","Pittsfield Generating",50002,"2025-09-06",0,,,,,,
"MA","Pittsfield Generating",50002,"2025-09-06",1,,,,,,
"MA","Pittsfield Generating",50002,"2025-09-06",2,,,,,,
"MA","Pittsfield Generating",50002,"2025-09-06",3,,,,,,
"MA","Pittsfield Generating",50002,"2025-09-06",4,,,,,,
"MA","Pittsfield Generating",50002,"2025-09-06",5,,,,,,
"MA","Pittsfield Generating",50002,"2025-09-06",6,,,,,,
"MA","Pittsfield Generating",50002,"2025-09-06",7,19,,,17.432,53.16,293.641
"MA","Pittsfield Generating",50002,"2025-09-06",8,48,,,38.9,42.851,653.987
"MA","Pittsfield Generating",50002,"2025-09-06",9,69,,,50.734,22.631,852.831
"MA","Pittsfield Generating",50002,"2025-09-06",10,79,,,61.64,32.844,1035.276
"MA","Pittsfield Generating",50002,"2025-09-06",11,88,,,68.9,16.9,1159.8
"MA","Pittsfield Generating",50002,"2025-09-06",12,88,,,68.9,16.4,1160.5
"MA","Pittsfield Generating",50002,"2025-09-06",13,89,,,69.1,16.3,1164.6
"MA","Pittsfield Generating",50002,"2025-09-06",14,91,,,70.1,16.9,1179.2
"MA","Pittsfield Generating",50002,"2025-09-06",15,91,,,70.2,17.8,1182.3
"MA","Pittsfield Generating",50002,"2025-09-06",16,86,,,67.4,15.6,1134.5
"MA","Pittsfield Generating",50002,"2025-09-06",17,86,,,67.3,15.7,1131.6
"MA","Pittsfield Generating",50002,"2025-09-06",18,87,,,67.7,15.4,1139.3
"MA","Pittsfield Generating",50002,"2025-09-06",19,86,,,64.645,16.085,1087.285
"MA","Pittsfield Generating",50002,"2025-09-06",20,24,,,10.244,3.64,172.38
"MA","Pittsfield Generating",50002,"2025-09-06",21,,,,,,
"MA","Pittsfield Generating",50002,"2025-09-06",22,,,,,,
"MA","Pittsfield Generating",50002,"2025-09-06",23,,,,,,
"MA","Pittsfield Generating",50002,"2025-09-07",0,,,,,,
"MA","Pittsfield Generating",50002,"2025-09-07",1,,,,,,
"MA","Pittsfield Generating",50002,"2025-09-07",2,,,,,,
"MA","Pittsfield Generating",50002,"2025-09-07",3,,,,,,
"MA","Pittsfield Generating",50002,"2025-09-07",4,,,,,,
"MA","Pittsfield Generating",50002,"2025-09-07",5,,,,,,
"MA","Pittsfield Generating",50002,"2025-09-07",6,,,,,,
"MA","Pittsfield Generating",50002,"2025-09-07",7,,,,,,
"MA","Pittsfield Generating",50002,"2025-09-07",8,,,,,,
"MA","Pittsfield Generating",50002,"2025-09-07",9,,,,,,
"MA","Pittsfield Generating",50002,"2025-09-07",10,,,,,,
"MA","Pittsfield Generating",50002,"2025-09-07",11,,,,,,
"MA","Pittsfield Generating",50002,"2025-09-07",12,,,,,,
"MA","Pittsfield Generating",50002,"2025-09-07",13,,,,,,
"MA","Pittsfield Generating",50002,"2025-09-07",14,,,,,,
"MA","Pittsfield Generating",50002,"2025-09-07",15,,,,,,
"MA","Pittsfield Generating",50002,"2025-09-07",16,,,,,,
"MA","Pittsfield Generating",50002,"2025-09-07",17,,,,,,
"MA","Pittsfield Generating",50002,"2025-09-07",18,,,,,,
"MA","Pittsfield Generating",50002,"2025-09-07",19,,,,,,
"MA","Pittsfield Generating",50002,"2025-09-07",20,,,,,,
"MA","Pittsfield Generating",50002,"2025-09-07",21,,,,,,
"MA","Pittsfield Generating",50002,"2025-09-07",22,,,,,,
"MA","Pittsfield Generating",50002,"2025-09-07",23,,,,,,
"MA","Pittsfield Generating",50002,"2025-09-08",0,,,,,,
"MA","Pittsfield Generating",50002,"2025-09-08",1,,,,,,
"MA","Pittsfield Generating",50002,"2025-09-08",2,,,,,,
"MA","Pittsfield Generating",50002,"2025-09-08",3,,,,,,
"MA","Pittsfield Generating",50002,"2025-09-08",4,,,,,,
"MA","Pittsfield Generating",50002,"2025-09-08",5,,,,,,
"MA","Pittsfield Generating",50002,"2025-09-08",6,,,,,,
"MA","Pittsfield Generating",50002,"2025-09-08",7,,,,,,
"MA","Pittsfield Generating",50002,"2025-09-08",8,,,,,,
"MA","Pittsfield Generating",50002,"2025-09-08",9,,,,,,
"MA","Pittsfield Generating",50002,"2025-09-08",10,,,,,,
"MA","Pittsfield Generating",50002,"2025-09-08",11,,,,,,
"MA","Pittsfield Generating",50002,"2025-09-08",12,,,,,,
"MA","Pittsfield Generating",50002,"2025-09-08",13,,,,,,
"MA","Pittsfield Generating",50002,"2025-09-08",14,,,,,,
"MA","Pittsfield Generating",50002,"2025-09-08",15,,,,,,
"MA","Pittsfield Generating",50002,"2025-09-08",16,,,,,,
"MA","Pittsfield Generating",50002,"2025-09-08",17,,,,,,
"MA","Pittsfield Generating",50002,"2025-09-08",18,,,,,,
"MA","Pittsfield Generating",50002,"2025-09-08",19,,,,,,
"MA","Pittsfield Generating",50002,"2025-09-08",20,,,,,,
"MA","Pittsfield Generating",50002,"2025-09-08",21,,,,,,
"MA","Pittsfield Generating",50002,"2025-09-08",22,,,,,,
"MA","Pittsfield Generating",50002,"2025-09-08",23,,,,,,
"MA","Pittsfield Generating",50002,"2025-09-09",0,,,,,,
"MA","Pittsfield Generating",50002,"2025-09-09",1,,,,,,
"MA","Pittsfield Generating",50002,"2025-09-09",2,,,,,,
"MA","Pittsfield Generating",50002,"2025-09-09",3,,,,,,
"MA","Pittsfield Generating",50002,"2025-09-09",4,,,,,,
"MA","Pittsfield Generating",50002,"2025-09-09",5,,,,,,
"MA","Pittsfield Generating",50002,"2025-09-09",6,,,,,,
"MA","Pittsfield Generating",50002,"2025-09-09",7,,,,,,
"MA","Pittsfield Generating",50002,"2025-09-09",8,,,,,,
"MA","Pittsfield Generating",50002,"2025-09-09",9,,,,,,
"MA","Pittsfield Generating",50002,"2025-09-09",10,,,,,,
"MA","Pittsfield Generating",50002,"2025-09-09",11,,,,,,
"MA","Pittsfield Generating",50002,"2025-09-09",12,,,,,,
"MA","Pittsfield Generating",50002,"2025-09-09",13,,,,,,
"MA","Pittsfield Generating",50002,"2025-09-09",14,,,,,,
"MA","Pittsfield Generating",50002,"2025-09-09",15,,,,,,
"MA","Pittsfield Generating",50002,"2025-09-09",16,,,,,,
"MA","Pittsfield Generating",50002,"2025-09-09",17,,,,,,
"MA","Pittsfield Generating",50002,"2025-09-09",18,,,,,,
"MA","Pittsfield Generating",50002,"2025-09-09",19,,,,,,
"MA","Pittsfield Generating",50002,"2025-09-09",20,,,,,,
"MA","Pittsfield Generating",50002,"2025-09-09",21,,,,,,
"MA","Pittsfield Generating",50002,"2025-09-09",22,,,,,,
"MA","Pittsfield Generating",50002,"2025-09-09",23,,,,,,
"MA","Pittsfield Generating",50002,"2025-09-10",0,,,,,,
"MA","Pittsfield Generating",50002,"2025-09-10",1,,,,,,
"MA","Pittsfield Generating",50002,"2025-09-10",2,,,,,,
"MA","Pittsfield Generating",50002,"2025-09-10",3,,,,,,
"MA","Pittsfield Generating",50002,"2025-09-10",4,,,,,,
"MA","Pittsfield Generating",50002,"2025-09-10",5,,,,,,
"MA","Pittsfield Generating",50002,"2025-09-10",6,,,,,,
"MA","Pittsfield Generating",50002,"2025-09-10",7,,,,,,
"MA","Pittsfield Generating",50002,"2025-09-10",8,,,,,,
"MA","Pittsfield Generating",50002,"2025-09-10",9,,,,,,
"MA","Pittsfield Generating",50002,"2025-09-10",10,,,,,,
"MA","Pittsfield Generating",50002,"2025-09-10",11,,,,,,
"MA","Pittsfield Generating",50002,"2025-09-10",12,,,,,,
"MA","Pittsfield Generating",50002,"2025-09-10",13,,,,,,
"MA","Pittsfield Generating",50002,"2025-09-10",14,,,,,,
"MA","Pittsfield Generating",50002,"2025-09-10",15,,,,,,
"MA","Pittsfield Generating",50002,"2025-09-10",16,,,,,,
"MA","Pittsfield Generating",50002,"2025-09-10",17,,,,,,
"MA","Pittsfield Generating",50002,"2025-09-10",18,,,,,,
"MA","Pittsfield Generating",50002,"2025-09-10",19,,,,,,
"MA","Pittsfield Generating",50002,"2025-09-10",20,,,,,,
"MA","Pittsfield Generating",50002,"2025-09-10",21,,,,,,
"MA","Pittsfield Generating",50002,"2025-09-10",22,,,,,,
"MA","Pittsfield Generating",50002,"2025-09-10",23,,,,,,
"MA","Pittsfield Generating",50002,"2025-09-11",0,,,,,,
"MA","Pittsfield Generating",50002,"2025-09-11",1,,,,,,
"MA","Pittsfield Generating",50002,"2025-09-11",2,,,,,,
"MA","Pittsfield Generating",50002,"2025-09-11",3,,,,,,
"MA","Pittsfield Generating",50002,"2025-09-11",4,,,,,,
"MA","Pittsfield Generating",50002,"2025-09-11",5,,,,,,
"MA","Pittsfield Generating",50002,"2025-09-11",6,,,,,,
"MA","Pittsfield Generating",50002,"2025-09-11",7,,,,,,
"MA","Pittsfield Generating",50002,"2025-09-11",8,,,,,,
"MA","Pittsfield Generating",50002,"2025-09-11",9,,,,,,
"MA","Pittsfield Generating",50002,"2025-09-11",10,,,,,,
"MA","Pittsfield Generating",50002,"2025-09-11",11,,,,,,
"MA","Pittsfield Generating",50002,"2025-09-11",12,,,,,,
"MA","Pittsfield Generating",50002,"2025-09-11",13,,,,,,
"MA","Pittsfield Generating",50002,"2025-09-11",14,,,,,,
"MA","Pittsfield Generating",50002,"2025-09-11",15,,,,,,
"MA","Pittsfield Generating",50002,"2025-09-11",16,,,,,,
"MA","Pittsfield Generating",50002,"2025-09-11",17,,,,,,
"MA","Pittsfield Generating",50002,"2025-09-11",18,,,,,,
"MA","Pittsfield Generating",50002,"2025-09-11",19,,,,,,
"MA","Pittsfield Generating",50002,"2025-09-11",20,,,,,,
"MA","Pittsfield Generating",50002,"2025-09-11",21,,,,,,
"MA","Pittsfield Generating",50002,"2025-09-11",22,,,,,,
"MA","Pittsfield Generating",50002,"2025-09-11",23,,,,,,
"MA","Pittsfield Generating",50002,"2025-09-12",0,,,,,,
"MA","Pittsfield Generating",50002,"2025-09-12",1,,,,,,
"MA","Pittsfield Generating",50002,"2025-09-12",2,,,,,,
"MA","Pittsfield Generating",50002,"2025-09-12",3,,,,,,
"MA","Pittsfield Generating",50002,"2025-09-12",4,,,,,,
"MA","Pittsfield Generating",50002,"2025-09-12",5,,,,,,
"MA","Pittsfield Generating",50002,"2025-09-12",6,,,,,,
"MA","Pittsfield Generating",50002,"2025-09-12",7,,,,,,
"MA","Pittsfield Generating",50002,"2025-09-12",8,,,,,,
"MA","Pittsfield Generating",50002,"2025-09-12",9,,,,,,
"MA","Pittsfield Generating",50002,"2025-09-12",10,,,,,,
"MA","Pittsfield Generating",50002,"2025-09-12",11,,,,,,
"MA","Pittsfield Generating",50002,"2025-09-12",12,,,,,,
"MA","Pittsfield Generating",50002,"2025-09-12",13,,,,,,
"MA","Pittsfield Generating",50002,"2025-09-12",14,,,,,,
"MA","Pittsfield Generating",50002,"2025-09-12",15,,,,,,
"MA","Pittsfield Generating",50002,"2025-09-12",16,,,,,,
"MA","Pittsfield Generating",50002,"2025-09-12",17,,,,,,
"MA","Pittsfield Generating",50002,"2025-09-12",18,,,,,,
"MA","Pittsfield Generating",50002,"2025-09-12",19,,,,,,
"MA","Pittsfield Generating",50002,"2025-09-12",20,,,,,,
"MA","Pittsfield Generating",50002,"2025-09-12",21,,,,,,
"MA","Pittsfield Generating",50002,"2025-09-12",22,,,,,,
"MA","Pittsfield Generating",50002,"2025-09-12",23,,,,,,
"MA","Pittsfield Generating",50002,"2025-09-13",0,,,,,,
"MA","Pittsfield Generating",50002,"2025-09-13",1,,,,,,
"MA","Pittsfield Generating",50002,"2025-09-13",2,,,,,,
"MA","Pittsfield Generating",50002,"2025-09-13",3,,,,,,
"MA","Pittsfield Generating",50002,"2025-09-13",4,,,,,,
"MA","Pittsfield Generating",50002,"2025-09-13",5,,,,,,
"MA","Pittsfield Generating",50002,"2025-09-13",6,,,,,,
"MA","Pittsfield Generating",50002,"2025-09-13",7,,,,,,
"MA","Pittsfield Generating",50002,"2025-09-13",8,,,,,,
"MA","Pittsfield Generating",50002,"2025-09-13",9,,,,,,
"MA","Pittsfield Generating",50002,"2025-09-13",10,,,,,,
"MA","Pittsfield Generating",50002,"2025-09-13",11,,,,,,
"MA","Pittsfield Generating",50002,"2025-09-13",12,,,,,,
"MA","Pittsfield Generating",50002,"2025-09-13",13,,,,,,
"MA","Pittsfield Generating",50002,"2025-09-13",14,,,,,,
"MA","Pittsfield Generating",50002,"2025-09-13",15,,,,,,
"MA","Pittsfield Generating",50002,"2025-09-13",16,,,,,,
"MA","Pittsfield Generating",50002,"2025-09-13",17,,,,,,
"MA","Pittsfield Generating",50002,"2025-09-13",18,,,,,,
"MA","Pittsfield Generating",50002,"2025-09-13",19,,,,,,
"MA","Pittsfield Generating",50002,"2025-09-13",20,,,,,,
"MA","Pittsfield Generating",50002,"2025-09-13",21,,,,,,
"MA","Pittsfield Generating",50002,"2025-09-13",22,,,,,,
"MA","Pittsfield Generating",50002,"2025-09-13",23,,,,,,
"MA","Pittsfield Generating",50002,"2025-09-14",0,,,,,,
"MA","Pittsfield Generating",50002,"2025-09-14",1,,,,,,
"MA","Pittsfield Generating",50002,"2025-09-14",2,,,,,,
"MA","Pittsfield Generating",50002,"2025-09-14",3,,,,,,
"MA","Pittsfield Generating",50002,"2025-09-14",4,,,,,,
"MA","Pittsfield Generating",50002,"2025-09-14",5,,,,,,
"MA","Pittsfield Generating",50002,"2025-09-14",6,,,,,,
"MA","Pittsfield Generating",50002,"2025-09-14",7,,,,,,
"MA","Pittsfield Generating",50002,"2025-09-14",8,,,,,,
"MA","Pittsfield Generating",50002,"2025-09-14",9,,,,,,
"MA","Pittsfield Generating",50002,"2025-09-14",10,,,,,,
"MA","Pittsfield Generating",50002,"2025-09-14",11,,,,,,
"MA","Pittsfield Generating",50002,"2025-09-14",12,,,,,,
"MA","Pittsfield Generating",50002,"2025-09-14",13,,,,,,
"MA","Pittsfield Generating",50002,"2025-09-14",14,,,,,,
"MA","Pittsfield Generating",50002,"2025-09-14",15,,,,,,
"MA","Pittsfield Generating",50002,"2025-09-14",16,,,,,,
"MA","Pittsfield Generating",50002,"2025-09-14",17,,,,,,
"MA","Pittsfield Generating",50002,"2025-09-14",18,,,,,,
"MA","Pittsfield Generating",50002,"2025-09-14",19,,,,,,
"MA","Pittsfield Generating",50002,"2025-09-14",20,,,,,,
"MA","Pittsfield Generating",50002,"2025-09-14",21,,,,,,
"MA","Pittsfield Generating",50002,"2025-09-14",22,,,,,,
"MA","Pittsfield Generating",50002,"2025-09-14",23,,,,,,
"MA","Pittsfield Generating",50002,"2025-09-15",0,,,,,,
"MA","Pittsfield Generating",50002,"2025-09-15",1,,,,,,
"MA","Pittsfield Generating",50002,"2025-09-15",2,,,,,,
"MA","Pittsfield Generating",50002,"2025-09-15",3,,,,,,
"MA","Pittsfield Generating",50002,"2025-09-15",4,,,,,,
"MA","Pittsfield Generating",50002,"2025-09-15",5,,,,,,
"MA","Pittsfield Generating",50002,"2025-09-15",6,,,,,,
"MA","Pittsfield Generating",50002,"2025-09-15",7,,,,,,
"MA","Pittsfield Generating",50002,"2025-09-15",8,,,,,,
"MA","Pittsfield Generating",50002,"2025-09-15",9,,,,,,
"MA","Pittsfield Generating",50002,"2025-09-15",10,,,,,,
"MA","Pittsfield Generating",50002,"2025-09-15",11,,,,,,
"MA","Pittsfield Generating",50002,"2025-09-15",12,,,,,,
"MA","Pittsfield Generating",50002,"2025-09-15",13,,,,,,
"MA","Pittsfield Generating",50002,"2025-09-15",14,,,,,,
"MA","Pittsfield Generating",50002,"2025-09-15",15,,,,,,
"MA","Pittsfield Generating",50002,"2025-09-15",16,,,,,,
"MA","Pittsfield Generating",50002,"2025-09-15",17,,,,,,
"MA","Pittsfield Generating",50002,"2025-09-15",18,,,,,,
"MA","Pittsfield Generating",50002,"2025-09-15",19,,,,,,
"MA","Pittsfield Generating",50002,"2025-09-15",20,,,,,,
"MA","Pittsfield Generating",50002,"2025-09-15",21,,,,,,
"MA","Pittsfield Generating",50002,"2025-09-15",22,,,,,,
"MA","Pittsfield Generating",50002,"2025-09-15",23,,,,,,
"MA","Pittsfield Generating",50002,"2025-09-16",0,,,,,,
"MA","Pittsfield Generating",50002,"2025-09-16",1,,,,,,
"MA","Pittsfield Generating",50002,"2025-09-16",2,,,,,,
"MA","Pittsfield Generating",50002,"2025-09-16",3,,,,,,
"MA","Pittsfield Generating",50002,"2025-09-16",4,,,,,,
"MA","Pittsfield Generating",50002,"2025-09-16",5,,,,,,
"MA","Pittsfield Generating",50002,"2025-09-16",6,,,,,,
"MA","Pittsfield Generating",50002,"2025-09-16",7,,,,,,
"MA","Pittsfield Generating",50002,"2025-09-16",8,,,,,,
"MA","Pittsfield Generating",50002,"2025-09-16",9,,,,,,
"MA","Pittsfield Generating",50002,"2025-09-16",10,,,,,,
"MA","Pittsfield Generating",50002,"2025-09-16",11,,,,,,
"MA","Pittsfield Generating",50002,"2025-09-16",12,,,,,,
"MA","Pittsfield Generating",50002,"2025-09-16",13,,,,,,
"MA","Pittsfield Generating",50002,"2025-09-16",14,,,,,,
"MA","Pittsfield Generating",50002,"2025-09-16",15,,,,,,
"MA","Pittsfield Generating",50002,"2025-09-16",16,,,,,,
"MA","Pittsfield Generating",50002,"2025-09-16",17,,,,,,
"MA","Pittsfield Generating",50002,"2025-09-16",18,,,,,,
"MA","Pittsfield Generating",50002,"2025-09-16",19,,,,,,
"MA","Pittsfield Generating",50002,"2025-09-16",20,,,,,,
"MA","Pittsfield Generating",50002,"2025-09-16",21,,,,,,
"MA","Pittsfield Generating",50002,"2025-09-16",22,,,,,,
"MA","Pittsfield Generating",50002,"2025-09-16",23,,,,,,
"MA","Pittsfield Generating",50002,"2025-09-17",0,,,,,,
"MA","Pittsfield Generating",50002,"2025-09-17",1,,,,,,
"MA","Pittsfield Generating",50002,"2025-09-17",2,,,,,,
"MA","Pittsfield Generating",50002,"2025-09-17",3,,,,,,
"MA","Pittsfield Generating",50002,"2025-09-17",4,,,,,,
"MA","Pittsfield Generating",50002,"2025-09-17",5,,,,,,
"MA","Pittsfield Generating",50002,"2025-09-17",6,,,,,,
"MA","Pittsfield Generating",50002,"2025-09-17",7,,,,,,
"MA","Pittsfield Generating",50002,"2025-09-17",8,,,,,,
"MA","Pittsfield Generating",50002,"2025-09-17",9,,,,,,
"MA","Pittsfield Generating",50002,"2025-09-17",10,,,,,,
"MA","Pittsfield Generating",50002,"2025-09-17",11,,,,,,
"MA","Pittsfield Generating",50002,"2025-09-17",12,,,,,,
"MA","Pittsfield Generating",50002,"2025-09-17",13,,,,,,
"MA","Pittsfield Generating",50002,"2025-09-17",14,,,,,,
"MA","Pittsfield Generating",50002,"2025-09-17",15,,,,,,
"MA","Pittsfield Generating",50002,"2025-09-17",16,,,,,,
"MA","Pittsfield Generating",50002,"2025-09-17",17,,,,,,
"MA","Pittsfield Generating",50002,"2025-09-17",18,,,,,,
"MA","Pittsfield Generating",50002,"2025-09-17",19,,,,,,
"MA","Pittsfield Generating",50002,"2025-09-17",20,,,,,,
"MA","Pittsfield Generating",50002,"2025-09-17",21,,,,,,
"MA","Pittsfield Generating",50002,"2025-09-17",22,,,,,,
"MA","Pittsfield Generating",50002,"2025-09-17",23,,,,,,
"MA","Pittsfield Generating",50002,"2025-09-18",0,,,,,,
"MA","Pittsfield Generating",50002,"2025-09-18",1,,,,,,
"MA","Pittsfield Generating",50002,"2025-09-18",2,,,,,,
"MA","Pittsfield Generating",50002,"2025-09-18",3,,,,,,
"MA","Pittsfield Generating",50002,"2025-09-18",4,,,,,,
"MA","Pittsfield Generating",50002,"2025-09-18",5,,,,,,
"MA","Pittsfield Generating",50002,"2025-09-18",6,,,,,,
"MA","Pittsfield Generating",50002,"2025-09-18",7,,,,,,
"MA","Pittsfield Generating",50002,"2025-09-18",8,,,,,,
"MA","Pittsfield Generating",50002,"2025-09-18",9,,,,,,
"MA","Pittsfield Generating",50002,"2025-09-18",10,,,,,,
"MA","Pittsfield Generating",50002,"2025-09-18",11,,,,,,
"MA","Pittsfield Generating",50002,"2025-09-18",12,,,,,,
"MA","Pittsfield Generating",50002,"2025-09-18",13,,,,,,
"MA","Pittsfield Generating",50002,"2025-09-18",14,,,,,,
"MA","Pittsfield Generating",50002,"2025-09-18",15,,,,,,
"MA","Pittsfield Generating",50002,"2025-09-18",16,,,,,,
"MA","Pittsfield Generating",50002,"2025-09-18",17,,,,,,
"MA","Pittsfield Generating",50002,"2025-09-18",18,,,,,,
"MA","Pittsfield Generating",50002,"2025-09-18",19,,,,,,
"MA","Pittsfield Generating",50002,"2025-09-18",20,,,,,,
"MA","Pittsfield Generating",50002,"2025-09-18",21,,,,,,
"MA","Pittsfield Generating",50002,"2025-09-18",22,,,,,,
"MA","Pittsfield Generating",50002,"2025-09-18",23,,,,,,
"MA","Pittsfield Generating",50002,"2025-09-19",0,,,,,,
"MA","Pittsfield Generating",50002,"2025-09-19",1,,,,,,
"MA","Pittsfield Generating",50002,"2025-09-19",2,,,,,,
"MA","Pittsfield Generating",50002,"2025-09-19",3,,,,,,
"MA","Pittsfield Generating",50002,"2025-09-19",4,,,,,,
"MA","Pittsfield Generating",50002,"2025-09-19",5,,,,,,
"MA","Pittsfield Generating",50002,"2025-09-19",6,,,,,,
"MA","Pittsfield Generating",50002,"2025-09-19",7,,,,,,
"MA","Pittsfield Generating",50002,"2025-09-19",8,,,,,,
"MA","Pittsfield Generating",50002,"2025-09-19",9,,,,,,
"MA","Pittsfield Generating",50002,"2025-09-19",10,,,,,,
"MA","Pittsfield Generating",50002,"2025-09-19",11,,,,,,
"MA","Pittsfield Generating",50002,"2025-09-19",12,,,,,,
"MA","Pittsfield Generating",50002,"2025-09-19",13,,,,,,
"MA","Pittsfield Generating",50002,"2025-09-19",14,,,,,,
"MA","Pittsfield Generating",50002,"2025-09-19",15,,,,,,
"MA","Pittsfield Generating",50002,"2025-09-19",16,,,,,,
"MA","Pittsfield Generating",50002,"2025-09-19",17,,,,,,
"MA","Pittsfield Generating",50002,"2025-09-19",18,,,,,,
"MA","Pittsfield Generating",50002,"2025-09-19",19,,,,,,
"MA","Pittsfield Generating",50002,"2025-09-19",20,,,,,,
"MA","Pittsfield Generating",50002,"2025-09-19",21,,,,,,
"MA","Pittsfield Generating",50002,"2025-09-19",22,,,,,,
"MA","Pittsfield Generating",50002,"2025-09-19",23,,,,,,
"MA","Pittsfield Generating",50002,"2025-09-20",0,,,,,,
"MA","Pittsfield Generating",50002,"2025-09-20",1,,,,,,
"MA","Pittsfield Generating",50002,"2025-09-20",2,,,,,,
"MA","Pittsfield Generating",50002,"2025-09-20",3,,,,,,
"MA","Pittsfield Generating",50002,"2025-09-20",4,,,,,,
"MA","Pittsfield Generating",50002,"2025-09-20",5,,,,,,
"MA","Pittsfield Generating",50002,"2025-09-20",6,,,,,,
"MA","Pittsfield Generating",50002,"2025-09-20",7,,,,,,
"MA","Pittsfield Generating",50002,"2025-09-20",8,,,,,,
"MA","Pittsfield Generating",50002,"2025-09-20",9,,,,,,
"MA","Pittsfield Generating",50002,"2025-09-20",10,,,,,,
"MA","Pittsfield Generating",50002,"2025-09-20",11,,,,,,
"MA","Pittsfield Generating",50002,"2025-09-20",12,,,,,,
"MA","Pittsfield Generating",50002,"2025-09-20",13,,,,,,
"MA","Pittsfield Generating",50002,"2025-09-20",14,,,,,,
"MA","Pittsfield Generating",50002,"2025-09-20",15,,,,,,
"MA","Pittsfield Generating",50002,"2025-09-20",16,,,,,,
"MA","Pittsfield Generating",50002,"2025-09-20",17,,,,,,
"MA","Pittsfield Generating",50002,"2025-09-20",18,,,,,,
"MA","Pittsfield Generating",50002,"2025-09-20",19,,,,,,
"MA","Pittsfield Generating",50002,"2025-09-20",20,,,,,,
"MA","Pittsfield Generating",50002,"2025-09-20",21,,,,,,
"MA","Pittsfield Generating",50002,"2025-09-20",22,,,,,,
"MA","Pittsfield Generating",50002,"2025-09-20",23,,,,,,
"MA","Pittsfield Generating",50002,"2025-09-21",0,,,,,,
"MA","Pittsfield Generating",50002,"2025-09-21",1,,,,,,
"MA","Pittsfield Generating",50002,"2025-09-21",2,,,,,,
"MA","Pittsfield Generating",50002,"2025-09-21",3,,,,,,
"MA","Pittsfield Generating",50002,"2025-09-21",4,,,,,,
"MA","Pittsfield Generating",50002,"2025-09-21",5,,,,,,
"MA","Pittsfield Generating",50002,"2025-09-21",6,,,,,,
"MA","Pittsfield Generating",50002,"2025-09-21",7,,,,,,
"MA","Pittsfield Generating",50002,"2025-09-21",8,,,,,,
"MA","Pittsfield Generating",50002,"2025-09-21",9,,,,,,
"MA","Pittsfield Generating",50002,"2025-09-21",10,,,,,,
"MA","Pittsfield Generating",50002,"2025-09-21",11,,,,,,
"MA","Pittsfield Generating",50002,"2025-09-21",12,,,,,,
"MA","Pittsfield Generating",50002,"2025-09-21",13,,,,,,
"MA","Pittsfield Generating",50002,"2025-09-21",14,,,,,,
"MA","Pittsfield Generating",50002,"2025-09-21",15,,,,,,
"MA","Pittsfield Generating",50002,"2025-09-21",16,,,,,,
"MA","Pittsfield Generating",50002,"2025-09-21",17,,,,,,
"MA","Pittsfield Generating",50002,"2025-09-21",18,,,,,,
"MA","Pittsfield Generating",50002,"2025-09-21",19,,,,,,
"MA","Pittsfield Generating",50002,"2025-09-21",20,,,,,,
"MA","Pittsfield Generating",50002,"2025-09-21",21,,,,,,
"MA","Pittsfield Generating",50002,"2025-09-21",22,,,,,,
"MA","Pittsfield Generating",50002,"2025-09-21",23,,,,,,
"MA","Pittsfield Generating",50002,"2025-09-22",0,,,,,,
"MA","Pittsfield Generating",50002,"2025-09-22",1,,,,,,
"MA","Pittsfield Generating",50002,"2025-09-22",2,,,,,,
"MA","Pittsfield Generating",50002,"2025-09-22",3,,,,,,
"MA","Pittsfield Generating",50002,"2025-09-22",4,,,,,,
"MA","Pittsfield Generating",50002,"2025-09-22",5,,,,,,
"MA","Pittsfield Generating",50002,"2025-09-22",6,,,,,,
"MA","Pittsfield Generating",50002,"2025-09-22",7,,,,,,
"MA","Pittsfield Generating",50002,"2025-09-22",8,,,,,,
"MA","Pittsfield Generating",50002,"2025-09-22",9,,,,,,
"MA","Pittsfield Generating",50002,"2025-09-22",10,,,,,,
"MA","Pittsfield Generating",50002,"2025-09-22",11,,,,,,
"MA","Pittsfield Generating",50002,"2025-09-22",12,,,,,,
"MA","Pittsfield Generating",50002,"2025-09-22",13,,,,,,
"MA","Pittsfield Generating",50002,"2025-09-22",14,,,,,,
"MA","Pittsfield Generating",50002,"2025-09-22",15,,,,,,
"MA","Pittsfield Generating",50002,"2025-09-22",16,,,,,,
"MA","Pittsfield Generating",50002,"2025-09-22",17,,,,,,
"MA","Pittsfield Generating",50002,"2025-09-22",18,,,,,,
"MA","Pittsfield Generating",50002,"2025-09-22",19,,,,,,
"MA","Pittsfield Generating",50002,"2025-09-22",20,,,,,,
"MA","Pittsfield Generating",50002,"2025-09-22",21,,,,,,
"MA","Pittsfield Generating",50002,"2025-09-22",22,,,,,,
"MA","Pittsfield Generating",50002,"2025-09-22",23,,,,,,
"MA","Pittsfield Generating",50002,"2025-09-23",0,,,,,,
"MA","Pittsfield Generating",50002,"2025-09-23",1,,,,,,
"MA","Pittsfield Generating",50002,"2025-09-23",2,,,,,,
"MA","Pittsfield Generating",50002,"2025-09-23",3,,,,,,
"MA","Pittsfield Generating",50002,"2025-09-23",4,,,,,,
"MA","Pittsfield Generating",50002,"2025-09-23",5,,,,,,
"MA","Pittsfield Generating",50002,"2025-09-23",6,,,,,,
"MA","Pittsfield Generating",50002,"2025-09-23",7,,,,,,
"MA","Pittsfield Generating",50002,"2025-09-23",8,,,,,,
"MA","Pittsfield Generating",50002,"2025-09-23",9,,,,,,
"MA","Pittsfield Generating",50002,"2025-09-23",10,0,,,0.195,0.135,3.27
"MA","Pittsfield Generating",50002,"2025-09-23",11,16,,,16.42,54.77,276.99
"MA","Pittsfield Generating",50002,"2025-09-23",12,45,,,38.276,36.594,644.412
"MA","Pittsfield Generating",50002,"2025-09-23",13,77,,,62.8,40.3,1055.1
"MA","Pittsfield Generating",50002,"2025-09-23",14,88,,,68.2,15.1,1147.7
"MA","Pittsfield Generating",50002,"2025-09-23",15,91,,,70.6,17.4,1189.5
"MA","Pittsfield Generating",50002,"2025-09-23",16,90,,,70.4,16.2,1183.8
"MA","Pittsfield Generating",50002,"2025-09-23",17,90,,,70.1,16.5,1179.9
"MA","Pittsfield Generating",50002,"2025-09-23",18,91,,,70.2,15.7,1181.8
"MA","Pittsfield Generating",50002,"2025-09-23",19,90,,,69.9,14.5,1175.1
"MA","Pittsfield Generating",50002,"2025-09-23",20,81,,,57.662,11.939,970.343
"MA","Pittsfield Generating",50002,"2025-09-23",21,19,,,8.84,3.848,148.772
"MA","Pittsfield Generating",50002,"2025-09-23",22,,,,,,
"MA","Pittsfield Generating",50002,"2025-09-23",23,,,,,,
"MA","Pittsfield Generating",50002,"2025-09-24",0,,,,,,
"MA","Pittsfield Generating",50002,"2025-09-24",1,,,,,,
"MA","Pittsfield Generating",50002,"2025-09-24",2,,,,,,
"MA","Pittsfield Generating",50002,"2025-09-24",3,,,,,,
"MA","Pittsfield Generating",50002,"2025-09-24",4,,,,,,
"MA","Pittsfield Generating",50002,"2025-09-24",5,,,,,,
"MA","Pittsfield Generating",50002,"2025-09-24",6,,,,,,
"MA","Pittsfield Generating",50002,"2025-09-24",7,,,,,,
"MA","Pittsfield Generating",50002,"2025-09-24",8,,,,,,
"MA","Pittsfield Generating",50002,"2025-09-24",9,,,,,,
"MA","Pittsfield Generating",50002,"2025-09-24",10,,,,,,
"MA","Pittsfield Generating",50002,"2025-09-24",11,,,,,,
"MA","Pittsfield Generating",50002,"2025-09-24",12,,,,,,
"MA","Pittsfield Generating",50002,"2025-09-24",13,,,,,,
"MA","Pittsfield Generating",50002,"2025-09-24",14,,,,,,
"MA","Pittsfield Generating",50002,"2025-09-24",15,,,,,,
"MA","Pittsfield Generating",50002,"2025-09-24",16,,,,,,
"MA","Pittsfield Generating",50002,"2025-09-24",17,,,,,,
"MA","Pittsfield Generating",50002,"2025-09-24",18,,,,,,
"MA","Pittsfield Generating",50002,"2025-09-24",19,,,,,,
"MA","Pittsfield Generating",50002,"2025-09-24",20,,,,,,
"MA","Pittsfield Generating",50002,"2025-09-24",21,,,,,,
"MA","Pittsfield Generating",50002,"2025-09-24",22,,,,,,
"MA","Pittsfield Generating",50002,"2025-09-24",23,,,,,,
"MA","Pittsfield Generating",50002,"2025-09-25",0,,,,,,
"MA","Pittsfield Generating",50002,"2025-09-25",1,,,,,,
"MA","Pittsfield Generating",50002,"2025-09-25",2,,,,,,
"MA","Pittsfield Generating",50002,"2025-09-25",3,,,,,,
"MA","Pittsfield Generating",50002,"2025-09-25",4,,,,,,
"MA","Pittsfield Generating",50002,"2025-09-25",5,,,,,,
"MA","Pittsfield Generating",50002,"2025-09-25",6,,,,,,
"MA","Pittsfield Generating",50002,"2025-09-25",7,,,,,,
"MA","Pittsfield Generating",50002,"2025-09-25",8,,,,,,
"MA","Pittsfield Generating",50002,"2025-09-25",9,,,,,,
"MA","Pittsfield Generating",50002,"2025-09-25",10,,,,,,
"MA","Pittsfield Generating",50002,"2025-09-25",11,,,,,,
"MA","Pittsfield Generating",50002,"2025-09-25",12,,,,,,
"MA","Pittsfield Generating",50002,"2025-09-25",13,,,,,,
"MA","Pittsfield Generating",50002,"2025-09-25",14,,,,,,
"MA","Pittsfield Generating",50002,"2025-09-25",15,,,,,,
"MA","Pittsfield Generating",50002,"2025-09-25",16,,,,,,
"MA","Pittsfield Generating",50002,"2025-09-25",17,,,,,,
"MA","Pittsfield Generating",50002,"2025-09-25",18,,,,,,
"MA","Pittsfield Generating",50002,"2025-09-25",19,,,,,,
"MA","Pittsfield Generating",50002,"2025-09-25",20,,,,,,
"MA","Pittsfield Generating",50002,"2025-09-25",21,,,,,,
"MA","Pittsfield Generating",50002,"2025-09-25",22,,,,,,
"MA","Pittsfield Generating",50002,"2025-09-25",23,,,,,,
"MA","Pittsfield Generating",50002,"2025-09-26",0,,,,,,
"MA","Pittsfield Generating",50002,"2025-09-26",1,,,,,,
"MA","Pittsfield Generating",50002,"2025-09-26",2,,,,,,
"MA","Pittsfield Generating",50002,"2025-09-26",3,,,,,,
"MA","Pittsfield Generating",50002,"2025-09-26",4,,,,,,
"MA","Pittsfield Generating",50002,"2025-09-26",5,,,,,,
"MA","Pittsfield Generating",50002,"2025-09-26",6,,,,,,
"MA","Pittsfield Generating",50002,"2025-09-26",7,,,,,,
"MA","Pittsfield Generating",50002,"2025-09-26",8,,,,,,
"MA","Pittsfield Generating",50002,"2025-09-26",9,,,,,,
"MA","Pittsfield Generating",50002,"2025-09-26",10,,,,,,
"MA","Pittsfield Generating",50002,"2025-09-26",11,,,,,,
"MA","Pittsfield Generating",50002,"2025-09-26",12,,,,,,
"MA","Pittsfield Generating",50002,"2025-09-26",13,,,,,,
"MA","Pittsfield Generating",50002,"2025-09-26",14,,,,,,
"MA","Pittsfield Generating",50002,"2025-09-26",15,,,,,,
"MA","Pittsfield Generating",50002,"2025-09-26",16,,,,,,
"MA","Pittsfield Generating",50002,"2025-09-26",17,,,,,,
"MA","Pittsfield Generating",50002,"2025-09-26",18,,,,,,
"MA","Pittsfield Generating",50002,"2025-09-26",19,,,,,,
"MA","Pittsfield Generating",50002,"2025-09-26",20,,,,,,
"MA","Pittsfield Generating",50002,"2025-09-26",21,,,,,,
"MA","Pittsfield Generating",50002,"2025-09-26",22,,,,,,
"MA","Pittsfield Generating",50002,"2025-09-26",23,,,,,,
"MA","Pittsfield Generating",50002,"2025-09-27",0,,,,,,
"MA","Pittsfield Generating",50002,"2025-09-27",1,,,,,,
"MA","Pittsfield Generating",50002,"2025-09-27",2,,,,,,
"MA","Pittsfield Generating",50002,"2025-09-27",3,,,,,,
"MA","Pittsfield Generating",50002,"2025-09-27",4,,,,,,
"MA","Pittsfield Generating",50002,"2025-09-27",5,,,,,,
"MA","Pittsfield Generating",50002,"2025-09-27",6,,,,,,
"MA","Pittsfield Generating",50002,"2025-09-27",7,,,,,,
"MA","Pittsfield Generating",50002,"2025-09-27",8,,,,,,
"MA","Pittsfield Generating",50002,"2025-09-27",9,,,,,,
"MA","Pittsfield Generating",50002,"2025-09-27",10,,,,,,
"MA","Pittsfield Generating",50002,"2025-09-27",11,,,,,,
"MA","Pittsfield Generating",50002,"2025-09-27",12,,,,,,
"MA","Pittsfield Generating",50002,"2025-09-27",13,,,,,,
"MA","Pittsfield Generating",50002,"2025-09-27",14,,,,,,
"MA","Pittsfield Generating",50002,"2025-09-27",15,,,,,,
"MA","Pittsfield Generating",50002,"2025-09-27",16,,,,,,
"MA","Pittsfield Generating",50002,"2025-09-27",17,,,,,,
"MA","Pittsfield Generating",50002,"2025-09-27",18,,,,,,
"MA","Pittsfield Generating",50002,"2025-09-27",19,,,,,,
"MA","Pittsfield Generating",50002,"2025-09-27",20,,,,,,
"MA","Pittsfield Generating",50002,"2025-09-27",21,,,,,,
"MA","Pittsfield Generating",50002,"2025-09-27",22,,,,,,
"MA","Pittsfield Generating",50002,"2025-09-27",23,,,,,,
"MA","Pittsfield Generating",50002,"2025-09-28",0,,,,,,
"MA","Pittsfield Generating",50002,"2025-09-28",1,,,,,,
"MA","Pittsfield Generating",50002,"2025-09-28",2,,,,,,
"MA","Pittsfield Generating",50002,"2025-09-28",3,,,,,,
"MA","Pittsfield Generating",50002,"2025-09-28",4,,,,,,
"MA","Pittsfield Generating",50002,"2025-09-28",5,,,,,,
"MA","Pittsfield Generating",50002,"2025-09-28",6,,,,,,
"MA","Pittsfield Generating",50002,"2025-09-28",7,,,,,,
"MA","Pittsfield Generating",50002,"2025-09-28",8,,,,,,
"MA","Pittsfield Generating",50002,"2025-09-28",9,,,,,,
"MA","Pittsfield Generating",50002,"2025-09-28",10,,,,,,
"MA","Pittsfield Generating",50002,"2025-09-28",11,,,,,,
"MA","Pittsfield Generating",50002,"2025-09-28",12,,,,,,
"MA","Pittsfield Generating",50002,"2025-09-28",13,,,,,,
"MA","Pittsfield Generating",50002,"2025-09-28",14,,,,,,
"MA","Pittsfield Generating",50002,"2025-09-28",15,,,,,,
"MA","Pittsfield Generating",50002,"2025-09-28",16,,,,,,
"MA","Pittsfield Generating",50002,"2025-09-28",17,,,,,,
"MA","Pittsfield Generating",50002,"2025-09-28",18,,,,,,
"MA","Pittsfield Generating",50002,"2025-09-28",19,,,,,,
"MA","Pittsfield Generating",50002,"2025-09-28",20,,,,,,
"MA","Pittsfield Generating",50002,"2025-09-28",21,,,,,,
"MA","Pittsfield Generating",50002,"2025-09-28",22,,,,,,
"MA","Pittsfield Generating",50002,"2025-09-28",23,,,,,,
"MA","Pittsfield Generating",50002,"2025-09-29",0,,,,,,
"MA","Pittsfield Generating",50002,"2025-09-29",1,,,,,,
"MA","Pittsfield Generating",50002,"2025-09-29",2,,,,,,
"MA","Pittsfield Generating",50002,"2025-09-29",3,,,,,,
"MA","Pittsfield Generating",50002,"2025-09-29",4,,,,,,
"MA","Pittsfield Generating",50002,"2025-09-29",5,,,,,,
"MA","Pittsfield Generating",50002,"2025-09-29",6,,,,,,
"MA","Pittsfield Generating",50002,"2025-09-29",7,,,,,,
"MA","Pittsfield Generating",50002,"2025-09-29",8,,,,,,
"MA","Pittsfield Generating",50002,"2025-09-29",9,,,,,,
"MA","Pittsfield Generating",50002,"2025-09-29",10,,,,,,
"MA","Pittsfield Generating",50002,"2025-09-29",11,,,,,,
"MA","Pittsfield Generating",50002,"2025-09-29",12,,,,,,
"MA","Pittsfield Generating",50002,"2025-09-29",13,,,,,,
"MA","Pittsfield Generating",50002,"2025-09-29",14,,,,,,
"MA","Pittsfield Generating",50002,"2025-09-29",15,,,,,,
"MA","Pittsfield Generating",50002,"2025-09-29",16,,,,,,
"MA","Pittsfield Generating",50002,"2025-09-29",17,,,,,,
"MA","Pittsfield Generating",50002,"2025-09-29",18,,,,,,
"MA","Pittsfield Generating",50002,"2025-09-29",19,,,,,,
"MA","Pittsfield Generating",50002,"2025-09-29",20,,,,,,
"MA","Pittsfield Generating",50002,"2025-09-29",21,,,,,,
"MA","Pittsfield Generating",50002,"2025-09-29",22,,,,,,
"MA","Pittsfield Generating",50002,"2025-09-29",23,,,,,,
"MA","Pittsfield Generating",50002,"2025-09-30",0,,,,,,
"MA","Pittsfield Generating",50002,"2025-09-30",1,,,,,,
"MA","Pittsfield Generating",50002,"2025-09-30",2,,,,,,
"MA","Pittsfield Generating",50002,"2025-09-30",3,,,,,,
"MA","Pittsfield Generating",50002,"2025-09-30",4,,,,,,
"MA","Pittsfield Generating",50002,"2025-09-30",5,,,,,,
"MA","Pittsfield Generating",50002,"2025-09-30",6,,,,,,
"MA","Pittsfield Generating",50002,"2025-09-30",7,,,,,,
"MA","Pittsfield Generating",50002,"2025-09-30",8,,,,,,
"MA","Pittsfield Generating",50002,"2025-09-30",9,,,,,,
"MA","Pittsfield Generating",50002,"2025-09-30",10,,,,,,
"MA","Pittsfield Generating",50002,"2025-09-30",11,,,,,,
"MA","Pittsfield Generating",50002,"2025-09-30",12,,,,,,
"MA","Pittsfield Generating",50002,"2025-09-30",13,,,,,,
"MA","Pittsfield Generating",50002,"2025-09-30",14,,,,,,
"MA","Pittsfield Generating",50002,"2025-09-30",15,,,,,,
"MA","Pittsfield Generating",50002,"2025-09-30",16,,,,,,
"MA","Pittsfield Generating",50002,"2025-09-30",17,,,,,,
"MA","Pittsfield Generating",50002,"2025-09-30",18,,,,,,
"MA","Pittsfield Generating",50002,"2025-09-30",19,,,,,,
"MA","Pittsfield Generating",50002,"2025-09-30",20,,,,,,
"MA","Pittsfield Generating",50002,"2025-09-30",21,,,,,,
"MA","Pittsfield Generating",50002,"2025-09-30",22,,,,,,
"MA","Pittsfield Generating",50002,"2025-09-30",23,,,,,,
